Network Slice ID,Timestamp,Device ID,Traffic Load (bps),Traffic Type,Network Utilization (%),Latency (ms),Packet Loss Rate (%),Signal Strength (dBm),Bandwidth Utilization (%),Network Slice Failure,QoS Metric (Throughput),Overload Status,Device Type,Region,Network Failure Count,Time of Day,Weather Conditions,Congestion Score,Congestion Class
3,2025-01-01 00:00:00,194,0.6835965669821316,3,0.8022251590121883,0.4094621949859439,0.7179506755817758,0.0518916935749937,0.9826182399611004,0,0.175968109641723,0,2,0,0,1,0,0.703256717796786,High
4,2025-01-01 01:00:00,197,0.1348823906482314,2,0.4346291099821933,0.6628685654932077,0.6799898624783411,0.8564191232033331,0.1805766267075279,0,0.6268090456967248,1,0,1,2,2,1,0.3984871991474989,Low
1,2025-01-01 02:00:00,159,0.3434397841899556,0,0.8699715264654251,0.4654701398825064,0.831167479582426,0.9282508019665484,0.590927834779766,1,0.5797029143592672,1,2,2,3,1,1,0.5318843572827281,Medium
3,2025-01-01 03:00:00,163,0.1710599531699326,0,0.1805574298544365,0.6314423107182712,0.0414582998554949,0.0895930745920288,0.0894761573815272,1,0.3396262004023247,1,2,1,0,0,0,0.3569725916892664,Low
3,2025-01-01 04:00:00,187,0.9437304689238878,1,0.9481850635855706,0.4501923336674747,0.0229640508756978,0.112489150752256,0.7338519597018451,0,0.5165376855557023,0,1,2,0,1,2,0.6995885848793758,High
4,2025-01-01 05:00:00,134,0.2724579553244718,0,0.218701361565095,0.1888505158742898,0.3730301030589349,0.0320461338418303,0.9948271664654622,0,0.5885688088673263,1,0,0,0,0,2,0.36170752777981535,Low
1,2025-01-01 06:00:00,169,0.9390474621842754,2,0.3262340704483983,0.5085746519344994,0.1487025915260504,0.1035481968457605,0.8191545609509114,1,0.8893835784069528,1,0,3,3,2,1,0.5748084727471118,High
1,2025-01-01 07:00:00,182,0.5313331879167743,2,0.7565415766875792,0.5292911760999244,0.5584973469257826,0.2087085017344208,0.5556331270095072,1,0.0545503300608057,1,1,3,3,1,0,0.6302952531497775,High
3,2025-01-01 08:00:00,129,0.3095480809465728,0,0.3938214450580644,0.8117162463047753,0.9176357875638556,0.9711637732164516,0.484647686895445,1,0.8231916352682672,0,0,0,1,1,1,0.480156432914225,Medium
2,2025-01-01 09:00:00,170,0.3436779409015233,1,0.6084451562115016,0.7365251664589992,0.3915116885695608,0.6682328270519122,0.8350510926095542,0,0.9801591397136036,0,0,1,4,1,1,0.4938276367977035,Medium
3,2025-01-01 10:00:00,173,0.6517392117235423,0,0.4446794902963302,0.664692968929322,0.8452021663910063,0.7791873483826994,0.9360282989790034,1,0.7314847524532246,0,2,3,2,1,1,0.5669454919920787,High
3,2025-01-01 11:00:00,195,0.3511843288432261,3,0.7427084853826222,0.1134971947249396,8.317023906215232e-05,0.7767680198757152,0.9892781862021792,1,0.7370632507157928,1,2,1,4,1,0,0.32966991505595206,Low
3,2025-01-01 12:00:00,197,0.3731604063354137,3,0.2282683708862245,0.7215993251680171,0.1684385139668358,0.5351323990689099,0.3964166501323538,0,0.2170777769767751,0,2,3,0,2,0,0.38967297657370187,Low
3,2025-01-01 13:00:00,162,0.650277997881073,3,0.058262446114923,0.5009714778702031,0.0302804671534761,0.798168072056195,0.9909896959365232,1,0.5225367356665492,0,0,2,0,2,1,0.3121462658376318,Low
4,2025-01-01 14:00:00,127,0.2670627042138158,0,0.2999224293453557,0.8953319651647166,0.3281484367626586,0.5960097784339264,0.1557248174404042,0,0.7056195330613284,0,0,3,1,1,0,0.43063347517204603,Low
1,2025-01-01 15:00:00,159,0.1815744606974653,0,0.4744378752661797,0.9211404114141688,0.9084720415582048,0.3140833393054445,0.2533803358472084,1,0.6018379133788972,0,0,2,4,0,2,0.587389471611659,High
4,2025-01-01 16:00:00,178,0.5257220377311456,0,0.1679100717034471,0.0551829792648799,0.0968413024413098,0.5612303174815816,0.0887927612076815,0,0.3844323094762619,1,0,3,0,0,2,0.2647862709555834,Low
4,2025-01-01 17:00:00,193,0.5659393612948603,3,0.35483316967665,0.8217683883270501,0.6065459275266993,0.5335635348080177,0.2715750374872561,0,0.9400739211346708,0,1,3,4,1,1,0.5554941693160899,Medium
4,2025-01-01 18:00:00,136,0.320397565904862,1,0.40005418534072,0.0376986802386965,0.4515569916662795,0.8241935366228141,0.7679366944276651,0,0.5134394752281355,1,1,3,1,1,2,0.2817571921156546,Low
3,2025-01-01 19:00:00,192,0.8788739416493799,2,0.0571954699796335,0.3676445553778013,0.93876533652054,0.982841917940851,0.8529513541419094,1,0.9698664862524556,1,0,3,4,2,1,0.45093477676976695,Medium
2,2025-01-01 20:00:00,121,0.1563020272255411,0,0.5835215791732655,0.5430266676884326,0.1224207156112877,0.4108079598739358,0.7788953782801444,1,0.5633872774864647,1,2,3,2,2,1,0.400303148497991,Low
1,2025-01-01 21:00:00,167,0.4987480079415247,1,0.884792848049125,0.1482608012266683,0.211972815091239,0.7639891520016588,0.6310200633022374,1,0.7931658305217836,1,2,1,1,1,1,0.4427349237064331,Medium
2,2025-01-01 22:00:00,119,0.068542391894659,2,0.1516202211085464,0.7473337890962509,0.029398468747962,0.0987924203787753,0.5138824201255612,1,0.7417448887935877,1,1,2,4,1,0,0.3440983183254296,Low
4,2025-01-01 23:00:00,195,0.0625628778233812,2,0.5980336685167447,0.0083138117812346,0.4339877892085168,0.7774616216912362,0.7086840192081243,0,0.6604497567024344,1,1,2,0,0,0,0.2652908240688705,Low
4,2025-01-02 00:00:00,199,0.1471841863943519,2,0.6650171288026532,0.1687885187315135,0.2778097647455318,0.3710886169875356,0.3907091018844293,1,0.0133242071796073,0,0,3,3,2,0,0.3728162047092534,Low
2,2025-01-02 01:00:00,167,0.2674344067449542,1,0.4194209598181138,0.5815788638979581,0.8701698208194205,0.0382768358729777,0.8413315404908355,1,0.0763668059359367,1,0,1,3,1,0,0.562813562162325,High
2,2025-01-02 02:00:00,190,0.2138424693512344,1,0.7014039047169771,0.7153616422993827,0.6050762518649849,0.3628985649705107,0.6771594956654647,0,0.5810166599425294,0,0,1,1,2,1,0.5582105750111006,Medium
2,2025-01-02 03:00:00,163,0.9055374774084988,3,0.4108111044162554,0.9179079397393434,0.6142306122906535,0.6108800728185839,0.6977808563111685,0,0.9117034990335462,1,0,0,3,1,0,0.6631713143248676,High
4,2025-01-02 04:00:00,116,0.8965899074972624,1,0.5047901829979948,0.7064579508785164,0.5320107324302634,0.118325658765499,0.5358591009004259,0,0.6006972316260051,0,0,0,2,1,2,0.7036893738492322,High
4,2025-01-02 05:00:00,111,0.859483088647715,1,0.007117593895966,0.67269209805474,0.0917370428569735,0.925012786401689,0.885266567532293,0,0.2351207385202065,1,2,1,1,1,2,0.3761972287151609,Low
1,2025-01-02 06:00:00,121,0.8944387069203444,1,0.6920191083090386,0.394855137034781,0.4450765962657064,0.0766495994213656,0.2518447905072292,1,0.3194425152476141,0,2,0,0,1,0,0.6808495307409531,High
1,2025-01-02 07:00:00,116,0.6231915670266469,2,0.6616179503772985,0.0012333691054361,0.9998319030168238,0.930999134322604,0.3810200315708494,0,0.6227414173243546,0,0,2,0,0,2,0.48177396847620657,Medium
4,2025-01-02 08:00:00,109,0.1926621023673222,0,0.0381896729452577,0.120279093376184,0.8354763674322478,0.7076029885622257,0.7776448931617517,1,0.5966052080382572,1,2,1,1,1,2,0.2509497693338851,Low
2,2025-01-02 09:00:00,164,0.7372385840581904,3,0.3682964931647896,0.5352701022134009,0.8937343590419181,0.3292852752409603,0.4926578499760561,1,0.9556768088782628,1,0,0,3,0,0,0.6181051523185689,High
2,2025-01-02 10:00:00,121,0.4808517552372219,0,0.9795552061763562,0.6760475303934806,0.8234676171208307,0.390467763978048,0.8892529027789897,0,0.5285551112189462,1,0,1,3,0,1,0.715261224403508,High
1,2025-01-02 11:00:00,189,0.5509833423847722,0,0.4208239367434829,0.4179954927409476,0.1029338243398198,0.741354447853388,0.3462603097264116,0,0.3542800507053976,1,1,0,0,1,1,0.3807878248032181,Low
4,2025-01-02 12:00:00,181,0.3261945673560599,1,0.5020961979722391,0.7316765119125428,0.2274006940680445,0.6016867376612245,0.3691986740257638,0,0.5244584761784216,0,2,1,2,2,1,0.4472650871756063,Medium
1,2025-01-02 13:00:00,149,0.8202350851577177,3,0.9103995597596743,0.522559606774604,0.0029653436039736,0.6720244699440945,0.888774522010654,0,0.7860079317181191,0,2,3,3,2,0,0.5868117136332507,High
1,2025-01-02 14:00:00,113,0.9014198146384024,0,0.7175808164448716,0.0742299262978275,0.3034994377160713,0.3888782835370719,0.4642699733752504,0,0.539847660961922,1,1,2,2,1,1,0.5567893161572338,Medium
3,2025-01-02 15:00:00,163,0.5555294646593246,0,0.5822834960077403,0.192239385166357,0.1085022313675733,0.4877603906326875,0.5160411990810942,1,0.3252835474193539,1,2,0,3,1,1,0.41601239331027046,Low
3,2025-01-02 16:00:00,146,0.7859794695560047,3,0.7981865204553742,0.8411528778017322,0.4728647222820619,0.9910014311485168,0.3326202364339794,0,0.337866877353162,0,1,3,1,1,2,0.6365515667332229,High
3,2025-01-02 17:00:00,128,0.840015446799797,1,0.8648000857090186,0.7259019575910072,0.6772979214809698,0.2132222022908081,0.2765080793828163,1,0.7565510535497127,1,2,1,4,2,1,0.7909956325239297,High
2,2025-01-02 18:00:00,175,0.2858837617186457,0,0.4570036778188571,0.8959953683915375,0.8747714116189269,0.4176376908539034,0.6559111509816793,0,0.0653729763639657,0,0,3,0,2,0,0.5834909916774367,High
4,2025-01-02 19:00:00,135,0.7684048397005013,2,0.4752381998417592,0.1176733431868607,0.7494225452152569,0.2913067040511903,0.1196274002955597,1,0.273925749520371,1,1,2,1,1,1,0.5531628046975473,Medium
4,2025-01-02 20:00:00,198,0.3509561880681262,0,0.386111222675811,0.9915931473484044,0.938882776837686,0.7657140526729533,0.879308272401754,1,0.1520644534892067,1,0,0,3,2,2,0.5585607907803751,Medium
4,2025-01-02 21:00:00,151,0.7551237079441957,2,0.967219879856594,0.2096548481807807,0.05376659784735,0.7646125697354944,0.7792059717016753,1,0.9446365211777844,0,0,0,0,0,2,0.5158899708031319,Medium
4,2025-01-02 22:00:00,175,0.0132555354742212,1,0.6974695015353027,0.011743907825254,0.0120279188382916,0.2919304487553467,0.1905582413654549,0,0.0890468617090582,0,2,1,4,2,2,0.2880446613298735,Low
3,2025-01-02 23:00:00,106,0.9817609796921324,0,0.0830468649536815,0.998803902882466,0.6615008924613291,0.0803762932574563,0.6939948632452864,0,0.7579244624291049,1,1,2,4,2,2,0.7031314316185275,High
2,2025-01-03 00:00:00,128,0.5741557678439473,3,0.8633923440720057,0.2814250463529409,0.2893348597650114,0.0102532479884231,0.602577887976903,0,0.6300156852426685,0,0,3,3,1,1,0.6075342790160647,High
2,2025-01-03 01:00:00,110,0.7298768707543558,3,0.4806940330617499,0.66892687530593,0.2534660858166275,0.4272547220998886,0.1843429921087422,1,0.6323973231407815,1,0,1,0,0,2,0.5603598055727232,High
3,2025-01-03 02:00:00,132,0.8910933841400984,0,0.0685664057236521,0.1768834047455353,0.330889672177772,0.4101013219806946,0.2730405071814097,1,0.7631800735773496,0,1,0,3,1,2,0.4134098809446063,Low
2,2025-01-03 03:00:00,105,0.2476651739211723,1,0.5499053546181529,0.5810097492751621,0.2697690270195232,0.9895203321538404,0.4088680057101632,0,0.3998067928490989,1,2,3,4,2,2,0.3576318862197162,Low
3,2025-01-03 04:00:00,178,0.4865107593415301,1,0.417248863436404,0.905281698432511,0.5115265164421356,0.4697063990069989,0.6992193643572551,0,0.4000624871013899,1,0,1,1,0,1,0.5632692629962562,High
4,2025-01-03 05:00:00,131,0.4591817202482171,3,0.8781936754501751,0.3205885478468796,0.4402039987993429,0.2558181761842431,0.6386802036253765,1,0.2878927152774226,1,2,3,1,1,0,0.576119431886239,High
3,2025-01-03 06:00:00,150,0.4048052011645195,0,0.203912716834731,0.6711646111248799,0.5125191424835677,0.8921301719284191,0.5321567424530278,1,0.5973015999881144,0,1,3,2,2,2,0.37947074730806096,Low
4,2025-01-03 07:00:00,174,0.3125395073049564,1,0.8268688300903255,0.188120810751259,0.6728819046736525,0.4910225532244812,0.7684098409395712,0,0.9297485950696588,0,2,1,4,0,2,0.4997551492164479,Medium
4,2025-01-03 08:00:00,157,0.7770519315177038,3,0.5578830157977888,0.6256406838480142,0.3871603588162641,0.5993858446747642,0.7579336051271057,0,0.9239196731223328,0,1,3,4,1,2,0.5770280507197009,High
1,2025-01-03 09:00:00,186,0.3755608924421969,2,0.0544117573080649,0.3368811203503392,0.2512716935836557,0.0946884463694441,0.6178091109234174,0,0.7026363694812721,0,2,3,3,0,1,0.348356873589765,Low
3,2025-01-03 10:00:00,125,0.265758406709342,0,0.9723630545043056,0.2114589826678694,0.1661232854971317,0.382615301314043,0.786995470376596,1,0.90610124622681,1,2,2,2,2,1,0.4693483594644491,Medium
1,2025-01-03 11:00:00,197,0.8144581155794554,2,0.5127743693730182,0.3135793693919574,0.3494857145306165,0.9452497030154724,0.3341203873684455,1,0.9635019487361308,0,0,2,2,1,2,0.4551593968437816,Medium
3,2025-01-03 12:00:00,145,0.8772402311232984,2,0.2908628166740667,0.1790452624405438,0.7420082628590813,0.5896927296485701,0.8812858074366214,0,0.7948893579724683,0,2,0,0,2,0,0.5006821444190268,Medium
3,2025-01-03 13:00:00,197,0.935664301421818,1,0.4695322243917317,0.903159773776508,0.7569139201016413,0.3441099231519045,0.6148590761501203,0,0.4071608162377473,0,0,2,3,0,2,0.7438516857511496,High
1,2025-01-03 14:00:00,128,0.2950171828954514,1,0.858286520081389,0.3977049679556697,0.6670708641797245,0.6259400257455663,0.8223804939165702,0,0.482641405473741,1,1,1,1,2,0,0.5240365451004678,Medium
1,2025-01-03 15:00:00,103,0.7642025979113434,1,0.3049000404048609,0.2455790086165758,0.2339838050863608,0.911357172869638,0.5462056023616748,0,0.9312019758251936,0,1,3,0,0,0,0.3647854561348746,Low
3,2025-01-03 16:00:00,180,0.4863549558853642,0,0.1925856709505338,0.4489995564346872,0.588213513862053,0.2734319542272265,0.2182572976252466,0,0.6696448930054465,0,0,0,2,1,1,0.45675230194113586,Medium
2,2025-01-03 17:00:00,198,0.6618586462015118,2,0.1289308500340793,0.320944057561894,0.5708084961684877,0.5051045384413595,0.5423353582506878,1,0.8205085677066054,1,2,2,1,2,1,0.42174177923034584,Low
4,2025-01-03 18:00:00,112,0.0561526784839878,0,0.2978508137318947,0.7454365067769928,0.484343136833569,0.9597508876552572,0.3709807528410145,0,0.1150973340684744,1,1,3,4,1,1,0.31627701178611595,Low
1,2025-01-03 19:00:00,138,0.1262898300406869,1,0.7804160594437826,0.9725632069916198,0.5500877809739229,0.1715972908009169,0.6974750936775591,1,0.1929764919100317,1,1,1,3,1,0,0.6279626872953923,High
4,2025-01-03 20:00:00,114,0.2755884919115748,2,0.4717534808966643,0.4386104584855936,0.4918712189994453,0.7201590132074951,0.4756971887997652,1,0.3433607679736286,1,1,3,2,1,0,0.390314415767971,Low
2,2025-01-03 21:00:00,128,0.4293542614471025,0,0.2274180586924596,0.8622182940987583,0.5655726636989599,0.614727405136317,0.8361342911561971,1,0.1873090534549008,1,0,1,4,1,0,0.4792635276390386,Medium
2,2025-01-03 22:00:00,128,0.4700979781162917,0,0.1660735860673881,0.5666236392629673,0.7156949924194521,0.6800756706952313,0.6780422032100011,1,0.9063808693736704,1,1,3,2,2,1,0.42771051715714653,Low
2,2025-01-03 23:00:00,174,0.9643610722839006,3,0.332748123046986,0.1574087997166677,0.109523518278202,0.350843581941973,0.6845162449945519,1,0.2159927478564672,1,1,0,1,2,1,0.46956104922648945,Medium
1,2025-01-04 00:00:00,131,0.9783221748381872,0,0.9404171979579312,0.691562658717632,0.7498313303458582,0.3134150388075094,0.2169739656725899,1,0.5566874147061535,0,1,0,0,1,1,0.8334598186733083,High
2,2025-01-04 01:00:00,101,0.324580888702914,1,0.3430534005781558,0.5141196930064708,0.1357942031825753,0.6846209314436793,0.9843198023917044,1,0.0844009936596098,1,1,2,1,1,2,0.337408501682396,Low
1,2025-01-04 02:00:00,146,0.456511916738633,0,0.9886545417658604,0.6514889137161548,0.0665024768983142,0.2148464481451943,0.8416985184947663,1,0.1539909799642542,1,0,2,3,0,0,0.6193378016823223,High
2,2025-01-04 03:00:00,177,0.0316269887198297,2,0.485368195350101,0.890913498887559,0.9763950434494028,0.4194405016369189,0.789010931873394,0,0.2465533506800248,1,0,3,3,1,0,0.5409746770668671,Medium
4,2025-01-04 04:00:00,183,0.919804622465968,0,0.1790626404137687,0.4410148239292641,0.957297872767976,0.1874130996753908,0.3300709110288169,0,0.9828993812180752,1,2,3,2,0,2,0.6284024964696747,High
4,2025-01-04 05:00:00,121,0.0605774966390968,3,0.891594819610456,0.9024202275316014,0.0603080219714266,0.007118017098548,0.5355546608756145,0,0.7968504831069005,1,1,2,1,0,0,0.5765056252996403,High
3,2025-01-04 06:00:00,174,0.6598632490807597,2,0.46047368694652,0.7516952517223082,0.4433104982713639,0.9711444688095412,0.1368955843633781,0,0.6731960614569706,0,0,2,0,1,0,0.501248188770555,Medium
4,2025-01-04 07:00:00,126,0.5670722749975516,2,0.7099843563863864,0.4892544274768163,0.1861774039974225,0.4315172218416256,0.5383999168756466,0,0.916189347600148,0,2,3,3,2,2,0.5303140706647173,Medium
3,2025-01-04 08:00:00,166,0.9320051459655808,3,0.9842386031591536,0.6040364076809948,0.4854223587837487,0.97043504982321,0.1456845222714744,1,0.9561831547457812,0,2,3,0,0,0,0.6771163151614633,High
4,2025-01-04 09:00:00,180,0.0671323706163584,1,0.0499733410134755,0.325996275772897,0.830421870483225,0.1394488359217116,0.5529665566366027,1,0.4529543680443211,0,1,3,4,2,1,0.34812163824626485,Low
1,2025-01-04 10:00:00,155,0.7506788579161511,2,0.0965288788671518,0.984958388223843,0.950914785783696,0.5875490684911511,0.6486819518126044,1,0.3269223778919747,0,2,0,2,1,2,0.6132984694344761,High
4,2025-01-04 11:00:00,191,0.4434322165935133,1,0.7207781770178656,0.6682576251299399,0.6344023017435019,0.2002427488197926,0.3900713109091469,1,0.3145336555269716,0,0,1,0,1,0,0.639828056367389,High
3,2025-01-04 12:00:00,192,0.6343181595605453,2,0.2818038968487957,0.0438569826035376,0.3539194105099137,0.7907356899020968,0.4984557317244267,1,0.0346175571484212,0,2,1,2,1,1,0.3222794687142153,Low
3,2025-01-04 13:00:00,120,0.7902696290097133,2,0.1842041311003697,0.3270385451877357,0.6034602212814424,0.7843494880115587,0.8756878327372646,0,0.2788143281308224,1,2,2,4,1,0,0.4318927590555504,Low
2,2025-01-04 14:00:00,146,0.2006292233865439,1,0.0391514259172085,0.624157589895457,0.3119947352522371,0.1116669336108486,0.1083461874198183,0,0.3543111726022218,1,0,0,0,0,2,0.3648258505512378,Low
1,2025-01-04 15:00:00,179,0.3495528440808041,2,0.0216225799110152,0.0563613580342112,0.910106878836732,0.9130144453201658,0.7917398343762865,1,0.035788674646231,1,2,3,0,0,1,0.253629992632282,Low
4,2025-01-04 16:00:00,158,0.4995125577585669,1,0.7748492315962416,0.0238656236750175,0.8706645897699552,0.1938833627964507,0.1705579760157649,0,0.8824924685020421,1,2,3,4,2,0,0.5748807561197313,High
2,2025-01-04 17:00:00,183,0.6537969302267608,3,0.1342972179764361,0.4506182786348494,0.5583445455969672,0.613220183307855,0.0364674760678211,0,0.8477033906888319,1,2,2,1,2,2,0.42891584712113595,Low
4,2025-01-04 18:00:00,105,0.2044464080626063,1,0.4678446815440715,0.3331155427095451,0.3247985484753042,0.9867575568038632,0.1853828848147569,0,0.2506439563121205,1,2,2,0,0,0,0.2854020296942946,Low
4,2025-01-04 19:00:00,118,0.7516170172986352,3,0.6061287871070002,0.4388757907075784,0.2933740822879426,0.8832763814598978,0.7650413841964352,0,0.8023521099320594,0,1,0,0,1,0,0.4887262643671313,Medium
2,2025-01-04 20:00:00,156,0.4208051032309186,2,0.4284451217344147,0.263018047397849,0.033276373839086,0.9576191339523366,0.4050063101149073,0,0.7959976000849627,1,1,1,3,2,1,0.27626475170391557,Low
2,2025-01-04 21:00:00,168,0.5873756910996163,1,0.0268866279220751,0.1649016375923894,0.8160585189000946,0.3422023396449101,0.8725539351573384,1,0.3342543286915393,1,0,1,1,0,0,0.40762433416217836,Low
2,2025-01-04 22:00:00,102,0.8271850321845425,2,0.7838721718778325,0.6900811468948982,0.4504437261649165,0.1046188017511373,0.5246269689965575,0,0.6967367834272301,1,2,3,0,2,2,0.7426542690566403,High
2,2025-01-04 23:00:00,100,0.9049075862928572,1,0.0102802417720491,0.5152579461196369,0.325132723416112,0.1875857341197582,0.0220051069173987,0,0.2890461303387801,0,0,2,4,0,2,0.502480594634607,Medium
2,2025-01-05 00:00:00,157,0.4898137926122452,3,0.7622436864492448,0.2003890443468343,0.4711809161079072,0.5004717873755877,0.7166959645312818,1,0.0692054518598473,0,1,0,2,1,1,0.4986985479445873,Medium
4,2025-01-05 01:00:00,137,0.6137788125105724,3,0.893760911858025,0.3199959560082518,0.8189770724834665,0.7938987020832862,0.1100164986784064,1,0.5042397261119357,0,2,3,4,0,1,0.5946458778538267,High
2,2025-01-05 02:00:00,114,0.3032992494724941,1,0.4329367471441647,0.5926057709184922,0.1245167964153159,0.1493022023276298,0.7893858035929673,1,0.4376905065937718,1,2,1,1,2,0,0.4488623424510161,Medium
1,2025-01-05 03:00:00,133,0.267020414704285,3,0.5357195029974733,0.0722802802439381,0.8579139367129802,0.6600849178930333,0.1679051056710521,1,0.1371622157129747,1,1,1,3,0,2,0.3948153882972192,Low
3,2025-01-05 04:00:00,160,0.8657842255677923,2,0.4771146917985844,0.1476120806222536,0.8977861032125861,0.3231361995080626,0.3453070634592314,1,0.489978422609804,1,2,0,3,2,1,0.6014446310217234,High
2,2025-01-05 05:00:00,134,0.1956735605986414,2,0.3892713715862688,0.0732979970191868,0.9470090335841168,0.3408023385148646,0.7612683877133066,1,0.949342179229128,0,2,3,3,2,0,0.4018268367104527,Low
2,2025-01-05 06:00:00,163,0.0994793938800402,0,0.8878763615866605,0.8134321940150004,0.3975228633087894,0.6622762847572701,0.954291555292583,1,0.7311023909309352,0,1,0,4,2,0,0.5198123644524032,Medium
4,2025-01-05 07:00:00,124,0.8330488065455258,3,0.8943904199599373,0.7534379723416489,0.217087847060876,0.4668971163438888,0.3713031453358566,1,0.7385903780793888,1,0,3,2,1,2,0.6950760107022437,High
2,2025-01-05 08:00:00,123,0.993245920175212,2,0.3358374218309687,0.7543429701402666,0.3736641288575121,0.8127467754211277,0.8294195064782712,0,0.7572909012803368,0,0,1,2,1,2,0.5672770325450562,High
2,2025-01-05 09:00:00,111,0.584902867673899,1,0.6153088893929131,0.717302209437319,0.3329156623873318,0.1550806980455679,0.1906022575564123,1,0.7443586731830315,1,2,2,0,0,0,0.6201886258054314,High
2,2025-01-05 10:00:00,117,0.1022204218267287,3,0.9273902219609478,0.6702948101443258,0.1760814863312659,0.7906095351336675,0.8071917740619261,1,0.0187712159800132,0,1,2,2,0,2,0.449282415655424,Medium
4,2025-01-05 11:00:00,114,0.0960951202357529,2,0.9625686092831682,0.4776247224450951,0.6074032362842031,0.0631806638595531,0.6574570058643521,0,0.9246282444576256,0,0,1,2,2,0,0.5918242627324468,High
2,2025-01-05 12:00:00,179,0.9088304947427462,3,0.509115310441735,0.6431485813592811,0.4766973945695928,0.1933062345163056,0.1925541387832159,1,0.8299635133587734,0,0,2,0,1,0,0.6756248415759696,High
3,2025-01-05 13:00:00,126,0.0573256559325504,1,0.452937238227032,0.0383637993877055,0.8659628408058009,0.6564946314153612,0.30235056426793,1,0.2737496732777373,1,2,2,4,0,2,0.3166587148260026,Low
4,2025-01-05 14:00:00,171,0.6201433836949458,2,0.2786707646247532,0.62230491927011,0.0319673253305897,0.8557405520557619,0.1315615373047431,1,0.5522419663707923,0,0,3,4,0,1,0.37559853692517087,Low
3,2025-01-05 15:00:00,159,0.6976856509468399,0,0.9593794949910004,0.7789430574142597,0.6440222370841727,0.2520705946024879,0.3828399855413678,1,0.614577852655493,1,1,0,1,1,0,0.7788476443395648,High
4,2025-01-05 16:00:00,145,0.8450790591251859,0,0.1426846399833021,0.501024758384671,0.7631609154166945,0.326758746112302,0.2034628466885408,0,0.1309470058519083,1,0,3,4,2,2,0.5626062018497151,High
2,2025-01-05 17:00:00,188,0.0535852601027412,3,0.5800411912078309,0.3579743764931095,0.7596969276551107,0.5371842374255111,0.6439564770919597,0,0.2531093185981001,1,1,0,3,0,0,0.41337839166070484,Low
3,2025-01-05 18:00:00,116,0.8474083207948647,1,0.2825297274547322,0.2777726526693027,0.8863456918704423,0.2108665818742263,0.994578501154416,1,0.0221241672265702,0,1,0,3,2,0,0.5893609090956922,High
4,2025-01-05 19:00:00,192,0.1238637476518193,2,0.2789849842370111,0.6436732211387275,0.7292293385509047,0.8118676703612948,0.0117605616789744,0,0.863817364829191,0,2,2,1,1,0,0.3670510774283946,Low
1,2025-01-05 20:00:00,152,0.4643688624567089,1,0.40504364781879,0.6937442469530575,0.9281020190056358,0.7742593437580318,0.5408445544311149,0,0.0237807539315683,0,0,0,2,1,2,0.5291783782466268,Medium
2,2025-01-05 21:00:00,107,0.6925519270661764,2,0.9993317332916808,0.8721667751108323,0.3326600421187448,0.1444287747332242,0.5736020709612284,0,0.3179181550754027,1,2,0,1,0,2,0.7756389602194589,High
4,2025-01-05 22:00:00,178,0.1580993313805967,3,0.0547680389493998,0.3427733092767937,0.5032955386595824,0.4637199343325517,0.9142558706994182,0,0.077185112734444,0,0,1,0,0,2,0.2777078450869125,Low
1,2025-01-05 23:00:00,126,0.5580545935310405,2,0.578752427711033,0.7708260071742963,0.0139286676922284,0.7754532816517459,0.505918633213003,0,0.781174178169607,0,2,0,1,1,1,0.47413826465145,Medium
4,2025-01-06 00:00:00,145,0.3738548445971813,1,0.0823954484652105,0.5621099103998405,0.0068031391137431,0.3369206411298662,0.5436270724185834,0,0.9249204261631764,1,2,1,1,2,0,0.3269669300431476,Low
1,2025-01-06 01:00:00,149,0.2319379279030635,1,0.1544003075131155,0.8840527283045075,0.240085206600044,0.6333972578517979,0.4715548412457928,1,0.5623259650736533,1,2,3,3,2,1,0.36439829682718317,Low
2,2025-01-06 02:00:00,170,0.2853840777770853,3,0.4396650180886676,0.5285179730190741,0.1006982448217072,0.0491253838518148,0.2687398966937191,1,0.1385777867143321,1,0,2,0,1,0,0.4447017977157369,Medium
3,2025-01-06 03:00:00,102,0.5814685143472725,1,0.5106175736175762,0.5183210553669221,0.2601796906522369,0.6089214624821973,0.0557949587299744,0,0.5576657115583304,0,2,0,0,0,2,0.4743744672901026,Medium
1,2025-01-06 04:00:00,192,0.0671045485706146,2,0.2587533150042538,0.5786549181385408,0.1769712995062882,0.1518074474833763,0.4085390764198322,0,0.7700964366302853,0,1,1,1,1,0,0.35097002732486204,Low
4,2025-01-06 05:00:00,163,0.7904554802752825,3,0.3164630697992319,0.7503396466014064,0.0283760295631133,0.8313406665330945,0.0523561700794692,0,0.7181101379468277,1,0,3,0,0,0,0.4563528712934127,Medium
2,2025-01-06 06:00:00,143,0.3457234177046144,2,0.086793742778831,0.9660243874082812,0.9095871325732116,0.3550834157185076,0.5504203479045171,1,0.7414404327130066,0,1,3,0,2,0,0.5345097251307233,Medium
1,2025-01-06 07:00:00,152,0.9656108385787164,1,0.3032153852878594,0.0736162039160345,0.0080692967025007,0.2810130987859731,0.3071418169056892,1,0.2783495292049087,1,2,3,4,0,1,0.44098822643732993,Low
4,2025-01-06 08:00:00,123,0.7026947320625707,3,0.9670720638743744,0.0534585155730865,0.7362811569418966,0.8416706844392279,0.5335247444970628,1,0.0726708224025233,0,2,1,0,2,2,0.5623249729742539,High
4,2025-01-06 09:00:00,159,0.1876463439606129,2,0.9452039419541332,0.9388452300957114,0.1520638232453993,0.0490561220923337,0.1340884409864275,1,0.1479856949216649,1,1,1,2,1,2,0.6364327726707886,High
4,2025-01-06 10:00:00,102,0.1962277757498598,1,0.3348986147530766,0.5305844566950285,0.912514026361935,0.3963400671139778,0.9326830840226994,1,0.9554801519872332,0,2,2,0,0,0,0.4663245828519334,Medium
1,2025-01-06 11:00:00,119,0.1533706964859643,1,0.5710585420655223,0.6157340786875636,0.8930709230038306,0.3696719038451823,0.8945618722699713,1,0.6130841495092576,1,0,0,3,2,2,0.5327639782491816,Medium
1,2025-01-06 12:00:00,145,0.5040386481601837,0,0.9100645312802624,0.4830642170984773,0.6540603197442103,0.2842672862414968,0.1898062404856499,0,0.7276047277035352,1,1,3,4,0,1,0.655607593305214,High
1,2025-01-06 13:00:00,114,0.8495161189804222,1,0.005947458898452,0.093739189009158,0.6724022105431461,0.9127035912066976,0.3433043047885962,1,0.8989716649542774,1,0,2,3,2,1,0.3465685251720174,Low
3,2025-01-06 14:00:00,124,0.3766737742719527,2,0.8110754670013907,0.7691406588768046,0.005183909199553,0.7514974017022509,0.6134412976967256,1,0.8526070002125338,0,0,1,3,2,2,0.4888184182182921,Medium
1,2025-01-06 15:00:00,193,0.4730771627745479,3,0.9488689729808686,0.7482459310025529,0.985191185418326,0.0628678421142909,0.0954650297994197,1,0.2175058337091631,0,0,2,2,1,1,0.79348422163497,High
1,2025-01-06 16:00:00,177,0.1255007968233901,0,0.0911558607201417,0.3120985144022936,0.8781003331500925,0.715170770845877,0.3544314881837662,0,0.0569748471416529,0,2,3,4,1,1,0.291023301611974,Low
1,2025-01-06 17:00:00,170,0.3424337390158564,1,0.1613325729660284,0.3066265831380466,0.8953823291112173,0.527339400396678,0.2509420478837318,1,0.9250660255404036,1,2,3,1,0,2,0.3924733339302614,Low
3,2025-01-06 18:00:00,116,0.9818700421114483,1,0.9612553883758728,0.8389929348484201,0.6594063007639182,0.901791414108326,0.9155642383927454,0,0.9816728269101292,1,1,2,0,2,2,0.7672221775898531,High
1,2025-01-06 19:00:00,183,0.8277960043090785,1,0.5377187335868827,0.0724083735917827,0.3447962514231873,0.3124790749329413,0.8525374966615078,0,0.5668598818690364,1,1,3,2,1,0,0.5107079356658838,Medium
4,2025-01-06 20:00:00,199,0.545219727388467,2,0.0139665281985081,0.882318897054767,0.8939240458760156,0.5743130677403929,0.579770235540394,1,0.888296407507198,1,0,1,2,0,0,0.5142019900280406,Medium
1,2025-01-06 21:00:00,108,0.993214759483979,0,0.2575919992011011,0.256977756529296,0.2915004269964658,0.5007327826722008,0.5202643353664296,1,0.230935860630906,1,2,3,1,1,1,0.48271238762576896,Medium
4,2025-01-06 22:00:00,137,0.4225378602398483,2,0.4500538572412604,0.5937843028023342,0.5628265103477333,0.489511946599656,0.9307782887651288,1,0.1100160147144912,1,2,0,2,0,2,0.4979019744929556,Medium
4,2025-01-06 23:00:00,147,0.790361998201583,0,0.6932088335698463,0.9372868346013128,0.0996214983004599,0.4559773389018178,0.9324808349997812,0,0.4992529528129414,1,2,0,1,1,1,0.6548966987729163,High
4,2025-01-07 00:00:00,159,0.8161407929060461,3,0.7334917343810832,0.6790444481844761,0.9222447494131708,0.204909198720911,0.9693952715630012,1,0.8109868048623795,1,1,3,1,1,2,0.7808173540625165,High
3,2025-01-07 01:00:00,162,0.2985116318408846,2,0.9959576775460706,0.4149726820432843,0.1406808786126624,0.7562902359517212,0.1251674379320964,0,0.6542723248122321,1,2,2,1,2,1,0.46427046015453677,Medium
3,2025-01-07 02:00:00,185,0.2763574932559361,2,0.2874945334752861,0.6904725606975298,0.2248480088572551,0.4511966956059536,0.1603578939537475,0,0.636918418603179,0,0,3,2,2,1,0.3951052158100067,Low
3,2025-01-07 03:00:00,101,0.6650459397619324,3,0.5383992228168348,0.344421228733354,0.5582469061353613,0.9595760964509352,0.6767059517750438,1,0.0163258069557008,1,0,0,1,1,1,0.45954615784402647,Medium
1,2025-01-07 04:00:00,187,0.217567284835427,0,0.5334988449273235,0.2776040922477151,0.7643055917588296,0.2602186134947082,0.5413593864268618,1,0.3167137902680407,0,0,1,2,2,0,0.4689003976298488,Medium
4,2025-01-07 05:00:00,171,0.6185408338600974,1,0.4057208483253935,0.998063178447912,0.6194937304390233,0.6831516347247553,0.0182194195884326,1,0.9394505629905624,1,2,0,4,1,2,0.5961293705930953,High
3,2025-01-07 06:00:00,110,0.0246770416930048,3,0.1690528050550206,0.7518166428783885,0.2320886242899978,0.941734817315066,0.0617428101512076,0,0.1332782635772179,0,0,3,1,0,1,0.2423488613089238,Low
3,2025-01-07 07:00:00,163,0.8685998165970745,1,0.9779786983822536,0.6455939055158055,0.0007856786416409,0.6638205201373502,0.8881189000829575,1,0.7260692575163783,1,0,3,2,1,0,0.6413081836236367,High
1,2025-01-07 08:00:00,176,0.6091469983351288,1,0.8537423773285386,0.3557474945789053,0.7573598063470361,0.8721264540100824,0.8689030177090118,0,0.7590533369892498,0,1,2,2,1,1,0.569656845682241,High
3,2025-01-07 09:00:00,180,0.082947534299018,3,0.4984810001103326,0.0491785984828885,0.9855271079835144,0.8282309660554459,0.357135474964515,1,0.7325441860509281,1,1,3,2,0,1,0.3287872745881256,Low
1,2025-01-07 10:00:00,171,0.0201131133091763,0,0.6034753240516357,0.0310486196375314,0.8101479242652904,0.3597627050726408,0.8910901082046434,0,0.9892984149232622,1,2,3,0,0,2,0.3796646161466067,Low
2,2025-01-07 11:00:00,120,0.3911746245136707,1,0.2271973363237029,0.5549250277043806,0.4602718934161575,0.6003363915410118,0.5936171052889299,1,0.4085373208200147,1,2,1,0,2,1,0.39456832103149136,Low
3,2025-01-07 12:00:00,117,0.963616554339794,3,0.5439705387695692,0.7630752946196827,0.9040475634271132,0.1554243387692735,0.8059172333035338,1,0.6818445869514889,0,2,1,1,0,2,0.7918053158999533,High
2,2025-01-07 13:00:00,193,0.2778020138709591,2,0.6952716653429225,0.5380988085311089,0.409888535659181,0.5355856009919744,0.4273186180674471,0,0.1927298996007749,1,2,1,4,2,0,0.48203362170977315,Medium
1,2025-01-07 14:00:00,163,0.9143392598000374,2,0.5153281464289781,0.8419408576480943,0.525030737710422,0.229760313482553,0.1131829547206577,0,0.399027818646212,0,2,2,1,1,0,0.720095586721053,High
4,2025-01-07 15:00:00,181,0.7405961485385636,2,0.990817324066292,0.0334216832468423,0.4772032465618356,0.7442888196302813,0.4336166729702229,1,0.4909868764886637,0,1,2,3,0,1,0.5494748688403155,Medium
3,2025-01-07 16:00:00,194,0.4112087232129343,3,0.6115778802313456,0.3672264058518262,0.4476830481343337,0.5281004843948396,0.4571971339322898,0,0.2139273078934853,0,1,0,3,1,0,0.46707931659235935,Medium
1,2025-01-07 17:00:00,137,0.8922596842976825,2,0.3710222253150192,0.2373582939165769,0.7754087407521942,0.4109931940124927,0.5508722203251051,0,0.9067269549335292,0,1,2,4,2,2,0.567954468197446,High
4,2025-01-07 18:00:00,131,0.1380140401171642,1,0.7725138337261559,0.4478630521150973,0.5268664502113627,0.2682261705882767,0.1053647788295248,0,0.7158891458082914,0,0,1,4,0,2,0.5060006208273123,Medium
4,2025-01-07 19:00:00,110,0.2973241869285352,2,0.1703544384895632,0.0724275365531584,0.316712837275024,0.9998533086430303,0.9914742429426232,0,0.2829388631507497,1,0,2,4,2,0,0.17893409295995527,Low
2,2025-01-07 20:00:00,144,0.1247351341245181,2,0.3845749019028464,0.955450371068299,0.258125495036382,0.0706736109511911,0.2439642957670522,1,0.1339619690864727,0,1,3,0,2,2,0.4965353658332796,Medium
1,2025-01-07 21:00:00,188,0.7812486088977129,1,0.3469887091799928,0.2235234437769163,0.037607794845318,0.0424572141765562,0.1983649388867658,0,0.28705327220135,0,1,2,0,0,2,0.47603660537512393,Medium
4,2025-01-07 22:00:00,132,0.6214710517178444,2,0.4319031146268963,0.9235807559006776,0.5833200588189442,0.2165646163268104,0.5267230333988981,1,0.6225667196106025,0,2,3,3,0,1,0.6530730091401407,High
3,2025-01-07 23:00:00,140,0.5478706119069453,1,0.7821491507045213,0.4264525039865032,0.2299150737201261,0.972161967461604,0.5371317041062504,1,0.8262299873701597,0,1,0,4,2,1,0.4564584073889456,Medium
3,2025-01-08 00:00:00,107,0.8136991301715619,2,0.4843099459711601,0.9868879917010674,0.1480479124755282,0.9803469838617924,0.4397123452682863,1,0.5026082265597037,1,2,3,2,0,2,0.5470350066679543,Medium
2,2025-01-08 01:00:00,110,0.7584156123966133,1,0.7943933294637175,0.5548019790785342,0.6539891026951689,0.6552697624797474,0.771892585194133,0,0.1014619028379996,1,1,1,3,2,0,0.6489705323131028,High
4,2025-01-08 02:00:00,185,0.5663822882631031,2,0.5766979094582358,0.932118100016696,0.6813816694651532,0.8809810998200782,0.5165711892466465,1,0.248455323543859,1,2,0,4,1,2,0.5922537548804353,High
1,2025-01-08 03:00:00,150,0.4864050355677033,1,0.3420953750757534,0.0053037753726727,0.7523616965164445,0.2132611545118674,0.609642736476016,1,0.3443974417324003,0,1,0,2,1,1,0.4390509390360853,Low
3,2025-01-08 04:00:00,187,0.926622136555052,3,0.8103700899248738,0.7492615500238604,0.503663196391264,0.9731338955815544,0.7237310452241477,1,0.6357331073129124,0,2,0,4,0,0,0.66367976174621,High
4,2025-01-08 05:00:00,140,0.0932439169879185,1,0.2382345659281524,0.9042959500309796,0.8943301987864828,0.1419159857737684,0.0247807659375969,1,0.2457806804994348,0,0,1,1,0,2,0.5265909426871208,Medium
4,2025-01-08 06:00:00,116,0.5500385057113095,2,0.2243170149810436,0.1398685223970446,0.9366388471852248,0.1001578252211157,0.5705786654059841,1,0.2330506958465593,1,0,3,2,1,0,0.49703473794711356,Medium
2,2025-01-08 07:00:00,175,0.4606484984998353,2,0.5046557141461738,0.0962111366338522,0.807604511368093,0.1112703884533563,0.8842317155033437,0,0.2853858473846632,0,2,0,1,2,0,0.5150183989254833,Medium
3,2025-01-08 08:00:00,145,0.8448631600502132,0,0.2608117588541865,0.4251300577539375,0.6357437802992802,0.5732765464707645,0.0171419045969181,1,0.5920744474971497,1,2,1,0,2,0,0.5208148263511647,Medium
3,2025-01-08 09:00:00,131,0.7255188255090321,1,0.0088529384230879,0.9349682333623812,0.3037103686334751,0.7816144485939669,0.4050623589421542,0,0.4920578200759654,0,0,0,3,2,2,0.4489009756614325,Medium
1,2025-01-08 10:00:00,178,0.3208471701640834,3,0.6485626113418883,0.5431133767292938,0.983263606937348,0.3663276527697443,0.9262784701605336,1,0.8414752685167848,0,1,0,4,0,1,0.5935155138474922,High
3,2025-01-08 11:00:00,179,0.2808913738303612,1,0.5112517586130678,0.5281618171807129,0.2741112402922332,0.9790016299249285,0.3530176061232859,1,0.6976020789369723,1,2,1,3,2,0,0.34793458810209554,Low
1,2025-01-08 12:00:00,153,0.2169674415291887,1,0.4456245411655835,0.1412760942978098,0.2025973437948048,0.4342408056568823,0.4586266284775817,0,0.6664549304017943,0,1,2,4,0,0,0.30915669525394335,Low
3,2025-01-08 13:00:00,185,0.923825464516876,3,0.967482459353434,0.000737743197012,0.4422106376572529,0.1495978061834213,0.9816105413158672,0,0.1536788275817982,1,0,0,1,0,2,0.6668664543280546,High
2,2025-01-08 14:00:00,191,0.3848256336749138,1,0.5714040593649863,0.8112518221055298,0.0567103045076202,0.4658620033861025,0.1991366471332116,1,0.0541392594811673,0,0,2,2,0,1,0.4899350328493086,Medium
3,2025-01-08 15:00:00,119,0.5350824868012215,3,0.8638646671132,0.0876475547996949,0.9788109925220856,0.6794361965940157,0.0650240383077884,1,0.5094468932488784,1,2,0,2,1,1,0.5621725188277549,High
1,2025-01-08 16:00:00,132,0.9177224205624952,3,0.1393179446036505,0.6347081202399886,0.5885609927909896,0.8329870052850139,0.8594517165232629,1,0.0705724923642106,0,1,2,4,2,2,0.5045378134654306,Medium
1,2025-01-08 17:00:00,173,0.9091665850553324,1,0.5694097823500299,0.915878378109133,0.5570642666359639,0.4586465253828344,0.868497430500407,1,0.3632937070104182,0,0,3,1,0,0,0.7175824286611366,High
2,2025-01-08 18:00:00,139,0.6306478752860106,1,0.8684162677762493,0.2088989623092379,0.6559563719865672,0.5938038688228182,0.4719800138957366,1,0.0249894569710328,0,1,2,4,2,2,0.575868703701975,High
3,2025-01-08 19:00:00,131,0.9492692817905825,2,0.5833199309180614,0.6661763105732411,0.4971067709838658,0.2667703526160463,0.5141231609535553,0,0.1758638867035049,0,0,2,4,1,1,0.7009330280469821,High
3,2025-01-08 20:00:00,196,0.485831901425379,2,0.7183337062037831,0.078758808656831,0.0319212396127299,0.6462372483386818,0.8358277554167595,1,0.1093443873190159,0,2,2,4,2,0,0.374645762329764,Low
2,2025-01-08 21:00:00,101,0.9490745274703752,0,0.3720929160203101,0.6045701820979659,0.6124503005242674,0.987096680587181,0.7385490127081311,1,0.8007763566153766,1,1,2,2,1,0,0.5450089402828274,Medium
3,2025-01-08 22:00:00,196,0.3978385609102483,0,0.0922805210226558,0.1641144816341186,0.7163632385462886,0.0479630933867176,0.2649833636051129,0,0.3453808338101595,1,1,3,4,0,1,0.4056126885839854,Low
3,2025-01-08 23:00:00,132,0.91692559717239,1,0.4580166916873163,0.7369586434401697,0.4167932687796853,0.8874202919998706,0.016646354387048,0,0.07778584600825,0,2,1,2,0,0,0.5705332474199328,High
1,2025-01-09 00:00:00,176,0.6308904835248974,3,0.3945462599216773,0.3016114334171728,0.7575048683990602,0.562405483446581,0.4796048398531356,1,0.2646397345662595,1,2,2,0,1,2,0.49594638028795013,Medium
3,2025-01-09 01:00:00,129,0.9601298955671692,0,0.8674961053998522,0.4640042635970873,0.226953522669533,0.2514882528053386,0.8589412845259607,0,0.6824600060672819,1,2,1,1,0,1,0.6960271434408021,High
3,2025-01-09 02:00:00,132,0.8322809180829943,1,0.2439446534437248,0.6002393633640408,0.2212260392062623,0.9559409569387648,0.8958757358682514,0,0.7453613196788139,1,2,0,0,2,1,0.4288970278946126,Low
2,2025-01-09 03:00:00,176,0.154652736353843,0,0.9672479893077104,0.1714667255504088,0.1613374174346272,0.4832906687633804,0.9562870486711365,0,0.1188528539519186,1,0,1,4,2,0,0.4164755388261571,Low
2,2025-01-09 04:00:00,125,0.6863309176378416,3,0.958645168592849,0.7426510730695638,0.3720172722131505,0.3312680283919524,0.8795989640702566,1,0.7783313417260745,0,1,2,2,1,1,0.7158866227447651,High
4,2025-01-09 05:00:00,121,0.1718590023236973,1,0.2475838339011795,0.3030225048641024,0.8472648239462077,0.1807202949944835,0.5799811186627717,1,0.3698426670747452,1,0,1,1,2,2,0.4154468893717983,Low
1,2025-01-09 06:00:00,165,0.5167210494920808,3,0.3480825678434853,0.6632711638884508,0.8281555915314035,0.2438237245121142,0.4444987748378499,1,0.6790305474074319,1,2,3,3,0,1,0.5865049171644751,High
3,2025-01-09 07:00:00,137,0.8312503895086405,1,0.896013917016941,0.158457691013412,0.3828519702248725,0.8336117399880014,0.7748512547449518,0,0.6711463764856445,0,0,3,1,0,0,0.5458936493696085,Medium
3,2025-01-09 08:00:00,189,0.634925793039592,0,0.9671358951990284,0.6890539746071127,0.5892465045121956,0.6146562383833081,0.7398115626041972,1,0.7933753518317331,0,0,2,1,0,1,0.6845147569004107,High
4,2025-01-09 09:00:00,145,0.1192174660125889,2,0.4435442061739234,0.1283194494446169,0.7210079285998079,0.914198404639618,0.5380672613072304,1,0.6968516604847097,0,1,1,4,2,0,0.28737573652957993,Low
3,2025-01-09 10:00:00,114,0.0591975231701996,0,0.3210065299349991,0.4259150737345036,0.2411658844074543,0.2313104502680723,0.0871034555690053,0,0.0377605156316517,0,1,0,0,0,0,0.3317123431441077,Low
1,2025-01-09 11:00:00,197,0.1604041096500209,0,0.5262636645370677,0.2475085472487802,0.1680647753113187,0.1202185298120297,0.9261323188584138,1,0.5189403273363126,0,1,3,0,2,2,0.3783455898214215,Low
4,2025-01-09 12:00:00,143,0.8508003846119604,2,0.6880651151458046,0.7493981894180548,0.9724094192485426,0.0048954644230629,0.4554993171853305,0,0.1652235441866804,0,2,2,3,1,1,0.8297231060468742,High
1,2025-01-09 13:00:00,148,0.8486213619892986,2,0.2734468877566707,0.2623587956637331,0.6176988680309035,0.50785634851976,0.3632003218963269,0,0.9699552629305486,0,2,3,4,0,2,0.4994651994959104,Medium
4,2025-01-09 14:00:00,174,0.0305052038354359,1,0.7368071179354714,0.8829319351144941,0.9817336658341445,0.9994608314136532,0.6295211892307122,0,0.2549826879675693,0,1,2,1,1,2,0.5157553926286993,Medium
4,2025-01-09 15:00:00,160,0.7081066764006732,1,0.0514565051561635,0.8930493637731415,0.3377619014816304,0.6954019598205585,0.673806264244301,0,0.419449320235619,1,0,1,0,2,1,0.46485465939299825,Medium
2,2025-01-09 16:00:00,166,0.3050342322450833,3,0.0490917955671792,0.1966708107670667,0.7032146905752866,0.3079172892702684,0.2105044296128828,1,0.1957805330800507,0,1,1,0,2,2,0.3371602793022317,Low
1,2025-01-09 17:00:00,105,0.0648999296658683,3,0.3863481770706329,0.614675489515372,0.2225537279987619,0.8777253359873387,0.8369606017606732,1,0.1335942302364813,1,2,1,2,1,2,0.28747138338891315,Low
3,2025-01-09 18:00:00,108,0.9029544786816358,0,0.3535080380494666,0.0877908392193183,0.2611689733367713,0.7823640820894115,0.2897795789764341,1,0.6004849151576138,0,0,1,1,0,0,0.4034945307137432,Low
3,2025-01-09 19:00:00,105,0.9089952012535502,2,0.3156385108691544,0.3920470592682992,0.5119924571767865,0.0142451534463576,0.1864925715480907,0,0.492607833050841,0,2,1,4,0,2,0.6092299354439004,High
1,2025-01-09 20:00:00,172,0.8590045494609201,3,0.4911620233144973,0.7142942775529779,0.3196152470896034,0.8175853761633514,0.4062805070947164,1,0.3739480810808775,1,1,2,0,0,1,0.5557049793433878,Medium
3,2025-01-09 21:00:00,194,0.2517539017636951,0,0.3207428608584626,0.6603183119837668,0.1675450014062533,0.300030852120366,0.7305469738005397,1,0.0843661045457742,0,1,3,4,1,0,0.40531497544517586,Low
3,2025-01-09 22:00:00,131,0.6641378281888516,2,0.1921668661286284,0.6255458183557459,0.2628503187301648,0.1488208874081129,0.9655220556784976,0,0.7356739959241022,0,0,0,1,2,2,0.506289751948827,Medium
1,2025-01-09 23:00:00,140,0.891378281888516,1,0.3094700311801688,0.2828941334562199,0.0356079033176365,0.2256595084808932,0.8092939569641275,0,0.0047095071315278,1,1,3,1,1,2,0.4782831641839267,Medium
4,2025-01-10 00:00:00,175,0.3755397476874316,0,0.9754244148408526,0.3785154844202656,0.7046072868463141,0.4684812377904457,0.940404025547516,1,0.457047866172517,1,2,1,0,2,1,0.5988630448745045,High
1,2025-01-10 01:00:00,107,0.9733208838952646,1,0.411193276137715,0.1030412342601851,0.4921974015098959,0.4246660097049837,0.1403993482955452,0,0.6321646290413965,1,2,3,3,0,2,0.5268664956310187,Medium
4,2025-01-10 02:00:00,171,0.588516394975116,3,0.4448188748502981,0.720003564210653,0.0941309319657373,0.2883638743438039,0.0709475887654191,1,0.430065315240799,1,2,3,4,0,1,0.5231995889417741,Medium
3,2025-01-10 03:00:00,149,0.0959982995165641,3,0.5767540400695521,0.5045602700460077,0.1716194049029247,0.1714190492757539,0.5576350040661677,0,0.125204192895993,1,0,2,4,2,2,0.4191301922498062,Low
3,2025-01-10 04:00:00,191,0.9451438288476778,2,0.9838674987827158,0.7097316306823352,0.1024264231656532,0.7628265208034326,0.2901400864703163,0,0.7780144144869346,1,2,0,2,0,2,0.6751391433983986,High
3,2025-01-10 05:00:00,161,0.2622450387728029,0,0.2415487579531601,0.2492484960167484,0.6127319564331142,0.991244303730162,0.828073818363964,1,0.3231724615772831,0,1,0,1,1,1,0.26902129629028326,Low
2,2025-01-10 06:00:00,183,0.333972498464223,1,0.6815729533252544,0.3248517288830006,0.0940982133202347,0.7784241029506553,0.6719555681404212,0,0.133760843950239,0,0,1,1,2,0,0.3662078252794063,Low
4,2025-01-10 07:00:00,161,0.398181328513813,2,0.716302636727008,0.3346428927999088,0.7544901686224554,0.2954302106213198,0.9707937683833724,0,0.5497613529442511,0,2,2,0,0,1,0.5644085635703573,High
2,2025-01-10 08:00:00,106,0.4284327952920647,3,0.6075575035818026,0.0257265134247819,0.0203630414369105,0.2441813191570867,0.2546233228835344,0,0.0180404769871401,0,2,2,0,0,0,0.3805701357453968,Low
2,2025-01-10 09:00:00,174,0.1367153070218392,3,0.0884063204920295,0.3414852506282311,0.2493388579024736,0.2169740576837213,0.48569078559897,1,0.3232923412936325,0,1,2,0,0,0,0.27943217703692624,Low
1,2025-01-10 10:00:00,183,0.4296925775233482,0,0.6771596748349256,0.8044064783339441,0.8909406270936862,0.1358118116784208,0.501152214260743,1,0.7503743247917775,1,1,2,2,0,1,0.700863681068647,High
2,2025-01-10 11:00:00,179,0.1418612726026299,1,0.0639035718178817,0.8985355235412303,0.7187218225388254,0.5514276359704704,0.2390026442432566,1,0.9126345038265868,1,0,2,3,2,1,0.40624244379862723,Low
1,2025-01-10 12:00:00,103,0.7935626463439607,0,0.5963670041275289,0.5189103885973125,0.0728458850443981,0.6056252989594646,0.5900342565386929,0,0.5912719167231207,0,2,0,0,2,2,0.5213475782500749,Medium
1,2025-01-10 13:00:00,105,0.218469831999359,1,0.7399175476799564,0.4561036085599841,0.8213663442101302,0.7059642658923979,0.4431787291975275,0,0.2167146369832293,1,2,0,0,0,2,0.4981278783794855,Medium
2,2025-01-10 14:00:00,157,0.5469647260975241,1,0.2108934510771465,0.0308160284152397,0.493116311212136,0.6806151830829221,0.4466154250647778,0,0.2191060204813338,0,1,3,0,1,0,0.3175029191960977,Low
4,2025-01-10 15:00:00,121,0.9024214082851828,0,0.8420380650533386,0.8804153537323579,0.8470357047086703,0.291818033878614,0.3626029922508338,0,0.6034304500000202,1,0,0,2,1,2,0.8454805897056104,High
4,2025-01-10 16:00:00,125,0.8782384861245894,2,0.0301363169279529,0.0129760136619842,0.6008731765623071,0.3298855210755094,0.0166823635386588,1,0.4060879297652318,0,1,2,4,1,1,0.4203370518185521,Low
4,2025-01-10 17:00:00,102,0.2885735971011655,0,0.8442306320807222,0.946055323043018,0.6820057460661249,0.6819194240177948,0.5220138085854569,1,0.1763197460675772,0,1,3,3,1,0,0.6224250702113251,High
4,2025-01-10 18:00:00,140,0.4677442330463582,0,0.4604473438983556,0.4898666291071181,0.9938253632992492,0.3490674024293774,0.3351051709318995,0,0.7871723603689359,0,0,0,4,2,2,0.5767349141880829,High
4,2025-01-10 19:00:00,159,0.3286239883904167,3,0.2175166686419829,0.3423731459529698,0.2322903551604018,0.2119194484920377,0.0010677643228913,1,0.1993255955687959,1,2,3,1,2,2,0.3580654294489485,Low
2,2025-01-10 20:00:00,113,0.8338478556992904,3,0.1336414238692189,0.9254941619690272,0.6240902264472363,0.3740147608403166,0.3077920943742116,1,0.3208666265574044,1,2,0,1,1,1,0.6144824721269707,High
2,2025-01-10 21:00:00,174,0.88990148770043,0,0.9538104437206852,0.0243731540297381,0.4603867209554002,0.2715210038081346,0.2784671121268001,1,0.0603482167364903,0,2,1,0,2,1,0.6441324712333162,High
3,2025-01-10 22:00:00,181,0.0751351038541323,0,0.0724811416432469,0.5822078318018812,0.0393132571641556,0.0873150649255452,0.3933245627381561,0,0.7010459361195378,1,0,0,4,1,2,0.2961453565705126,Low
4,2025-01-10 23:00:00,111,0.0610170849618504,3,0.1990077056651704,0.5496687513293527,0.0143198354483675,0.8308951929180477,0.131642664930758,1,0.2744490176053935,0,0,3,2,0,0,0.20245364430217372,Low
2,2025-01-11 00:00:00,186,0.0547137222781136,1,0.3478527804907108,0.2195827870756322,0.1191285557110806,0.8539219951137547,0.507597673181081,1,0.2319880131980422,0,0,1,3,0,0,0.18433916719693144,Low
3,2025-01-11 01:00:00,111,0.2395889904826346,0,0.6204780179324583,0.4294510847860625,0.6492485824375016,0.2190634101214552,0.6924147522507871,1,0.3025625070178782,1,0,2,4,1,1,0.5154347449083927,Medium
4,2025-01-11 02:00:00,112,0.4457069470535341,2,0.5449853455316125,0.6531487791575565,0.5672802129130061,0.063718884875922,0.6301395657137514,1,0.8740081873583436,0,0,3,4,2,1,0.6038370281833606,High
1,2025-01-11 03:00:00,124,0.6673106542854854,2,0.1255004186688719,0.7281235970291662,0.5535400285035116,0.7393678344745589,0.8037658289942688,1,0.5174760613214144,0,1,2,3,1,1,0.4659533167487655,Medium
3,2025-01-11 04:00:00,144,0.3309910880423073,2,0.2897130489898112,0.0006649863673789,0.0317143848171631,0.2108222967892672,0.4519038897092682,0,0.1569173119112047,0,2,2,4,2,2,0.2784428447356898,Low
2,2025-01-11 05:00:00,118,0.8855490068642552,0,0.238697027330643,0.9381473209253528,0.4693726813092717,0.393159254357591,0.5190093176560713,1,0.7742409686820205,1,0,3,4,0,2,0.6301229867765472,High
1,2025-01-11 06:00:00,154,0.1226050783023655,1,0.2134684242599469,0.164708986490067,0.9249132301068126,0.0630804316130229,0.8104150007366231,1,0.2075454916238336,0,2,2,3,2,1,0.3962350927126599,Low
1,2025-01-11 07:00:00,199,0.5067707730522343,1,0.4112242197689002,0.233863319902412,0.3976267905536464,0.2255981086732026,0.4275888062475916,0,0.411809113377339,0,0,3,2,1,0,0.45207571446783257,Medium
1,2025-01-11 08:00:00,144,0.4605561293079655,3,0.7043400610965549,0.2637993047126363,0.625067595047837,0.7935705280470398,0.7015767513565583,1,0.5675923708214848,0,2,3,3,0,1,0.4687084685937769,Medium
3,2025-01-11 09:00:00,107,0.4714289847846796,0,0.217381555495594,0.0378216028243877,0.7800388905711507,0.8050918730281946,0.4344922659106622,0,0.5839787772432988,0,1,0,0,0,1,0.32600900826638934,Low
2,2025-01-11 10:00:00,192,0.4869314286731777,1,0.3667240384490731,0.1231761169307034,0.7841474848654458,0.2063679890516061,0.4176205640680823,0,0.0679598645882653,1,2,1,0,2,0,0.4747160145387793,Medium
1,2025-01-11 11:00:00,152,0.9876670435626465,0,0.3909815142687305,0.9877149685216612,0.5193739949478439,0.335501607936483,0.7602022333154386,0,0.836638106451779,0,2,2,0,0,0,0.7197859912138806,High
4,2025-01-11 12:00:00,154,0.6868194727611043,3,0.9769778836744604,0.3156169810730045,0.8582100373458932,0.1333493478561549,0.1746416784196316,0,0.4788427224339366,0,0,2,0,0,0,0.7378018387469528,High
1,2025-01-11 13:00:00,131,0.7223181773666545,3,0.9551706944531646,0.1154139410156057,0.3914100023283082,0.0731415416734049,0.3384444011973313,1,0.9892741919949076,1,2,1,1,2,0,0.6401952752563115,High
1,2025-01-11 14:00:00,150,0.6802645987838427,3,0.8005212437060889,0.1070921658783274,0.8889662093034923,0.993311109597897,0.2239932086265523,1,0.71713519172017,1,1,1,2,0,2,0.5259631587539877,Medium
3,2025-01-11 15:00:00,143,0.5551944872285681,2,0.2416064473529839,0.7204413398773941,0.2401858012861518,0.6559375541305312,0.3589750986476649,0,0.9925862997910356,1,1,1,1,1,2,0.4309257386942099,Low
3,2025-01-11 16:00:00,181,0.1756639452996323,0,0.0678492537822312,0.8557442646395804,0.2801944276344212,0.5421717628458391,0.2301977870371643,1,0.4528565865978724,1,1,1,4,2,1,0.3427305524166693,Low
2,2025-01-11 17:00:00,169,0.6692103435688785,3,0.3169104257278405,0.2572687839139228,0.052988554660033,0.7661019576234507,0.579342985381216,0,0.1397938096971214,1,0,1,4,2,2,0.3410169386624517,Low
4,2025-01-11 18:00:00,117,0.9680992423500504,0,0.2667617052096398,0.02088666837764,0.7958096930644577,0.840856947984721,0.7981798539229965,1,0.7270138024797477,1,0,0,3,2,1,0.45613548232741097,Medium
3,2025-01-11 19:00:00,182,0.0241317295964245,2,0.5060797014086351,0.2233578234035788,0.4170995928143822,0.8074156755121695,0.7866183246463003,1,0.7775242331194365,0,0,3,0,2,1,0.26867701002731254,Low
1,2025-01-11 20:00:00,121,0.4566365595035656,2,0.7780940705687547,0.0565440332634392,0.2290698626925008,0.015372094874174,0.3643678870554931,0,0.8526877967602996,0,0,1,3,1,0,0.5020461293435169,Medium
2,2025-01-11 21:00:00,136,0.1539226858735232,3,0.8587520386979326,0.103490671360389,0.2317448225209404,0.1860431203238643,0.9888319200892268,1,0.3006509939350947,1,0,0,4,2,0,0.43072207074450314,Low
1,2025-01-11 22:00:00,195,0.8052390025017584,3,0.8452826747666877,0.4320755407103601,0.9016790956414316,0.6552472767864876,0.5937964543565437,0,0.51013282115255,0,1,1,0,1,2,0.686010300287425,High
1,2025-01-11 23:00:00,155,0.7692461783637966,1,0.3597152508466075,0.230195992064086,0.8341630406888018,0.3754413198961024,0.3992786620204145,1,0.8573636125615701,1,2,1,2,2,2,0.5470878138343231,Medium
3,2025-01-12 00:00:00,158,0.3126496826061021,0,0.6875298345486565,0.5166346846961808,0.5536414018163252,0.9835991377403092,0.8355605775054755,1,0.8646028070093437,0,1,2,4,2,2,0.43887815583932815,Low
2,2025-01-12 01:00:00,102,0.4117006169816865,3,0.3128373071808044,0.2538052657554224,0.6162516540048829,0.6657715919217351,0.7298606806971133,1,0.0245604460877788,1,0,2,3,0,2,0.3744675435041794,Low
4,2025-01-12 02:00:00,127,0.755618940358437,1,0.0607119134904918,0.9418364877649404,0.4743976903140821,0.9576040786080278,0.7492683633721875,0,0.6705546739366262,1,1,2,3,0,0,0.4699690527711284,Medium
4,2025-01-12 03:00:00,173,0.7257080154200907,0,0.701871948181022,0.9071934242014078,0.3916985916762611,0.2007163147152941,0.1959510942412781,0,0.6012435581650988,0,2,2,4,1,0,0.7169810172847048,High
3,2025-01-12 04:00:00,134,0.6528142555710865,3,0.0095940343363094,0.567568026388869,0.915762859768248,0.8647932771073852,0.4682252564218834,0,0.0822824041705134,1,0,3,1,0,2,0.43676111515375227,Low
3,2025-01-12 05:00:00,160,0.733845407359265,1,0.4092609387528412,0.3548805989115081,0.1255157762731338,0.3209056398693124,0.8618580448662791,1,0.9300798128025644,0,1,3,2,2,1,0.4774442267709013,Medium
2,2025-01-12 06:00:00,192,0.6762537726694029,1,0.329395299551297,0.3816419050216582,0.4184918208871704,0.9906980397127394,0.5039506613127993,0,0.444744071994708,1,1,2,4,1,0,0.3919097162356712,Low
4,2025-01-12 07:00:00,153,0.1671292545472351,0,0.6936778270306085,0.4123914473382748,0.3445711216723062,0.1568550457637303,0.6834241975993485,0,0.6738995418475576,1,2,2,4,0,0,0.47583747124840226,Medium
4,2025-01-12 08:00:00,162,0.4849516118980422,1,0.7666026662470589,0.728572366494236,0.4982343898334962,0.5163541743007309,0.5878738822865943,0,0.8826856760762002,0,0,1,3,2,0,0.6058850751650372,High
4,2025-01-12 09:00:00,178,0.8114177224205625,0,0.3040909206157942,0.452235355952936,0.4576959016353704,0.7935126470255409,0.8423803203187938,1,0.1291208955776241,1,0,1,0,0,0,0.4689517201411508,Medium
1,2025-01-12 10:00:00,196,0.8805532803304814,0,0.812019647875295,0.8579086541107356,0.5189832548747184,0.4324589451135943,0.2844015630889123,1,0.8556992212654555,0,2,2,0,0,2,0.7577036093377598,High
4,2025-01-12 11:00:00,106,0.7588251529099634,0,0.2939050969105621,0.9453990867308468,0.1398289852926196,0.4679843214833652,0.5754113440664927,1,0.7240065111691989,0,2,2,0,0,2,0.5530390793726889,Medium
1,2025-01-12 12:00:00,175,0.9643844428023256,2,0.4464337180788462,0.3363761970905012,0.5132324382400407,0.9874814397072832,0.1230225190989799,1,0.8394292259652961,0,2,2,3,0,1,0.49884242941830687,Medium
2,2025-01-12 13:00:00,148,0.5583673133252018,1,0.7273450868841584,0.5614476168586597,0.2423785112320385,0.4251072737859822,0.6901844457220216,0,0.4942658434038716,0,2,1,0,2,0,0.5563083090409805,Medium
1,2025-01-12 14:00:00,193,0.8426641055546158,0,0.693220160608623,0.0951402845177342,0.1842628870270575,0.6042938870885384,0.7319551926272219,1,0.0323706606975828,0,0,2,4,0,2,0.48999447343513447,Medium
2,2025-01-12 15:00:00,184,0.8461963924822608,3,0.9878983480476012,0.2007043334638031,0.064707827695998,0.0534621525819001,0.0425988232511056,0,0.6701532605388558,1,0,2,1,1,2,0.6503514030923409,High
4,2025-01-12 16:00:00,130,0.5321422530070067,2,0.2250956669977446,0.414007250401787,0.7628644520130936,0.842994911507231,0.6757599067726343,1,0.3738206251946713,1,1,3,1,1,0,0.4100913611574246,Low
4,2025-01-12 17:00:00,157,0.3837472511818806,2,0.6625939465650401,0.2064462441566251,0.4274913126352581,0.6484940943310773,0.4145735254281744,0,0.4017369297527027,0,1,3,1,0,2,0.4197241310136823,Low
2,2025-01-12 18:00:00,160,0.948450200763882,1,0.6099168361074243,0.877767706217118,0.6267896429710963,0.4037688936598811,0.123885009774658,0,0.4406291303102361,1,1,1,0,1,2,0.7485984128579324,High
3,2025-01-12 19:00:00,123,0.4502675367918732,0,0.9155718921831744,0.15846090098107,0.7277882407575861,0.0150013109385924,0.4197926288834945,1,0.4923375015126792,0,0,3,1,0,2,0.6300700769128249,High
2,2025-01-12 20:00:00,119,0.0750149126165187,1,0.1562430571085167,0.4562629636493244,0.6794881594770856,0.5918612812172999,0.1940440494023549,0,0.6615615242636629,1,0,1,0,2,1,0.31221111690009157,Low
3,2025-01-12 21:00:00,136,0.3172191753990794,2,0.7521440746930323,0.6065170734979565,0.4705709846640588,0.0114812965049191,0.4154431883113176,0,0.7264794720078618,0,0,0,4,2,2,0.6075076804464903,High
1,2025-01-12 22:00:00,103,0.627738802183029,0,0.5684712030938026,0.6928056090620093,0.3879287511131389,0.0,0.3842124520935834,0,0.7766051538877499,1,1,2,4,1,0,0.6458029357985806,High
1,2025-01-12 23:00:00,191,0.4585084267412149,3,0.2746391725375792,0.3835671564267766,0.3759843442671112,0.6163487835686103,0.7383810965144044,0,0.6712448943908779,0,2,1,3,1,0,0.3739456652098289,Low
1,2025-01-13 00:00:00,119,0.464673792078062,0,0.4745642231371523,0.8702955578260706,0.6402012550430018,0.1882575127473713,0.7742167584986925,1,0.803273715630787,1,2,3,3,0,0,0.6266601767133623,High
4,2025-01-13 01:00:00,159,0.0611239216175069,2,0.3337960613374109,0.5690832475681015,0.4948763974448191,0.1911347819954167,0.6069750617115448,1,0.1211396268935064,0,2,0,2,0,2,0.40810788756976013,Low
1,2025-01-13 02:00:00,123,0.433717871101575,3,0.5795246148518316,0.4400867013936604,0.8493860643700613,0.6536096777545439,0.0224417402266636,0,0.8366512964906825,0,2,3,4,0,1,0.5206944197594113,Medium
3,2025-01-13 03:00:00,149,0.2202025890082888,0,0.8894536678403004,0.0672843943905467,0.8749681962574601,0.0526176879341235,0.9310748704590912,1,0.386582323252445,1,2,1,0,2,2,0.5642235193387571,High
1,2025-01-13 04:00:00,148,0.1181646798016399,3,0.5695083805713257,0.4653045898660661,0.1704852402335562,0.31294010653436,0.6862056455540233,0,0.5282468597092502,0,0,0,2,0,0,0.39361095312133404,Low
2,2025-01-13 05:00:00,150,0.1022148574175799,3,0.6319745583199974,0.8218628043231975,0.1361418730604386,0.1485787538250496,0.0339541197393356,0,0.4331375006143075,0,1,3,4,2,1,0.4960543826843422,Medium
2,2025-01-13 06:00:00,195,0.496203960078703,2,0.5189117615366317,0.6153715619463449,0.6305487071097791,0.5803416580862184,0.8188487222121676,1,0.4751247854153363,1,2,0,0,1,1,0.5343843001466367,Medium
4,2025-01-13 07:00:00,135,0.6778730157316976,3,0.0509642703845767,0.8333058438086555,0.3012139534932315,0.6621233485829219,0.200079251723968,0,0.2846107504570258,1,2,2,4,2,2,0.4447340810273461,Medium
2,2025-01-13 08:00:00,197,0.9058824707757231,1,0.2327992109152257,0.4946689447797852,0.0184219003223915,0.7216344213830446,0.5791584834177221,1,0.1689977292911837,0,2,2,4,1,0,0.4281223312195963,Low
3,2025-01-13 09:00:00,199,0.5926563153818075,2,0.4921447569279258,0.1185790993804577,0.8889156393785312,0.2546282166666753,0.4665347651518208,0,0.1038647941196113,0,0,0,0,2,2,0.5400592013603033,Medium
1,2025-01-13 10:00:00,165,0.6945784848781618,1,0.3102363638237393,0.0136065512135458,0.226852941839552,0.0882543108243085,0.4197238410032915,1,0.4507777277214653,0,2,3,4,2,0,0.42471481707047093,Low
4,2025-01-13 11:00:00,178,0.5466820541127662,3,0.1816643500603159,0.3036025435959844,0.9295733219478992,0.0776632340383023,0.8897527732505881,1,0.1242550870409724,0,1,3,4,0,1,0.5205936229489069,Medium
1,2025-01-13 12:00:00,133,0.7027804239634619,1,0.504285343000421,0.6989409797712696,0.7176244235618615,0.4259526660355679,0.4372520929509533,0,0.2441238251261319,1,0,3,4,1,2,0.6353054013241687,High
1,2025-01-13 13:00:00,135,0.4087715120057692,0,0.3228206933765454,0.7913430561135313,0.762865383619837,0.946874269610518,0.0751162732512256,1,0.1326198337445817,0,0,2,3,2,1,0.4635653296696828,Medium
3,2025-01-13 14:00:00,105,0.0030926986048913,3,0.2580680150574053,0.2961250975658621,0.2014013380857221,0.2170373651937218,0.9466964366601888,0,0.108096279343343,0,0,1,1,2,0,0.2721697938625466,Low
2,2025-01-13 15:00:00,138,0.1395475912785676,0,0.4641065660734853,0.4963135559157876,0.2341501359901648,0.2561421721878438,0.9205843856547636,1,0.882348631222526,1,2,1,4,1,1,0.3968774450915189,Low
2,2025-01-13 16:00:00,141,0.7509236919186973,1,0.1331471512648334,0.421671390057719,0.521362629948521,0.0999208802426463,0.6844044649225838,0,0.6736675112870515,1,2,0,0,2,1,0.5185682512633076,Medium
1,2025-01-13 17:00:00,157,0.8954959446586125,0,0.9282290474458345,0.4110600372957473,0.1720254611745319,0.6057956026100408,0.4677933356761712,1,0.9236953212076122,0,2,3,4,1,1,0.6230777342699348,High
4,2025-01-13 18:00:00,111,0.9337479189109784,3,0.8681385222331761,0.2316283906218603,0.3054219370475415,0.6802738810376958,0.0926373690171566,1,0.643618304327748,1,2,0,3,1,2,0.5905694968118875,High
2,2025-01-13 19:00:00,102,0.0498827022551437,0,0.7079319971179721,0.1365142453568019,0.321460493623867,0.6432448717156749,0.7907547372090327,1,0.843793070715846,1,1,1,3,1,0,0.3184888672008681,Low
4,2025-01-13 20:00:00,117,0.1176249321142084,1,0.1060555805784591,0.1969184092049749,0.159549496681883,0.8619598084889821,0.0752501139520189,0,0.554800065454883,1,0,1,4,2,1,0.13994226324309697,Low
2,2025-01-13 21:00:00,139,0.442097871279636,1,0.7762419697326155,0.0553590285465519,0.2051244796962861,0.4863694629494064,0.0683709306124134,1,0.4620221906262234,0,2,3,2,2,1,0.42347001847440524,Low
4,2025-01-13 22:00:00,120,0.5208620827806021,1,0.8083470957602792,0.1983626660392433,0.7887762905702573,0.1335684864306356,0.5373074247216638,0,0.5279472318452748,0,1,0,1,0,1,0.6202559984640122,High
3,2025-01-13 23:00:00,114,0.5285198226511516,3,0.768122997551453,0.0091612216979936,0.1671190857400431,0.2888829300156177,0.1599281825898899,1,0.3194496164774507,0,0,3,0,1,1,0.4577283727489137,Medium
4,2025-01-14 00:00:00,196,0.8594708469475878,1,0.1138136939483955,0.6281072265064133,0.0283133662055259,0.6627897391501012,0.0074802635910238,1,0.6575950082589134,1,0,1,0,2,0,0.4237711245835922,Low
3,2025-01-14 01:00:00,198,0.3648783397583711,3,0.6441696131505761,0.3167773167542852,0.6295022166369192,0.613365157423073,0.4229995628610794,0,0.8970797452678021,0,0,1,0,2,0,0.46803801046017074,Medium
3,2025-01-14 02:00:00,125,0.6534641785596639,0,0.8347351546264223,0.9744907735698302,0.9762984298072752,0.5310521546061868,0.1370096652751771,1,0.7821228164310637,0,2,3,0,1,2,0.7837349292906508,High
4,2025-01-14 03:00:00,107,0.4946303451714283,1,0.5775630826531217,0.1939426299958895,0.3312165574958941,0.6833727353155397,0.1603154845767838,0,0.4613914073271034,0,0,0,3,1,0,0.40401345628236857,Low
3,2025-01-14 04:00:00,199,0.7854230286411268,0,0.6466709831890374,0.3462728207012306,0.1185554033746217,0.637691414507076,0.0766833078172732,0,0.9538908798206998,1,2,2,1,1,0,0.499407665427919,Medium
1,2025-01-14 05:00:00,193,0.6528198199802352,2,0.4584802377024581,0.3583026779867502,0.570506013394368,0.8822022023991778,0.2049084329028985,0,0.9854320585440208,0,1,3,4,0,1,0.4527311216673019,Medium
3,2025-01-14 06:00:00,186,0.8913426696699639,0,0.5288790119869822,0.0084107428168112,0.9066357672101952,0.5861954736704682,0.7154661317765201,0,0.4925287007842692,0,0,1,4,0,2,0.5548036130085578,Medium
2,2025-01-14 07:00:00,141,0.7558381780788989,2,0.0341625114814045,0.8403614715273938,0.784284051724052,0.7792357958419376,0.8089398838063269,0,0.8645062979769225,0,1,2,2,0,2,0.5163297050778718,Medium
4,2025-01-14 08:00:00,143,0.1241697901550021,0,0.6392208163930682,0.031987551590813,0.6226598270137723,0.2480887304613324,0.4524294179290671,1,0.0036221840301552,0,2,3,4,1,1,0.4034308264380462,Low
1,2025-01-14 09:00:00,113,0.0324761175559334,3,0.0812696248142996,0.9414785075077944,0.3150514068290022,0.6785795952206966,0.506467294083959,0,0.0655805358526414,1,2,2,1,2,2,0.312202908835363,Low
4,2025-01-14 10:00:00,177,0.8375292687921226,0,0.4351131187013597,0.8933038688040983,0.5419850417704054,0.9031207737653332,0.0324131995642822,1,0.0212621249775529,0,2,3,4,1,0,0.5926510108349511,High
2,2025-01-14 11:00:00,101,0.4699254814326795,3,0.2926424487988841,0.5362388642086948,0.0911312534032082,0.3854378797446329,0.0690864415097438,0,0.7729215238146163,0,0,1,3,2,2,0.40374376144841617,Low
2,2025-01-14 12:00:00,136,0.7142976380196046,3,0.5456127000067457,0.5443241294951476,0.6791167384761169,0.7797398133498341,0.2573996023876972,0,0.0787195395122115,1,0,3,4,0,1,0.5587489491745594,Medium
2,2025-01-14 13:00:00,168,0.3010156159578352,1,0.1332793318495002,0.6546648725337609,0.7252897057119817,0.7252965070585113,0.543824138050965,1,0.0159169629830695,1,1,2,0,0,2,0.38950569125660656,Low
3,2025-01-14 14:00:00,137,0.532423812109935,3,0.6919423362406092,0.3875535210926003,0.9653416243214896,0.0584604787640148,0.7395409883259769,1,0.1464390069982877,1,2,0,0,0,2,0.6696344131397772,High
3,2025-01-14 15:00:00,140,0.8535347352676704,2,0.7953911947841097,0.6480998087754383,0.260365771625106,0.5816767471040081,0.6049488048072282,0,0.3055024769698137,1,1,1,0,2,2,0.6436547979461974,High
4,2025-01-14 16:00:00,161,0.6210459308588777,1,0.1632408257309796,0.0447798435694799,0.0183075451907557,0.12929070448912,0.392003831793323,0,0.4640952649108343,1,2,1,0,2,1,0.33838018396660563,Low
4,2025-01-14 17:00:00,159,0.1006167591100506,1,0.1041533559910985,0.0540724217989519,0.545715140300801,0.9683998069300586,0.1181103147183004,1,0.0643267512706214,0,2,2,3,1,0,0.14860431314068903,Low
1,2025-01-14 18:00:00,113,0.8256281105047142,0,0.1453879277370946,0.4578348181250868,0.7069753171694824,0.8121195054998269,0.7807765843999159,1,0.4984172641187645,1,1,3,3,1,2,0.4685493449359179,Medium
1,2025-01-14 19:00:00,188,0.3389704507616563,3,0.8775713468683564,0.550359519539181,0.7906328240084681,0.108776768535646,0.3636527398037388,0,0.2472004393300189,1,2,3,3,1,0,0.6664857616362627,High
4,2025-01-14 20:00:00,183,0.508366645596104,3,0.528360549290595,0.8890410387205984,0.1936750316179669,0.1208334039678025,0.736042707940366,0,0.2735415156341633,1,1,3,4,0,0,0.5979162506133191,High
3,2025-01-14 21:00:00,101,0.0374184257618789,2,0.4673847026480238,0.1047581881684677,0.2617219390335135,0.5946729476578885,0.5128944258229984,0,0.82171828378621,0,0,1,0,1,0,0.24720976844251297,Low
2,2025-01-14 22:00:00,169,0.1743785667862643,0,0.1065539609903669,0.8237776394620727,0.5126815950888852,0.3444981579457038,0.7386516017651736,1,0.9869343108422448,0,1,1,2,0,2,0.41021617540804955,Low
4,2025-01-14 23:00:00,116,0.0932405783424293,0,0.6498220735881945,0.2102963924647198,0.330603255673917,0.0337819295309933,0.9073343747976904,0,0.4632576251390159,0,1,2,2,2,0,0.4223481403970385,Low
1,2025-01-15 00:00:00,188,0.3781116175959972,1,0.8684362485318919,0.3945972690226139,0.8607708193306044,0.5417156856918373,0.9210788324633876,1,0.3209966402811847,1,2,3,0,0,2,0.5884146903823102,High
3,2025-01-15 01:00:00,127,0.7912790128293018,1,0.8285914341102094,0.3170046705621725,0.473831999403013,0.3875556468916783,0.5350296160097667,1,0.9313934575452294,0,1,3,1,0,2,0.6313099987240126,High
4,2025-01-15 02:00:00,165,0.4327474381460279,1,0.6263024228729182,0.4006776217715839,0.7998084381734777,0.1001090142765921,0.5114234667474193,0,0.4998852069653855,1,0,2,4,0,2,0.5998529031935861,High
4,2025-01-15 03:00:00,134,0.4397775126645952,2,0.0750963113925036,0.1506589432235916,0.5807434089300259,0.8026099640750857,0.2655130004146064,0,0.7300615883646493,1,0,1,2,2,0,0.27557026138723406,Low
3,2025-01-15 04:00:00,104,0.0501742772945397,2,0.1122436088306559,0.5042410894720958,0.7733070947452398,0.9160338799248432,0.9358539886886984,1,0.4130744873569069,0,0,1,3,2,2,0.2700436716487775,Low
4,2025-01-15 05:00:00,164,0.0544143570659093,1,0.0491063012317001,0.8027421054270412,0.3326764367720316,0.7571763375982588,0.4578167061239984,0,0.2016338569497817,0,0,0,1,1,1,0.2727536005358765,Low
3,2025-01-15 06:00:00,139,0.4617624932114208,0,0.2574390976173231,0.4421158441752307,0.8316618502329133,0.8231603558266247,0.1273805181775822,0,0.6545040872653533,0,1,0,3,1,1,0.41949879070317536,Low
2,2025-01-15 07:00:00,175,0.7950672625777905,2,0.1355262167840691,0.4912659650748782,0.2745476000848005,0.2157959700263738,0.4325941899570422,1,0.6644733727697223,1,0,3,1,1,1,0.4897143073642045,Medium
3,2025-01-15 08:00:00,155,0.2859983885471105,0,0.2600099274565481,0.8499348464232773,0.5462057215828698,0.2629896735602279,0.1268423528103504,0,0.4595731038469419,0,1,1,1,2,2,0.4989714554889664,Medium
3,2025-01-15 09:00:00,135,0.1202235111866881,0,0.3851175673702263,0.7070202207246553,0.2139530372584183,0.2078141155671096,0.5024438442661778,1,0.2691144384257617,0,1,3,4,2,1,0.41866015203785595,Low
3,2025-01-15 10:00:00,144,0.0731730931882728,3,0.9434779975575984,0.4911065688819908,0.4755992235801153,0.765665859922247,0.5612069272765423,1,0.8316412181127524,0,2,1,3,2,2,0.4588740910115462,Medium
4,2025-01-15 11:00:00,122,0.1091581271534263,1,0.610611529699161,0.2580132012114458,0.3181716316017454,0.9489518400278192,0.3376139186602946,0,0.2744892618155446,0,1,0,3,2,2,0.28692802319152494,Low
4,2025-01-15 12:00:00,146,0.8174261714194141,3,0.8353846513776455,0.886145989363906,0.2666749005383828,0.7173256109530635,0.0714215594191221,1,0.6586478442708839,0,1,2,2,2,2,0.672834297009844,High
3,2025-01-15 13:00:00,130,0.2443276413137347,1,0.7106650447514067,0.5777970068498709,0.967295966395219,0.88234441325887,0.9435602175663608,1,0.3832849741483017,1,2,1,0,0,0,0.5170503058567119,Medium
4,2025-01-15 14:00:00,110,0.9220370634164582,1,0.1123497950408833,0.2214126227182224,0.1599938842391015,0.6390027521828501,0.773354031162427,0,0.471884440285133,1,0,0,0,1,1,0.3810279089664176,Low
1,2025-01-15 15:00:00,109,0.7993351643949039,0,0.7362539180153804,0.2694537286262494,0.7875496916839861,0.3873700098865273,0.8389034739945167,1,0.2104983874032062,0,0,0,2,0,2,0.6478149685974398,High
1,2025-01-15 16:00:00,166,0.6988586283954025,1,0.2750725224619823,0.8042347472308238,0.984484236243255,0.4255618105704672,0.3667360926825918,0,0.6490925428172697,1,1,1,1,1,1,0.6381681010114291,High
4,2025-01-15 17:00:00,113,0.2994086145956678,0,0.6393657545131295,0.0441561216107317,0.0197533104179341,0.0742930597414193,0.7608278437730178,1,0.2249385768974948,1,2,3,2,0,1,0.38534385420082284,Low
4,2025-01-15 18:00:00,179,0.0678045512415309,0,0.3409870492083278,0.9934654875210124,0.6992084634686282,0.0303251118081573,0.4852794316419986,1,0.4851334225248296,1,1,1,2,2,0,0.5512235003657378,Medium
3,2025-01-15 19:00:00,173,0.8063229494039406,1,0.9982101855705016,0.1304861666883812,0.2528765896330521,0.6959135018094493,0.2008968532809005,1,0.3276932300242927,0,1,0,3,1,1,0.5607749802548272,High
2,2025-01-15 20:00:00,192,0.4390073984384042,0,0.2635161026522323,0.7971600278769271,0.0403496307335297,0.4382590377021371,0.1242116175779384,1,0.9635889557003552,1,0,1,2,0,2,0.42537646980275345,Low
4,2025-01-15 21:00:00,109,0.7770597216905121,0,0.2791072600782118,0.395289931606785,0.4029270683927352,0.5523142456559549,0.3449114173511673,1,0.9822262823983512,0,2,2,1,1,2,0.470691655174055,Medium
1,2025-01-15 22:00:00,175,0.0820015847437255,0,0.9311578553508282,0.4928708763267148,0.9355133586143872,0.5577733019733107,0.1373446548921142,1,0.7532266238943235,1,1,3,0,2,1,0.5585250437851428,Medium
3,2025-01-15 23:00:00,193,0.3439739674682384,2,0.0244224573716671,0.8818636726846595,0.0116129767329757,0.2768251709625262,0.9983436066906328,1,0.9839246828789376,0,0,1,4,2,1,0.3786900116124757,Low
4,2025-01-16 00:00:00,100,0.4304426598766037,0,0.6969918624050513,0.4134518760366249,0.588012862713763,0.4758112341428833,0.0489525739585889,0,0.1125309166768112,1,1,0,2,1,0,0.5313792500633706,Medium
1,2025-01-16 01:00:00,104,0.5495221285423029,2,0.7256516291608324,0.5382135364533119,0.5014817216376684,0.4706668103826246,0.4410356403521867,1,0.9923417613385666,1,0,0,2,1,2,0.5810583834047027,High
1,2025-01-16 02:00:00,119,0.3137514356175603,2,0.8367905401533091,0.0493176313197276,0.8736497374566436,0.3881391447807629,0.451989152046871,0,0.1025243978261435,0,2,3,3,2,1,0.520325609108045,Medium
2,2025-01-16 03:00:00,107,0.8694923478245387,0,0.9749590895647864,0.0022979456539928,0.0838846153383826,0.8214092988414476,0.300477918967801,1,0.4147882496990135,0,1,1,3,2,1,0.5009437459526701,Medium
3,2025-01-16 04:00:00,142,0.4805011974608488,0,0.9761226060023288,0.245098887426236,0.6816985950931881,0.4510242598150062,0.5712862804021281,1,0.2380757952918852,1,2,0,2,2,2,0.5977768786427688,High
3,2025-01-16 05:00:00,175,0.1919787929238522,2,0.0650865414473202,0.6815085768424267,0.6802815770388279,0.6038653000500462,0.1497736396476785,0,0.9538176711244272,0,0,3,2,0,1,0.3620304905095957,Low
2,2025-01-16 06:00:00,100,0.1028447485332217,2,0.8222399313119686,0.1213863174284266,0.6692465485624636,0.8964309960045125,0.7839167589079781,0,0.635386379791954,0,2,2,1,1,0,0.37147076633067555,Low
2,2025-01-16 07:00:00,156,0.249813035852601,0,0.6465734655229909,0.1138725968696112,0.9426334933639128,0.8670752545493801,0.3323041357826224,0,0.5966783624572001,0,2,3,0,2,1,0.40820488054000015,Low
3,2025-01-16 08:00:00,163,0.236697723488929,0,0.6476064723183084,0.4114984903830355,0.8233287195798894,0.8913210260736166,0.5912838562527538,1,0.9974616458588736,0,2,1,0,1,1,0.4431769010543574,Medium
3,2025-01-16 09:00:00,183,0.4520169870282494,1,0.1282089664150498,0.6487154477403256,0.0418352524909111,0.2694369268019965,0.7156212388864691,0,0.6119949827502508,1,1,1,4,0,0,0.39065932676222714,Low
4,2025-01-16 10:00:00,127,0.2119706021135851,2,0.6504537261703189,0.7130427437130873,0.4711533984812939,0.0338587399453329,0.8890809507087061,1,0.6457685610506808,0,0,0,0,0,0,0.5738088295939876,High
4,2025-01-16 11:00:00,136,0.2673320216166167,2,0.9830086407825488,0.1786543068112765,0.3979881525384294,0.2604775970843143,0.8358088160460617,1,0.0436734264625532,1,2,2,4,2,0,0.518942610280164,Medium
2,2025-01-16 12:00:00,146,0.5408461017975268,1,0.912289445862178,0.0796496581427211,0.3101397514219555,0.2781598514766112,0.6082558550538799,0,0.85891046415778,1,1,1,3,1,2,0.5340108035352721,Medium
4,2025-01-16 13:00:00,175,0.4599017547920692,2,0.4392323995381439,0.9416960189634814,0.4513977005181054,0.9103039256308854,0.3882679332067194,1,0.9700803045381592,0,0,0,4,0,1,0.49428680860833263,Medium
1,2025-01-16 14:00:00,136,0.763434709448812,3,0.0397379770833059,0.2609882062271775,0.3842226113168707,0.6495713191330661,0.5031170506450957,0,0.9602904862817796,0,0,3,4,1,1,0.3631885067060357,Low
4,2025-01-16 15:00:00,148,0.361219184302134,2,0.3623352240507338,0.8545203412641506,0.432385663162718,0.0806906777927705,0.7687341974725108,0,0.2202127835958682,0,0,3,0,1,0,0.5545469181465392,Medium
4,2025-01-16 16:00:00,143,0.5280501865189947,1,0.8267944741770221,0.8646798782124528,0.979578765475134,0.1344922205664889,0.8775806077475947,0,0.2250281928584727,0,2,1,2,2,2,0.7884101225527916,High
1,2025-01-16 17:00:00,155,0.4866910461979505,3,0.701805732373487,0.7735802452814526,0.0885181206829405,0.1548377408404864,0.1035634039215274,0,0.3653253104874057,1,2,2,3,0,0,0.591892300675518,High
2,2025-01-16 18:00:00,127,0.402862109489766,0,0.4594611793220293,0.1690234141442363,0.9225201225482664,0.6307058348100487,0.3847298561439862,1,0.309422376084688,1,2,0,1,0,1,0.4431576481925288,Medium
1,2025-01-16 19:00:00,178,0.1971258713864727,1,0.0549033728726664,0.8229299546642718,0.4803116988045647,0.73594635208314,0.7761184217833212,1,0.3048215305917435,0,0,1,4,0,2,0.33924810400585287,Low
4,2025-01-16 20:00:00,105,0.3925456949279298,1,0.426986911112672,0.7703035089800808,0.6238867986166031,0.860469961778956,0.4315406927696377,0,0.6047770899016786,1,0,0,4,1,2,0.4734563788318137,Medium
2,2025-01-16 21:00:00,160,0.4175198760694795,0,0.4691500238802684,0.5975279191433951,0.8304275968759941,0.9416540980827472,0.332084109514577,0,0.805404813989185,0,2,3,4,0,1,0.474489083635103,Medium
4,2025-01-16 22:00:00,119,0.412964850740289,1,0.9290394796639696,0.3376338843002794,0.3604799512874241,0.2009750006408692,0.4112049644519164,1,0.9367197189162676,1,2,0,2,0,2,0.5769536020581038,High
1,2025-01-16 23:00:00,177,0.6326354822339545,2,0.6413455559864458,0.2628330762568783,0.430472744487675,0.3092984398688676,0.6027897829002566,1,0.0667868442853969,1,0,3,1,1,2,0.5392380204992968,Medium
1,2025-01-17 00:00:00,101,0.1607279582624798,0,0.3116551038100128,0.122011533652395,0.4095591832353402,0.2396846317632559,0.9998802780764118,0,0.2771527526665311,1,0,2,0,0,0,0.31797925496941476,Low
4,2025-01-17 01:00:00,172,0.7627146749049599,1,0.5254873099284041,0.5104369762129579,0.3747548614294095,0.3584033506225443,0.4929014627655377,1,0.25416095450861,0,1,2,3,0,2,0.5765906180719623,High
3,2025-01-17 02:00:00,136,0.8914606351439179,0,0.0658656996986077,0.58604932693875,0.9258201733608612,0.9156212487608753,0.2083102686690321,1,0.3567076932175095,0,1,3,2,1,0,0.5080712877883793,Medium
3,2025-01-17 03:00:00,119,0.0684600386392571,0,0.9730865533918328,0.3598026631012878,0.8291739139926405,0.5752658825571122,0.162647408577985,1,0.4236812192603338,1,2,1,1,0,2,0.5204333853433593,Medium
1,2025-01-17 04:00:00,125,0.6046976967797651,0,0.36009989169861,0.4759895274126174,0.1088950092003671,0.738730791800075,0.0421110897435348,1,0.3884769405516199,0,0,3,3,2,0,0.3919219352121611,Low
1,2025-01-17 05:00:00,128,0.3027060834572341,3,0.477999344409399,0.363984132486551,0.108017946843275,0.4900715965938087,0.5587478416741964,0,0.9521169128024216,0,0,0,0,1,0,0.36066513600138844,Low
3,2025-01-17 06:00:00,100,0.5231657481681965,1,0.3553202343252366,0.6418746464293799,0.4279191139182389,0.0277196842503206,0.5444980296121651,1,0.4364911083404628,1,1,0,3,0,2,0.5580263393594219,Medium
3,2025-01-17 07:00:00,134,0.3853041728617089,3,0.6828035331595386,0.902501929394468,0.0985473822379029,0.063140807787974,0.2050486518992189,0,0.5510896746741963,0,0,0,4,2,0,0.6028382985516948,High
4,2025-01-17 08:00:00,169,0.163402213299383,1,0.662508124385977,0.1641030062548646,0.6192353945999681,0.5379884172954583,0.6953047530294092,0,0.7483628652332044,0,2,1,4,1,1,0.4014852322679894,Low
4,2025-01-17 09:00:00,158,0.7191208678697661,2,0.7156397364376625,0.3819042094300618,0.1436034442011726,0.7192820538707678,0.7410973911412733,0,0.7247865977356355,1,1,2,2,0,1,0.49871920151243027,Medium
3,2025-01-17 10:00:00,168,0.7584278540967406,2,0.2681114386165952,0.1410182097540836,0.5224686760140825,0.2146331875330798,0.2589305837121163,1,0.5824986849591437,1,0,2,3,1,2,0.48101378840130105,Medium
4,2025-01-17 11:00:00,132,0.1522077349738695,2,0.3156738042062927,0.6257892688320197,0.0070656259993909,0.722409971132759,0.3439600003483229,1,0.8606939874577512,1,0,0,4,2,2,0.2848265867914393,Low
4,2025-01-17 12:00:00,150,0.0072315061297531,1,0.1251078510229573,0.7298654100219157,0.3165920051145198,0.8113760225650066,0.9905437473841884,0,0.6237640573387079,1,2,1,2,1,2,0.25484031867498774,Low
2,2025-01-17 13:00:00,177,0.8562612957505721,0,0.6557806883251998,0.9331995208263172,0.6773611872344695,0.4116648941402876,0.3741345901995061,1,0.8746372430995348,0,0,0,2,0,1,0.7545048441483337,High
4,2025-01-17 14:00:00,111,0.4854201351483694,0,0.0395870133322826,0.2792199216952173,0.4841157687829277,0.7469775797335771,0.7607984758879378,0,0.3019692724671398,0,1,2,2,2,2,0.2976664998166091,Low
1,2025-01-17 15:00:00,119,0.8653502016541876,3,0.5979078924926866,0.9515242994563604,0.9785859047854204,0.4037787644085184,0.4526212633835833,0,0.1310257464426708,1,1,3,0,1,2,0.7923404544845261,High
4,2025-01-17 16:00:00,152,0.331940376243089,3,0.8701338661795934,0.0633007135543997,0.8743697180107065,0.6787480374058388,0.7933522975251337,1,0.8193336784943104,1,0,0,4,0,0,0.4925219554072807,Medium
4,2025-01-17 17:00:00,187,0.7919178069995816,2,0.891286635623334,0.6038278359813242,0.3590870262543492,0.7645969565611683,0.7690227374100198,1,0.3818155265259485,0,0,0,4,0,2,0.6307401883059709,High
3,2025-01-17 18:00:00,142,0.1866291699682161,3,0.4491472358842983,0.0571619488326113,0.0453507711267451,0.993065433961168,0.667722335012378,1,0.650699062219122,0,0,0,1,2,1,0.17821929180448742,Low
1,2025-01-17 19:00:00,197,0.0545968696859892,1,0.4594211807292998,0.8950061491090232,0.8458784169033952,0.34500684572209,0.8548059498758944,0,0.7370274227022439,0,0,2,0,2,1,0.5326364781028227,Medium
4,2025-01-17 20:00:00,188,0.4724750937046501,1,0.0767880978898205,0.5305177925499784,0.9115182321755524,0.4108061708075907,0.9392737724528356,0,0.3259422488208033,1,1,1,4,1,2,0.46852616561380755,Medium
4,2025-01-17 21:00:00,149,0.2949793449132397,3,0.6710476550969842,0.6702576839423012,0.820867391381715,0.1648051857854944,0.5799208640756879,1,0.5046057120576058,1,2,3,4,0,1,0.6239676176304493,High
2,2025-01-17 22:00:00,128,0.2459090463938177,3,0.8216595760670027,0.8327164699392219,0.1278541467050529,0.203349101654187,0.2372941968740167,0,0.8948287059472309,1,1,3,1,2,0,0.5721112063606794,High
4,2025-01-17 23:00:00,156,0.2343640102919311,3,0.2446049209182752,0.1504738018631137,0.998241076902766,0.6938279809197614,0.3985070690910111,0,0.8796775708403085,1,0,3,3,0,0,0.345498957572625,Low
4,2025-01-18 00:00:00,138,0.5520428058866997,3,0.4213886965036142,0.0385941371895685,0.2585517554706252,0.918007359818688,0.7583016996321734,0,0.7490875162418178,0,0,0,3,1,2,0.30215836238328275,Low
2,2025-01-18 01:00:00,194,0.9121880592231194,2,0.8392532211963799,0.880091697448718,0.7243981676374344,0.3943314816160665,0.6508442652152431,1,0.7624857601432283,1,1,2,0,2,2,0.8133886624978236,High
3,2025-01-18 02:00:00,155,0.848697037953722,2,0.8775642470920197,0.3153330635888971,0.908317247193465,0.1790632048369191,0.1776040720807647,1,0.8975898938748892,1,1,3,2,1,0,0.7540200403326967,High
4,2025-01-18 03:00:00,142,0.5763681769215018,3,0.2431286946435493,0.1291114214432764,0.2356435483210805,0.2845671186155636,0.0510037969103622,1,0.7360474586612581,0,0,0,1,1,0,0.3733579666357456,Low
2,2025-01-18 04:00:00,149,0.2432859839210833,1,0.5507594004283289,0.4690817806947631,0.9085410339683048,0.4549211528751653,0.6829328867533415,0,0.3388323233037079,1,1,1,1,2,2,0.5103706843902767,Medium
1,2025-01-18 05:00:00,122,0.999084098254111,2,0.1924022819969275,0.5991132805317848,0.3094737868399841,0.2901310727791544,0.2509087741926896,1,0.119771486326002,0,0,0,4,1,1,0.570595658278241,High
3,2025-01-18 06:00:00,143,0.3853943162899191,1,0.1017171317354292,0.0309622230018443,0.9767287413017272,0.2329248893496256,0.499581465943852,0,0.421228165262232,1,1,3,4,0,2,0.38954088439952117,Low
1,2025-01-18 07:00:00,137,0.9169222585269008,0,0.9115908325702318,0.275237937522128,0.2812385469412004,0.7365181641158478,0.7467389703615703,0,0.0862927687699793,0,0,3,1,2,2,0.5938839177025117,High
1,2025-01-18 08:00:00,183,0.7925610526971805,1,0.8209070727301342,0.0327941235637168,0.9537402048253072,0.0066570097979408,0.5625986490432053,0,0.1147536703153399,0,1,1,2,0,2,0.701988335323677,High
2,2025-01-18 09:00:00,122,0.0419122425904327,3,0.7603872452500076,0.4208867484600278,0.05341278691092,0.5392990047603694,0.0830773470578327,1,0.9501394658897024,0,0,2,3,1,2,0.3618692889746982,Low
4,2025-01-18 10:00:00,144,0.6831135762680176,0,0.0485632091474317,0.8963338964048796,0.7094580274132538,0.7944371008074811,0.1853885206997363,0,0.6755307146159498,1,2,1,0,2,2,0.4994391146257041,Medium
2,2025-01-18 11:00:00,151,0.461419725607856,2,0.8441464954788955,0.9840121416343084,0.5322112665526353,0.2656512871378675,0.2191475283316863,1,0.8514597821658778,1,2,1,3,0,2,0.7131779805107646,High
2,2025-01-18 12:00:00,179,0.9584472182405784,2,0.4381449660886651,0.6379104519803809,0.4779509185653792,0.6035114515028195,0.2576962275656373,0,0.6425040262214996,1,1,3,0,0,2,0.6078960565377709,High
2,2025-01-18 13:00:00,149,0.2314148734430783,0,0.3424213180550652,0.1618171566376297,0.2234448374909658,0.6692751690934193,0.5653361572207678,1,0.4178801481392862,1,2,3,2,0,1,0.25894792946169376,Low
2,2025-01-18 14:00:00,107,0.1229934740609503,1,0.5466619295590174,0.9070987103119248,0.705780023382302,0.655366953365272,0.5038784098378539,1,0.0240347659933448,1,0,2,1,0,2,0.5063955534699314,Medium
3,2025-01-18 15:00:00,184,0.822944952413173,2,0.09118339059235,0.5169370634378505,0.1907441699216833,0.4456973252235321,0.2029740837972313,1,0.9558110938894752,1,1,3,2,0,0,0.4436765251436735,Medium
4,2025-01-18 16:00:00,100,0.1676233740796467,3,0.7569962467229676,0.1539174348439569,0.5529519783911414,0.3461909646182057,0.0673244463157562,1,0.0698624622938833,0,1,1,1,1,2,0.44295254423538527,Medium
1,2025-01-18 17:00:00,107,0.9807349026450976,0,0.5826487267700051,0.9229988144873348,0.2532103088170876,0.8366940419172435,0.1712358515850713,1,0.6097292748033522,1,0,1,4,1,1,0.6379231102862192,High
1,2025-01-18 18:00:00,128,0.0495877885702584,3,0.1864946183447489,0.7585050637017509,0.9559268193495776,0.7590327394400125,0.9844513916312918,1,0.1011700971788672,1,0,2,0,1,0,0.39025572645553674,Low
4,2025-01-18 19:00:00,195,0.9411163095057914,0,0.1881380036129774,0.7327042484310597,0.0284872524519826,0.3208082778116703,0.468447971812522,1,0.2833292336890205,0,0,3,4,1,2,0.535006274161951,Medium
1,2025-01-18 20:00:00,104,0.823090739932871,2,0.1841513445323386,0.7101472988259343,0.1996672821855038,0.1020563096014162,0.8673772269804958,1,0.1848829961507538,0,1,3,1,1,2,0.5584816267691024,Medium
4,2025-01-18 21:00:00,185,0.1744097274774975,1,0.0568057097041425,0.20057492102132,0.2422702512760682,0.0707708649130816,0.8487780953573034,0,0.5532165251844321,1,0,1,0,1,0,0.273643751454122,Low
1,2025-01-18 22:00:00,146,0.1697890421203515,0,0.5880162876879895,0.2112571260206587,0.4141107341298907,0.0932924209138557,0.5114346631128932,0,0.8869682726202168,0,2,1,0,1,2,0.42982550463862224,Low
2,2025-01-18 23:00:00,133,0.1030628733718538,0,0.8407632403232173,0.6892295658906691,0.2326852424448597,0.5830410166929734,0.706666777550863,0,0.6352185550135336,1,1,3,4,0,1,0.47124907546468453,Medium
1,2025-01-19 00:00:00,164,0.0557375735614889,3,0.0172706860265885,0.2199857143799221,0.4914294625962083,0.0505778643148659,0.1925626447703563,0,0.6638179703651279,0,0,0,0,1,2,0.27837694751520514,Low
4,2025-01-19 01:00:00,154,0.9383418951042104,2,0.0488017214223279,0.4392494158192114,0.8727306510105988,0.3365170329649083,0.6883697794145911,0,0.9088502109882196,1,1,1,1,0,1,0.5650678300023304,High
4,2025-01-19 02:00:00,189,0.2126850722482884,3,0.572976379007182,0.7830731061884212,0.7122507903561134,0.7537740802990076,0.2722213120034695,1,0.7491557471084027,0,2,1,1,2,2,0.4968014905601177,Medium
4,2025-01-19 03:00:00,142,0.4761086528788028,2,0.8198944637213446,0.7850266029520997,0.5800853101080168,0.2938376529612907,0.8320822554236857,1,0.8658238457428378,0,2,1,4,1,0,0.6739432483124657,High
4,2025-01-19 04:00:00,173,0.7429587966631351,3,0.3267528588589536,0.4538604658177926,0.088888503381026,0.7639063554410008,0.0834990352116482,1,0.4157296773269719,1,0,2,2,0,1,0.40694732923508453,Low
4,2025-01-19 05:00:00,129,0.6110633808459682,0,0.3496462313374537,0.7932758650092663,0.6941707168293975,0.7460231337620409,0.7731395202845786,1,0.865223639804343,1,1,3,1,2,2,0.5410547135078123,Medium
3,2025-01-19 06:00:00,181,0.6159544964877449,3,0.5965710112659974,0.839774472043673,0.1663371366186065,0.2452018977053001,0.0997171221651938,1,0.6454697165002132,0,0,3,1,2,2,0.6092565571841662,High
3,2025-01-19 07:00:00,116,0.9470323893127732,1,0.2741858381262692,0.6556641353113443,0.7865907755557049,0.7293389211485113,0.8812254962487116,0,0.1346140810266277,0,1,3,0,0,0,0.5950251620831084,High
1,2025-01-19 08:00:00,125,0.5359316156373252,2,0.0263879525353405,0.2287013279088684,0.2500201585336901,0.7483381945617669,0.3040516793838823,0,0.0376044834464771,0,0,1,0,0,0,0.2615724522207286,Low
4,2025-01-19 09:00:00,107,0.4358668459148334,2,0.7355614894246392,0.2743527890130273,0.4170930817477095,0.397187191632729,0.6543552952324876,1,0.2431686406046656,0,0,3,1,0,1,0.5007135251547207,Medium
1,2025-01-19 10:00:00,146,0.2411236545258678,0,0.6258973107149821,0.3152408591785527,0.3504822801911823,0.2097115346163041,0.4874095129666387,0,0.3776423494005448,1,1,3,4,1,1,0.45091902498215475,Medium
4,2025-01-19 11:00:00,175,0.4039549594465861,2,0.5809683376900694,0.1169191191053483,0.8590724244789024,0.5212968210036999,0.3661706584067941,0,0.8374023815072238,0,1,3,2,2,1,0.4702809886265139,Medium
4,2025-01-19 12:00:00,190,0.152875464071723,1,0.7420221417144841,0.2734994039565472,0.1264479831571444,0.9223696473703732,0.6454008298548948,1,0.7409654240868371,0,2,2,0,1,2,0.30903603260587686,Low
3,2025-01-19 13:00:00,171,0.251813997382502,3,0.6755169547160675,0.2097675202850601,0.5657612713974893,0.6399225593606996,0.94758097979727,1,0.9553492404394665,1,2,2,0,1,2,0.4126620488871729,Low
3,2025-01-19 14:00:00,188,0.1397356683077964,0,0.2058015753245694,0.4559304145279876,0.1419726562015665,0.1721248896228222,0.041030735687874,0,0.5586808483301623,1,1,1,2,1,1,0.3230475588005006,Low
2,2025-01-19 15:00:00,145,0.4667715743271516,1,0.3525151181332282,0.909690588846654,0.7049796819410861,0.6831647507691854,0.918901458924898,0,0.7474701843548471,1,2,3,0,2,2,0.5400320305602109,Medium
3,2025-01-19 16:00:00,167,0.1505684600386392,2,0.1259674323569972,0.1045776117957437,0.9053590652967328,0.4270066309451152,0.6090287351882417,1,0.2744544816851422,1,2,1,4,2,0,0.31180236061080047,Low
2,2025-01-19 17:00:00,132,0.6145945548917834,2,0.1297172301520635,0.7212504576496652,0.4346605194086409,0.5917209269133001,0.8073263487188667,0,0.6792260017053775,1,1,1,0,2,2,0.4567689766651959,Medium
2,2025-01-19 18:00:00,100,0.2937284657365943,1,0.6764826170396947,0.68821811993802,0.4881710537651476,0.734593169730676,0.3837482254758542,1,0.7058306642267583,1,1,1,0,0,1,0.4932330772868469,Medium
2,2025-01-19 19:00:00,118,0.8946345741223815,3,0.8590294232512932,0.0958389492872312,0.9277146061239214,0.5149584146775801,0.4717450770815392,0,0.848262642371741,0,1,1,1,1,2,0.6694972179178162,High
2,2025-01-19 20:00:00,130,0.5992412371684726,3,0.9632432206181184,0.9238457657465854,0.5210861307990982,0.8147020690891889,0.8688829674017544,0,0.5358826934453769,0,0,1,4,0,0,0.6813478768524512,High
2,2025-01-19 21:00:00,179,0.3548334683629953,0,0.6285966216590757,0.5692365186688512,0.4876769921574493,0.7226565581031548,0.4147313927939264,1,0.6486171847363473,0,1,1,4,0,1,0.47445789134743216,Medium
1,2025-01-19 22:00:00,113,0.4132853607072586,2,0.1840039012671583,0.3641954996722055,0.5784516407001199,0.6153211374397203,0.5345822561907989,0,0.2021346796025694,1,1,2,1,1,1,0.36663099091710527,Low
3,2025-01-19 23:00:00,152,0.7784485982140473,1,0.1054916583971325,0.7575732588608671,0.6894060361278506,0.1499428852103843,0.0199490044393624,1,0.7364746649489321,1,1,0,3,2,1,0.6034191885625884,High
2,2025-01-20 00:00:00,147,0.3018591803847901,3,0.8132445607956904,0.2576825367525007,0.1067773683441281,0.8367191389996633,0.1583974467318889,0,0.8382472337021283,0,2,2,2,1,1,0.37082117704729,Low
4,2025-01-20 01:00:00,168,0.8000151351928847,0,0.5789672535011403,0.6944539040877987,0.8213507599152626,0.9369119468730016,0.6416442738945689,0,0.5932845753331779,0,1,1,4,0,2,0.6163021999474052,High
3,2025-01-20 02:00:00,189,0.440224891160157,2,0.6185266673000576,0.039715392394238,0.4355583280182342,0.1360824994935039,0.716959342283068,1,0.1146572420606408,1,2,0,3,2,0,0.4675523423726108,Medium
3,2025-01-20 03:00:00,161,0.7807734083564071,2,0.7818311653990575,0.8405618437330645,0.0722257615419658,0.4881890493730647,0.5825393382926773,0,0.3120727849147023,1,0,0,2,2,2,0.6463690190108142,High
2,2025-01-20 04:00:00,191,0.4051657748773604,0,0.7035852472382633,0.4487622217442811,0.7864059692462935,0.2582943894382774,0.1431044667662568,1,0.4749219930330437,0,1,3,4,0,2,0.5961569368489645,High
1,2025-01-20 05:00:00,165,0.5445564498179325,0,0.8348687159541799,0.6375553030155975,0.3769748862692835,0.7551008152952388,0.445298866311679,1,0.6768076502506519,0,1,1,0,2,1,0.5656484626922543,High
2,2025-01-20 06:00:00,163,0.0858699619839567,3,0.0560166118603968,0.2215029620970927,0.1002583296214569,0.7221293712699235,0.3549586061292229,0,0.3195513497558381,0,2,1,4,2,0,0.13649157963323694,Low
1,2025-01-20 07:00:00,169,0.1545425610526971,1,0.7478632073907108,0.6779941515973682,0.6339284582393981,0.1400117645528662,0.4955712523930156,1,0.8401287797526051,0,0,2,2,1,2,0.5852877764833053,High
4,2025-01-20 08:00:00,162,0.2279838587619412,2,0.851276023429832,0.7732975235629617,0.8804001973826078,0.8778944230631538,0.8703617346397305,1,0.37107475220231,0,1,0,3,1,0,0.5748503414084537,High
3,2025-01-20 09:00:00,172,0.3495572956081232,1,0.286117301863477,0.4738405617592592,0.8880260483877347,0.1801944904408436,0.775863178403682,1,0.0417331885945262,1,0,0,0,0,0,0.5098614954117856,Medium
4,2025-01-20 10:00:00,132,0.0758651543344521,2,0.640706227514428,0.618562047753984,0.9579699043322356,0.7979375763009577,0.0837644904623791,0,0.7937775213699306,0,0,1,2,0,0,0.4768601042177085,Medium
1,2025-01-20 11:00:00,140,0.8878704783611256,2,0.3141662104681877,0.45692902205064,0.8679682799626426,0.4568543677365824,0.8903484460596418,1,0.6438295645704014,0,1,3,2,0,0,0.6035620634513653,High
1,2025-01-20 12:00:00,188,0.8499212079664533,1,0.958477984813354,0.895323786575975,0.0019841361594356,0.3278419889804369,0.4716692285436703,1,0.8017489935967652,1,0,1,4,2,2,0.7322858775869966,High
4,2025-01-20 13:00:00,147,0.904375628778234,0,0.0332084811127473,0.4985320001407772,0.3802676764827852,0.157406938161257,0.7438533973414458,0,0.3481477552535239,0,0,0,1,0,0,0.51753153824913,Medium
1,2025-01-20 14:00:00,112,0.658535581057861,3,0.5800044303076621,0.8429659662892158,0.8187815672043195,0.166804097528435,0.1398325897976116,1,0.0164972929748493,1,1,3,1,1,2,0.7260248165506066,High
4,2025-01-20 15:00:00,172,0.8268066523624256,2,0.1663923822713637,0.8024511562060557,0.3662727349682008,0.6622490450475786,0.6706868067638256,1,0.0726862416472748,1,2,3,0,2,0,0.5143935433877518,Medium
3,2025-01-20 16:00:00,176,0.3785857052554732,0,0.7125352085492282,0.4110420484695763,0.6016823005440167,0.5505253459154866,0.2361509326957644,1,0.1107789899713201,0,1,0,2,0,0,0.5126621813393701,Medium
4,2025-01-20 17:00:00,130,0.3273508515771761,2,0.1757864490527594,0.2303623518707231,0.6064530531561453,0.1211676163069852,0.4382720326897371,0,0.8049438420649019,0,0,1,3,2,2,0.3946496110590024,Low
3,2025-01-20 18:00:00,174,0.2788848478913115,3,0.2353258875629711,0.4066130017500204,0.3650444378502798,0.1117578594846055,0.0166158594066352,0,0.3006367058508176,1,1,1,0,2,1,0.3978682709684259,Low
4,2025-01-20 19:00:00,167,0.157209025916792,2,0.4945156886356272,0.8273522193806436,0.9047545718827018,0.0712750835847129,0.1514077888190748,0,0.9979221931366102,1,2,1,0,2,2,0.6034235457589319,High
1,2025-01-20 20:00:00,197,0.8716925152019659,3,0.9153081819106668,0.2279068709707346,0.5033144764702712,0.7443194242411293,0.0918581338982786,0,0.7581294909503404,1,0,2,4,0,0,0.6061808063066764,High
4,2025-01-20 21:00:00,103,0.4841158376438956,3,0.2116385139953644,0.5251373576816254,0.4648517002936262,0.7123587737387669,0.2395702082738124,0,0.6007105335293281,0,0,2,3,2,2,0.39183999842936895,Low
1,2025-01-20 22:00:00,118,0.6688130447556557,2,0.1441114700177237,0.8072026667268164,0.9978394935694526,0.0573626832813567,0.0997983322275588,0,0.98362624832348,0,2,3,2,2,0,0.6557431835819225,High
4,2025-01-20 23:00:00,169,0.036675020699602,2,0.7593283490191185,0.3539327213669225,0.4935817792821374,0.5603882981661712,0.6918842525458435,1,0.315528689610164,0,2,1,2,2,2,0.40976640887045956,Low
4,2025-01-21 00:00:00,197,0.3026537780112357,3,0.500769289756499,0.6430799563431198,0.1783269137548997,0.0836699007848742,0.0287968823737694,0,0.1646572725009034,0,0,2,2,1,2,0.49367031015606144,Medium
2,2025-01-21 01:00:00,181,0.3965520695150506,0,0.9122559625767036,0.2459317841029741,0.5131603246483298,0.9046760946618824,0.6176904185992711,0,0.7369891507815349,0,2,3,0,0,2,0.4676609993415004,Medium
1,2025-01-21 02:00:00,112,0.5426612120618585,1,0.1464878604130313,0.1093836395000479,0.8142535288060279,0.9080557150367468,0.1405014084823326,0,0.277257778842586,1,1,0,4,1,1,0.33009366808412416,Low
2,2025-01-21 03:00:00,122,0.4265408961814798,3,0.6461911265405078,0.7954733062708781,0.7770791077150689,0.6986774068961279,0.9452186824699896,0,0.9610171201433448,0,2,0,0,2,2,0.5890379220575136,High
1,2025-01-21 04:00:00,182,0.8970918172024823,2,0.2328198162697914,0.099057994997703,0.7888062281764195,0.9271723092647448,0.933147343497438,1,0.988081398852496,0,1,1,1,2,2,0.43153459520436016,Low
2,2025-01-21 05:00:00,174,0.094435813427587,2,0.1566416551507503,0.2717186223403437,0.7082091946327463,0.8121651408569359,0.2253244705588415,1,0.9263437254373188,1,0,0,1,1,1,0.25151969967902466,Low
3,2025-01-21 06:00:00,100,0.4313541100951736,0,0.6837219348511463,0.8562857999825711,0.2541832462699924,0.8292910828148274,0.6143701283783958,0,0.9447227525114092,0,0,0,2,2,1,0.513759995751369,Medium
4,2025-01-21 07:00:00,187,0.2199110139688927,1,0.5939070549298888,0.3469144585464149,0.8623441809389797,0.569848387472198,0.0277619605680017,1,0.615227505717375,0,0,0,4,1,0,0.46671177795399554,Medium
1,2025-01-21 08:00:00,153,0.2442107887216104,3,0.7551757351447053,0.9743912688172373,0.8937187626940232,0.3055763738009662,0.9318413855708216,0,0.6917815547608386,0,0,3,2,2,0,0.6829462430639849,High
1,2025-01-21 09:00:00,170,0.4582346578110949,3,0.3094630530925835,0.9810898699709262,0.1940889957936322,0.2171076117597858,0.5229061722253865,1,0.0932036549828305,1,0,0,2,2,2,0.5346896093251817,Medium
4,2025-01-21 10:00:00,188,0.9755889370643068,1,0.4480802993407347,0.2686087835165273,0.1303610570333477,0.3267671822213003,0.0429847799299685,0,0.7627967544268273,1,2,0,0,2,0,0.530178147026373,Medium
1,2025-01-21 11:00:00,184,0.0723651409798702,3,0.4055471296517894,0.0409842284959615,0.9759200956861735,0.6287749622135406,0.3423597050257161,0,0.2011480698815009,0,2,3,2,2,2,0.32974668337800217,Low
1,2025-01-21 12:00:00,114,0.5976843154886442,1,0.9846167790160716,0.7060239601522129,0.8685870836810653,0.1718582989975323,0.0766221108933682,0,0.8401638294229691,0,0,2,2,0,1,0.7912893833591514,High
2,2025-01-21 13:00:00,164,0.6194823318880708,2,0.2922359907020082,0.4515819250773442,0.8935113440252007,0.2580452965480917,0.3928206838032049,0,0.9615125965932808,0,2,3,4,0,1,0.5635658727845549,High
1,2025-01-21 14:00:00,175,0.5660651169416226,1,0.2948062779652631,0.1008447804930306,0.8866482560035366,0.4679610692441094,0.6698933632640656,1,0.2114745053970527,1,2,2,4,0,2,0.44818988283924166,Medium
3,2025-01-21 15:00:00,170,0.5805181132646611,3,0.3545838943334292,0.7084870306817548,0.541791598797184,0.2323946540403665,0.4697913701969551,0,0.0769694832803205,1,0,3,4,1,0,0.5718824497493962,High
3,2025-01-21 16:00:00,114,0.6959284105376555,1,0.5647937985497093,0.0311668223952739,0.646557274520202,0.588828977782772,0.383595396690094,1,0.4833073632232514,0,2,1,2,1,0,0.48007316126151045,Medium
4,2025-01-21 17:00:00,120,0.4586987295341032,0,0.2522785985292413,0.8713947575032593,0.5454694089407821,0.92415229270666,0.1189435602499087,1,0.7913295918291718,0,0,0,4,1,0,0.44522085095160635,Medium
1,2025-01-21 18:00:00,118,0.888708478378932,2,0.9157635276100696,0.1387989491506907,0.0510733516601712,0.7486516613941954,0.2447667835710016,1,0.7703957198183303,0,0,2,4,1,2,0.524241044867285,Medium
4,2025-01-21 19:00:00,159,0.6561406593602265,2,0.2656518545994204,0.127441995789342,0.7457066649869931,0.666795829390137,0.0999235709732646,0,0.69648695603785,0,0,3,3,0,0,0.41777315298730855,Low
3,2025-01-21 20:00:00,192,0.8222939165427658,1,0.8962741107385592,0.175871936567388,0.505419184233736,0.5828927818302831,0.8075108400509383,1,0.8205105991491718,1,0,2,3,1,1,0.6031953544943267,High
1,2025-01-21 21:00:00,188,0.3842413707142921,3,0.1033146778454299,0.9615939070829644,0.6478652464084623,0.4878951359175423,0.1350316135853926,1,0.1740411145808042,1,2,2,1,1,1,0.4882033101301614,Medium
1,2025-01-21 22:00:00,132,0.6065372904443515,0,0.656834240990775,0.6941129378356206,0.5027256507504656,0.1857985047721091,0.5953159540297546,1,0.6515532551072098,0,2,0,0,1,1,0.6522045423226592,High
4,2025-01-21 23:00:00,148,0.0680015313253977,2,0.9074526204718504,0.8024706613993002,0.491891918728066,0.8956194167080818,0.3426002044006713,0,0.605240234467672,1,1,2,0,2,1,0.49379854553216973,Medium
3,2025-01-22 00:00:00,195,0.7696334612405517,2,0.16864002751076,0.3981537115462038,0.1717145673621551,0.2479171718374964,0.225799908459668,1,0.1524590518639473,1,1,3,4,1,1,0.45276872382576755,Medium
1,2025-01-22 01:00:00,134,0.511033110460199,3,0.9688419656892862,0.3367432981930072,0.2786910073187177,0.0903183052886267,0.6394254784731266,0,0.4137623376486697,0,0,1,1,2,1,0.6155733339804863,High
4,2025-01-22 02:00:00,143,0.046044372824316,3,0.4529958390858515,0.2347681914133056,0.1587718785865192,0.7505820282434614,0.4568995478148898,1,0.8523818876817164,0,1,1,1,1,1,0.23294216881166166,Low
3,2025-01-22 03:00:00,189,0.4756000658826043,0,0.9462124556897706,0.4812860913027653,0.1956033285542158,0.174824293645099,0.4000240717435204,1,0.9717946972099244,0,2,0,3,1,1,0.6048272038900143,High
4,2025-01-22 04:00:00,110,0.4382940411855307,1,0.6771074018475489,0.5525691238714977,0.97329123373034,0.3715688372727128,0.5927937660345381,0,0.6650615940132951,0,2,3,1,2,1,0.6296225450012135,High
2,2025-01-22 05:00:00,198,0.3369216353130759,3,0.3015811961207451,0.632630162232559,0.1530298501761288,0.0271453444601035,0.4911760968734211,0,0.9218751062504876,1,1,3,2,1,2,0.45503441616237084,Medium
1,2025-01-22 06:00:00,171,0.0275527283410938,1,0.1882083836802675,0.2574352273349712,0.2692431386187502,0.1361855613255382,0.3033311337297546,1,0.1310513302625973,0,1,1,4,2,2,0.2753859600663163,Low
2,2025-01-22 07:00:00,177,0.7486689933316121,0,0.3037310500541081,0.9499649360155884,0.5907181393355041,0.172406687456462,0.5589919745057945,0,0.975057263651658,0,2,3,2,1,1,0.665839715831404,High
3,2025-01-22 08:00:00,173,0.2909084231799931,1,0.092848856734047,0.1699496352964609,0.6103165540364061,0.0533323133939749,0.6694654574596606,1,0.0323923318794577,0,1,2,0,1,1,0.3634768831341669,Low
2,2025-01-22 09:00:00,165,0.1016628680300211,2,0.1437391246930963,0.9669884672903922,0.1538909513851674,0.6570030728399234,0.026449369641307,1,0.5267276670886609,0,2,0,3,2,1,0.32928137342064445,Low
2,2025-01-22 10:00:00,145,0.3296634200194087,1,0.1045009802451157,0.0148245763697417,0.7939443784891015,0.8377803270073969,0.4657718741651222,0,0.2901979792024216,1,2,1,2,0,0,0.25493062306233516,Low
3,2025-01-22 11:00:00,108,0.7876476794188086,0,0.4230326414208651,0.481764441482601,0.7854256929784936,0.3729916000915267,0.0574496521879457,0,0.8137157081025957,0,1,0,4,2,2,0.6108880824394837,High
4,2025-01-22 12:00:00,102,0.6997589497956749,0,0.7959584767767669,0.3337941753158157,0.2372749286622094,0.8754378339499298,0.1862139684237962,0,0.2166466035078343,0,1,2,2,0,1,0.49496375591311553,Medium
2,2025-01-22 13:00:00,184,0.3744313173849948,0,0.1412527724066765,0.4497161580361705,0.2886484196109691,0.2126445437779853,0.5604398951973804,1,0.0103899402040946,1,0,1,2,2,2,0.3802648354300995,Low
4,2025-01-22 14:00:00,125,0.9240580568192948,1,0.1301810118063002,0.571432047191069,0.9382847567544236,0.3249533051945603,0.8662202584890875,1,0.41394494143998,0,0,3,1,0,1,0.6198458943285919,High
2,2025-01-22 15:00:00,171,0.3854110095173654,2,0.6436902315273356,0.4361624456592277,0.8259138891688431,0.149886930423793,0.882842468307655,1,0.0630299359589259,0,0,3,3,1,0,0.5959118432047783,High
4,2025-01-22 16:00:00,147,0.3471590352649994,3,0.1970957757732463,0.4153903193995117,0.6979774860320673,0.6208199633978777,0.0697143960123207,0,0.2892811384471401,0,0,2,0,0,1,0.3807153950345922,Low
3,2025-01-22 17:00:00,165,0.1435283695836041,2,0.0974450721158137,0.7337238547740405,0.0821152650085235,0.4196558556223422,0.4189899044770167,0,0.6433535257270641,1,0,1,4,1,2,0.30635704278758974,Low
2,2025-01-22 18:00:00,169,0.3284626205251022,1,0.1667376828736442,0.6868093683374912,0.4183090235009941,0.6135269120681213,0.5829450174244326,0,0.2938971857637711,0,2,0,4,2,2,0.38187926623211577,Low
3,2025-01-22 19:00:00,127,0.3721276519974004,1,0.9242115753187876,0.8344162661352604,0.5594151861616016,0.7622693222428796,0.1468655672815404,1,0.2449295294002766,0,1,1,0,0,2,0.6105399396439074,High
2,2025-01-22 20:00:00,192,0.3703626214154076,3,0.8218715738972633,0.2502654122505241,0.1873443190976925,0.545786796774508,0.7654305384684195,0,0.1545254263414298,0,2,3,4,1,2,0.4443452596267502,Medium
3,2025-01-22 21:00:00,125,0.9201785507607662,1,0.3540998701644218,0.6103518476402138,0.4482860497550383,0.6279078416738486,0.7442266331750682,0,0.1341780585290025,1,0,1,1,2,1,0.5636967059715182,High
3,2025-01-22 22:00:00,124,0.2232852716767122,0,0.656091726516929,0.5859831418124944,0.6011594182959832,0.9362551266486928,0.9033845329744896,1,0.5253241127478758,0,0,1,2,0,0,0.43677652165800274,Low
2,2025-01-22 23:00:00,111,0.9015822953855468,0,0.5374540570812443,0.3702164325050617,0.3273775628442527,0.2985649467325453,0.0082362560181459,0,0.6811574078638382,0,1,3,1,1,0,0.5881242670344662,High
2,2025-01-23 00:00:00,104,0.6210392535678991,0,0.6774118592753899,0.4867033814551321,0.7811655798237567,0.3588066731421644,0.2165027217779944,0,0.4521136687596747,0,2,3,1,0,1,0.6353072905040875,High
2,2025-01-23 01:00:00,197,0.5498671219095271,0,0.6829630800042699,0.3141803246700209,0.8406991888874782,0.7181938138339272,0.8272052750812118,1,0.1225952334439901,1,0,0,1,0,1,0.5394194216704861,Medium
1,2025-01-23 02:00:00,147,0.8952399818377687,0,0.6289838213106602,0.1419954061932866,0.3236085259162739,0.6115444059725499,0.6705472861729085,1,0.64736686319233,1,0,1,0,1,2,0.5162646500173231,Medium
4,2025-01-23 03:00:00,136,0.8788294263761898,1,0.2660679829852763,0.2140556622964281,0.8389058928186435,0.1777485615780261,0.89443043935747,1,0.5566255257628376,0,0,3,3,1,1,0.5782090844857448,High
1,2025-01-23 04:00:00,178,0.4124295545801765,3,0.0387956892705874,0.1056124269281477,0.1034689563043389,0.3758301993864086,0.0569458570774565,1,0.3805716078917771,0,0,2,0,2,0,0.2430746098860101,Low
1,2025-01-23 05:00:00,143,0.9035654508061716,3,0.4556813562329251,0.6839986336096153,0.8379773870512748,0.4677376926756758,0.5969070744923739,1,0.3292825870184402,1,2,3,0,1,1,0.6821473826380371,High
3,2025-01-23 06:00:00,199,0.2009864584538955,0,0.8914284827110379,0.6616243330463826,0.1526666600916646,0.4191749684100525,0.568980534162618,1,0.1822152861775302,0,2,0,1,1,1,0.5154523556527517,Medium
2,2025-01-23 07:00:00,114,0.0772206444030947,1,0.5697008048308951,0.9519200332497374,0.0828095324075135,0.1774898551270101,0.035433570887793,0,0.1453183718360373,1,0,0,3,0,0,0.4879123205505205,Medium
4,2025-01-23 08:00:00,142,0.7701220163638145,2,0.8327998904465705,0.7306744756004842,0.6419286995687802,0.9254093210964704,0.5134378388582796,0,0.3380176984554022,1,2,2,0,1,0,0.6543432785935396,High
3,2025-01-23 09:00:00,147,0.4875679970797981,2,0.992157542246488,0.0520677554913001,0.4720083277789492,0.76291470085317,0.6094675352401857,1,0.0405265427512948,1,0,0,3,0,1,0.48670897996869844,Medium
1,2025-01-23 10:00:00,186,0.5253314162089013,1,0.163502784538746,0.8854634366381536,0.9081729013293272,0.4812874727000531,0.1911033304480185,1,0.4359888731867415,0,1,1,1,0,2,0.5633340518089337,High
2,2025-01-23 11:00:00,169,0.6812639666669634,0,0.6920766782395091,0.8638624172237611,0.3632074398044926,0.6804624802627057,0.2731666255757141,0,0.6011300040587877,1,1,0,0,1,2,0.6185193886026383,High
3,2025-01-23 12:00:00,145,0.1759655362754961,3,0.6745789589137696,0.4439047225177891,0.2871336464059345,0.8981977150726921,0.6403046733273103,1,0.9416115984832724,1,1,2,3,1,2,0.3597574580008606,Low
2,2025-01-23 13:00:00,142,0.5310571932229948,1,0.9804795340178196,0.5866523676264166,0.500819828473268,0.1352896478779146,0.4682018889974721,1,0.6254128347154831,0,2,0,4,1,0,0.7000441824247899,High
3,2025-01-23 14:00:00,120,0.6609449702192822,2,0.9861292292029707,0.9774286119051916,0.4560093956803811,0.2497585639829846,0.8580423214734871,0,0.623658671058879,0,0,2,0,1,0,0.7881918969912111,High
2,2025-01-23 15:00:00,122,0.207373287274864,2,0.6869736688228472,0.5330166865097811,0.3444371950088826,0.5427779307249112,0.342241439279638,0,0.3737028635992241,0,1,0,0,2,2,0.4504389659689797,Medium
1,2025-01-23 16:00:00,179,0.5288536872000784,2,0.2435638459203395,0.9065703902812008,0.693919785552376,0.799693062823513,0.2664945148712525,1,0.1323207519395912,1,1,3,0,0,1,0.5085524697456741,Medium
4,2025-01-23 17:00:00,146,0.9894699121268508,0,0.7989382638480305,0.0831052290797878,0.7597722288671112,0.0351341555121043,0.9849361781870144,1,0.4463112783185503,1,2,2,3,2,1,0.722418800812929,High
1,2025-01-23 18:00:00,114,0.7400897873060247,2,0.1068715239008926,0.191273616538724,0.8532396526267823,0.985138267354063,0.9111818440125276,0,0.5982289750565841,0,2,0,2,2,1,0.380210258900382,Low
4,2025-01-23 19:00:00,124,0.7283043687289109,1,0.7810677851323198,0.4413356572732935,0.9731703994714264,0.4547757078756902,0.0287497097084601,1,0.7237341571319263,1,1,1,0,0,0,0.6933693736593268,High
2,2025-01-23 20:00:00,135,0.7490440345082399,1,0.9106657334462682,0.5855445351336508,0.2666276391336633,0.3588740340198786,0.7707286728455685,0,0.8259077431992021,0,0,2,4,2,0,0.6681993897824249,High
3,2025-01-23 21:00:00,174,0.9178036609360672,2,0.3828911691085368,0.8173483348142193,0.716282805106654,0.2922100852004567,0.1101183971671397,0,0.2550763519050282,0,0,2,4,1,2,0.7022542824599245,High
1,2025-01-23 22:00:00,150,0.413023833477266,1,0.6308865860059931,0.9896299096335271,0.3942915406789855,0.1735624906406285,0.0272416654618474,1,0.2403509816113039,0,0,0,1,1,1,0.6420129443032737,High
4,2025-01-23 23:00:00,114,0.4370153399631413,2,0.4302374518599365,0.3893575953945041,0.6772523827928902,0.7922390178989713,0.273532678346412,0,0.5648131394285716,0,1,3,2,1,0,0.4274367217687581,Low
1,2025-01-24 00:00:00,167,0.4012272860818546,2,0.4378657272747661,0.0474308966283371,0.4760546129572087,0.956466651677374,0.2691816159127751,0,0.5655293034385385,0,2,3,2,1,0,0.2971976268567978,Low
4,2025-01-24 01:00:00,120,0.268506111947009,3,0.3103720750858585,0.8022703416704615,0.9940970373082164,0.4134163018207604,0.8193347445793839,0,0.2170512449721983,1,0,0,3,0,2,0.5422757254154276,Medium
1,2025-01-24 02:00:00,112,0.4174753607962892,0,0.7624835997320878,0.6051966566522501,0.7290976677124599,0.9534661040327836,0.7106476192670004,1,0.5870147506780338,1,1,0,1,1,1,0.5323738060144957,Medium
4,2025-01-24 03:00:00,185,0.9491835898896912,0,0.9366664624511988,0.19877537553155,0.9527952226207468,0.8245389129676648,0.981678597900788,1,0.3451332394350781,0,1,1,3,0,0,0.6804560346394948,High
4,2025-01-24 04:00:00,118,0.2632900348109437,3,0.9412443297371522,0.4954869049901355,0.8352165001514991,0.4809820476359325,0.7114935507865456,1,0.6389155228718016,1,2,0,1,0,0,0.6033661400123861,High
2,2025-01-24 05:00:00,133,0.3552641536311108,3,0.1746765844554647,0.7433244666473791,0.903180893255588,0.6744133625033368,0.4181400930246226,0,0.2902344063321984,1,0,2,2,0,0,0.4654652074639573,Medium
4,2025-01-24 06:00:00,177,0.3302565860346685,0,0.8751855729506679,0.7714664061550658,0.8146561856038301,0.4348061803072354,0.6989041867961119,0,0.591836915189731,0,1,0,3,0,0,0.6626313217718365,High
2,2025-01-24 07:00:00,167,0.78709457714942,2,0.7377661330856995,0.5002837462703966,0.4592238978403732,0.5588379738974469,0.999534087707473,1,0.7680628418777191,1,0,1,1,2,1,0.6163298154042981,High
4,2025-01-24 08:00:00,151,0.5879989049242795,2,0.2527936568679756,0.305600394937372,0.2517526928514491,0.0569771199836974,0.7101220837067086,0,0.9801615289502452,1,0,0,2,2,2,0.450534555365701,Medium
3,2025-01-24 09:00:00,126,0.9101292278380714,0,0.0670959648028888,0.9750895036631148,0.3703418760791807,0.696703235734804,0.7616784484154917,0,0.910989292096322,0,0,0,2,1,1,0.5403699949445195,Medium
3,2025-01-24 10:00:00,128,0.2923629597314838,2,0.2679653619019408,0.6642633392075677,0.0200882215954462,0.0517430814687664,0.9384200130502168,1,0.5029791539599767,1,1,2,0,0,2,0.4181865192688717,Low
3,2025-01-24 11:00:00,127,0.9369608087534834,3,0.9126794174082672,0.4087714870589761,0.5240893647994164,0.8178103732621482,0.1134359715827542,0,0.4877715682186955,1,0,3,3,1,0,0.650106202682823,High
4,2025-01-24 12:00:00,134,0.221933120253559,2,0.6334319521280054,0.2808135072433382,0.5051448182271417,0.8256909443896123,0.704762738722265,0,0.4370627318347646,1,2,0,0,1,1,0.37192205061968814,Low
2,2025-01-24 13:00:00,107,0.7181660152598357,2,0.7213765633880029,0.7321010928769872,0.5253472716705975,0.2364313648117435,0.8508322596569464,0,0.0266296395091622,1,1,1,2,1,2,0.6996432492661853,High
2,2025-01-24 14:00:00,115,0.1384847891311509,1,0.2571119769739831,0.2424786987170324,0.974345589158778,0.3232215778937535,0.9544388462936602,0,0.1649966007552301,1,1,0,3,1,2,0.39506353295944363,Low
4,2025-01-24 15:00:00,135,0.0299153764656653,1,0.7197087566359404,0.1719039314703517,0.9117380318172928,0.481241911681769,0.2107858945099656,0,0.0581052229544979,0,0,0,3,0,0,0.4363612375898004,Low
3,2025-01-24 16:00:00,129,0.6844445829364055,1,0.027902274396705,0.5305426601396127,0.1616333514688417,0.5968671753930028,0.5038416256851987,0,0.6960229883831639,0,0,2,4,0,2,0.36891017277257604,Low
3,2025-01-24 17:00:00,117,0.3629263450289794,2,0.3753732537061125,0.2903513673551072,0.3689035252469906,0.286826610634344,0.6805253520808137,1,0.4125685103348545,0,0,3,1,2,2,0.4049567103466914,Low
2,2025-01-24 18:00:00,101,0.0206550867602674,0,0.627001608025141,0.6297563381065621,0.4240038814443666,0.5926807983217877,0.2472962961169524,1,0.0626914174228857,0,1,3,4,0,2,0.4125639037860514,Low
3,2025-01-24 19:00:00,148,0.4557974466039298,3,0.1459694642777576,0.1180553172669166,0.360549873870058,0.2972846905015998,0.6004171220148522,0,0.6902361616417844,0,2,3,4,0,0,0.3335425686790739,Low
1,2025-01-24 20:00:00,176,0.2409199971510225,2,0.8234050922085758,0.6558297263015584,0.7987252328197849,0.0544154616305383,0.2574106628598962,1,0.6440425088364037,1,2,0,2,1,1,0.6588936832785983,High
2,2025-01-24 21:00:00,103,0.2405416173289055,0,0.2349736496169412,0.2836508841129247,0.5241338887759542,0.0013270661890003,0.333313768850348,1,0.7196585882180904,1,1,2,1,0,0,0.4040300169470897,Low
3,2025-01-24 22:00:00,189,0.4329577728118517,2,0.6525493077749471,0.0001903807953264,0.5722193351702578,0.100183756123354,0.4414108604264493,1,0.5993881397951581,0,2,2,4,1,2,0.49222018316280053,Medium
2,2025-01-24 23:00:00,188,0.5678635339785081,3,0.4052723815042298,0.1270656344471631,0.85326925692902,0.7929174093136246,0.5291109956520075,0,0.1605764541922163,0,0,0,4,0,2,0.4277498829024263,Low
1,2025-01-25 00:00:00,193,0.5641353798488261,2,0.5962678727006847,0.9349046137380752,0.8061610255653098,0.9624980260403916,0.4492606073349254,1,0.060311031879199,0,1,2,3,2,1,0.6036311858137304,High
2,2025-01-25 01:00:00,174,0.4498134810053329,3,0.1072932714183143,0.8685486204745617,0.1321177945106642,0.4267692429969594,0.4931046200088667,0,0.8169513847028137,1,2,3,2,1,2,0.41878869492787985,Low
2,2025-01-25 02:00:00,106,0.3177967610687227,2,0.0166848147916411,0.2338919588276894,0.7141028504265337,0.5126896651167328,0.2984340770552802,1,0.2149099237457227,1,1,2,4,0,1,0.31061076352709893,Low
2,2025-01-25 03:00:00,194,0.3871014770167644,3,0.91003354336902,0.7794379668692409,0.4354893960667685,0.1459889118716391,0.1587646552241353,1,0.542015650569767,1,2,0,1,0,2,0.6735964210995636,High
2,2025-01-25 04:00:00,173,0.3034483756376813,2,0.2695993788467721,0.6093935554242045,0.2946339202084941,0.5511277315477556,0.0471129583444522,0,0.4846358042195922,1,1,0,0,1,2,0.376666578005065,Low
1,2025-01-25 05:00:00,138,0.9256995575181844,3,0.8200759227124894,0.9722475534328592,0.0498852476889192,0.1437904591240344,0.1957904143558997,1,0.920985556390133,1,2,1,0,2,0,0.7668075990289729,High
4,2025-01-25 06:00:00,112,0.9339994302045032,1,0.9998895332126831,0.3740898414750968,0.4873279453264196,0.6114530045194593,0.5818818275952715,0,0.5519378640119961,1,1,1,2,2,0,0.68967145027036,High
2,2025-01-25 07:00:00,130,0.9157259105599131,2,0.2113551787531213,0.6823873579379194,0.3554511662185219,0.9342587708576772,0.7861205481461824,1,0.5795475257898881,0,1,2,0,0,1,0.4814266032199692,Medium
2,2025-01-25 08:00:00,170,0.3717626267572405,2,0.2651366288737065,0.063574156687385,0.251477145667516,0.1949547821460036,0.1690505285809913,1,0.3187283056710716,1,1,2,3,0,0,0.3304179997734406,Low
3,2025-01-25 09:00:00,162,0.7009319272442375,0,0.6631362438274895,0.3967640777998192,0.6948506674999257,0.765164965109751,0.1083383979376075,1,0.95867213033773,0,1,0,3,0,1,0.5598227136864219,High
2,2025-01-25 10:00:00,155,0.1449717773167974,0,0.9659613924112688,0.9651503150303126,0.7697005929517307,0.0223515314048539,0.7492833920211339,1,0.6119426329058456,0,1,1,1,1,0,0.7328657146701106,High
3,2025-01-25 11:00:00,141,0.0958569635241851,3,0.916288344948908,0.5397027950725143,0.244750365631008,0.3751785936986935,0.3050058043839068,0,0.0038325593649716,1,0,1,2,1,1,0.4914126519226233,Medium
4,2025-01-25 12:00:00,160,0.1666384736603128,2,0.5030270392634335,0.2882404478043975,0.0493135864737345,0.1098038978981392,0.951558741698198,0,0.5555846645491714,1,1,3,2,1,2,0.36599092107815534,Low
1,2025-01-25 13:00:00,141,0.2719694002012091,3,0.7954900174960611,0.120390958352211,0.8490063329519765,0.3521023620639434,0.7142995404049055,1,0.363140999427497,1,1,3,0,0,1,0.5154786417279648,Medium
1,2025-01-25 14:00:00,155,0.6489136047577925,1,0.135610668623358,0.7044868095367152,0.0098067483815953,0.1727407643515786,0.3266105994180333,0,0.0309963919198173,1,1,0,4,2,0,0.4625883278571331,Medium
4,2025-01-25 15:00:00,135,0.1014046794455177,0,0.9779603050496716,0.6457301671683755,0.9374089608588372,0.3729811592206857,0.2893851038668051,1,0.4309052549849713,1,2,0,4,1,1,0.6336514498031952,High
1,2025-01-25 16:00:00,183,0.8368927003855023,3,0.9648651364121784,0.374423374333822,0.6277663068741229,0.4173035222067336,0.5236174833501832,0,0.7733254909099995,1,1,0,4,2,0,0.7068935517662931,High
4,2025-01-25 17:00:00,167,0.1632352810249196,3,0.1636156263327584,0.9522554950937816,0.3218448371069189,0.300095369846344,0.078918069529893,0,0.5032301603932285,1,0,0,1,0,2,0.4254262459472621,Low
4,2025-01-25 18:00:00,106,0.9487039378210664,0,0.2994157613103578,0.0221818282423018,0.2464395746665438,0.6569679829205715,0.1174625421322463,0,0.6390598602308654,1,1,1,2,1,0,0.40488702919321223,Low
4,2025-01-25 19:00:00,153,0.8592338031178498,2,0.0999920189563816,0.3041075734835455,0.0088522089298552,0.9198180920542802,0.175662978875889,1,0.6393425729805718,0,2,0,0,1,2,0.31398308774660316,Low
1,2025-01-25 20:00:00,100,0.3124738472770008,3,0.2716885992458051,0.9223406865875424,0.2354277464367465,0.4003360675977971,0.7747249601378063,0,0.6706573133243239,0,2,0,1,1,2,0.45577250077405235,Medium
3,2025-01-25 21:00:00,143,0.5739075951959117,0,0.8163518033288979,0.3213439030561519,0.1376372475996403,0.1915914659724453,0.5137732310986929,0,0.3868998048050451,1,1,1,3,0,0,0.553740497486512,Medium
4,2025-01-25 22:00:00,144,0.1568751613678653,2,0.3783698534159079,0.2525625624431445,0.6123051620817317,0.2701563855827866,0.0103180487620255,1,0.36928769389352,0,1,3,3,0,2,0.38564608265941397,Low
2,2025-01-25 23:00:00,146,0.2609730148413921,1,0.08822480636238,0.5349354870459369,0.1664685045544003,0.854813532399401,0.6734847252043508,1,0.0034362400673383,1,1,0,3,0,0,0.24103479853338028,Low
1,2025-01-26 00:00:00,112,0.1711334033706965,0,0.3422515870930303,0.8249331208912886,0.5287282826095239,0.5717848278222029,0.423576499546205,1,0.1532507215946952,0,1,3,2,2,1,0.43687439001228756,Low
4,2025-01-26 01:00:00,121,0.2917019079246089,3,0.9819085359848168,0.1032421388383425,0.5902446745290669,0.4548803842093967,0.5107672519514621,0,0.9507783387291712,0,2,1,3,2,2,0.5093556822929755,Medium
4,2025-01-26 02:00:00,120,0.3261066496915091,1,0.6299341430683894,0.9443234663848564,0.2980283602326234,0.1487840574594447,0.2139338795781751,0,0.84225695219578,1,1,3,4,1,1,0.6002615368829227,High
2,2025-01-26 03:00:00,185,0.6770717408142735,2,0.4162447473313402,0.7961629523514917,0.0349241265537514,0.4495841675807479,0.5517105295318872,0,0.2742793274178197,1,2,1,3,1,1,0.5203627063526524,Medium
3,2025-01-26 04:00:00,191,0.5429171748827023,2,0.1664273760255719,0.1814579128627187,0.0371141192868535,0.2779440000658475,0.979221605341546,0,0.4005116002977417,1,2,0,1,0,0,0.32750323818276317,Low
3,2025-01-26 05:00:00,108,0.8560064458115579,0,0.986705742400734,0.7129786206141128,0.0262022836529828,0.9441866488770458,0.0732162241752085,0,0.939876601928162,0,0,3,3,0,0,0.6155761163922862,High
3,2025-01-26 06:00:00,125,0.7144812635215143,0,0.8212488444537043,0.3854592254175607,0.7393251546779991,0.8849539130485062,0.2837579121138791,0,0.2495862694757589,0,2,0,4,0,2,0.5891800583217407,High
4,2025-01-26 07:00:00,108,0.673637387487647,0,0.2814559244731773,0.4028201025302753,0.3180060466749299,0.0828944582668653,0.2428246944560677,1,0.5320075851481478,1,1,2,3,1,0,0.5046040867574708,Medium
4,2025-01-26 08:00:00,114,0.2413796173467116,2,0.0698822217847132,0.7843632250089346,0.7965283907271267,0.5166685863546261,0.2483782318388605,0,0.0209521347890662,0,1,2,0,0,1,0.4266670754405182,Low
4,2025-01-26 09:00:00,109,0.8630075854025516,1,0.0564285852506458,0.9641159770226196,0.4317842957407306,0.224384005619274,0.3785779356770189,0,0.6193123385195944,1,1,3,4,2,1,0.6037922815860418,High
1,2025-01-26 10:00:00,187,0.4273165748168196,2,0.1202309638820284,0.1267850468344831,0.4530598815860829,0.4105418562957084,0.8181253707522729,0,0.9300172577455448,0,1,1,2,2,1,0.31862159783516475,Low
2,2025-01-26 11:00:00,141,0.9031748292839272,3,0.5809809320765291,0.421182020007949,0.5129734137287726,0.8777147261863658,0.9129053285080196,1,0.8846335609431185,1,0,3,3,1,2,0.5505641474730649,Medium
4,2025-01-26 12:00:00,171,0.3772847463964887,2,0.92924753032217,0.4815800931165473,0.71321929460045,0.5275552964090766,0.2020288231984801,0,0.5014077754326575,0,0,1,1,1,0,0.6007986875316801,High
2,2025-01-26 13:00:00,123,0.676517525663055,3,0.4968901584507483,0.3767998891905824,0.2734776319218229,0.3337990402063939,0.5428753444349004,1,0.649254760784589,1,0,2,3,2,1,0.5096636876238816,Medium
2,2025-01-26 14:00:00,179,0.4453140997676302,1,0.843362573512004,0.3636583311431502,0.1214884708984866,0.2071734181042495,0.6368551690420456,0,0.5693167777541754,1,0,1,1,0,2,0.5320480924676741,Medium
3,2025-01-26 15:00:00,148,0.5373683460795399,0,0.4459936345445139,0.0522909046290859,0.5561690764083717,0.8010106588055543,0.5217459582793444,1,0.0658995642265157,1,2,2,0,1,0,0.3695724387222532,Low
1,2025-01-26 16:00:00,125,0.5531412202526688,0,0.7088957091525305,0.6864712284111589,0.3269783125191053,0.6247881434336147,0.4339661190093131,1,0.1577570585396069,0,0,3,2,1,0,0.5581320033963553,Medium
4,2025-01-26 17:00:00,190,0.6338874742924298,2,0.7322030879695449,0.4367886036211823,0.4425480010045198,0.4679656777453478,0.1917858857291368,1,0.9638007873233728,1,2,0,4,1,1,0.5750677097786059,High
3,2025-01-26 18:00:00,136,0.9255593344076352,0,0.1738583670094657,0.195020929771222,0.6471025103799292,0.2167921062962436,0.488126828558024,0,0.2551170046167091,0,1,0,4,2,2,0.5284051719210725,Medium
3,2025-01-26 19:00:00,167,0.4407724290203969,1,0.3612569516248922,0.8171537058621149,0.4942074595174771,0.3338301944790505,0.4010937826371643,1,0.3837491133275642,1,2,0,2,1,1,0.5379946760895092,Medium
4,2025-01-26 20:00:00,149,0.4210621789335921,0,0.6375586539331708,0.8036615836654555,0.6204216912370761,0.9609063860563088,0.79557155925795,0,0.5083910924111769,1,2,1,0,2,1,0.524314820726897,Medium
2,2025-01-26 21:00:00,123,0.964869659280099,2,0.0705106246054572,0.4870379479140957,0.5443059952010474,0.520113159713127,0.7636020818336795,1,0.9791336713390536,1,0,0,0,2,2,0.5098815858773963,Medium
3,2025-01-26 22:00:00,118,0.0827538928606405,1,0.3615813335349052,0.298826802411586,0.7399971851027277,0.4004402204100488,0.1337900600390609,0,0.6896539040427448,0,1,1,3,0,1,0.37178271178510547,Low
2,2025-01-26 23:00:00,199,0.5771994996483294,3,0.5349759159423206,0.6389571267830154,0.7061210165420292,0.5214484140357865,0.0882955261288889,1,0.629187637672036,0,1,0,0,0,2,0.583536169630202,High
1,2025-01-27 00:00:00,159,0.537007772366699,2,0.9967612847389316,0.2885134721755615,0.5342910322525419,0.7796238583977948,0.9081990398608106,1,0.5238649924732522,0,0,1,3,0,2,0.5543450347897321,Medium
2,2025-01-27 01:00:00,138,0.990197736843511,3,0.4746629486502693,0.2362943057027649,0.6790743144990681,0.3397066180547048,0.5354313565949878,0,0.7003474144223693,1,2,1,1,1,1,0.6143791869806525,High
1,2025-01-27 02:00:00,173,0.1351205473597991,1,0.8164528498770234,0.7315119181348327,0.8738252604059822,0.1779221875174812,0.8578295314718611,1,0.6636456382985008,0,0,2,2,2,1,0.6385811938694472,High
2,2025-01-27 03:00:00,188,0.2596509112276423,2,0.4321635077766634,0.040330307258005,0.4323230207194934,0.5851126604056656,0.0579176414970441,0,0.9027524209540796,1,2,2,1,1,0,0.30810122024975156,Low
3,2025-01-27 04:00:00,117,0.6079695693592472,2,0.7967714575269762,0.0948518046046075,0.4128053486002302,0.6655704282623791,0.5264356369055521,1,0.5413208967114399,1,0,3,1,2,0,0.48224085569315506,Medium
3,2025-01-27 05:00:00,118,0.0981550645026308,1,0.5956385877972685,0.006745029633727,0.7644582863847809,0.7131966678816077,0.5393507663137509,1,0.4208462033461226,1,0,2,1,1,2,0.33248666177719616,Low
1,2025-01-27 06:00:00,135,0.2790595703385832,0,0.8870466202519323,0.1531101503533077,0.5826784230801374,0.8828664705672922,0.8607315775219693,0,0.8069606687491637,1,1,1,1,2,2,0.4271203705952172,Low
4,2025-01-27 07:00:00,173,0.9360983253354226,2,0.4110222780591359,0.0690362838999688,0.0708833814311013,0.3708452516364571,0.0973894512169017,0,0.7995732695204839,1,1,2,4,0,2,0.45559312709783,Medium
1,2025-01-27 08:00:00,196,0.526394218356318,2,0.6045351481949028,0.9971810019218952,0.892386667556346,0.07432660292412,0.2402718288817795,0,0.1688831214413249,0,1,2,0,0,0,0.7548775517170181,High
1,2025-01-27 09:00:00,154,0.6402231105492294,3,0.630269490107231,0.2891722520358548,0.0306402040437045,0.9594080085958704,0.406419013505763,1,0.235917679712626,0,0,2,2,1,1,0.3861424298884612,Low
2,2025-01-27 10:00:00,168,0.8609109160352918,0,0.417467697022192,0.1494296932223278,0.74860133842711,0.4348339941812442,0.8658727047752399,0,0.9586156232767202,1,1,1,2,2,1,0.5465456935457164,Medium
2,2025-01-27 11:00:00,146,0.6879245644180518,3,0.1441835488319034,0.2412898044522302,0.7590041655006021,0.6235246574484308,0.9389384827955528,0,0.443479826655337,1,1,1,1,0,0,0.42660691541076057,Low
1,2025-01-27 12:00:00,148,0.0279043989992966,3,0.0933912776475613,0.9374184160258268,0.9534153079240736,0.6666742515934236,0.9927974330002982,1,0.5191201248645132,0,0,3,2,2,1,0.41081876081647734,Low
3,2025-01-27 13:00:00,198,0.5712956615414749,0,0.0164433770701086,0.5208550876163287,0.0540028303198073,0.5465994062151236,0.959255310538186,0,0.3093723708170657,1,1,2,3,1,1,0.3272162907918642,Low
2,2025-01-27 14:00:00,197,0.7893537272638242,0,0.8739752430903318,0.365289645499212,0.5969883805599293,0.2045363735097414,0.0056911659371561,0,0.4804849206799652,1,2,2,2,0,1,0.6977579727459096,High
4,2025-01-27 15:00:00,132,0.6982921715440568,1,0.2364183904090897,0.8745941176265456,0.4278901556608858,0.7557220232829702,0.0474714399199636,1,0.7430799661882839,1,1,1,1,1,0,0.5094216838702831,Medium
2,2025-01-27 16:00:00,120,0.2544715591919587,0,0.2114307289896126,0.3955051943955401,0.3306354161464712,0.804445876649392,0.147402657854512,1,0.4817604984804734,1,2,3,2,1,2,0.2745050418490627,Low
2,2025-01-27 17:00:00,180,0.7898734430783202,2,0.7363690018701476,0.3354372658261396,0.0902045233608665,0.5530765617598705,0.3487238938721346,1,0.3140023825404135,0,1,3,0,2,1,0.5292172586424942,Medium
4,2025-01-27 18:00:00,121,0.4483355739354172,0,0.3200248313388851,0.2075276031037504,0.5627690588393238,0.4885098371945309,0.8299374869710296,1,0.0949605720841403,1,0,1,1,1,1,0.3947345051860446,Low
1,2025-01-27 19:00:00,147,0.8463288254200017,1,0.506198686520972,0.3782870309485417,0.4791151312240908,0.1130011147482767,0.8926962128138796,1,0.9282030421043224,0,0,2,4,1,2,0.6187063866463238,High
4,2025-01-27 20:00:00,136,0.1053220234862581,1,0.162396782658529,0.3170867095192458,0.1044473224092109,0.0829436940752224,0.1866431012460494,0,0.8715325597268422,0,1,3,0,2,1,0.2835725876901442,Low
1,2025-01-27 21:00:00,114,0.944157815546514,1,0.9602540256795168,0.6782247292330484,0.6126286051765718,0.339161240686469,0.6196147000418031,1,0.7911449456299973,0,2,3,2,2,1,0.8027680108266328,High
1,2025-01-27 22:00:00,134,0.1736896929336455,0,0.852005235146104,0.2899460976138308,0.738153039858655,0.3103746492105195,0.9174100994964748,1,0.6937361724992938,0,1,2,4,1,2,0.5285797101399239,Medium
1,2025-01-27 23:00:00,191,0.3598470010060451,0,0.8642229918981139,0.5779766094027339,0.7674924367512528,0.95470478201979,0.4636311798381003,1,0.5149644153918811,1,0,3,0,0,0,0.543530968316306,Medium
4,2025-01-28 00:00:00,170,0.4387948380089208,3,0.4068502187245655,0.0659339868499684,0.9056542688023896,0.7842690519625286,0.1033249695799549,0,0.8973018915129574,1,1,2,3,0,0,0.3928058440793444,Low
1,2025-01-28 01:00:00,131,0.5631671726569386,3,0.7627153738477543,0.1915112456449834,0.4095114217030623,0.6602781366531827,0.4577111544273473,0,0.7914819121833601,1,0,3,0,2,1,0.4821578785126519,Medium
3,2025-01-28 02:00:00,110,0.9966479999287756,2,0.1437473201346433,0.407938042908474,0.9533769726893512,0.5176655377066022,0.3756655262138093,0,0.8158199229028894,0,2,3,4,1,1,0.582043153844962,High
4,2025-01-28 03:00:00,109,0.7254186661443541,3,0.0083845405617346,0.938243282496614,0.8656911219059881,0.1665567887598169,0.577594777599348,0,0.3087619999310226,0,2,1,3,0,2,0.6259696081477706,High
3,2025-01-28 04:00:00,172,0.5783635740422539,2,0.0197473372066558,0.3777414095110137,0.2964874862956137,0.9795636399849544,0.438549910996528,1,0.4228041959997981,0,0,3,2,2,2,0.27261458666102906,Low
1,2025-01-28 05:00:00,177,0.4524476722963648,1,0.5868186411689915,0.6649758722976948,0.1592024326123837,0.374720971183369,0.0170990744928754,1,0.7064824939775894,1,2,2,1,2,1,0.5104839720402303,Medium
2,2025-01-28 06:00:00,176,0.4225801497493791,3,0.4555093452665362,0.2554010256453479,0.4354426406379019,0.1059719537759513,0.9940709640643406,1,0.3703464057078738,1,0,3,2,2,1,0.470023181912341,Medium
1,2025-01-28 07:00:00,156,0.8259486204716838,0,0.5181786912984161,0.1271632929357375,0.4019357170433465,0.4937599562365329,0.5434658376792769,0,0.4934037755817015,1,0,1,1,1,0,0.49769085065069446,Medium
3,2025-01-28 08:00:00,124,0.7228456833539588,3,0.0072277757362513,0.0585678477481456,0.5758405781645128,0.8748580011428848,0.4735334436468834,1,0.6461220644139919,0,0,3,1,2,0,0.29937932087542585,Low
3,2025-01-28 09:00:00,101,0.3221314357956215,2,0.4227755166962359,0.305799649382568,0.5835112218896736,0.8881824207712605,0.9546776958305352,0,0.4371211963821961,0,1,0,4,0,0,0.3516859881672399,Low
4,2025-01-28 10:00:00,163,0.5539536239883904,3,0.7183877314348064,0.1578347729071661,0.7501927376928856,0.0097853837807848,0.1556589112609627,0,0.7928215853180167,1,2,2,3,1,0,0.6107133965240475,High
2,2025-01-28 11:00:00,134,0.0655053373812555,1,0.4427982231971743,0.1742076975869435,0.5099793086631288,0.8871848105956925,0.1890470851083159,0,0.1152623316527943,0,1,0,3,0,2,0.2553366043721116,Low
4,2025-01-28 12:00:00,106,0.049986200265311,0,0.732549827564364,0.7618000513459563,0.1047156352070571,0.2709196452534403,0.8080270265740424,1,0.7177500181109876,0,1,1,0,0,0,0.47306341571965255,Medium
3,2025-01-28 13:00:00,184,0.8993643218988435,2,0.2329597437034933,0.0158079364281146,0.8585495920242615,0.0378580491230882,0.2606640262787412,1,0.1442276882745679,1,2,0,2,0,0,0.5593463351213831,High
1,2025-01-28 14:00:00,117,0.6181602282743209,0,0.8135358210178902,0.5585591147512011,0.3097569280233452,0.8485882952591839,0.7992365037843967,1,0.937792477387246,0,1,3,4,1,1,0.5388111301879173,Medium
2,2025-01-28 15:00:00,166,0.8169587610509166,0,0.5886495729371986,0.3799539805516991,0.9716104992346506,0.8647027915444256,0.2713699367145912,1,0.3132545019194771,0,0,2,2,0,0,0.5934290357609023,High
1,2025-01-28 16:00:00,141,0.406384380480943,2,0.2106864983970366,0.5072252988328065,0.1177594231744219,0.5964343273065515,0.0329459697453273,0,0.795217162317767,1,1,0,0,2,1,0.3339115438662368,Low
1,2025-01-28 17:00:00,138,0.5159208874564863,0,0.2366641457929603,0.5635864429991213,0.9585578866563303,0.574585467961193,0.5169316304952816,1,0.5208784786146794,0,0,3,0,2,1,0.5084594097164565,Medium
2,2025-01-28 18:00:00,140,0.217521656680407,0,0.6282797213944049,0.3137652800217537,0.0908981060123879,0.8138363250317102,0.1964983579329891,0,0.0900408365013567,0,2,0,4,0,0,0.3157626676701553,Low
4,2025-01-28 19:00:00,174,0.0839602567640957,3,0.8303465275400683,0.2954801973705782,0.230990317263944,0.7869622148261881,0.7578421284831323,0,0.5821205270066816,0,1,3,0,2,0,0.35427695091582007,Low
1,2025-01-28 20:00:00,123,0.388903232699139,0,0.4157111665886779,0.7344032639928507,0.0464447017934509,0.8910035468714281,0.6411572395860077,0,0.9121002817786434,0,2,3,4,1,1,0.3713504258588278,Low
3,2025-01-28 21:00:00,159,0.1494288690449693,0,0.2582609515644976,0.872476608137163,0.7052971462718505,0.5528478839369213,0.9236528276995326,0,0.156266219186619,1,0,0,0,1,2,0.4492851661300387,Medium
1,2025-01-28 22:00:00,145,0.6829043544840235,0,0.8674474919973187,0.1928055794332042,0.850553118436945,0.9687285027556258,0.7829924327516671,0,0.320532347330745,1,1,1,3,2,1,0.5584227698591743,Medium
2,2025-01-28 23:00:00,118,0.5800751862964183,0,0.6695497525560419,0.0977061915998669,0.4341236872410659,0.9972956247041618,0.1805826642254095,0,0.4385231178824995,0,0,2,4,2,2,0.397471682413624,Low
2,2025-01-29 00:00:00,167,0.6911986627611933,2,0.4481942191359289,0.8990335491030804,0.9288143775661132,0.115613704160145,0.8001679393217094,0,0.274223888034746,1,0,1,3,1,2,0.7366350313057918,High
2,2025-01-29 01:00:00,189,0.3582778376260895,1,0.4880400197517502,0.3503455604886368,0.590427412483923,0.8503459303367187,0.6416948272964849,1,0.943739305372179,1,0,0,3,0,0,0.3926607987642679,Low
4,2025-01-29 02:00:00,141,0.6880358526010274,3,0.204174785660236,0.5520570459082493,0.6301547256207737,0.4997975596882449,0.6689183434199,1,0.3767919632250456,1,2,3,4,1,0,0.503017643636845,Medium
1,2025-01-29 03:00:00,131,0.0334220671112258,0,0.627050928033221,0.3600071105914644,0.8456712180931724,0.3872762264123466,0.8322831104453436,0,0.6576847815462092,0,2,0,2,0,0,0.45587891965652844,Medium
4,2025-01-29 04:00:00,138,0.8194427132949316,0,0.3587814715163562,0.1259302833136666,0.2967862650935939,0.6133153761408006,0.5737595942101319,1,0.2230272552070859,0,2,3,1,2,0,0.4222627362084742,Low
4,2025-01-29 05:00:00,135,0.9500126868528592,2,0.9961815159613674,0.5901259483984037,0.3542796391706785,0.0548914205069639,0.465903702801167,1,0.2188114601173561,1,1,3,0,2,1,0.7994819731827946,High
2,2025-01-29 06:00:00,196,0.1231114395349044,1,0.4803173135242145,0.5258428763710649,0.9062332802884476,0.506452117389097,0.6365971477003656,1,0.1749031134320908,1,0,1,0,0,2,0.4659929379738953,Medium
2,2025-01-29 07:00:00,135,0.8002310342678574,0,0.486023857402948,0.203232474054097,0.901242438873582,0.871743212434213,0.2978025428172637,1,0.4341715822836254,1,2,1,2,0,1,0.5166351016944262,Medium
4,2025-01-29 08:00:00,102,0.0678023254778714,2,0.5660524868542809,0.4524657357984338,0.9767983288364398,0.2127597571205308,0.1824044373350382,0,0.5323332018798468,1,0,0,1,1,2,0.5135626360001112,Medium
1,2025-01-29 09:00:00,172,0.5420869650377045,3,0.9172307352463244,0.7980402700901702,0.9021176833668748,0.4261915758916661,0.6165373782776202,1,0.0096071467214375,0,2,2,2,0,1,0.7458263952103226,High
3,2025-01-29 10:00:00,107,0.2582030519671299,3,0.8012022922520341,0.5912219799203305,0.1272759616652537,0.9404957025834542,0.2336724721595648,0,0.8327524632356565,1,0,1,1,2,2,0.411112770901127,Low
4,2025-01-29 11:00:00,196,0.3207514623267243,0,0.4512411792656687,0.0970037497710109,0.8239657853934427,0.4283706589200569,0.0796887630988185,0,0.5122051717778877,0,2,3,4,2,0,0.42173817932330826,Low
1,2025-01-29 12:00:00,169,0.7463386187801034,0,0.7190193290572884,0.5487564143923902,0.4098793361929218,0.3580084840828532,0.0003018289822143,1,0.1562417092808813,0,2,0,4,2,2,0.6338713976543363,High
2,2025-01-29 13:00:00,140,0.3242225407537326,1,0.5864521165373633,0.7036956329045706,0.991123849859951,0.4403717773164894,0.6082662317500802,1,0.0662190090324551,0,2,0,3,0,0,0.6010206017852072,High
2,2025-01-29 14:00:00,167,0.1440503111617596,1,0.4925103614869672,0.79379007066098,0.4723520929201893,0.5194744821206223,0.3620149350947985,0,0.0621201632791349,0,2,2,3,0,2,0.46082982391431276,Medium
1,2025-01-29 15:00:00,112,0.8546932452524462,0,0.192224765625232,0.6299690772058436,0.5539467469130729,0.6322791418683971,0.752304992105097,0,0.2567937706272844,0,0,0,4,2,1,0.5259734589172896,Medium
3,2025-01-29 16:00:00,148,0.8192735552568087,2,0.4640573737020255,0.15282471867928,0.5298739154338711,0.8013794702633665,0.3750468195334342,1,0.4987275441955587,0,2,1,3,0,2,0.46067184275114026,Medium
2,2025-01-29 17:00:00,159,0.7667232752557402,1,0.2457693619770053,0.711141288501591,0.3217351786300308,0.4519646801427088,0.4859101913653616,1,0.8601008009071378,0,2,3,4,1,1,0.5258169917816029,Medium
2,2025-01-29 18:00:00,101,0.8756387941702799,0,0.9153153873880476,0.6782626704813806,0.0749006366195924,0.8182072976927164,0.4069658515934164,0,0.902877102517876,1,2,0,2,1,1,0.6218950803248894,High
2,2025-01-29 19:00:00,159,0.0032629695248439,1,0.3354275508537743,0.024409095454469,0.8959275979872628,0.5337761114485424,0.6505354700308765,1,0.8321562529841738,0,0,0,0,0,0,0.2938771721663564,Low
1,2025-01-29 20:00:00,104,0.0127347067778955,0,0.9527664760390387,0.4122866813916909,0.8029071080251938,0.338074341728084,0.3560033440660439,0,0.327797427792882,1,2,3,4,0,2,0.5435575469271382,Medium
4,2025-01-29 21:00:00,143,0.4143247923362505,3,0.5332303776710872,0.3333759838445206,0.1394365984984581,0.6583000035193616,0.963830973135591,0,0.3057657476347787,1,0,0,4,2,1,0.37573447851760305,Low
2,2025-01-29 22:00:00,126,0.8643196730798337,0,0.6317963796325341,0.6703214890258418,0.7769870075407029,0.718212751538087,0.9362012575328154,0,0.9874697108994952,1,1,0,4,0,2,0.6669094493836527,High
4,2025-01-29 23:00:00,131,0.6879145484815841,3,0.5431232517090392,0.2163936201012058,0.6259922393365204,0.558161946710428,0.8480532938807317,0,0.6809307477950207,1,0,2,3,2,0,0.5112127179618108,Medium
3,2025-01-30 00:00:00,120,0.2899368773426163,1,0.1292404616671707,0.5916684406845928,0.4091843092330484,0.0555423718350311,0.9203493479830424,1,0.3041580425489471,1,1,1,3,1,0,0.4261743134990679,Low
2,2025-01-30 01:00:00,107,0.7792877111136831,0,0.3758735173085477,0.914465857724129,0.2539864709534857,0.1690780803831999,0.4490343500410187,0,0.3283147216138396,0,2,0,3,0,2,0.6344197372359264,High
2,2025-01-30 02:00:00,171,0.5795231969088595,1,0.0989823458554639,0.798896367217208,0.8599877368111079,0.2847658087905447,0.5363536665942465,0,0.4340035600579177,0,2,1,3,1,1,0.565688948337607,High
3,2025-01-30 03:00:00,149,0.4777178800046295,3,0.623199336664018,0.9227294946414732,0.7003698714684472,0.2820873760001017,0.7420832650694025,1,0.6213866445055312,1,0,2,2,0,1,0.6725175774157084,High
2,2025-01-30 04:00:00,166,0.0594423571727459,0,0.4469819811153241,0.9798597362632636,0.5478476186124124,0.6738065522881949,0.6961215391170956,1,0.8978849524838839,1,2,1,4,0,1,0.4536841917733029,Medium
4,2025-01-30 05:00:00,143,0.0565232681332965,1,0.7783513328197107,0.0106325632009337,0.6097062159654247,0.017185584894114,0.8907179649551584,0,0.1973873946462313,1,2,2,2,2,2,0.44972325753913517,Medium
1,2025-01-30 06:00:00,157,0.3115134302579215,3,0.220401460781169,0.6235836085592102,0.0909525075717473,0.7562620239627833,0.7163132568004129,1,0.0833492817803859,0,0,1,3,2,1,0.3078990170129593,Low
4,2025-01-30 07:00:00,102,0.6148171312577345,1,0.1644533806023713,0.4133799810004351,0.4739916839489285,0.264763381246704,0.9979592127769472,1,0.4050771557106523,1,2,1,2,0,1,0.45887786957044713,Medium
1,2025-01-30 08:00:00,185,0.043925445820461,2,0.4064083563206553,0.8610376896948472,0.1936363726470662,0.3095483909421943,0.3483674801624639,0,0.2445913861969352,0,1,0,4,0,1,0.41740418572997934,Low
1,2025-01-30 09:00:00,169,0.957446737475628,3,0.9270677914333064,0.2521238007512889,0.2083268769974125,0.527951539116494,0.8330182075527561,1,0.5755586130152449,0,1,1,4,2,0,0.6236096930596292,High
4,2025-01-30 10:00:00,101,0.5853903099153319,3,0.7107354139622442,0.9823868861889988,0.6614667243561922,0.2152296679133081,0.6976109249752185,1,0.698886114872953,1,2,0,3,1,1,0.7374443666736265,High
4,2025-01-30 11:00:00,186,0.9210788721610385,3,0.4190095831848381,0.6145373157018124,0.9115400842833752,0.8853560658008761,0.6913604995453317,1,0.309948879354517,0,2,0,4,0,2,0.6118571797492065,High
4,2025-01-30 12:00:00,143,0.5254260111644306,0,0.517434931771076,0.7946252660385117,0.4037945202289876,0.0843641624840287,0.325689845355505,1,0.6851063274780855,0,1,1,2,2,2,0.6175548426033228,High
4,2025-01-30 13:00:00,101,0.2066799618949261,0,0.0840375830034079,0.0856697054180739,0.2076921634571001,0.4442265841613866,0.7856067244232097,1,0.3423984214088803,0,2,0,1,0,1,0.20433316420255532,Low
3,2025-01-30 14:00:00,180,0.9434733932212142,0,0.9851035912967944,0.1836687156946704,0.6489036119838532,0.8502241529906995,0.9004185698837546,0,0.6345636150529221,1,1,1,4,2,2,0.6386799081174093,High
2,2025-01-30 15:00:00,134,0.7454983929986378,2,0.6666865312609043,0.7594410295991673,0.8714515543297213,0.6160935137133456,0.2183675502789479,1,0.6326540317414029,1,0,3,2,1,2,0.6932381430771754,High
1,2025-01-30 16:00:00,197,0.9280955920976488,2,0.2853857570268663,0.0219652263600906,0.7485237457431502,0.2918142294640626,0.6254492971141692,0,0.2773341935272421,1,1,0,2,0,1,0.52626980999501,Medium
4,2025-01-30 17:00:00,186,0.98888008475708,3,0.5860246784317937,0.8179994034592993,0.8690205606039051,0.4205485782708278,0.392010808194972,0,0.6353191174361358,1,2,3,2,0,0,0.7745968688390399,High
4,2025-01-30 18:00:00,129,0.4399143971296552,2,0.1093266715685774,0.0139161685276356,0.5366569578387346,0.7071588032305904,0.989619891651119,1,0.3802508703694281,1,2,3,4,1,1,0.2645182240713069,Low
4,2025-01-30 19:00:00,107,0.8656907434940929,1,0.966349729646951,0.6580105914443635,0.7520829135466544,0.9743554260987974,0.4787372088913719,1,0.3356982148982779,1,1,0,1,0,2,0.7062713596913122,High
3,2025-01-30 20:00:00,121,0.4307642827254031,3,0.1746802903556983,0.3655658659397491,0.1399746379990276,0.8940439635025437,0.2281424650877674,1,0.2884753667455697,1,1,2,3,0,2,0.2613639176326978,Low
4,2025-01-30 21:00:00,143,0.4015299899395482,3,0.6482951934257828,0.612321017363784,0.3482856288724746,0.3420359844126541,0.381730236114282,1,0.3448993739908258,1,2,2,3,0,1,0.5358579459830626,Medium
4,2025-01-30 22:00:00,157,0.876203025257966,1,0.2454049531365336,0.696979098967457,0.3895801868284965,0.9993515224830684,0.653800138333785,1,0.7865194433111428,0,2,3,4,2,2,0.47833211404393056,Medium
4,2025-01-30 23:00:00,135,0.9777134284773108,3,0.7178805571223832,0.3429146488962288,0.5113857881982131,0.0023064901403637,0.0758617712734217,1,0.2443143913278603,1,2,3,4,2,0,0.7188433208878466,High
2,2025-01-31 00:00:00,168,0.0928855690387372,2,0.7771868197920275,0.1080647489651156,0.929368931483694,0.0264886229114682,0.6035472044874035,1,0.6816383568521449,0,0,1,0,0,1,0.5245630932865482,Medium
3,2025-01-31 01:00:00,176,0.8605369877404938,0,0.6737044317109402,0.0696930857819786,0.8745625756137648,0.8245819141344055,0.93127741692682,1,0.9005294940142885,0,0,3,1,1,2,0.5549960712411581,Medium
4,2025-01-31 02:00:00,192,0.9357010265221998,1,0.6147381502721878,0.5897297572777923,0.1344328857323123,0.1987278294900014,0.8503889441049122,1,0.3496886989819996,1,1,0,2,1,0,0.6459115040905019,High
1,2025-01-31 03:00:00,130,0.9200839558052368,2,0.8929248596306087,0.5213509301117986,0.1727155948040235,0.0597064893616892,0.0674431784179729,1,0.0283931843056127,0,1,2,2,0,2,0.7244737556976713,High
1,2025-01-31 04:00:00,146,0.214860756225461,1,0.0784469202898703,0.7432150731996432,0.3576561034617295,0.2365023178551277,0.9934629101744664,1,0.0234813604832183,0,0,2,3,2,0,0.39014300160975174,Low
1,2025-01-31 05:00:00,154,0.0660551010051548,1,0.3309319951492968,0.5104153883264448,0.2907269899752867,0.4259011500504828,0.6987033837661478,1,0.1385137823288652,1,0,2,4,2,2,0.3310537276926224,Low
3,2025-01-31 06:00:00,179,0.5508753928472859,3,0.2482401826250024,0.4230001831473186,0.6149111572220032,0.7310871351531563,0.1620814721965031,0,0.1090209806023226,0,1,0,1,0,1,0.41695253380786285,Low
3,2025-01-31 07:00:00,161,0.7751155171339287,3,0.9885443418850764,0.3986065541086978,0.9030558692777269,0.6246052231505377,0.0121676211280676,1,0.7478141880173651,1,0,1,3,2,2,0.7124038724955692,High
1,2025-01-31 08:00:00,129,0.8203931143775429,2,0.3894526741043416,0.0264320190340155,0.9626002147633907,0.236976580864336,0.1710862343837713,0,0.2940449001319943,0,1,0,1,2,1,0.5665913960121324,High
4,2025-01-31 09:00:00,154,0.2806398625368363,1,0.7329436277841557,0.3359866862624051,0.6537619813534936,0.5032539028165262,0.8381980830695577,0,0.6521259457224606,0,2,0,4,1,0,0.49316942161327404,Medium
3,2025-01-31 10:00:00,115,0.9472104504055342,3,0.6850186954678266,0.9773703533265248,0.8384076983324475,0.9271975527679036,0.021393879681284,1,0.0413518269484694,1,1,2,2,0,0,0.7402128789683268,High
1,2025-01-31 11:00:00,111,0.2928515148547467,3,0.2120056658220157,0.8747584718762172,0.5252989836734724,0.8157282921409486,0.2329711769284599,0,0.2949355088612373,0,0,0,0,2,2,0.4076015932743126,Low
1,2025-01-31 12:00:00,116,0.117079620017628,1,0.2389431284947227,0.3297986686526188,0.2082701173463432,0.3227474633546663,0.7573012536799919,1,0.2332687948938188,0,0,3,1,2,1,0.28779381895736295,Low
4,2025-01-31 13:00:00,115,0.5225180509432786,2,0.281263035059125,0.5885875000625111,0.5247849464649049,0.983380532391504,0.5860500876248924,1,0.2760534911846394,1,0,0,2,2,1,0.39987343362411326,Low
2,2025-01-31 14:00:00,111,0.6679995281381043,2,0.4112071482269648,0.8484618922402857,0.5551938701287582,0.7090893771353035,0.7827397030448813,0,0.1897890896852522,1,1,2,1,0,0,0.5664097214883427,High
3,2025-01-31 15:00:00,107,0.9644756991123654,1,0.2342668649347636,0.4418557972470169,0.7426596674576175,0.0613905489696766,0.746142506257627,1,0.6174913773152242,0,0,2,1,0,0,0.6402471682343768,High
4,2025-01-31 16:00:00,183,0.2930440434112944,2,0.0194256363446925,0.0179307765869293,0.2198317622654043,0.0340373863145924,0.0503654337403123,0,0.6623010328453994,0,1,0,1,2,2,0.25957273164900435,Low
1,2025-01-31 17:00:00,102,0.3050765217546141,3,0.8798386109767993,0.0745646730537237,0.3683311084193635,0.1675996669704735,0.8925513891243047,0,0.1474869591097126,1,2,3,4,1,0,0.4912514340109315,Medium
1,2025-01-31 18:00:00,115,0.7179534548303523,1,0.966122715075418,0.5110735444594557,0.3640461193014163,0.728370324392744,0.2268537033391009,1,0.7408667353743005,0,2,3,3,1,0,0.6185851206046347,High
4,2025-01-31 19:00:00,129,0.4636822143677496,3,0.3415959377270032,0.9707801111340492,0.9597468862820814,0.1829668918088107,0.5533212690903755,0,0.2491867954113523,1,0,2,1,0,1,0.6619925594214885,High
3,2025-01-31 20:00:00,122,0.3251929737092797,0,0.3385300377267048,0.6941531775650867,0.4440023523536382,0.5114896502965967,0.6442467750989207,0,0.2821026120583627,1,1,3,4,1,1,0.4446382936805697,Medium
2,2025-01-31 21:00:00,191,0.9564306763650609,0,0.0068561581113906,0.0709652356533047,0.7553021963447593,0.0922741613385835,0.1684309390285185,1,0.8286325192227727,1,1,3,0,2,1,0.5044689610007003,Medium
2,2025-01-31 22:00:00,104,0.9530007745657536,2,0.6805407256515541,0.1895801926988274,0.7510175343337662,0.921857007993415,0.976298664654822,0,0.9010754677199322,0,0,1,3,0,0,0.5706754925451452,High
1,2025-01-31 23:00:00,183,0.4122414775509477,0,0.8258433161139875,0.7723790724428177,0.2655150927319055,0.3435674019010861,0.4880634046666738,1,0.8245757130103843,0,1,1,4,0,2,0.6022891665294203,High
3,2025-02-01 00:00:00,164,0.090557420250888,3,0.1464815987270507,0.8425964868260022,0.5719890960104352,0.9090727513890912,0.0574090498993626,1,0.1467834599224793,0,0,3,0,1,2,0.3272165038028867,Low
2,2025-02-01 01:00:00,129,0.7121074865786452,0,0.1595498451956611,0.6185296633927785,0.8945786072649236,0.9459032119404064,0.937316681155754,1,0.9992929341921944,1,0,3,3,0,0,0.48392157492080984,Medium
3,2025-02-01 02:00:00,120,0.6698257672207335,3,0.7904590591651297,0.645296671081465,0.4752702620160536,0.0049366779751331,0.5862074464751368,1,0.6717947660807961,0,2,1,4,1,2,0.714680578418897,High
3,2025-02-01 03:00:00,183,0.4586998424159328,2,0.6165308372471394,0.0283252846171841,0.9454178549041136,0.464026111922285,0.6991698108580604,0,0.5101174404521847,1,0,1,0,1,0,0.4966814882864792,Medium
1,2025-02-01 04:00:00,169,0.78499790778216,2,0.0446543978241853,0.8296684281225731,0.2144043720981892,0.0235078919012101,0.5250953712100357,1,0.95481428996121,0,1,1,4,2,2,0.5519812340556478,Medium
2,2025-02-01 05:00:00,121,0.4451226840929123,3,0.6227919650612319,0.7893555072007638,0.0740372351487296,0.9096347868531576,0.8347589904189181,0,0.8171910923914444,1,0,2,0,1,0,0.4495101309730246,Medium
4,2025-02-01 06:00:00,181,0.346933120253559,0,0.3089177739960054,0.2593546227466471,0.891728205959469,0.5184267890531431,0.0328917839607751,0,0.6914055016524548,1,2,2,1,1,1,0.4218288606476694,Low
1,2025-02-01 07:00:00,171,0.2877500645471461,2,0.3687719122212241,0.7096425904842917,0.8479343109121108,0.073914747915599,0.2682137850406572,1,0.8382327424665943,0,2,1,1,0,2,0.5721619467384276,High
2,2025-02-01 08:00:00,131,0.8740729694358135,1,0.7700913340734863,0.2151105723903277,0.9929132368762544,0.1093310028857197,0.4695497393932737,1,0.3847676808635819,1,1,1,3,2,1,0.7366005254539707,High
2,2025-02-01 09:00:00,132,0.7958540700314278,2,0.8113272858365959,0.0403352356633314,0.6795650195176712,0.3832093196395483,0.0763761847736455,1,0.6840922890392388,0,0,1,0,2,1,0.6043157410813906,High
2,2025-02-01 10:00:00,115,0.5421403833655327,0,0.4004280856502271,0.2013727878592987,0.9369841877852516,0.9412507888288796,0.7058854824430918,0,0.189651176754535,0,1,2,1,1,2,0.42527668466925556,Low
2,2025-02-01 11:00:00,175,0.3677395589426733,1,0.9476514061021036,0.1788327656462451,0.8271920876109002,0.6933409811608988,0.3935398941186765,1,0.988012640839956,0,1,2,3,0,0,0.5346919603579434,Medium
2,2025-02-01 12:00:00,137,0.1475469858708523,0,0.4065389452105556,0.3381806307249135,0.8446778681953895,0.8684637730987106,0.2725048158920389,0,0.588522917754567,0,0,3,2,0,1,0.35258972317983656,Low
3,2025-02-01 13:00:00,197,0.2816781812839986,3,0.772197594571544,0.4189981453355312,0.569259654571229,0.3661166234619613,0.0031274169461379,1,0.8140442359142984,0,2,0,1,0,1,0.527740027697382,Medium
1,2025-02-01 14:00:00,113,0.7282042093642329,1,0.4840139473973317,0.509217049595659,0.3823921373709738,0.0421094127647818,0.7198136881317885,1,0.4066667856236219,1,1,3,1,2,0,0.6059403578004517,High
3,2025-02-01 15:00:00,135,0.0991488679766027,0,0.8979920462461117,0.4773863403759362,0.9348533011629948,0.9754148188208008,0.8338300401650169,0,0.7583301502001739,0,1,0,4,2,0,0.488678268982195,Medium
4,2025-02-01 16:00:00,196,0.8045479028854801,1,0.9082289514732068,0.2710108171662229,0.4321688338376099,0.0160071341689249,0.3949174670755351,0,0.3866882604064368,1,2,0,2,1,2,0.694820631973219,High
2,2025-02-01 17:00:00,122,0.469905449559744,0,0.0872438816479761,0.0291597006185255,0.5389227519439754,0.948685786611144,0.5641503538016328,1,0.5895475120786452,0,0,0,0,1,2,0.23365481772555985,Low
1,2025-02-01 18:00:00,165,0.8022075123975037,1,0.9369834769688368,0.6059185961563588,0.4461727507955269,0.368342651696975,0.2275087095845924,1,0.7778992082207207,1,0,3,3,0,0,0.7176559814376396,High
2,2025-02-01 19:00:00,184,0.0488543994444493,0,0.8259383360320613,0.3962608384267385,0.5649343022738278,0.0089078027196625,0.6221490250171822,1,0.1154576362257128,1,0,2,2,1,1,0.5313543264876002,Medium
1,2025-02-01 20:00:00,101,0.0035845923736434,3,0.7916874820737767,0.2990486170680374,0.4705753466802721,0.6895801904140391,0.0118888989567527,0,0.3560531096041088,0,2,2,0,0,0,0.37577701546539743,Low
3,2025-02-01 21:00:00,190,0.1004476010719278,1,0.2008270450883018,0.8681344296155206,0.0478329909670995,0.981652198295641,0.4885515055934861,1,0.5444261998392677,1,1,2,1,2,2,0.2588726663638803,Low
1,2025-02-01 22:00:00,172,0.375232592302419,1,0.8055067600248469,0.7477639017553973,0.8823179591876963,0.9667023536066954,0.6441640733164429,1,0.3332380774198224,0,2,2,3,1,1,0.5820799592700461,High
4,2025-02-01 23:00:00,164,0.8786558168107478,1,0.8505554385033312,0.8589457447289189,0.4444514285377652,0.1601110651482997,0.9182401596115832,0,0.3083783095183663,0,1,3,3,0,1,0.7967430172827233,High
4,2025-02-02 00:00:00,174,0.8858160985033966,1,0.289134948600356,0.4956414649532038,0.5890713321614133,0.1804698821192318,0.3812082569999391,1,0.2808427143859328,0,1,1,2,2,2,0.6041562722729061,High
1,2025-02-02 01:00:00,166,0.7983803117849735,3,0.9527625367941044,0.1310665722770981,0.1390974563690737,0.5656695946408705,0.7651884453882891,0,0.2269068846855474,1,0,0,4,0,1,0.5500132058594196,Medium
1,2025-02-02 02:00:00,151,0.3951732089279832,1,0.0496578909395202,0.6971694012800639,0.0032316692754671,0.637605187170204,0.5976303756929096,0,0.8487524537373524,1,0,2,0,1,0,0.3054856275386781,Low
1,2025-02-02 03:00:00,161,0.8856235699468488,2,0.1497851294372478,0.2063171228373647,0.2452511829108983,0.7399597068900412,0.9270633900412456,1,0.9236252561695208,1,0,2,2,0,2,0.37590932081662565,Low
1,2025-02-02 04:00:00,122,0.2455406825081686,3,0.5377597600119395,0.4418110653757163,0.7047697762346782,0.1802719696920185,0.3982557007511462,1,0.6998418521926277,1,2,3,4,2,1,0.5128619946865692,Medium
4,2025-02-02 05:00:00,125,0.0476836477595463,2,0.5760009335739309,0.0650413293501091,0.0990847960160876,0.9600680686703038,0.3189473813658121,0,0.028881207698253,0,0,0,4,1,2,0.18978192030525867,Low
2,2025-02-02 06:00:00,167,0.1358973388769687,1,0.6454127094010875,0.8264419393142998,0.9091702245452912,0.6390430085450884,0.8871802089771277,0,0.7860071426464195,0,2,2,4,2,1,0.5511349823324043,Medium
1,2025-02-02 07:00:00,181,0.9442334915109376,0,0.0167411881749832,0.1260687868380009,0.2149689857077156,0.8478431862135394,0.0490080032950397,1,0.5314137571642494,1,0,1,3,1,0,0.32052629721320686,Low
1,2025-02-02 08:00:00,154,0.6889161421283643,2,0.960875563840589,0.9043428713336684,0.2045349749546651,0.5401361673961691,0.1361775539761125,0,0.7578508539708629,1,0,2,0,0,2,0.6929763218927464,High
4,2025-02-02 09:00:00,105,0.3511642969702905,1,0.0443817201537841,0.8654200925946872,0.1814381309549303,0.4140498890624191,0.0821789041753437,0,0.4367006728850953,0,0,0,0,2,1,0.38707875908383277,Low
4,2025-02-02 10:00:00,134,0.9892829479794516,2,0.1429324816305299,0.4651977324655186,0.0138306698969158,0.9782868627504756,0.8431337360166347,1,0.0401769215171228,1,2,1,2,2,0,0.3814249749675651,Low
3,2025-02-02 11:00:00,121,0.4064522662725581,1,0.0137842690317075,0.7453853838803423,0.772021798829933,0.5822912577994421,0.0103583625658192,0,0.6813956515609645,0,1,3,1,0,0,0.4325957917567085,Low
1,2025-02-02 12:00:00,142,0.06589484602167,1,0.5670599188606993,0.6202826674733156,0.8753009043861824,0.8677167275877233,0.8616870135041204,0,0.4434988031649859,1,2,1,2,2,0,0.43343285123502423,Low
3,2025-02-02 13:00:00,114,0.2428430569528405,1,0.9327537290073196,0.8041772180487351,0.6143026118177536,0.9543398666653152,0.4511631544080823,0,0.8739210472385909,1,2,0,0,2,1,0.5537290518726528,Medium
4,2025-02-02 14:00:00,185,0.8985229832355482,0,0.6662260333090184,0.4323729485799369,0.1881333951321556,0.6757449513198861,0.0037740608501239,0,0.737855138494914,1,2,0,3,2,1,0.5545201104239694,Medium
4,2025-02-02 15:00:00,159,0.2588819098832809,2,0.8230587159564957,0.786885237182484,0.2852584713130913,0.5490301095433365,0.4015242731784849,0,0.3588322811913602,0,1,1,2,2,0,0.5382964581619042,Medium
2,2025-02-02 16:00:00,111,0.0045872989022533,3,0.0130503822950716,0.4630687288902504,0.4759995933137702,0.002312692149172,0.1866095249959938,0,0.7237825773218346,0,2,2,1,0,0,0.31807620125207103,Low
1,2025-02-02 17:00:00,148,0.1685303727708977,3,0.5421973832223834,0.9422655904850746,0.9546507728968217,0.038907802036908,0.6243525881574419,1,0.4946391776439089,1,0,0,2,2,0,0.6534965027243222,High
3,2025-02-02 18:00:00,141,0.124662796805584,3,0.4596806725093143,0.4870183925785133,0.2473134603395341,0.2001196416962205,0.6793289023679616,1,0.1985255685167117,1,1,1,4,2,0,0.4005686186409243,Low
4,2025-02-02 19:00:00,137,0.5940707881874271,3,0.4991164118636912,0.4632314172993068,0.731842765949675,0.1852417637601369,0.4874348130403627,1,0.4192280276192113,1,2,0,1,2,0,0.5979332338010717,High
4,2025-02-02 20:00:00,181,0.956302694954639,1,0.0720283861014321,0.7861475555539388,0.4395034354176149,0.2541546779711665,0.0402802678789118,1,0.2216712873739846,1,2,2,4,1,1,0.5921145949917728,High
3,2025-02-02 21:00:00,144,0.3214147398972587,2,0.6847286663395487,0.8227058654891578,0.2978339160298658,0.3044491544123215,0.6560913035334477,0,0.0038286911535072,1,1,2,3,1,2,0.565084738899665,High
2,2025-02-02 22:00:00,134,0.0580212070761478,2,0.5033722033962107,0.5552333291458666,0.4559791322700208,0.3597103596627073,0.8420622119848449,1,0.2459332585360247,1,2,1,0,0,2,0.41583533433835995,Low
4,2025-02-02 23:00:00,129,0.2010354252544048,0,0.7655051869589267,0.180003382817063,0.0710834156742046,0.4203255344504413,0.7203078155980605,0,0.2086148320916264,1,1,3,2,0,2,0.3752495118003099,Low
1,2025-02-03 00:00:00,187,0.8208026548908931,2,0.4854284206416779,0.4683777639437413,0.7989167329355733,0.0978936347530545,0.829977388012074,1,0.0031883252480069,1,0,3,2,0,1,0.6753867863992689,High
4,2025-02-03 01:00:00,129,0.0950723818342073,2,0.1492571003829941,0.9694112733906356,0.243262053438749,0.0412556312791316,0.2003227003173515,0,0.7836965926965617,0,2,2,4,2,2,0.4352655885563701,Low
1,2025-02-03 02:00:00,177,0.3653746850544422,2,0.6485220064359412,0.7540157615897787,0.725605963246517,0.6743314392106523,0.8889267221454846,1,0.075922069496532,0,2,3,4,1,2,0.5619685037959313,High
3,2025-02-03 03:00:00,105,0.4506325620320331,0,0.1722797914114597,0.8122758051748511,0.0682236839286458,0.5373988201366995,0.3220465075002223,0,0.4484352019886045,0,0,2,0,1,2,0.39780697896463535,Low
1,2025-02-03 04:00:00,166,0.6207298724192271,3,0.87283465216989,0.0328197849431704,0.9554037422824928,0.443987860983378,0.0131566702504821,1,0.4172225204396945,0,2,3,2,0,2,0.6066674703307805,High
3,2025-02-03 05:00:00,179,0.3560086715752175,2,0.6133538488831582,0.468479141148086,0.1929507330477066,0.6347335282793634,0.8434155180889029,1,0.1804684537378068,1,2,2,0,1,0,0.4197690390594626,Low
1,2025-02-03 06:00:00,106,0.1283119363253532,0,0.1570854563646373,0.6474977948394567,0.883012185767164,0.8284298827039298,0.9418773995601272,1,0.9668555790810542,0,1,0,4,0,1,0.35903625259987404,Low
3,2025-02-03 07:00:00,151,0.5387282876755015,0,0.9628483861395144,0.8311730120109987,0.8097078003172689,0.4274976710383382,0.6555205095757073,1,0.6032922278233573,0,2,1,4,2,2,0.7489602902477933,High
1,2025-02-03 08:00:00,113,0.9486338262657916,1,0.5185290791411286,0.0492915851037838,0.9681712965805044,0.6414288449871559,0.2312599431262763,1,0.8133191797445999,1,0,1,1,1,0,0.575660411111489,High
2,2025-02-03 09:00:00,172,0.7574184702771521,0,0.0727141877851553,0.8536114245402825,0.4779645089734854,0.9546203557481088,0.2515744325339575,0,0.4955722350123831,0,2,3,4,2,2,0.4567570724074399,Medium
1,2025-02-03 10:00:00,114,0.4424617836379662,3,0.627081226025684,0.5491363993765633,0.7275920962590692,0.8404032138966142,0.4664932550373915,1,0.7225110364341358,0,1,1,4,2,2,0.5102913646455934,Medium
1,2025-02-03 11:00:00,120,0.4450514596558079,2,0.2531554455027156,0.1975447206247299,0.3707325469618526,0.4258015716879122,0.8978727930706816,0,0.9697697150864644,0,0,3,0,1,2,0.3558003167056679,Low
2,2025-02-03 12:00:00,134,0.4847991470873657,0,0.8040798897268802,0.3176583906046586,0.1842997939414118,0.6450347232476905,0.1493941473115072,1,0.3476627842644436,0,0,2,1,0,2,0.46664119792855147,Medium
4,2025-02-03 13:00:00,165,0.3073234301688909,3,0.8182195449227738,0.2822819427408096,0.4431329036782844,0.1762831222955259,0.8259918328621452,1,0.5037051148679066,0,0,0,1,1,2,0.5278695995284919,Medium
4,2025-02-03 14:00:00,190,0.7083648649851765,0,0.9794706552622748,0.5315692791856335,0.1656715451908931,0.5606410035423746,0.2911457416118705,1,0.5139902816428382,1,0,1,2,2,0,0.6190273171462672,High
1,2025-02-03 15:00:00,101,0.4134133421176805,0,0.5020202646123066,0.0517070788922408,0.9823628716618386,0.9824420484908848,0.8085986342148292,0,0.992011534485777,1,1,0,3,0,2,0.389187940936588,Low
2,2025-02-03 16:00:00,134,0.4023334906206319,0,0.4550709776777464,0.1587111626745004,0.0961353279106081,0.5183341409840543,0.9203202654836018,1,0.2322204711874127,1,1,1,2,2,0,0.3327635276484778,Low
1,2025-02-03 17:00:00,181,0.8751524648106765,0,0.7538228265222935,0.8138084447875706,0.5893395370625095,0.928625113871662,0.4273814394835864,1,0.6749505789262061,0,1,2,2,0,2,0.6691126752693837,High
3,2025-02-03 18:00:00,177,0.9822328415879488,0,0.1323329141561342,0.132741715578353,0.626609727737386,0.4070915487350091,0.3649177567647559,0,0.1372390702202613,0,1,1,2,1,1,0.48811750890204786,Medium
3,2025-02-03 19:00:00,119,0.8753138326759912,3,0.5471014252756559,0.2336788903881795,0.53818256892057,1.0000000000000002,0.8022316977725614,0,0.9270136519566274,0,2,1,1,2,0,0.4830669779036331,Medium
1,2025-02-03 20:00:00,181,0.5936935212471399,2,0.5464329900175589,0.4539694553514123,0.6623490753149067,0.5793830623944507,0.5294038752402879,0,0.5899247887301643,1,1,2,0,0,2,0.5382704208245256,Medium
4,2025-02-03 21:00:00,109,0.5284196632864736,2,0.0893018024314862,0.5178113834442812,0.11607927540886,0.0411624738237148,0.6844208291655609,0,0.8592718150059846,0,2,3,4,0,0,0.41923016335611796,Low
4,2025-02-03 22:00:00,124,0.9969551553137882,2,0.4180693101815942,0.7646553213354141,0.5551297618334073,0.5869356387751827,0.6227808226926212,1,0.895144106838716,0,0,3,1,1,2,0.6519162990996622,High
1,2025-02-03 23:00:00,165,0.4738172291913355,2,0.8537099639362189,0.4479225961000159,0.2871939833312811,0.2740154257190421,0.1526864154468417,0,0.5566135254032455,0,2,2,4,0,2,0.5734431011437277,High
1,2025-02-04 00:00:00,124,0.0906909660704587,3,0.8565810277225798,0.7909472049599705,0.940474015377903,0.0313516600062873,0.8448146904569591,0,0.6816582463833118,0,2,3,4,0,0,0.681375792745996,High
3,2025-02-04 01:00:00,153,0.0248517641402765,1,0.0990739699940008,0.6191823211449181,0.762283265088752,0.8215876408056983,0.1955867365468848,1,0.6983913346692576,1,2,1,3,2,2,0.295922241405011,Low
4,2025-02-04 02:00:00,132,0.5358069728723925,1,0.0905505367858485,0.1132094255012335,0.9728281110686308,0.2751751024502797,0.9323351483607748,0,0.4598704276648857,1,1,0,2,1,2,0.4338792138075596,Low
1,2025-02-04 03:00:00,135,0.7767458890145209,3,0.2626594316767883,0.1565032731248161,0.0374164549063472,0.7972254248860455,0.2504008751837296,0,0.4341975967168779,0,1,2,3,1,2,0.3271806393008358,Low
3,2025-02-04 04:00:00,194,0.7552160771360654,3,0.875208003351067,0.4376090897651408,0.2851135793470632,0.2876925744722189,0.7338689545495871,0,0.1852541952783065,1,0,1,2,2,2,0.6447409888060379,High
4,2025-02-04 05:00:00,113,0.0079092511640743,0,0.1287620564630855,0.3974070470598202,0.1953595014233863,0.1935793523712452,0.2844961478094721,1,0.3832138269117062,1,1,2,1,2,2,0.26391625867657514,Low
2,2025-02-04 06:00:00,164,0.5280768956829088,0,0.7203178790011386,0.7445602647487233,0.011002173719722,0.9750318523846688,0.3176370207693155,0,0.9907721981826384,1,2,0,4,2,2,0.4664062948210144,Medium
3,2025-02-04 07:00:00,179,0.2603553654258776,0,0.1010034302908773,0.5815190880331157,0.2422853824665989,0.361293929169729,0.3098509140208427,0,0.2690262765670281,0,1,1,3,0,0,0.33879223453034235,Low
4,2025-02-04 08:00:00,153,0.9698342251226396,2,0.6233832897714173,0.388638147149092,0.6789472155753621,0.6015916238700294,0.7478848272894805,0,0.7621867845411106,1,1,1,1,1,1,0.6376353469091325,High
4,2025-02-04 09:00:00,151,0.1935946973406576,0,0.3561041709317136,0.1709528606775382,0.2310431270398668,0.6102172512567101,0.5567450685614048,1,0.0582637915759434,1,2,0,1,1,2,0.26473917057107393,Low
3,2025-02-04 10:00:00,102,0.3929096072862599,1,0.7892888590247431,0.2271102939843857,0.5090923761864635,0.560592185669837,0.8829892930705205,1,0.4668666464197276,0,0,0,2,1,0,0.4832467039521219,Medium
2,2025-02-04 11:00:00,198,0.9773584191736184,2,0.2336317525163755,0.5762754394064872,0.8880906852578531,0.9156519572932188,0.3072209187834036,0,0.0573253475053118,1,1,3,4,0,1,0.5638684399984911,High
3,2025-02-04 12:00:00,140,0.9706321613945744,0,0.6394598103023375,0.4239946255460199,0.6939364152608707,0.6748292357002486,0.6919667750196707,1,0.4752076124244354,1,0,1,2,1,0,0.6401879949675253,High
4,2025-02-04 13:00:00,105,0.4569003124972178,2,0.2356253939524102,0.5156148510523118,0.3946625548602372,0.4034811160961007,0.7529428300681091,0,0.0264312685550578,1,2,0,2,1,1,0.4249316126374898,Low
1,2025-02-04 14:00:00,124,0.1591532304733754,1,0.7139764110886138,0.1708698934292568,0.3724916812059153,0.8632129057576767,0.1512792217964444,1,0.6128646752526632,0,1,0,1,1,1,0.32884820539358445,Low
1,2025-02-04 15:00:00,112,0.0937725358570525,0,0.8741191256808507,0.6638063245475463,0.4557989219373969,0.1802845379817501,0.4004681072570875,1,0.5860474003092064,0,0,1,2,1,1,0.5660613378873321,High
3,2025-02-04 16:00:00,197,0.986721094007354,1,0.1266596299432625,0.8537114233033777,0.1769694451392834,0.5443170715837085,0.4827231933288449,0,0.7976308683964529,1,0,3,0,2,0,0.5439853216816659,Medium
4,2025-02-04 17:00:00,107,0.5738274677041694,1,0.8670312488778817,0.2582574103733156,0.6341502936000941,0.9515913590996236,0.3555514238838995,0,0.5828206999519443,0,2,2,4,0,1,0.5142500013952465,Medium
1,2025-02-04 18:00:00,120,0.8964708291414786,1,0.5937976040283293,0.4921679097571032,0.3641715299578517,0.6256698376783598,0.3219656263224868,0,0.925938014643762,0,1,3,2,1,2,0.5817759440857965,High
4,2025-02-04 19:00:00,197,0.4415436561284176,0,0.126968562751095,0.9768768163467642,0.8526207329677687,0.8176936013774034,0.6863923206151306,1,0.7828748702929119,0,0,0,2,1,2,0.49274248772778584,Medium
3,2025-02-04 20:00:00,167,0.0697699005528797,3,0.4276345440123337,0.3336678964757247,0.7567615962410857,0.6538995211457366,0.215684607411587,0,0.1316593365205183,1,0,2,3,1,1,0.35651400170075065,Low
1,2025-02-04 21:00:00,124,0.6612899635865066,0,0.160744721703977,0.5958488636637553,0.6106513040914937,0.8401489818938708,0.7093707002212981,1,0.2646327100544726,1,0,2,4,1,1,0.44025379238501544,Low
4,2025-02-04 22:00:00,178,0.7017921848986387,1,0.7006536207549752,0.090272460085629,0.3642209574523276,0.9455145330645331,0.9350981059020308,1,0.0251078458964074,0,0,3,4,1,2,0.4314719070886984,Low
1,2025-02-04 23:00:00,167,0.5300211002394922,0,0.759219566697622,0.6068332894479767,0.2098757801665846,0.2723605540829366,0.5651302189769505,0,0.3854358866210057,1,0,2,2,2,0,0.5843041085364211,High
3,2025-02-05 00:00:00,144,0.7837737377694287,1,0.1056379473737454,0.0897077225048184,0.7763703014779069,0.1688557620776261,0.6113820879301481,1,0.5089837366414318,0,0,0,0,2,0,0.4814216466967994,Medium
4,2025-02-05 01:00:00,159,0.7766468425316726,3,0.5062939211175852,0.9605615018890444,0.4864870765380508,0.4839286208298865,0.0687027565567137,1,0.94590863591568,0,0,1,3,0,2,0.6632312596463479,High
1,2025-02-05 02:00:00,111,0.5409807604989272,2,0.8150200307259823,0.7166385653673849,0.2247011701550781,0.7023154252165309,0.8645076857551419,0,0.521729936207732,1,0,1,0,0,0,0.5606857726204865,High
3,2025-02-05 03:00:00,131,0.7274574656564667,3,0.9366529292754336,0.7892399212410977,0.1951114096148033,0.226521956256398,0.2852888012109225,1,0.7807958480896614,0,0,1,2,1,0,0.7191640009849555,High
1,2025-02-05 04:00:00,195,0.4794350566679428,3,0.5136776968993986,0.7050636581975552,0.1653232655486107,0.0029046880607856,0.615000202113513,1,0.2671865439659729,0,0,3,4,1,1,0.5636537066545202,High
1,2025-02-05 05:00:00,191,0.0052873015731697,2,0.9507801351283328,0.5905239108052678,0.7773801228760686,0.3425394795045213,0.9791805218747798,0,0.152185442922295,0,1,1,4,2,0,0.5723477378421613,High
2,2025-02-05 06:00:00,112,0.2466424355196268,0,0.5358661147603268,0.4505066599630817,0.2289403713377584,0.9699436116733896,0.5954452304081859,0,0.8106392295967286,0,2,1,0,0,2,0.32457798351226,Low
2,2025-02-05 07:00:00,130,0.1973695925071892,2,0.3942571380741193,0.8595544499185673,0.5267397450734448,0.6954041567899485,0.7246944629230234,0,0.2465633728943217,1,2,1,1,1,0,0.444517910871565,Medium
3,2025-02-05 08:00:00,177,0.9556850455391244,0,0.848624325478073,0.9581582842707262,0.4516074379631069,0.4010678635844074,0.445213027834537,1,0.8712094738480202,0,2,2,2,1,1,0.8002899357652495,High
2,2025-02-05 09:00:00,119,0.1720203701890118,0,0.4931265040343939,0.4997006701654379,0.5797340586060202,0.1918249576012183,0.0601330902879977,1,0.1688965749758296,1,0,2,4,1,2,0.47441321773965933,Medium
3,2025-02-05 10:00:00,117,0.3819510599086547,1,0.472029841916959,0.9328212944372036,0.8774223014124244,0.3557251395825072,0.7976082135097304,1,0.8514375965655514,0,2,2,1,0,2,0.6283140586183318,High
2,2025-02-05 11:00:00,192,0.7005635633585884,1,0.4904541977223833,0.5841185898293025,0.8680102306044214,0.1690345358112646,0.0347577743816203,0,0.7726057343920901,1,0,0,4,2,2,0.6694245124550768,High
1,2025-02-05 12:00:00,159,0.8861499630523233,2,0.8472050913329892,0.5391052497378573,0.4511369208308513,0.1053507072536086,0.700634921775396,1,0.6107881297562533,0,1,0,4,2,1,0.7430277455804859,High
3,2025-02-05 13:00:00,162,0.3421499541492686,3,0.8323500394033176,0.4550831814650992,0.0152158788484999,0.907679781682563,0.0226765481234141,1,0.8500701218408163,0,2,0,1,1,2,0.4007720492560569,Low
3,2025-02-05 14:00:00,105,0.8823672777129834,2,0.4035939216272151,0.2095357247583688,0.4264927136325036,0.9988026869847972,0.8623353069826163,1,0.3299466103085054,1,1,1,0,1,1,0.42755094878387934,Low
1,2025-02-05 15:00:00,131,0.8162932577167227,0,0.3333189518383239,0.0036721052213322,0.6063295833797901,0.1632960061381965,0.1574351614555564,0,0.1650763429083424,1,1,2,2,1,1,0.5045925100192671,Medium
3,2025-02-05 16:00:00,192,0.0978423447084694,1,0.4920709939759986,0.2418005064290283,0.5578773280300785,0.0534450103501606,0.5141875029990537,0,0.1560722612789847,0,0,0,1,1,0,0.4215032836089104,Low
3,2025-02-05 17:00:00,142,0.6909482643494983,2,0.5729786138012078,0.5104030321887413,0.6514940357095964,0.3293042517344697,0.5970938744599141,0,0.2695242000537052,0,2,3,1,1,2,0.6163907935716937,High
2,2025-02-05 18:00:00,101,0.9063777031899646,2,0.2382821431286712,0.3804532689503616,0.1539926033688065,0.4615442513050929,0.4574428238036008,1,0.4455999189248166,0,1,2,4,0,0,0.46612286817928833,Medium
3,2025-02-05 19:00:00,159,0.7740504892228524,1,0.7943339175528281,0.4490770546707079,0.6466907012856512,0.2040990593184166,0.3406226322533829,1,0.8759027521606096,0,2,1,1,2,0,0.6983002589231468,High
4,2025-02-05 20:00:00,122,0.1124355641420571,1,0.4866214832873548,0.982005068535765,0.1825823424927057,0.3009311302445163,0.467715078085767,0,0.0884875916138264,0,1,2,2,0,1,0.4784129574017344,Medium
1,2025-02-05 21:00:00,182,0.2050785249419075,1,0.3340652227205587,0.3507230093413258,0.7507299943316343,0.2001392074882928,0.3112652785046188,0,0.9151682047957196,1,1,1,0,0,0,0.4375191568103829,Low
2,2025-02-05 22:00:00,130,0.6152722999261047,0,0.1066632201094752,0.4527800817523225,0.3390941731501108,0.7748847423666578,0.4380133978937566,1,0.9254329674482168,1,0,0,0,1,0,0.3556713109768774,Low
2,2025-02-05 23:00:00,104,0.5184226458097774,1,0.2387904895790265,0.1336545866178297,0.7100817513436735,0.7130562770182143,0.3587780821300381,0,0.7269407300054453,0,2,1,0,0,0,0.3655880223195858,Low
4,2025-02-06 00:00:00,182,0.3260009259176823,3,0.9497813038612736,0.0479737722273792,0.0477309818663087,0.6352463124204166,0.566137851434606,1,0.9001921250791036,1,0,1,2,2,2,0.39041301230709863,Low
1,2025-02-06 01:00:00,133,0.8048995735436829,2,0.3050967563414171,0.7764713182691342,0.4078999245714484,0.3869269212553521,0.2377496010992739,0,0.7697414089649983,1,0,3,4,1,0,0.5859392966225162,High
1,2025-02-06 02:00:00,109,0.1529667203817629,1,0.1687499642658132,0.5714506700154677,0.7052184837811172,0.9099837850768646,0.9887280350733731,0,0.5277705878273994,0,0,2,2,2,1,0.31400450997062546,Low
2,2025-02-06 03:00:00,188,0.1731121072640023,1,0.4607913533492853,0.761745470651891,0.2268226762623752,0.9706184094446456,0.5007815687838462,0,0.6003053291425513,1,0,1,1,0,2,0.3492555993063596,Low
3,2025-02-06 04:00:00,101,0.3306026922837225,0,0.3070863654211093,0.1500253344872949,0.7955147584119567,0.1728433994323732,0.1939731739005084,1,0.627811995261611,0,0,3,3,1,1,0.4328280351706044,Low
2,2025-02-06 05:00:00,110,0.0137374133065054,0,0.0349455143965471,0.5725979130023994,0.630927697814616,0.2223334647278472,0.4769705638251784,0,0.1258892973451069,1,1,3,3,2,2,0.33797944948925834,Low
1,2025-02-06 06:00:00,149,0.0843475396408507,2,0.3231563791516534,0.2539542006367868,0.5876887859058182,0.5256673512609498,0.8664465468866687,1,0.1921282146649423,1,2,3,3,2,2,0.31197003502221365,Low
4,2025-02-06 07:00:00,130,0.6892700385502266,3,0.5442923434290694,0.2283367691735718,0.3535624245286834,0.0902598591306902,0.0215614027457051,0,0.5228325271699171,1,2,0,0,1,2,0.5435533341392373,Medium
2,2025-02-06 08:00:00,155,0.4093657909028587,2,0.5519020295274126,0.0114896806465073,0.4825275293717271,0.4362738619077602,0.6795242955698211,0,0.1142105660617137,1,0,0,2,2,1,0.39955294135646435,Low
1,2025-02-06 09:00:00,178,0.9489409816508044,1,0.3565961769133488,0.1304751947924194,0.5974810594756061,0.5819603712665549,0.5478948478088475,1,0.9649641395791198,1,2,1,2,1,0,0.5048074318308798,Medium
2,2025-02-06 10:00:00,172,0.3260832791730843,3,0.4474108768449565,0.3096598036209065,0.4725333303229295,0.5221014832758488,0.1693610272361794,1,0.5065719191242205,0,1,2,0,1,2,0.39787027678575365,Low
3,2025-02-06 11:00:00,186,0.3059078444814416,3,0.9660307301512908,0.1169938792811485,0.6984940271946155,0.3304845116476984,0.817491817743538,0,0.3793808942152946,1,0,0,1,0,1,0.5465848468464504,Medium
2,2025-02-06 12:00:00,182,0.2963938177188594,3,0.3774019682172724,0.9872227794471968,0.4337493571543934,0.542521885589607,0.3687529815589458,1,0.156572212945703,0,1,0,3,2,2,0.4995776231081903,Medium
2,2025-02-06 13:00:00,108,0.3190932684003882,3,0.2581872782078276,0.309023427121754,0.2022134175190214,0.9598614487924924,0.2936457808042116,0,0.4158716502535747,1,1,1,3,1,0,0.24247761738538412,Low
1,2025-02-06 14:00:00,198,0.8566686105002627,2,0.2434159826236817,0.1304583938077317,0.2138796713369164,0.2052980446847034,0.8281440602647816,1,0.30162930823847,1,0,1,0,0,2,0.4524000710403644,Medium
1,2025-02-06 15:00:00,120,0.694112187391494,0,0.4578809033054967,0.1993156049948972,0.0056487613119394,0.6551731582328,0.6384817759896537,1,0.0868772128700162,1,1,0,3,0,1,0.38043273413509804,Low
1,2025-02-06 16:00:00,172,0.4761220074607598,0,0.7598720901761029,0.5884951908269909,0.3009457910543745,0.0422928400366493,0.8983009374160154,0,0.9669925291737016,0,0,1,4,1,2,0.6154955052272726,High
2,2025-02-06 17:00:00,127,0.7087610509165695,1,0.205907854266691,0.0640826881290897,0.7491228754010656,0.0653669773307581,0.6298376013985172,0,0.2641370336560026,1,1,3,2,1,1,0.49404714863217913,Medium
3,2025-02-06 18:00:00,161,0.7488526188335218,0,0.7096088470037873,0.8636210379173227,0.7943898774032467,0.5519264871853773,0.740807912602532,1,0.6901312024298256,1,2,1,3,2,0,0.7237090825754723,High
4,2025-02-06 19:00:00,106,0.9291539427177464,0,0.0209251470508917,0.962829000814691,0.2024078720936315,0.1039808350321962,0.8364674916538208,1,0.0902765495173654,0,2,3,3,2,0,0.594849628164313,High
4,2025-02-06 20:00:00,179,0.4712754070921733,0,0.4190189436800808,0.2470492348307403,0.9593510956361876,0.0211931646733187,0.0545050387775452,0,0.9130927237891068,0,2,0,4,2,2,0.5627071243036419,High
1,2025-02-06 21:00:00,115,0.508307662859127,0,0.7762297709467088,0.4506894098072566,0.5024885243579923,0.1707120570729206,0.7760507600713529,1,0.5902947572870527,0,0,2,1,1,0,0.611038710505671,High
1,2025-02-06 22:00:00,196,0.7677538038300942,1,0.3387562906261461,0.0221133680087515,0.9172654556352224,0.5649782202159699,0.6136550777345757,1,0.6564933193309146,1,1,3,1,0,1,0.4838932825286983,Medium
2,2025-02-06 23:00:00,103,0.3434720577630185,2,0.5639361494609412,0.6415783885554206,0.706950082407064,0.7037974486885383,0.0692780394263967,1,0.7815530591685069,1,1,2,4,0,2,0.5056406245748529,Medium
4,2025-02-07 00:00:00,103,0.3608919970441858,3,0.2048981149807081,0.4144682034458913,0.7226258190788837,0.2017508374293246,0.5084920634416976,1,0.6054765256979758,1,2,0,1,1,1,0.45247241594283555,Medium
1,2025-02-07 01:00:00,139,0.7460726400227918,0,0.7423336469237074,0.2703937915574348,0.0849270272133858,0.6686329859098079,0.0822325651560746,0,0.0698374191418755,1,2,1,0,2,2,0.4886244362436485,Medium
3,2025-02-07 02:00:00,116,0.382774592462674,2,0.0520787368523751,0.2070815508591612,0.2199399518771085,0.1817013118323651,0.7359358601745156,0,0.4289355718914031,0,0,3,4,0,1,0.305865438507306,Low
3,2025-02-07 03:00:00,151,0.8615819837786345,0,0.8529672306722036,0.6549103796637573,0.0086612854499164,0.6137014034454238,0.5464282844260768,1,0.2611855526971427,0,0,3,2,0,2,0.6188633618461348,High
1,2025-02-07 04:00:00,192,0.5962008440095797,0,0.1981099716278342,0.41676246986288,0.7163169796523416,0.411727242741027,0.9536335196377788,1,0.4861375799709867,1,1,0,2,2,1,0.47761865841862666,Medium
1,2025-02-07 05:00:00,151,0.725041399204067,3,0.8748396850979694,0.1798646592130885,0.3444474421853644,0.6541388695058947,0.1829428542199713,0,0.403648509817334,0,0,0,2,0,1,0.5394894888200472,Medium
4,2025-02-07 06:00:00,135,0.0014133599237898,3,0.3525633501269585,0.690046822127915,0.7868760438940848,0.9961989594506296,0.6059795336848615,1,0.8263546132269474,0,0,1,3,2,2,0.3451051046047884,Low
4,2025-02-07 07:00:00,137,0.9601477016764453,3,0.7230067490369938,0.5658317119221923,0.3389427064328745,0.9388278459831336,0.2113989402194871,1,0.2461853342210758,0,0,2,4,0,1,0.5939721841302593,High
2,2025-02-07 08:00:00,149,0.9132452969613876,0,0.3192333984639115,0.8598535544538849,0.8195731231376638,0.0030854217790174,0.6140136981063495,1,0.2003848666680611,1,2,3,4,0,0,0.7525635399508988,High
4,2025-02-07 09:00:00,162,0.5394917246107139,0,0.9063779346655294,0.1175918759956311,0.1306037918448312,0.8863258039932287,0.7226340027557645,1,0.9580630061831834,0,2,2,1,0,1,0.4216274881959275,Low
3,2025-02-07 10:00:00,162,0.7519386401474346,0,0.1264948277358206,0.7867431509166519,0.1732993825471939,0.0654415439107487,0.7222885165336053,1,0.9494832135665712,1,1,3,4,2,2,0.543135672949611,Medium
3,2025-02-07 11:00:00,161,0.7323307751889674,3,0.1784180083746065,0.6744321124212723,0.3408839666967439,0.9540934752741276,0.8150885817546503,0,0.9934834176540308,1,0,3,4,0,0,0.4205921920885404,Low
1,2025-02-07 12:00:00,198,0.9383096215311474,1,0.4931739557628116,0.1151233703882616,0.4085275919923636,0.2812855578302389,0.8535774290412288,1,0.5678974906955389,1,2,1,1,0,0,0.5499818735254607,Medium
4,2025-02-07 13:00:00,106,0.4731161136385894,2,0.0817612345759981,0.69576668141525,0.3487140319303947,0.3817316400270274,0.0770445136901496,1,0.1121237546285308,0,0,3,4,0,1,0.4229200321222019,Low
2,2025-02-07 14:00:00,126,0.1395030760053774,1,0.1958920392028571,0.4421291417649575,0.7638594078754254,0.0906484115364287,0.3431271205165223,1,0.8800525182044345,0,1,3,4,1,1,0.42325625660589966,Low
3,2025-02-07 15:00:00,191,0.8901964013853153,0,0.9442622076361288,0.9462903657943446,0.0968405711146803,0.1113317522791708,0.6870951772525677,0,0.144132499743803,0,0,0,0,0,1,0.7956990482395563,High
3,2025-02-07 16:00:00,185,0.3680188922819419,0,0.977011041260585,0.1417620241724971,0.3512294595495326,0.727252384590352,0.4984971543555452,1,0.1546242057090787,0,1,1,1,0,0,0.4582064494640082,Medium
2,2025-02-07 17:00:00,113,0.8528781349881145,1,0.3763119697658394,0.6437046068468106,0.8374880508414355,0.9453585209683196,0.1904859007136452,1,0.192472049834034,1,1,0,0,2,0,0.569857877038818,High
2,2025-02-07 18:00:00,170,0.8512143766526296,0,0.923765852648017,0.3824762661817952,0.0666716377151814,0.6109860668686067,0.5526381752268674,0,0.6530360800837753,1,2,3,3,2,0,0.588593146188507,High
3,2025-02-07 19:00:00,185,0.3927471265391156,2,0.5450089543514658,0.9581372571339228,0.9426425104693754,0.7163360856668635,0.4073166464742805,0,0.1061718330871372,1,0,1,1,1,2,0.6100124353698066,High
3,2025-02-07 20:00:00,104,0.6515166353575912,0,0.2697119237748226,0.3303963548919169,0.986637162209371,0.7625648585529743,0.389913569633145,0,0.778046194765871,0,2,3,4,2,2,0.4799972563099464,Medium
2,2025-02-07 21:00:00,154,0.8445304083831163,2,0.70270605453157,0.9635162175743408,0.0884532883446217,0.2622292034076685,0.8097665648677785,0,0.0571666244954152,0,0,1,4,2,1,0.7034459719840828,High
3,2025-02-07 22:00:00,101,0.0894089262025801,1,0.6591751718496344,0.9027288985145888,0.2912559026193311,0.0441301105300615,0.4074793808566022,1,0.1094231721474135,0,0,2,0,2,2,0.5547606730293617,Medium
1,2025-02-07 23:00:00,161,0.0677032789950232,1,0.9896565668237844,0.2707190276454663,0.372423375232232,0.0006707120768938,0.0262106383198934,1,0.4338460768239868,1,1,2,0,1,2,0.5242466664570958,Medium
1,2025-02-08 00:00:00,190,0.968528814736336,0,0.2650130786905071,0.8046440226390333,0.776609922130642,0.3502718857189606,0.0578298310526039,1,0.3784651721983273,1,1,1,3,1,1,0.6832649833462696,High
2,2025-02-08 01:00:00,120,0.4489209497778688,2,0.672343143215669,0.9969825510677398,0.5960578810285471,0.2408286777781931,0.8562721256316637,0,0.9897222887444364,0,0,3,3,0,1,0.6829969139494856,High
4,2025-02-08 02:00:00,178,0.4708769953971208,0,0.0518231892031944,0.2529733204055021,0.6445202513291054,0.0612586071294192,0.960663095321416,1,0.9668510238942112,1,2,1,4,0,0,0.41875895686113207,Low
2,2025-02-08 03:00:00,120,0.0250298252330374,3,0.1134935957456837,0.4373521648209365,0.7577192230096139,0.1787463029911777,0.688382415083185,0,0.1887519056134998,1,1,3,2,2,0,0.358947226211633,Low
2,2025-02-08 04:00:00,109,0.1371059285440835,3,0.0036802420457744,0.5208756306483748,0.1178783715668525,0.1235867992603347,0.3642351731260269,0,0.9466287808835836,0,1,2,3,0,1,0.2885154046231171,Low
4,2025-02-08 05:00:00,186,0.7284690752397148,3,0.9999999999999998,0.2953022174986686,0.8334555543330582,0.9158350262099048,0.9386553907709364,1,0.691924978224876,0,0,3,4,0,1,0.6288207915281353,High
4,2025-02-08 06:00:00,157,0.0183580986636515,3,0.802659026263727,0.015233881068342,0.7058040494275181,0.1393923964844594,0.6627677729380121,0,0.4081718442970552,1,0,0,3,1,2,0.4432628053869718,Medium
4,2025-02-08 07:00:00,138,0.7089290960728626,0,0.7870961998086279,0.2203927928313311,0.5774637845370166,0.5377132008383265,0.8443577296537377,0,0.739349895365263,0,1,2,1,1,2,0.5740474700914423,High
1,2025-02-08 08:00:00,104,0.0651959562325834,3,0.5098829443107107,0.2822892858721295,0.8900088344946686,0.5933018136447266,0.7658507634379796,1,0.9000493088546182,1,2,0,0,0,2,0.39473363543774076,Low
3,2025-02-08 09:00:00,164,0.9682394654605996,2,0.3000602223008279,0.444184504692763,0.7004880233074149,0.5435680047931235,0.3790110357798062,1,0.1792003958590777,0,1,2,4,0,1,0.5794498256560532,High
1,2025-02-08 10:00:00,112,0.0616992815234907,1,0.1511412188413843,0.1712955475702509,0.2016399205261643,0.0980841799685521,0.478606551103371,0,0.1950617956715377,1,0,2,3,0,1,0.25300259568891076,Low
3,2025-02-08 11:00:00,184,0.0726489258464579,1,0.2846558578523375,0.874456819316208,0.4297958895125146,0.3183456573518612,0.1859406191670081,1,0.4080492965722786,0,1,0,0,2,0,0.4309350946120385,Low
1,2025-02-08 12:00:00,189,0.5487342082068358,3,0.3760236373719778,0.7058715899495605,0.4941245451366608,0.050185094488778,0.2918572664626742,1,0.1682577177428426,0,0,1,2,1,2,0.5889546969817979,High
3,2025-02-08 13:00:00,184,0.8315809154120779,3,0.7566595316041007,0.0852700564557777,0.0550865737842308,0.3953989620097231,0.7781281430966285,0,0.3596690051761151,0,1,3,3,0,0,0.5130672648113763,Medium
1,2025-02-08 14:00:00,152,0.2476996732578948,3,0.5398420357125016,0.6509741025886102,0.9549424759751924,0.1878383880586573,0.894018842691636,0,0.6452996545834804,1,0,2,4,0,1,0.5921458609478014,High
4,2025-02-08 15:00:00,181,0.8735187542845951,0,0.0773029431832317,0.6545432513951358,0.1284817706906757,0.5617539771991507,0.7244453170829896,1,0.8126234394423544,1,0,3,1,2,2,0.45362324366971263,Medium
2,2025-02-08 16:00:00,144,0.473145048566163,1,0.0178018955134249,0.9575429069924276,0.6976415574256464,0.6932399852140196,0.4650736131444628,1,0.3011374793241515,0,2,2,0,1,0,0.4649055532501265,Medium
1,2025-02-08 17:00:00,131,0.0838255980626953,3,0.1021709012169829,0.0029723111996802,0.5063186228021025,0.5321715254249577,0.0862850838290678,0,0.2809093871801564,1,0,3,0,2,1,0.1932156516664273,Low
3,2025-02-08 18:00:00,135,0.2611688820434291,2,0.4105780927981519,0.2482359675331794,0.0254868546900131,0.4340569304274984,0.0567140753075199,1,0.7795092543196812,1,1,2,1,2,0,0.3062984258564083,Low
4,2025-02-08 19:00:00,180,0.5806939485937626,3,0.9336804853052,0.9290723430083596,0.925037948559642,0.3870427582676463,0.3741957069851751,0,0.3803220845723073,0,0,1,4,0,2,0.795107355620212,High
1,2025-02-08 20:00:00,198,0.8285471995441637,1,0.6376590569512155,0.9334210215932158,0.852091936301873,0.8424753739156008,0.4637211921649702,0,0.8182873567518045,0,1,2,2,2,0,0.7046782528004288,High
1,2025-02-08 21:00:00,159,0.3088792389668895,3,0.8022108792920946,0.7215694109328226,0.5243542535876223,0.2186802712770261,0.6090677151514392,1,0.9933986731965754,0,2,1,1,2,0,0.6179375090979,High
4,2025-02-08 22:00:00,110,1.0000000000000002,1,0.4664976089248793,0.7668112576320966,0.2288955004351746,0.7347478390684175,0.006239111001757,1,0.9796708509812132,1,1,2,2,0,1,0.5941088029626528,High
1,2025-02-08 23:00:00,162,0.0067340479518522,3,0.3617073272828897,0.0915615683399445,0.1215240292744859,0.7580668288030799,0.989794720101184,1,0.6623151346546251,0,2,3,4,1,2,0.16494123754738527,Low
2,2025-02-09 00:00:00,120,0.3213390639328354,2,0.1082438332518851,0.5145616651132767,0.3634108216922949,0.4189846888835766,0.3638056216970613,1,0.3745022113829684,1,2,0,3,0,0,0.3519719772401432,Low
1,2025-02-09 01:00:00,151,0.931971759510688,3,0.8763758743005716,0.2318630055021924,0.2553942850453187,0.2967970662964385,0.8481200769045376,1,0.0644134281776745,1,0,2,3,1,1,0.6422490923655855,High
2,2025-02-09 02:00:00,154,0.2114508862990892,2,0.7835304316498526,0.1814256546178229,0.5067790107936128,0.470447557590322,0.5348894957673009,0,0.7377577195849779,1,2,2,4,2,2,0.4404801783912936,Low
2,2025-02-09 03:00:00,125,0.9987168472502916,2,0.1680081936753865,0.8114152651070996,0.9667199653954686,0.0922278578303497,0.1302296668834675,1,0.977967408589622,0,1,1,2,2,1,0.7351381293876073,High
4,2025-02-09 04:00:00,167,0.9781530168000642,3,0.5124194121645831,0.1351793607706984,0.5750743948169795,0.0448321678424044,0.7975744054780174,0,0.0669109752086526,0,2,3,1,0,2,0.6292153134414877,High
1,2025-02-09 05:00:00,133,0.2926066808522004,2,0.4875142221013644,0.4692724543175285,0.8902046504822584,0.1106606103214127,0.7098071728905637,1,0.0050212872782801,1,2,1,4,0,1,0.5558163226260238,Medium
4,2025-02-09 06:00:00,151,0.9785536542587762,0,0.6253385144181056,0.9398746099571932,0.6510365457332787,0.1863810507012799,0.5273564069828933,0,0.8316038786281411,1,0,3,4,0,1,0.8086462884154589,High
1,2025-02-09 07:00:00,181,0.2572526508845185,3,0.9466846096729152,0.1860462995412284,0.4753190928067435,0.5041624180476505,0.514469191179121,1,0.1012259132643469,0,1,3,3,2,1,0.483867076261468,Medium
1,2025-02-09 08:00:00,198,0.0247972329306185,3,0.5799830115236033,0.979346456251364,0.8548640334064012,0.8499378443559249,0.0872557386536145,1,0.0805655840284491,0,2,1,1,2,0,0.4978032807213997,Medium
3,2025-02-09 09:00:00,192,0.4862047168383472,2,0.5403979473789748,0.9956644428707372,0.4714387962362169,0.2349930164983091,0.6558113560215724,0,0.9102564402014636,0,0,0,3,1,0,0.6412504215891641,High
1,2025-02-09 10:00:00,151,0.1805873345144719,2,0.0501210388803003,0.5563629911456746,0.8688914380127043,0.9361666142191948,0.9112912654862452,1,0.0785009821769069,0,0,3,2,0,1,0.30885841514685436,Low
4,2025-02-09 11:00:00,128,0.5055076521754615,3,0.0627154096487188,0.1703344296417547,0.2915602974306192,0.9559591988933906,0.093022941619242,1,0.1129984796549142,0,1,0,2,2,2,0.2264628161649803,Low
2,2025-02-09 12:00:00,137,0.5660495365960061,0,0.1872519037260445,0.3165064084164747,0.128717697972834,0.9599653444465392,0.2633452753539906,0,0.5690919941090934,0,0,1,0,1,1,0.2769394947927518,Low
1,2025-02-09 13:00:00,141,0.5709362007104638,2,0.0322549362954427,0.4250501685629628,0.8555712777236603,0.838336577957961,0.902351154146309,0,0.7565534101178057,0,2,0,4,0,0,0.3883930229289241,Low
3,2025-02-09 14:00:00,120,0.7887650127758834,2,0.7436922114875733,0.3097159971456753,0.5875421064767334,0.3634787958469427,0.2841845620515615,0,0.3988899990726845,0,0,3,1,0,2,0.6286670020894678,High
4,2025-02-09 15:00:00,141,0.0051225950623658,1,0.7236539836088978,0.2809861106887882,0.88936558628151,0.0716493025171942,0.6539054552018038,1,0.4199316981261776,0,1,1,1,1,0,0.5110488093702209,Medium
1,2025-02-09 16:00:00,112,0.7046600813739194,0,0.1359212923421262,0.9735744559782584,0.9381240204042254,0.5689571664684876,0.5347409063630422,0,0.6322186991173335,1,1,0,3,1,1,0.6102352627150238,High
4,2025-02-09 17:00:00,163,0.185417241655612,0,0.8364906295108308,0.1535323974325894,0.0534965669844354,0.5587959104033169,0.5962705052220942,0,0.5048679273320079,0,0,1,3,1,0,0.36038854576529633,Low
3,2025-02-09 18:00:00,116,0.8566151921724344,3,0.1546657194759335,0.7343292170798884,0.5010543378169395,0.850778959315198,0.4156726329376599,1,0.0174965712225036,0,2,1,1,2,0,0.4972273781033309,Medium
3,2025-02-09 19:00:00,108,0.7197396301671104,0,0.3011695920601793,0.0003579763847591,0.3749885011758265,0.997139476396373,0.2998372510393041,1,0.1125634985381217,1,0,0,3,0,0,0.3119762545506923,Low
4,2025-02-09 20:00:00,140,0.599093223885115,3,0.2489301405459878,0.5969868216899571,0.6260039760429235,0.508152315587103,0.048296819612976,1,0.5811325238057421,0,1,3,0,0,1,0.49908095451414014,Medium
1,2025-02-09 21:00:00,100,0.1938684662707775,1,0.37235665258102,0.9172068345575451,0.7938180887138488,0.3448137592484674,0.7442723290032107,1,0.7934452227930116,0,0,3,4,1,0,0.5423482960442656,Medium
2,2025-02-09 22:00:00,101,0.7438056997355793,0,0.2546214483365134,0.2882951170408856,0.2805684178311807,0.1851347911348,0.7460854459305244,1,0.7628498026439938,1,0,3,0,2,1,0.47158085443065745,Medium
3,2025-02-09 23:00:00,159,0.524033795995406,2,0.4890915714615429,0.1857397792213048,0.556910484831627,0.0036047136590773,0.6706930231721682,1,0.7397760246799218,0,2,3,2,1,1,0.5234251633843806,Medium
1,2025-02-10 00:00:00,147,0.277360199784546,1,0.4074848467224659,0.6525637282470866,0.7089143322066259,0.5091109627600598,0.643592192231311,0,0.7710289122832591,1,0,2,1,2,0,0.4816945126931552,Medium
1,2025-02-10 01:00:00,128,0.0712333401590085,3,0.987098742563678,0.713572919835492,0.1343384305115919,0.5556256552128227,0.2435444695810023,0,0.0433422131643389,1,2,1,0,0,2,0.4941045209425854,Medium
2,2025-02-10 02:00:00,196,0.4100335200007122,1,0.0557288319672946,0.6889667090824052,0.8143037235586966,0.8256824747684222,0.0220997197551413,1,0.8950039623052275,0,0,1,0,0,0,0.40252711712702394,Low
3,2025-02-10 03:00:00,109,0.6606511694162267,3,0.1420512176233541,0.3197230179649462,0.6062456051178516,0.5045635116967833,0.8087279040235356,0,0.8891786375655275,1,0,2,3,2,0,0.4298725143660447,Low
3,2025-02-10 04:00:00,157,0.336852636639631,1,0.0526259544990761,0.2525120582481407,0.9498399273432624,0.9174287535214156,0.4910469617710162,0,0.5313978864432797,1,2,1,3,0,0,0.3027337355075819,Low
1,2025-02-10 05:00:00,159,0.3898024412175818,3,0.6260887421343642,0.9572400986270836,0.3395356929518356,0.6283620346879482,0.3066861550785973,0,0.2477339392695373,1,2,1,3,0,2,0.5520968643029863,Medium
1,2025-02-10 06:00:00,120,0.751813997382502,0,0.0543106526139338,0.9245739143737252,0.1080405476543596,0.8411166390739737,0.1017127762086034,0,0.591723462198284,1,1,0,2,1,2,0.4264845316609119,Low
2,2025-02-10 07:00:00,127,0.1102420740556084,2,0.836851747880869,0.4579211323030356,0.5065889187171508,0.1474459143640967,0.0624896097352749,1,0.5573904552653652,0,2,2,0,2,1,0.5322291325976846,Medium
2,2025-02-10 08:00:00,174,0.5619174063621228,3,0.5120972275619933,0.8473574273912948,0.0856945495114982,0.8561519963563595,0.3487285204128219,1,0.2220665663812451,1,0,1,4,0,2,0.47240652693255875,Medium
3,2025-02-10 09:00:00,133,0.5767465567436187,1,0.5271779893363016,0.452920822060316,0.9698387037474566,0.6755336804120626,0.8047482680662303,0,0.602688089864806,1,1,1,3,0,2,0.5607110544323523,High
4,2025-02-10 10:00:00,107,0.5369933049029122,3,0.5617918825055712,0.4249462047180311,0.0385458906794087,0.1694290655598807,0.9187723100628852,1,0.7970811139959081,0,2,2,2,2,0,0.49005306156365624,Medium
3,2025-02-10 11:00:00,158,0.9230842852182584,3,0.1707059074736838,0.1569354026565717,0.7537113593308105,0.1890057685346451,0.8967927242219,0,0.8059042604817718,1,2,2,2,0,1,0.5395404673237247,Medium
1,2025-02-10 12:00:00,185,0.0316370046562975,3,0.1976034931034953,0.426966142774264,0.5251991332034388,0.9274847438360352,0.9200498140243398,0,0.0586145571670495,0,1,0,3,2,1,0.23236051139991154,Low
3,2025-02-10 13:00:00,171,0.8670006054077154,1,0.3188251049496526,0.5381366109527308,0.3686415292420198,0.0310850695908326,0.9077702992953832,1,0.1962422372250149,1,0,0,1,2,2,0.6047172187275662,High
4,2025-02-10 14:00:00,148,0.4132508613705362,2,0.5937187038682237,0.0224837761316786,0.065716262044571,0.4624220844605773,0.5271450043927255,0,0.6678580726040678,0,0,3,0,1,2,0.34673327317362473,Low
2,2025-02-10 15:00:00,178,0.8738003133875233,0,0.2100406709529323,0.4446985464609335,0.62231071361549,0.3130099998573477,0.2192350115195829,1,0.859692729417148,1,1,3,3,2,0,0.5562950624410219,Medium
4,2025-02-10 16:00:00,116,0.5485361152411392,2,0.1161813815249692,0.7824265708832273,0.5853462080758689,0.6654434653011927,0.7980555934307978,1,0.5206783471056091,0,0,0,4,1,2,0.460650099784374,Medium
4,2025-02-10 17:00:00,159,0.3676883663785045,3,0.9706332898210044,0.6809707682695451,0.2808616169909377,0.8404081171698212,0.2135304788525838,1,0.7072067517075986,1,2,1,0,0,2,0.5368425926769538,Medium
4,2025-02-10 18:00:00,186,0.7815813605648099,1,0.0217577882406903,0.6360171695190082,0.9105051323844934,0.3600237268348742,0.2670423127133441,1,0.0199431723554264,0,0,2,2,2,1,0.5606104319376195,High
2,2025-02-10 19:00:00,187,0.1073808548713063,2,0.8030830653399796,0.9108100764447348,0.3040996109883555,0.4267049794545865,0.2330782302065366,1,0.6079849650467082,0,2,0,4,1,2,0.5413871900718338,Medium
4,2025-02-10 20:00:00,144,0.3455776301849165,3,0.7884093593395152,0.0180050292522863,0.4497856048323412,0.9830329356305968,0.5148986442418477,1,0.961890365609523,0,0,3,0,2,0,0.3571106536118268,Low
4,2025-02-10 21:00:00,182,0.3407299169345003,0,0.2972050252627798,0.5577954790029525,0.5438682368949563,0.7845635137709059,0.3216804450891692,1,0.6606408136977848,0,2,2,4,0,1,0.38493853981851806,Low
4,2025-02-10 22:00:00,168,0.5862928570792639,0,0.1354913384145892,0.7884278157313307,0.1001226469591019,0.8981189881689862,0.1539540347345245,1,0.9222101757349536,0,1,3,2,1,1,0.36843216083824676,Low
1,2025-02-10 23:00:00,131,0.6968665699201396,0,0.1455011800285977,0.5420606880974141,0.9324557861430096,0.4385931544527421,0.4530693954679905,1,0.5655235716804599,1,2,1,3,1,2,0.5430834698602073,Medium
4,2025-02-11 00:00:00,143,0.6435862394387515,3,0.6977350717128286,0.324308272692731,0.3745598968766959,0.2334231855864228,0.8739411115736828,0,0.84322010923821,1,0,1,4,1,0,0.5713624890199821,High
2,2025-02-11 01:00:00,164,0.4269749200950846,1,0.6430673870759385,0.1363935321345532,0.080660552506837,0.4116308007455813,0.5704873078796593,1,0.1231552025618564,0,2,3,3,0,1,0.39514374598385477,Low
4,2025-02-11 02:00:00,186,0.7765834082673766,2,0.7831157532900155,0.8887861042405442,0.3873211014065538,0.7165785599166072,0.878370930007139,0,0.122505291288541,0,0,2,2,1,0,0.6682933924609489,High
4,2025-02-11 03:00:00,107,0.8834534503788251,0,0.9379720894954268,0.4713862440703561,0.6003356887705166,0.1084826784286647,0.195683842027327,1,0.1191674240105592,1,0,3,2,0,0,0.7734115853339119,High
2,2025-02-11 04:00:00,176,0.0162669937055403,3,0.6922265192886294,0.8793246474152859,0.5137438563502847,0.2699021332763471,0.1667760596317171,0,0.488272627422604,1,2,2,4,0,2,0.5395645661926902,Medium
4,2025-02-11 05:00:00,171,0.9690919329421924,3,0.1557320532667145,0.5866414238217467,0.694720849038091,0.045539705004169,0.5755132252576438,1,0.3294995263867621,0,0,0,4,2,0,0.6459114529216643,High
2,2025-02-11 06:00:00,186,0.6228699441778475,2,0.2433915362462464,0.6751084130538255,0.0553530182045383,0.4321635059697597,0.4632282134301122,1,0.7188806945418195,1,1,3,2,0,1,0.44506547955200537,Medium
4,2025-02-11 07:00:00,142,0.6371704756902093,0,0.8426102348612978,0.8053644343476595,0.2845207271782144,0.8281956589962305,0.6601364661203448,1,0.9025331846293728,0,0,3,4,1,2,0.5994668247347064,High
2,2025-02-11 08:00:00,100,0.1108753038167395,3,0.2092283369635226,0.6600502248928835,0.8194698976621017,0.0235155425385498,0.794634680835179,0,0.6189519059802002,0,1,2,4,1,1,0.4814291084421749,Medium
4,2025-02-11 09:00:00,150,0.6717043117493612,2,0.0723377591318104,0.3985741700638567,0.0797745971436309,0.6757137775862037,0.7513009881443518,0,0.2123084150703169,0,1,0,4,0,0,0.3263344746666783,Low
4,2025-02-11 10:00:00,123,0.8433908173894463,1,0.7035880757552209,0.5143188657232838,0.8557428511907732,0.9334941742702828,0.9423174484261408,1,0.9308214748485248,1,0,2,4,0,0,0.6279457979688972,High
1,2025-02-11 11:00:00,198,0.3003300807507055,1,0.4025995087132556,0.8041470570905803,0.0917828198856498,0.2362815854691864,0.3981343945054463,0,0.5273264373902645,0,1,2,0,2,2,0.46488699394657584,Medium
1,2025-02-11 12:00:00,123,0.2564157637485421,1,0.920517349296072,0.3741345424826655,0.8347009157410817,0.6940683861136117,0.2062018451851053,1,0.7196412902781908,1,1,3,2,2,2,0.5401550662018072,Medium
4,2025-02-11 13:00:00,116,0.5379181097034392,0,0.6505216838473082,0.3886265062046736,0.3608054809488212,0.9762009370017162,0.5508406560910715,0,0.8904028254615939,1,2,3,2,1,1,0.4325259312206874,Low
4,2025-02-11 14:00:00,104,0.7617587094131997,2,0.0902483960621334,0.0957747745585531,0.6123480253847582,0.9633467758292522,0.110526877362532,0,0.9898460983522032,1,1,2,1,0,1,0.3295069187138698,Low
3,2025-02-11 15:00:00,119,0.4428345990509343,2,0.9483555868382744,0.9158463127856684,0.1528034103329172,0.2342781914078315,0.288693252735166,0,0.5055073351278188,1,1,1,3,1,0,0.6687455918681987,High
2,2025-02-11 16:00:00,120,0.2589620373750234,3,0.2585179866476992,0.0911142832745533,0.0660429775676198,0.0993618126275879,0.2077036502329388,1,0.8078624220610309,0,1,1,1,0,2,0.2925950374015961,Low
3,2025-02-11 17:00:00,157,0.7906980885141692,3,0.3372346378764101,0.6490881215568134,0.2158850642477536,0.1474266720637826,0.3964411473909299,0,0.5663821907271193,0,1,1,4,1,0,0.5720695647366032,High
1,2025-02-11 18:00:00,130,0.3396114706955957,3,0.4023333592239211,0.4137355724986844,0.1277579770960251,0.7024890764807539,0.1110004873412897,0,0.4858741948933671,1,1,3,4,1,0,0.33202365707190673,Low
1,2025-02-11 19:00:00,199,0.8059122960087607,2,0.0510231062544335,0.4061495942205836,0.3123995229589852,0.7262683737425837,0.0315996429745377,1,0.5371932462979291,0,0,3,0,1,1,0.3833834417923755,Low
1,2025-02-11 20:00:00,110,0.1584320830476936,3,0.4966619746181331,0.6804758379917007,0.5144747852037566,0.6746242424261655,0.6567567218057071,1,0.4836929221479057,1,1,0,0,0,1,0.42584626343143545,Low
1,2025-02-11 21:00:00,151,0.218045824022222,2,0.1231736016615674,0.0671372817871038,0.5888870579309607,0.3356665396106748,0.6101964410297627,0,0.4203711741411507,0,0,3,0,2,1,0.286715390526411,Low
4,2025-02-11 22:00:00,114,0.7650116630015759,2,0.4010422647572158,0.5945063745378603,0.7900931940332732,0.1689718945106708,0.7083385528488049,0,0.7234208818035476,0,0,0,0,2,2,0.6535829517756604,High
1,2025-02-11 23:00:00,182,0.4486004398108991,1,0.3507424759473843,0.7730887339228897,0.6564002003875247,0.5809277627378091,0.6603503348140312,1,0.2488166989516425,0,0,3,0,0,1,0.5157743413716062,Medium
4,2025-02-12 00:00:00,106,0.8074302668245475,3,0.7732024268623137,0.8293504699962987,0.608895614428183,0.4836175825823239,0.1140796022846735,1,0.6159550114529903,0,2,1,0,2,2,0.729819972197854,High
4,2025-02-12 01:00:00,127,0.4687625199205848,1,0.8035565411010117,0.1707226361318041,0.4118238277517511,0.7293509164724803,0.2909217408935358,1,0.7126476731168307,0,2,1,0,1,0,0.4545952291736506,Medium
1,2025-02-12 02:00:00,150,0.0773964797321961,0,0.1532914946788337,0.8986562511751216,0.4738803040299232,0.4411971547681079,0.129316523079308,1,0.8919896784807955,0,0,2,0,0,2,0.39230571622705407,Low
1,2025-02-12 03:00:00,157,0.1030339384442802,0,0.366596246406168,0.6570364458369458,0.4145639573567368,0.3382339024162077,0.8429961364073577,1,0.3311150183010751,1,2,2,0,0,1,0.41026434362108055,Low
2,2025-02-12 04:00:00,104,0.2302051708941338,0,0.3734035319445041,0.8830696271978359,0.8424164694000151,0.2929660077798441,0.746895904620503,0,0.8604607926608191,0,1,0,2,2,2,0.5599336703922523,High
3,2025-02-12 05:00:00,104,0.6238025391511828,2,0.1512874924555505,0.485925439921535,0.2299541297916947,0.2107638531194475,0.2013405131483401,1,0.9452527855574406,0,0,0,0,2,2,0.4438361373868274,Medium
1,2025-02-12 06:00:00,193,0.093137080332262,2,0.7988358508533426,0.5427596538641365,0.0055658838535743,0.2651682375962148,0.3411685622561571,1,0.6482910355248008,0,0,2,3,1,1,0.4426048105078324,Low
2,2025-02-12 07:00:00,195,0.8551250434023914,2,0.7075394333861056,0.9203065573082508,0.6514778192781312,0.0938481928063827,0.9666792486313248,0,0.7711894932384821,1,0,0,0,0,1,0.8083718746295366,High
2,2025-02-12 08:00:00,107,0.3705039574077866,3,0.1902892688240354,0.9011503247135578,0.2024025110390711,0.346470647383309,0.5941015474873419,1,0.4050319382877745,0,2,3,4,2,0,0.44881815104903133,Medium
3,2025-02-12 09:00:00,163,0.9426387318488976,1,0.3667671009425719,0.4487522337541272,0.8903888201394131,0.0354498170116897,0.8011656268280907,1,0.9521051092957992,0,2,1,4,0,2,0.6953427554178513,High
4,2025-02-12 10:00:00,109,0.1326098859518701,2,0.1056464585989707,0.2747542165154595,0.8593049521795195,0.1856481376197334,0.2644252132913514,1,0.6704992796889252,0,2,2,0,1,0,0.36556345162477,Low
1,2025-02-12 11:00:00,137,0.0642967477141407,1,0.6284559914656127,0.393682742266584,0.0766067463321473,0.7473296219012928,0.2098692246511728,0,0.3093690509426405,1,1,2,0,1,0,0.30131630191288333,Low
3,2025-02-12 12:00:00,195,0.7280606476081944,1,0.1212255149968459,0.3882688645685795,0.1062821587226329,0.3250320560664546,0.7839213086579169,1,0.4035846200772758,0,2,3,4,1,2,0.4071628289634027,Low
1,2025-02-12 13:00:00,191,0.7970314990073094,1,0.9864629242652292,0.2872263637267761,0.4952538176245352,0.668610512669396,0.685844702434067,1,0.6173306809681504,1,0,0,3,0,0,0.6273153743067608,High
2,2025-02-12 14:00:00,180,0.8917800322290578,3,0.7810505421934808,0.2689128038194436,0.6093601771669057,0.7173726908679166,0.6809485723067465,1,0.2332577116675489,1,2,2,1,0,2,0.6057883273143717,High
2,2025-02-12 15:00:00,194,0.1782436053810062,3,0.3903021068539061,0.8622478730670761,0.2748837849107921,0.581353016600836,0.552563162313058,1,0.7536502200933183,0,2,2,2,0,0,0.4186156179186367,Low
4,2025-02-12 16:00:00,107,0.1233084196187712,0,0.5787745590564675,0.0699094493098997,0.7169873807106584,0.9597579918662188,0.5635105099142623,0,0.2238029212082175,0,2,3,4,0,0,0.3030870428574556,Low
2,2025-02-12 17:00:00,124,0.391911352284969,0,0.911812320226734,0.6785323936892182,0.5950465998251621,0.0202840985765342,0.7356860819232836,0,0.5913337258940202,1,2,1,0,0,2,0.6978517720530636,High
2,2025-02-12 18:00:00,172,0.5826637494324303,1,0.5542908019188049,0.1730155897472075,0.3248237550570788,0.7391926344520341,0.2698384331643635,1,0.6966751851991053,1,0,2,2,1,1,0.40668642387800696,Low
3,2025-02-12 19:00:00,165,0.274457803972543,0,0.1743935651318213,0.3449482423431778,0.0252259664372854,0.9598471046392544,0.3526315432128168,1,0.8596085804971418,0,2,2,0,1,2,0.1910093200144313,Low
1,2025-02-12 20:00:00,178,0.0395028534290115,1,0.3787579046373435,0.0615786037665841,0.7503561137735657,0.8631039936859932,0.8716698991965806,1,0.7336126177656591,0,0,3,1,1,1,0.24996872828304145,Low
1,2025-02-12 21:00:00,149,0.1591098280820149,3,0.8435621117899847,0.270308840363242,0.214699951819112,0.1670831915099975,0.3087138897300905,1,0.7986138957897696,1,2,2,1,2,2,0.4618722670870155,Medium
3,2025-02-12 22:00:00,166,0.625943723791633,3,0.6444749103030101,0.7694728284073213,0.8347204537789618,0.3263865686478593,0.5462360789356582,1,0.9128552360873028,1,1,2,4,1,2,0.6977493069747904,High
4,2025-02-12 23:00:00,148,0.9465761077625732,3,0.650991363589646,0.8862346944029705,0.4203361848921079,0.1716531190658998,0.7026172063454759,1,0.5973231497203065,1,1,1,2,0,1,0.7639412665925802,High
1,2025-02-13 00:00:00,135,0.7194792158189475,2,0.8672572223032697,0.2217927101283257,0.5771993738550356,0.6015236158250996,1.0,1,0.84612480523053,1,0,2,2,1,1,0.5873940152607099,High
2,2025-02-13 01:00:00,167,0.6391402765288771,1,0.894429997635847,0.4641613195063407,0.8732140924074352,0.7126653937401586,0.4351814544852408,0,0.2309921082276071,0,0,3,1,2,2,0.6503071372425406,High
1,2025-02-13 02:00:00,177,0.7640746165009215,3,0.9202696752637056,0.4709472694685087,0.8638838420450716,0.3166169874006364,0.4279806404290118,1,0.8145407443928739,1,1,1,0,2,2,0.7473655550315237,High
2,2025-02-13 03:00:00,140,0.6271233785311741,1,0.0946820712251061,0.8747782297714747,0.3715418573103407,0.5395757040828701,0.8426119879347977,0,0.2207946010204918,0,1,1,4,2,2,0.4802019313774855,Medium
4,2025-02-13 04:00:00,188,0.5807718503218454,0,0.544309735023774,0.7638427281131782,0.2088323356180146,0.6913476979339994,0.8055145656194251,0,0.9345782533247496,1,2,1,3,2,1,0.5116616376116427,Medium
3,2025-02-13 05:00:00,161,0.039564061929648,0,0.7408466166510002,0.513761900634972,0.775364027521564,0.4211295575115357,0.7310629436836273,1,0.3292089605833185,1,1,0,1,2,2,0.5009902202736607,Medium
1,2025-02-13 06:00:00,109,0.740175479206916,3,0.7572767613898046,0.6716585445976311,0.4331323286749953,0.8548282741310924,0.4631289167605326,0,0.1708870431728021,0,0,3,1,0,1,0.5954403772502918,High
3,2025-02-13 07:00:00,120,0.1981508355516778,1,0.6069488137837105,0.8485202844366099,0.1919772695196407,0.7721677002992655,0.3237927491300296,0,0.1471898786543146,0,0,0,4,1,0,0.4339504046042253,Low
1,2025-02-13 08:00:00,135,0.4700523499612717,3,0.1666763920250433,0.0094997640783759,0.904705963365826,0.0636119770284797,0.6086774476605672,0,0.1863394722077158,0,1,2,0,0,1,0.43724623626285586,Low
2,2025-02-13 09:00:00,111,0.5503156132869188,0,0.797802093078201,0.4034163113664208,0.1980424090003805,0.6213874055447115,0.876257924972303,1,0.4469146446769261,0,0,1,2,0,0,0.5042109393829145,Medium
3,2025-02-13 10:00:00,190,0.2618277080866446,3,0.7204324993295883,0.908494491244068,0.0256618577927088,0.2346754864727627,0.8838145658137855,0,0.521611755733457,1,2,0,1,2,2,0.5459119058008637,Medium
1,2025-02-13 11:00:00,101,0.0457828455943234,1,0.0859618449223829,0.7413243808188628,0.0201319839274871,0.5576299809544527,0.1082813665503377,0,0.913710274753482,0,2,2,4,1,2,0.25057634923890426,Low
2,2025-02-13 12:00:00,112,0.0566612654801862,0,0.4639308361812941,0.5435688447007408,0.6224592178522907,0.9579444152934428,0.4282381319785719,1,0.3803106480198237,0,1,0,4,1,1,0.33853901473934545,Low
3,2025-02-13 13:00:00,152,0.9400579588856938,2,0.1738720713217292,0.530353025991383,0.6618380026858112,0.8799339672034088,0.4646217246354003,1,0.2165852078442367,0,0,1,4,1,0,0.5018387180724927,Medium
3,2025-02-13 14:00:00,131,0.8602966052652665,0,0.3374993997830671,0.3482171390802108,0.3110346690109116,0.404266367346527,0.9776832290992064,0,0.7435450188841242,1,1,2,2,2,2,0.5051076743277833,Medium
1,2025-02-13 15:00:00,194,0.473610233171001,2,0.0178540194337244,0.5212159162056904,0.3200083012788113,0.2909966434547579,0.6779676817153661,1,0.1336595813616703,1,0,1,1,0,2,0.38146099506592746,Low
1,2025-02-13 16:00:00,115,0.7027715209088239,3,0.4004013063246143,0.6562724567406746,0.3395006719120138,0.2337535051640009,0.4071273489511029,1,0.8921824442745903,0,0,1,4,1,0,0.5729097731686964,High
1,2025-02-13 17:00:00,131,0.3070418710659628,3,0.5500651452994958,0.4189115622982436,0.6803304490448386,0.5325674689230382,0.0258138888389591,0,0.408728970530932,1,0,0,2,0,2,0.4702235135692835,Medium
2,2025-02-13 18:00:00,131,0.3208160094728501,1,0.6198252524300811,0.7151268896650342,0.05800415174194,0.1133121184697976,0.5653179193942433,0,0.6134120324695206,1,2,3,0,1,2,0.519889498399561,Medium
1,2025-02-13 19:00:00,197,0.9030791214465684,2,0.6637672937446932,0.8624174072153293,0.9294089433054976,0.5493672343584488,0.0958549258726066,0,0.1852503143431083,0,0,2,3,1,1,0.7712013415829386,High
3,2025-02-13 20:00:00,110,0.6313656840662032,3,0.8367032076977916,0.154854315825827,0.2224710955963212,0.000130333009547,0.834470898602867,1,0.1445471532239913,1,2,2,1,1,2,0.5813392004941802,High
3,2025-02-13 21:00:00,109,0.5170538011591778,2,0.2153899764779288,0.4521432510341963,1.0,0.3234088693844801,0.7525127500692581,0,0.7986281958445708,0,0,3,2,1,0,0.5250282642084438,Medium
1,2025-02-13 22:00:00,114,0.2584946270065259,3,0.1203347177765776,0.4085537464293933,0.1714480225201146,0.2192478588603936,0.4604075476639007,0,0.4290555816020319,0,1,2,3,2,2,0.3192481100306127,Low
1,2025-02-13 23:00:00,116,0.3969170947552105,0,0.8519609724875943,0.6884001809245807,0.771762662102138,0.972308644775066,0.4290989097217164,1,0.9867533342400504,0,2,0,3,2,1,0.5698176555946781,High
4,2025-02-14 00:00:00,139,0.5832480123930521,3,0.1564939261153044,0.2501737647081989,0.2233630285250889,0.7277553252607882,0.8973805177550223,1,0.523762844105736,1,2,2,2,0,2,0.3093113930583741,Low
3,2025-02-14 01:00:00,117,0.3037087899858441,1,0.975280110762932,0.6411184184898734,0.0807281730405559,0.3492736285514255,0.2883003510962196,1,0.8454969654338612,0,2,0,2,2,0,0.5576890905585382,Medium
2,2025-02-14 02:00:00,154,0.4415169469645035,0,0.8429550024170895,0.8786977923056934,0.8751996484290783,0.0918581463978527,0.2488490374433891,1,0.9799662017819196,1,1,2,2,1,2,0.7643587711112207,High
4,2025-02-14 03:00:00,172,0.2002797784920006,1,0.5010265640693918,0.4186797909535075,0.8590097386211737,0.5168160395947525,0.9392527034981404,0,0.2803281799467018,1,2,0,4,0,0,0.46039159868501284,Medium
1,2025-02-14 04:00:00,124,0.1310741090268071,0,0.981946656411832,0.9122724472313762,0.4036082119265413,0.2127460900699467,0.8092585177353055,0,0.8006729429246102,1,1,3,0,0,1,0.6393389990844242,High
1,2025-02-14 05:00:00,158,0.0045372192199143,2,0.0972115809161269,0.9945385798580564,0.7025788250397176,0.5364914007832551,0.8206420035938224,0,0.0208784271958882,1,0,2,4,0,2,0.39925802964409096,Low
3,2025-02-14 06:00:00,177,0.8788973121678049,1,0.3030612423373247,0.1061916619713026,0.5571781628428983,0.8361309949606361,0.1950052488982379,1,0.6794024347927552,0,0,0,3,1,2,0.4248850462028823,Low
1,2025-02-14 07:00:00,188,0.0761021981641901,3,0.6384816326578631,0.2333353157107928,0.8532117837668356,0.6160420500015753,0.1430904173185929,0,0.7449266263498919,0,1,1,3,1,1,0.4108884809124609,Low
2,2025-02-14 08:00:00,121,0.3396248252775528,2,0.3500390074954258,0.9516930873693836,0.3150508792844412,0.6340804662219017,0.0257855433837461,1,0.4767732360974985,1,2,1,3,0,0,0.4649001376265023,Medium
3,2025-02-14 09:00:00,129,0.6240774209631325,3,0.9288563558547906,0.9596524480928232,0.5237684418339339,0.5411030217780897,0.2368666584965542,1,0.1611427717524724,0,2,1,2,2,0,0.7275637468314221,High
1,2025-02-14 10:00:00,183,0.3295231969088594,0,0.0654361448624782,0.0977948336978967,0.4854498461726023,0.92825156619362,0.7741916838315039,1,0.6162944937962653,1,1,2,1,1,2,0.20187854417926107,Low
3,2025-02-14 11:00:00,184,0.3376950881847562,0,0.5495996930008251,0.0149671589177298,0.3539195696320563,0.932899581659991,0.2398645505343692,0,0.8974339204185846,1,0,0,4,1,0,0.2879701252757511,Low
1,2025-02-14 12:00:00,143,0.6082522413440051,3,0.5910865014717697,0.1612787131696794,0.8917293979486576,0.5127290055360008,0.7290896990544393,1,0.9312643287891578,0,1,1,1,2,0,0.538940487199778,Medium
1,2025-02-14 13:00:00,131,0.776663535759119,3,0.6529966678193366,0.9973917200116794,0.1658005169568676,0.3052759541022976,0.2517382873022025,0,0.7458289890618713,1,2,2,0,0,2,0.6859720793251353,High
1,2025-02-14 14:00:00,150,0.5737595819125543,2,0.2556246886304694,0.1802054760390644,0.1494232964074583,0.4594671770479384,0.3951695119215708,0,0.262870703696804,0,2,0,0,2,0,0.3468805807474968,Low
2,2025-02-14 15:00:00,145,0.4941840795576963,3,0.364609936582323,0.5032171519202545,0.5770313851488853,0.1857925432711558,0.9832319694076505,0,0.8702000927082642,1,2,1,4,1,0,0.5240277607007151,Medium
2,2025-02-14 16:00:00,120,0.9199837964405588,1,0.8440981947434107,0.8495844846253916,0.6576551451942314,0.6366424050623141,0.2446394274360885,1,0.8887180562728618,1,2,1,3,0,2,0.7640893057408584,High
3,2025-02-14 17:00:00,198,0.3770020744117307,1,0.1948538133190693,0.0203780365857231,0.1945557796748001,0.5000682762846023,0.3762414399092746,0,0.3665218010514501,1,0,2,0,0,2,0.2512127047583743,Low
1,2025-02-14 18:00:00,131,0.7311900713134677,3,0.827272382673119,0.6053050754639477,0.3907490309525538,0.1023382580286971,0.3009333200533302,0,0.1820439296319811,1,0,0,1,2,0,0.7039382445280147,High
1,2025-02-14 19:00:00,193,0.056534396951594,1,0.5628536261998083,0.2773707898607646,0.946864891686553,0.1969086326792788,0.1094083770497114,1,0.8745377125502238,0,0,2,1,1,2,0.4728146026110946,Medium
2,2025-02-14 20:00:00,138,0.0020543798577291,3,0.7625415356846379,0.8635216815891166,0.2465791554128437,0.4795595209220131,0.4898021603746492,0,0.8849879089455166,1,2,1,2,1,0,0.47890626037703965,Medium
1,2025-02-14 21:00:00,111,0.3941126325442259,2,0.7139234529154179,0.2838157420341282,0.6685268851123242,0.8884811142670419,0.3785622363010943,1,0.0998714395664407,1,2,2,3,0,0,0.450779035398529,Medium
2,2025-02-14 22:00:00,146,0.0607221712769651,1,0.2074323550670884,0.6876900777982076,0.7403503780000713,0.5665234146315667,0.6948622874201515,0,0.9669715013774752,0,2,2,2,1,0,0.3806506916509306,Low
1,2025-02-14 23:00:00,117,0.7714519101503726,1,0.5690157481803031,0.6751359684421959,0.4481881196609905,0.681939937170079,0.8176099640981767,1,0.5325558150121896,1,1,1,4,0,0,0.5850813356447448,High
3,2025-02-15 00:00:00,120,0.2295007166958983,3,0.868159593561485,0.2217590587788251,0.9378226541476194,0.3386236768684525,0.5441755469647351,1,0.9937489606146146,1,2,1,0,0,2,0.5586467359119859,Medium
1,2025-02-15 01:00:00,112,0.1304041541652941,1,0.432212497740001,0.0347963233284861,0.7368560263704528,0.5715559577405793,0.0319544367540316,1,0.4443795988470012,1,0,0,2,0,2,0.322408437936502,Low
1,2025-02-15 02:00:00,120,0.7564814237764977,0,0.9671044199653692,0.4097849963986045,0.4579887488470867,0.4472311315849646,0.6188726615444817,1,0.5327588405530883,1,0,0,2,1,1,0.6644671028045059,High
4,2025-02-15 03:00:00,107,0.8355672581262632,2,0.4523270569055224,0.289555984899141,0.5694533797605292,0.6594818758077721,0.0551563462748971,1,0.2652430730159882,1,0,1,4,2,2,0.5163805013306881,Medium
2,2025-02-15 04:00:00,145,0.5947630006855352,2,0.1426559497906845,0.8100878100253943,0.6927913835239786,0.0494886854241785,0.6163057879299958,0,0.8988543804724283,1,1,1,1,0,1,0.5928677043391039,High
1,2025-02-15 05:00:00,106,0.0845022302151868,1,0.3894976095793541,0.8014618662577468,0.5923194379182893,0.493260097700066,0.6850019203530966,0,0.4430819364425978,0,0,3,1,2,0,0.4436512342329181,Medium
1,2025-02-15 06:00:00,122,0.6242365630647876,1,0.9522044293178682,0.4576280538864973,0.8789657327204871,0.2954859996882559,0.1975799057686298,0,0.8144214866862798,1,1,3,4,2,2,0.7231578188277981,High
4,2025-02-15 07:00:00,195,0.1859625537521923,0,0.3197293370101419,0.6073312270850983,0.3569038516576298,0.325749821723845,0.8193621399296649,0,0.0786746502632848,0,1,0,1,2,0,0.40256232259767094,Low
4,2025-02-15 08:00:00,174,0.8813923932301173,0,0.8685348934788473,0.6050752793182614,0.2998732958854099,0.9619829302139188,0.9111311888604638,1,0.7880229515889411,1,1,2,4,2,1,0.609180432391617,High
2,2025-02-15 09:00:00,185,0.494180740912207,1,0.8816976865320711,0.828294344460918,0.2137847320293044,0.1819203100145237,0.8131009039676427,1,0.4896678618837179,0,2,1,1,2,2,0.6644081390554704,High
4,2025-02-15 10:00:00,121,0.9744571362434452,1,0.3502188036533982,0.4255604825693455,0.0376434632252129,0.3107746898823491,0.3049566479536936,0,0.0042605598939503,0,2,1,4,0,2,0.5253113974895095,Medium
3,2025-02-15 11:00:00,188,0.5851009606395955,0,0.083081483810153,0.2757897511883537,0.0428769953928744,0.5098916875653583,0.5865827386836102,1,0.2253761980018255,0,0,2,1,1,2,0.3021513575242353,Low
4,2025-02-15 12:00:00,121,0.4918737368791233,3,0.7248825474511447,0.2653630218874868,0.870319152395405,0.863860998094627,0.9148624289350882,0,0.1928050862655551,0,0,0,2,2,2,0.508230398605181,Medium
3,2025-02-15 13:00:00,191,0.5345149170680461,0,0.3115143763563932,0.5369101910999026,0.6785641928712738,0.4164487831584538,0.3205172820585604,1,0.7514978605645557,1,1,3,2,1,0,0.5082066730330134,Medium
2,2025-02-15 14:00:00,128,0.7787045610348912,3,0.783293832255425,0.4497409824738054,0.6606948034797827,0.7444175893062086,0.8200440368816198,1,0.4766115228805309,1,2,0,1,1,2,0.6178893769433763,High
2,2025-02-15 15:00:00,112,0.538835124331158,2,0.4427593391480295,0.4407005731487177,0.6147829608844586,0.8571924184025574,0.0092256993654054,0,0.158753142207815,1,0,2,4,0,1,0.4471773118718256,Medium
2,2025-02-15 16:00:00,181,0.55933329475343,2,0.4854045102647519,0.0912154526482405,0.849473003200939,0.3095428875666519,0.0033953607081891,0,0.2559522691270857,0,0,1,2,2,2,0.5104170591293367,Medium
2,2025-02-15 17:00:00,101,0.4665701427159658,0,0.7782757089862471,0.7195838820101889,0.4803419256452588,0.3924723281470144,0.759708107235876,1,0.5035178467734251,0,2,3,0,1,1,0.6183086789523277,High
2,2025-02-15 18:00:00,128,0.6711445321889941,3,0.3824207383134657,0.2139910468596445,0.8706749602473228,0.3561927926098689,0.7614445979464135,0,0.0185076673140542,0,1,2,1,1,1,0.5333618521431619,Medium
3,2025-02-15 19:00:00,184,0.8559541403655595,0,0.443232205199062,0.1971838622423804,0.3594614548188051,0.8336185230141919,0.7889832260878114,0,0.4234722980370848,0,0,1,0,2,0,0.44310979861032346,Medium
3,2025-02-15 20:00:00,178,0.8533043687289109,0,0.376243055429555,0.4132987869642526,0.926998927205662,0.0432452543764996,0.930079103035311,0,0.677707723213376,0,0,0,0,0,2,0.6726096643568413,High
2,2025-02-15 21:00:00,151,0.0491648934749512,3,0.36738619071643,0.2280528863753912,0.6988378499309358,0.3079438487820261,0.1176924166204715,0,0.5172117646679534,0,2,3,3,0,1,0.35838244849525996,Low
4,2025-02-15 22:00:00,126,0.5255350735837466,0,0.526116113049073,0.5846447023874646,0.2571439878234777,0.6798084668728974,0.2318084773615263,1,0.5976515165452191,0,2,1,0,2,2,0.4664420652782848,Medium
1,2025-02-15 23:00:00,149,0.4353604846822945,2,0.8091898697888968,0.3719444415372331,0.5642005544725834,0.5655739539906568,0.9037685654611664,1,0.3258497814348728,1,1,1,0,1,0,0.5353204669975334,Medium
2,2025-02-16 00:00:00,194,0.9044524176244868,1,0.3618096358442002,0.4495041623772948,0.5331311399187171,0.4361144463510424,0.1770417470546383,1,0.1821380280004568,0,1,1,3,0,0,0.571018849877782,High
4,2025-02-16 01:00:00,178,0.6069446051940421,1,0.5244229354588745,0.5378886379898382,0.1378078504766378,0.5400184015488647,0.6822003207789866,1,0.8095429742181295,1,0,1,3,0,2,0.4800880301003628,Medium
1,2025-02-16 02:00:00,122,0.4634284773105652,0,0.6710099256553743,0.2037752164556381,0.5913717040253341,0.1968452879713256,0.5303843141206028,0,0.9055496966437466,1,1,1,3,1,1,0.5335436064407137,Medium
2,2025-02-16 03:00:00,187,0.3885626908592338,3,0.2694086675667269,0.1559226240712805,0.3147804026261643,0.430528532686363,0.0829684051051469,0,0.5101894741761838,0,0,0,4,1,0,0.32831514491171643,Low
2,2025-02-16 04:00:00,143,0.7315339517988623,3,0.2774983387269929,0.8816346693576315,0.0522163230940642,0.5016827328374023,0.2851046156082926,0,0.3042474192007804,0,0,2,3,1,1,0.5111650450414894,Medium
3,2025-02-16 05:00:00,176,0.4359747954523196,2,0.9339008672488736,0.4342943087528991,0.9489582207146312,0.9021134011601316,0.5202902234174649,1,0.5106542810817329,0,2,3,4,1,1,0.586354500359053,High
1,2025-02-16 06:00:00,121,0.1204638936619154,3,0.7238584124666907,0.4126331207503774,0.641643526014252,0.2602454123186184,0.8523769244482386,1,0.8788689032461866,0,0,0,1,2,2,0.500816917736572,Medium
1,2025-02-16 07:00:00,142,0.4252922427684938,3,0.5773962274557103,0.035610442407239,0.8771862185206295,0.8686739047302137,0.7075178375357822,1,0.6910684121479059,1,2,3,4,1,0,0.4090710531060612,Low
4,2025-02-16 08:00:00,136,0.2996467713072355,2,0.6479846874960677,0.4986392762094812,0.6762259184927049,0.6445581621529455,0.6218344371242879,1,0.8584754357450571,0,0,1,1,0,2,0.49138588339368594,Medium
3,2025-02-16 09:00:00,160,0.3629686345385102,0,0.0290811311119456,0.5549134772858663,0.3569989275853684,0.0191824645011897,0.4959429200679517,0,0.3276131656021647,1,0,2,3,1,2,0.409667606332414,Low
3,2025-02-16 10:00:00,196,0.6590630870451653,1,0.6183444696749232,0.5595913417402942,0.512778789244792,0.7251381692774135,0.2985293357905183,0,0.7116654661854022,0,0,1,3,1,2,0.5494162505231878,Medium
3,2025-02-16 11:00:00,155,0.3281799485403442,2,0.509665572626472,0.7079946742451068,0.6759165239127845,0.0344294754296083,0.1190314548253987,0,0.6526657798133735,1,1,0,1,2,1,0.5972833724132018,High
3,2025-02-16 12:00:00,102,0.30103898647626,0,0.5459346808237067,0.1776840749285091,0.9605600097326508,0.9985328389090782,0.4089575658848143,1,0.5711371896979018,1,1,0,2,2,2,0.3915843074342294,Low
1,2025-02-16 13:00:00,162,0.1918541501589195,2,0.3594633198666614,0.2525328201232617,0.2536346104893839,0.8734934585560608,0.0282753031920772,1,0.527694398114624,1,2,3,4,1,0,0.24535710432104604,Low
1,2025-02-16 14:00:00,118,0.4896268284648463,0,0.0812963304751404,0.8118430452959638,0.8752434039037958,0.2968403166291553,0.2108725224468248,1,0.5504742614810121,1,0,1,0,2,1,0.5418598618853856,Medium
2,2025-02-16 15:00:00,122,0.9276126013835349,2,0.1932490257072745,0.9484793393704676,0.924367953350516,0.256813384289194,0.4323725785971413,1,0.8495198853059176,1,2,1,3,2,2,0.7200444600059942,High
2,2025-02-16 16:00:00,128,0.8905258144069231,0,0.9512459882457908,0.1360752575242205,0.6705826937740504,0.3811364878843923,0.4184898400272807,1,0.9159215491612216,0,2,2,4,2,0,0.6810749330514713,High
3,2025-02-16 17:00:00,129,0.7290633541368043,2,0.408777536354975,0.4983120584036041,0.9315602604132728,0.3558026138875654,0.0440574109327647,1,0.1118399239379229,0,0,2,4,2,2,0.6204862812825217,High
3,2025-02-16 18:00:00,138,0.2441284354662084,0,0.466806411216919,0.2144312435230504,0.3979136477139463,0.3720117007373791,0.5890006719450773,0,0.5682889500638902,0,1,1,3,1,2,0.37450525242187704,Low
3,2025-02-16 19:00:00,124,0.7482260663633693,2,0.0525097597744237,0.0601066249497039,0.9533203526730316,0.317822607958826,0.549611869411921,1,0.9183383187283518,1,1,3,1,2,2,0.4575299432315199,Medium
2,2025-02-16 20:00:00,107,0.4984720132477453,1,0.0373543733588921,0.3259183695450258,0.7029657471442453,0.6213955324719016,0.0778773643087826,1,0.1337452595616165,0,2,2,3,2,1,0.36137580276151604,Low
4,2025-02-16 21:00:00,157,0.777879915599042,1,0.7175003248163534,0.1438412835317722,0.0418683096837272,0.1634455830831425,0.9432196228052973,1,0.4121927906380213,1,1,1,4,0,2,0.5343767258002909,Medium
4,2025-02-16 22:00:00,115,0.3781227464142948,3,0.5382736871109937,0.7109007500508621,0.9071546393475628,0.8467750402605039,0.0991628129404016,0,0.0880315734017758,1,0,1,2,1,0,0.5303361982545534,Medium
2,2025-02-16 23:00:00,171,0.3511654098521203,0,0.5088620566160105,0.5344397791936614,0.4845498479166871,0.8131168393282804,0.8548617731068857,0,0.1124565882847964,0,0,1,1,2,2,0.422609773744026,Low
2,2025-02-17 00:00:00,100,0.2717957906357672,2,0.2430732014993806,0.1439883404392033,0.460392318388011,0.4764033277913004,5.7296196262379695e-05,1,0.904023839585348,1,1,0,3,0,2,0.3051132647111342,Low
2,2025-02-17 01:00:00,104,0.9766450619207452,0,0.7450911391637991,0.0092019709740308,0.5665833933427564,0.8535396694104727,0.8823177122399521,0,0.4455523154758708,0,1,3,0,2,1,0.5392310030557848,Medium
2,2025-02-17 02:00:00,102,0.7523993732249535,1,0.1681267677122757,0.8092659296201923,0.1492991435010232,0.2465229511857889,0.0194736578226435,0,0.6883985724429845,1,2,1,3,1,2,0.5274011500056308,Medium
2,2025-02-17 03:00:00,164,0.2168639435190214,0,0.189841877077671,0.1763947953308674,0.4692356671279029,0.0164005271406417,0.7578078562142339,0,0.1379246229135431,0,1,1,4,0,0,0.35488068521343574,Low
2,2025-02-17 04:00:00,103,0.863137792576633,2,0.46083076379547,0.6070352190608274,0.8313723047241592,0.6194654981139718,0.3615568128212874,1,0.0208196770285033,1,2,1,4,0,0,0.6341852038967194,High
3,2025-02-17 05:00:00,198,0.3674758059490212,0,0.2862622346115513,0.3373533595125604,0.0153321435861307,0.4577856116791419,0.7382062024145224,0,0.8903809065444255,0,0,2,0,1,2,0.3145371618287035,Low
3,2025-02-17 06:00:00,195,0.180650768778768,2,0.2474150403492907,0.5862747132877939,0.2728916424815528,0.567299069901694,0.401624334174171,0,0.5740698246280256,0,0,1,1,0,0,0.3301102808265523,Low
3,2025-02-17 07:00:00,163,0.5024616946074199,1,0.6455003390329879,0.3160544987380493,0.0022979553155301,0.9002593148297109,0.0706786241133252,0,0.0188576379964391,1,0,0,4,0,0,0.36550720423058464,Low
3,2025-02-17 08:00:00,197,0.11155638749655,1,0.6512389176466697,0.0870116396445659,0.4157550142303106,0.9710123707462572,0.7675056969983398,1,0.9923566057468408,1,1,0,1,2,2,0.27481255073732613,Low
2,2025-02-17 09:00:00,188,0.8870692034437015,1,0.8249197695000459,0.2232176122417647,0.7285107580346191,0.6347467580728752,0.071023500093758,0,0.4916194024841966,1,1,3,1,0,0,0.6367053656785513,High
4,2025-02-17 10:00:00,109,0.9602100230589116,3,0.4177935764861393,0.1882760112234015,0.7990012320629905,0.7646556355051777,0.9221701099034748,1,0.4752842771291088,0,1,1,3,1,0,0.5373079416146148,Medium
1,2025-02-17 11:00:00,120,0.8966388742977717,1,0.0729009726923266,0.4285817579500699,0.9454901437153468,0.0828001274194809,0.0507382045401927,0,0.6204930779591338,0,2,1,1,2,2,0.6075048157819185,High
2,2025-02-17 12:00:00,145,0.0701727637752513,0,0.2736389071404101,0.659177210499964,0.6086417792763006,0.1598891153050434,0.479229832228236,1,0.0067601600679931,1,2,1,4,0,1,0.43510125942459676,Low
1,2025-02-17 13:00:00,190,0.5365092013069684,3,0.9805295889153772,0.26413241214345,0.2545924821470798,0.7337319081281104,0.7230188573347078,1,0.5686561789493768,0,2,0,4,2,1,0.5102152660871219,Medium
4,2025-02-17 14:00:00,126,0.482213922596843,1,0.5964830203405258,0.0120343838197764,0.9244381311968728,0.4311789015477909,0.3931228082061933,1,0.6290729087263457,0,0,2,2,1,2,0.49606999694565973,Medium
3,2025-02-17 15:00:00,165,0.3129679668094123,0,0.7100501490224305,0.5196304709098951,0.775533785927971,0.4458132348352732,0.2170521323835361,1,0.2961502324052466,1,2,2,1,0,1,0.5591387058038444,High
4,2025-02-17 16:00:00,140,0.6947643361437309,0,0.0071223827037731,0.6065774090091479,0.5745491300790553,0.3081308827620517,0.7590872048681474,1,0.7265562960593677,0,1,1,2,1,1,0.4867498986112561,Medium
2,2025-02-17 17:00:00,112,0.9705587111938108,0,0.5183692232489996,0.9642017862234714,0.6958196231190165,0.6075859352066155,0.7842992084105054,0,0.3767234338745484,0,1,2,3,1,1,0.7283073940422569,High
3,2025-02-17 18:00:00,108,0.6224370331460725,2,0.0373167720054903,0.5902653065936944,0.9246066187064288,0.1843963832480151,0.9227448461961292,0,0.7174663084428846,0,0,3,2,0,1,0.5440230479253916,Medium
2,2025-02-17 19:00:00,135,0.720634387158234,3,0.5694335498583982,0.4717970007052351,0.7125815576896485,0.6271920777515188,0.3760358556870076,0,0.1428411721437743,1,1,0,1,0,2,0.5796848063859247,High
3,2025-02-17 20:00:00,185,0.1845881446924439,0,0.9212487170898124,0.5741730288083872,0.3683952650037546,0.1730033211634571,0.5061651136972161,1,0.9136221544231382,0,1,1,4,2,1,0.5706026127832862,High
1,2025-02-17 21:00:00,189,0.1359741277232218,2,0.9689342080693476,0.9291816504066904,0.7132160389369457,0.0627704829826387,0.3629949155293277,1,0.8793413129872462,1,1,2,3,1,1,0.7096302474226266,High
1,2025-02-17 22:00:00,157,0.6210592854408348,1,0.5407336179209346,0.829516095468002,0.0401398675020763,0.3299323147540314,0.2569135393418513,1,0.1496504943824472,0,2,1,1,0,2,0.5628825778462494,High
1,2025-02-17 23:00:00,153,0.1202212854230286,0,0.4583214396144681,0.3233901354830634,0.3864450650877488,0.2304803821665157,0.751026564120884,0,0.9384074843133896,0,2,1,3,1,2,0.38270841079417184,Low
4,2025-02-18 00:00:00,111,0.8324645435849041,2,0.9455138963949186,0.2375425308731183,0.4063621857311577,0.8898870784742228,0.33951062359666,1,0.5572846770005078,0,1,0,0,0,1,0.5694743822581195,High
2,2025-02-18 01:00:00,180,0.8134554090508453,0,0.6738946832539765,0.2629582640644782,0.1667612922485886,0.0538769241330046,0.4280372243348729,1,0.7013238288709899,0,1,0,1,1,0,0.5913618311064387,High
4,2025-02-18 02:00:00,177,0.893520579410796,3,0.0647087686342147,0.5050932781071593,0.0229388507492232,0.1758248118972263,0.4035534183945644,1,0.8401315240240698,0,1,2,0,2,2,0.4676430984604841,Medium
1,2025-02-18 03:00:00,113,0.2744978677184142,3,0.4658480852491589,0.7450661725746205,0.1332880753752204,0.5488105186396026,0.7126422524679141,1,0.0825148478179081,1,1,0,2,1,2,0.42177135626716006,Low
2,2025-02-18 04:00:00,133,0.3813823772936494,1,0.2401914408350864,0.503889717854817,0.6547810183788458,0.4809981489867405,0.9178438826612398,0,0.1683303895156713,0,2,3,1,0,1,0.43223882851196316,Low
1,2025-02-18 05:00:00,152,0.6335458195706948,0,0.4699300142559843,0.0678409551138643,0.8025199242568285,0.0447539695348861,0.6667220433980212,1,0.2895798427603653,0,0,1,0,2,0,0.553102042687734,Medium
4,2025-02-18 06:00:00,119,0.2183251573614907,2,0.4555800672109613,0.7245679964950335,0.9885247272638504,0.0060631157029553,0.471484613002922,1,0.4766138171780939,0,1,0,4,2,2,0.6107591471762539,High
4,2025-02-18 07:00:00,174,0.9237264180340276,1,0.5823582260118465,0.8070758654127516,0.3463735901598092,0.9891976342997127,0.7792079503237022,1,0.3453091030099244,0,2,2,2,0,2,0.5915127274730333,High
4,2025-02-18 08:00:00,115,0.6801566492463564,0,0.356807911307061,0.2898611360999101,0.599511964812378,0.6591859655542718,0.6409288556511032,1,0.5052895062627296,1,1,2,1,2,2,0.4582622672470523,Medium
1,2025-02-18 09:00:00,194,0.3197264981615192,1,0.1641575407781603,0.6650275645858925,0.9374414494945088,0.3650636242229126,0.0603776840264274,0,0.1849826836747656,0,0,2,1,1,0,0.48983319644283785,Medium
2,2025-02-18 10:00:00,169,0.0933641082255321,2,0.5038716128285115,0.4271522545015147,0.1669649378402063,0.470338060928315,0.0954424014986978,1,0.6818052883633032,0,2,3,4,1,2,0.33923341270059754,Low
2,2025-02-18 11:00:00,155,0.2105616937171143,1,0.8306100242861232,0.8903446254210569,0.7178356613793824,0.2659738822076543,0.0376768335557868,0,0.0546469403409739,0,2,0,4,0,2,0.65614112146078,High
1,2025-02-18 12:00:00,182,0.8416313512166025,1,0.6642895842391978,0.8463877273857708,0.7551869063332303,0.3444827310770368,0.4567135036910688,0,0.360722266918943,0,0,0,0,1,0,0.7573634056295333,High
2,2025-02-18 13:00:00,157,0.4220659983440318,1,0.338390915666217,0.5261344414550203,0.0888608478675006,0.6493725847913825,0.8258715582123213,1,0.1780907790776434,1,0,3,0,0,2,0.361264356254984,Low
1,2025-02-18 14:00:00,103,0.6260505604472895,0,0.9360124106714948,0.6924467315432935,0.8615090756404467,0.8836926273962937,0.3129332404452751,1,0.7296407931587573,1,2,0,0,2,0,0.6756775563249777,High
2,2025-02-18 15:00:00,103,0.9107112650350336,2,0.9126787513561878,0.8845666764250516,0.8133413984338966,0.1833589137437039,0.3840335486138093,0,0.8835422288274133,0,0,0,3,1,0,0.8772582120863446,High
3,2025-02-18 16:00:00,119,0.5043958832275354,3,0.2092706935652699,0.4963767358060392,0.033261378445603,0.8411419659789767,0.9095226386487684,1,0.0777254657832545,0,1,0,2,0,0,0.3065099032294031,Low
3,2025-02-18 17:00:00,109,0.6013679543451358,0,0.03920717471995,0.3136481579236159,0.0909707492084083,0.1206375739170693,0.8369251906657178,1,0.7848103930465488,0,0,3,1,1,1,0.3684233901446955,Low
4,2025-02-18 18:00:00,123,0.5061620266913578,3,0.7416464278950534,0.7546966839294829,0.0489928882953572,0.2142940837191651,0.6650135347185075,0,0.8956254234400012,0,0,3,2,2,2,0.5880962711189281,High
3,2025-02-18 19:00:00,198,0.3337966631351217,3,0.8280153766246441,0.2203297128667169,0.3347479857880547,0.0360567242631448,0.2666386858096894,0,0.9739656682068454,0,2,2,4,2,2,0.5293226417420214,Medium
3,2025-02-18 20:00:00,125,0.2166847695444307,0,0.9683792104425346,0.3890367864026298,0.5093780598087241,0.1399383328657784,0.1168273040538272,0,0.5789161472852123,1,0,3,2,1,2,0.5794893113187091,High
3,2025-02-18 21:00:00,136,0.7730244121758175,0,0.8902901038046895,0.8669188789593928,0.5324479753649911,0.9182655240827008,0.0158115484901431,0,0.3266244633724917,1,2,3,2,2,0,0.6813397724793488,High
1,2025-02-18 22:00:00,184,0.3282433828046402,2,0.6007625527344715,0.725410846241726,0.2676386966677477,0.45931856724805,0.1067932065219363,0,0.3211997843939006,0,1,2,0,0,1,0.4985816725460778,Medium
3,2025-02-18 23:00:00,153,0.8860097399417741,2,0.5302250816852974,0.4043386095300497,0.911880984188775,0.0766430324367646,0.2924398005001449,0,0.3782635118916226,0,0,3,4,1,0,0.7102121200755793,High
3,2025-02-19 00:00:00,120,0.2195938426474123,1,0.0276216003647893,0.2150003100913002,0.3682834931330658,0.9607895216986562,0.551718367285144,1,0.6122365708922621,0,0,0,2,1,2,0.16592801848647187,Low
4,2025-02-19 01:00:00,173,0.5900833325914121,3,0.2466078761115979,0.3564272179399879,0.0454144164584897,0.879864105621236,0.0637685205928415,1,0.4896547162796265,1,2,1,1,2,0,0.3052907923893382,Low
3,2025-02-19 02:00:00,137,0.7059643788783933,2,0.4597324871689219,0.2844596663558476,0.3002148328590898,0.7552604051763081,0.1360198877050535,1,0.6532525261734222,0,2,2,0,0,1,0.4300593139354156,Low
3,2025-02-19 03:00:00,145,0.8413664853411206,1,0.6287535266298547,0.1762895259955252,0.5312090696559683,0.9344734014922726,0.1808875115690447,1,0.0382065581378442,0,0,1,2,1,2,0.49229825841640323,Medium
2,2025-02-19 04:00:00,103,0.3150190080216523,2,0.5574458167740195,0.7443486048376389,0.4082618969586272,0.2194434271695078,0.6319366784263132,1,0.1048527757672959,1,2,1,4,1,0,0.5453086976348136,Medium
4,2025-02-19 05:00:00,159,0.3210029736202491,0,0.742974745743781,0.2523793524387612,0.2738174498465265,0.8371403145615053,0.6157390776411309,1,0.976537982422784,1,0,2,1,2,1,0.381971870621513,Low
4,2025-02-19 06:00:00,156,0.9331158020316772,2,0.2797442172236921,0.4547674654647353,0.1312290908427968,0.6904161268395801,0.5506936943666134,1,0.9954062208946568,0,1,1,4,2,0,0.4602904425072719,Medium
4,2025-02-19 07:00:00,144,0.5305997987909652,3,0.5651526048969311,0.3863612444714712,0.8194037888859267,0.8706092171221469,0.2503309855597475,1,0.7463860722892834,0,0,1,4,0,0,0.4935295355808353,Medium
4,2025-02-19 08:00:00,119,0.5040152776417589,2,0.0879698836842255,0.983436282125572,0.9964703266165024,0.7975892948738734,0.3709887829140323,1,0.2555459634425237,0,1,2,4,0,2,0.5245157015180049,Medium
4,2025-02-19 09:00:00,116,0.0540916213352801,3,0.4137473757503429,0.3916015643034078,0.3295440660087402,0.3461078438550988,0.0964688677163214,0,0.953352894392888,0,1,2,3,2,1,0.3427954954551335,Low
4,2025-02-19 10:00:00,170,0.2552016096722785,0,0.7505054654151679,0.080044560452767,0.3816482231751765,0.7750230371593831,0.2262822856026327,0,0.2128012335367708,1,2,0,1,0,0,0.358429458764784,Low
1,2025-02-19 11:00:00,103,0.4420199695515531,3,0.6937011601481831,0.0899019806313341,0.6181793122923855,0.2618703854646167,0.8977468986953634,1,0.7311406112109846,1,2,2,4,2,1,0.5053570175753661,Medium
3,2025-02-19 12:00:00,192,0.4145217724201173,2,0.9911751698890798,0.5915500691401278,0.7186319355983624,0.3281626147381213,0.9797602885133916,1,0.1142406003774453,0,2,3,3,1,2,0.678304647534361,High
4,2025-02-19 13:00:00,113,0.007309407857836,1,0.2778669474464488,0.6001722767713596,0.3920617595701737,0.1069543858995332,0.647619309146866,0,0.6485164169488725,1,2,1,0,2,2,0.38409465023093914,Low
3,2025-02-19 14:00:00,102,0.4715881268863346,0,0.4983371587472605,0.4193080835614591,0.9052103824413748,0.936081017548595,0.9168712299060368,0,0.7592574270520001,0,0,2,3,2,2,0.47171234285460756,Medium
3,2025-02-19 15:00:00,187,0.8529426821342403,2,0.3295465620569247,0.4324115955841292,0.5601176436819933,0.2904849415149435,0.6427000122102653,0,0.8595007022921177,1,1,0,0,2,1,0.5725495354896746,High
1,2025-02-19 16:00:00,179,0.1244023824574211,0,0.4407060026798139,0.0539572119053995,0.4504505928590229,0.5206469463676184,0.0329548285281782,1,0.734018820363591,0,0,2,3,1,1,0.29153908563909936,Low
4,2025-02-19 17:00:00,157,0.2297377605256363,0,0.8573781576165966,0.5172361800112167,0.6468284223961193,0.3910516299504518,0.9968367217757984,0,0.9234212416988048,0,1,1,4,0,0,0.5635927344046517,High
2,2025-02-19 18:00:00,154,0.6966740413635919,2,0.6845022037446142,0.505412171546307,0.953107921950721,0.9609912801483492,0.0987321945935959,0,0.5203841758842334,1,1,2,3,0,1,0.5951939918566687,High
1,2025-02-19 19:00:00,103,0.2043217652976736,2,0.8828891259060547,0.1497114035073275,0.7947796518483935,0.334634889364013,0.6826129898492641,0,0.6770741798391088,1,1,1,3,0,2,0.5207667178750547,Medium
2,2025-02-19 20:00:00,123,0.4943153996136075,1,0.2034288439798095,0.1039357597691433,0.0398747068210324,0.7791801272537433,0.2526665291272656,1,0.368832403377379,1,0,2,4,2,0,0.23432739978727626,Low
3,2025-02-19 21:00:00,133,0.8877914637512131,0,0.8738019614708135,0.1236972320046055,0.3323131849718814,0.8562322098918473,0.3918570416209743,0,0.0092480070226768,1,2,0,0,2,1,0.5365499489684328,Medium
3,2025-02-19 22:00:00,129,0.6863988034294567,0,0.0595677516171524,0.1011205789355194,0.4706149718391158,0.4354299700045951,0.6458933428332096,1,0.7564320495316629,1,0,3,4,0,2,0.3619935048239343,Low
1,2025-02-19 23:00:00,181,0.8993231452711427,2,0.8890520240506488,0.6105317917340546,0.3145122211738488,0.377859490493774,0.4363778642745521,0,0.8697332643748941,0,1,0,1,1,2,0.7096980602792701,High
1,2025-02-20 00:00:00,118,0.232738089938658,3,0.329089571142849,0.1967122073723479,0.7003691726662535,0.7483073043588935,0.2503756344231387,0,0.1729759837673154,0,0,2,3,1,0,0.3226086369909503,Low
2,2025-02-20 01:00:00,130,0.7636060932505944,2,0.3145921123866109,0.2517386981117901,0.8265118828033847,0.9138479387833264,0.3343032593814903,1,0.0275208434457238,1,1,1,1,1,2,0.45679688263466806,Medium
4,2025-02-20 02:00:00,159,0.0401772598178435,0,0.512247290676523,0.173768763629153,0.7315418113907364,0.7555102066087078,0.3414075169776154,0,0.1635422348392522,0,2,0,4,1,1,0.31926463106672653,Low
2,2025-02-20 03:00:00,159,0.2899947471977635,2,0.9411836108455373,0.9591593582256048,0.9896550690602148,0.226456915248181,0.959385771330442,0,0.8951919120756857,0,2,3,4,2,2,0.7641061842277512,High
1,2025-02-20 04:00:00,118,0.654935408338601,1,0.0475774858325059,0.8557931339109938,0.2725219509201069,0.889201570388223,0.7986222121573945,0,0.2947053509194703,0,0,3,2,0,0,0.40428490740475803,Low
2,2025-02-20 05:00:00,148,0.8022776239527782,3,0.3522648509712431,0.2307732872657207,0.8752558463329461,0.3872915917930033,0.4584465167471567,1,0.2328261534291296,0,2,1,1,1,2,0.5579849143651409,Medium
1,2025-02-20 06:00:00,162,0.4215930235663856,2,0.856999721127611,0.3279842909872946,0.7668364830367135,0.5763853680231401,0.1996338714284331,1,0.0134533384467437,1,1,2,2,2,2,0.5638127116229941,High
2,2025-02-20 07:00:00,182,0.1754803197977226,1,0.396122576555397,0.2101416753800705,0.3621965114372298,0.8321949758448173,0.8110293714251251,1,0.2962519313617296,0,1,0,1,2,1,0.2644292895031559,Low
1,2025-02-20 08:00:00,121,0.7255499862002653,0,0.1990712328981125,0.4925301634040245,0.734322607267421,0.1876337414699005,0.1569814485820635,0,0.7153297331103219,0,2,0,2,2,1,0.5616646673250274,High
1,2025-02-20 09:00:00,123,0.494672634680959,2,0.4248847242346951,0.0195858211403447,0.1039685887111254,0.7851585433170505,0.2102786557548246,1,0.959067182503658,0,2,1,2,0,1,0.28162801076609373,Low
1,2025-02-20 10:00:00,175,0.8552975400860036,0,0.3856123992719575,0.672280245479098,0.7895583098216419,0.5963658839315547,0.365880810022259,0,0.3119565240300619,0,2,0,1,2,1,0.623662397818823,High
4,2025-02-20 11:00:00,129,0.547352008974279,1,0.9158898872989494,0.5238573241434304,0.5324308416955281,0.8942473667355639,0.8803841795677791,0,0.2398155956561374,1,0,1,4,0,2,0.5663094601409878,High
2,2025-02-20 12:00:00,157,0.9224788775028712,0,0.7622882025518243,0.8998778830601116,0.2922740464035604,0.1711705427383423,0.1315773225134884,0,0.8879631203621017,0,0,1,0,0,1,0.7693328721754789,High
2,2025-02-20 13:00:00,130,0.4633260921822277,1,0.5052688242596508,0.1645761076771005,0.6559373846709262,0.4204704231841147,0.1220217160529446,0,0.8523569898629867,0,1,2,4,0,2,0.4603839948689114,Medium
2,2025-02-20 14:00:00,199,0.5206517481147782,1,0.9889012250255718,0.8052123076512868,0.6417732185054867,0.8336057771984475,0.4938843439853435,0,0.3273939042742133,0,0,1,0,0,1,0.6596558210114007,High
1,2025-02-20 15:00:00,163,0.722466190650012,1,0.4653996889633693,0.7930466121064141,0.2094299551929632,0.0180707145092271,0.276248593282586,0,0.0677326340529636,1,0,0,1,2,1,0.6342796784271886,High
2,2025-02-20 16:00:00,118,0.4160241628902876,2,0.0580421177709091,0.1273111183839718,0.0302543296462662,0.1112601919202793,0.5686617964898266,0,0.9920061522856028,1,1,1,3,2,1,0.28182791450099154,Low
2,2025-02-20 17:00:00,147,0.0278465291441493,0,0.2622379475958518,0.3990792786162973,0.4336749749079834,0.9917008095518514,0.4515321646179897,0,0.6803537252637875,0,1,0,4,2,2,0.21863309971167955,Low
1,2025-02-20 18:00:00,144,0.1702954033528903,0,0.4361698291565825,0.1703443448424614,0.5696301329727405,0.2798506727329859,0.434849120459307,1,0.9265200352725058,0,2,1,2,1,1,0.3791520961318237,Low
3,2025-02-20 19:00:00,199,0.8744112855120593,3,0.1567839616903859,0.255033776492487,0.8768724129692475,0.9766432730017536,0.1117571307233662,1,0.3411241391631252,1,2,2,4,1,2,0.4438399380942327,Medium
1,2025-02-20 20:00:00,193,0.9065290551188112,3,0.9480639183128154,0.2635717071312363,0.9285089501796948,0.1817566623017623,0.1408433799459081,0,0.6472958991245495,0,0,2,1,0,1,0.7783754279658438,High
2,2025-02-20 21:00:00,154,0.6835887768093233,3,0.7672065625389968,0.5569831206898221,0.5289037482496758,0.3607417419301149,0.8210951364323282,1,0.6741393445277847,1,1,1,3,0,1,0.6493197599229785,High
1,2025-02-20 22:00:00,154,0.5866211572190418,3,0.268255521864009,0.4119494614801107,0.7540110872220006,0.7534430420396976,0.8859205351507435,1,0.872781676514459,0,0,1,3,0,0,0.4461942688441303,Medium
3,2025-02-20 23:00:00,196,0.2617242100764773,0,0.5910247193845488,0.949042334717573,0.4393584141841994,0.658127174972444,0.2345079096717723,1,0.9930760097331386,0,0,1,4,0,1,0.5201803851905344,Medium
1,2025-02-21 00:00:00,117,0.4212213210352472,1,0.7217713676748159,0.1264989051757204,0.7462860169259171,0.5812899249780958,0.1132451492771751,0,0.1076406893915148,1,1,2,4,0,2,0.485797367004833,Medium
2,2025-02-21 01:00:00,162,0.9640661585990156,1,0.9417728117965254,0.9750389839533844,0.2047429863917798,0.5299455905195545,0.0531816412204775,1,0.6307077768152642,0,1,3,4,1,0,0.772687148770396,High
3,2025-02-21 02:00:00,191,0.1680885586844846,2,0.8820826544251341,0.2309172968553483,0.3710867963753755,0.8442281839884676,0.6082444369513309,0,0.3356832012069668,0,1,1,1,0,2,0.38775505450651054,Low
4,2025-02-21 03:00:00,146,0.1728728376706048,1,0.515353363858359,0.7739320949837419,0.6343776351536462,0.2342976070093443,0.7153351215797725,1,0.8114623728828576,0,1,3,0,2,2,0.5368549736006346,Medium
2,2025-02-21 04:00:00,174,0.5158708077741473,0,0.7750163786983011,0.3394043167737162,0.0180089470722779,0.4423106295254806,0.3726796348683707,1,0.753884076092484,1,0,1,0,0,0,0.4769574076048749,Medium
3,2025-02-21 05:00:00,156,0.9944166718601152,0,0.5623425583263151,0.1432341822662909,0.722653719914477,0.1546133782314243,0.6796460838543823,1,0.8924178739308444,1,0,0,2,2,1,0.6530426952523236,High
3,2025-02-21 06:00:00,144,0.7497507144701347,0,0.552894321862138,0.859069559339552,0.8357827262973209,0.5961441587491649,0.7129399399113339,0,0.3429546993902209,0,0,2,1,2,0,0.6834209560832021,High
4,2025-02-21 07:00:00,132,0.7683358410270564,2,0.1145903712269762,0.3092520059609658,0.3991773336360668,0.2499303427367714,0.9353962886011048,0,0.1835943643917981,0,1,3,3,2,2,0.4549690028905956,Medium
1,2025-02-21 08:00:00,116,0.4738161163095058,3,0.1259949701829406,0.659749653046371,0.4480017470681429,0.3334249287298354,0.0646423619701654,0,0.0206736997566164,0,2,3,2,2,1,0.4490892249831319,Medium
1,2025-02-21 09:00:00,169,0.3860653840332618,1,0.5297059524065333,0.5672050854605076,0.8515370708453309,0.4711584650469453,0.1921022067364894,0,0.2546544463507511,0,0,2,3,0,0,0.5494406420718081,Medium
2,2025-02-21 10:00:00,103,0.1390122951184551,0,0.2688303149398598,0.4723815899002981,0.7758728316546195,0.0256274214155252,0.0682959087350139,0,0.3664510516852321,1,2,3,3,0,2,0.4589737820305025,Medium
4,2025-02-21 11:00:00,119,0.1416687440460822,0,0.0208121379782948,0.4964793456735646,0.2881313554309493,0.0909488509540485,0.8680258681272732,0,0.9460295155349908,1,2,1,4,0,1,0.3194934653123423,Low
1,2025-02-21 12:00:00,146,0.6557901015838534,3,0.7231624999988746,0.7332376555102014,0.3239753407799726,0.6863445472055052,0.7925943813834362,0,0.4907986861255002,1,2,3,3,0,2,0.5870303005338924,High
4,2025-02-21 13:00:00,190,0.8533099331380597,0,0.032270773652123,0.0878461910808217,0.6790495140131468,0.4287777621014466,0.5745778637307568,0,0.5559423264179061,0,1,1,3,0,1,0.42650517770046503,Low
1,2025-02-21 14:00:00,114,0.1944093268400388,1,0.5955005195432943,0.6690883165013655,0.5633132953201588,0.8656284409656791,0.0834382922528482,0,0.8800134935258163,0,1,3,1,1,1,0.4359478530492783,Low
3,2025-02-21 15:00:00,169,0.4545031650359238,2,0.5393736754640965,0.8970469923920429,0.162150394763045,0.6951080012605702,0.2731493954597084,1,0.8849600746548789,1,0,0,4,2,0,0.49793496762878486,Medium
1,2025-02-21 16:00:00,146,0.6915636880013533,0,0.9693300770526648,0.057818368805115,0.3099223342131298,0.0069136355300103,0.2975648840538378,1,0.527384994823847,0,0,3,4,2,1,0.6222384198269955,High
4,2025-02-21 17:00:00,177,0.3908875010015936,1,0.4843500844764181,0.1408026355784853,0.9002617445284855,0.6169640033586639,0.5606744339762146,0,0.1126839529515454,0,1,3,2,1,2,0.43946458466067323,Low
3,2025-02-21 18:00:00,174,0.6695642399907409,0,0.0634099119450419,0.7176092434129796,0.6883502249050932,0.092740006045779,0.2578759268319577,1,0.2696816364538009,1,1,1,4,1,1,0.5661069194954388,High
3,2025-02-21 19:00:00,108,0.3045045004941196,3,0.5518776062558517,0.4378573689667101,0.9862944715757856,0.7815731302051416,0.0727312381875788,1,0.4562735653566006,0,2,2,0,0,2,0.48237520168643144,Medium
3,2025-02-21 20:00:00,189,0.1130231657481682,0,0.8415118174832541,0.4040758478998776,0.7672265368394072,0.9926455134285814,0.7307492610312654,0,0.7509020723125454,1,1,0,1,0,1,0.43563606889945494,Low
4,2025-02-21 21:00:00,115,0.4250629891115641,0,0.9973865638958312,0.1371106309877853,0.942273256023304,0.5312482817267841,0.2989256934895397,0,0.7113677353091755,0,1,2,2,2,1,0.5946882605938839,High
2,2025-02-21 22:00:00,168,0.6909972311500076,2,0.4304380499836375,0.5074456559664244,0.2161355554709449,0.6831873796063967,0.4522698986601425,1,0.6423128429434147,0,1,1,0,0,0,0.4617901778563784,Medium
2,2025-02-21 23:00:00,160,0.9645057469217688,3,0.3203076814628702,0.1266743262433979,0.7717010497530795,0.2366687982050166,0.127455938582321,0,0.880130429085463,0,1,0,3,2,1,0.5767930600770488,High
2,2025-02-22 00:00:00,109,0.200888524852877,3,0.9071201395428816,0.4772527293785238,0.0200695000319593,0.4374259243079357,0.8025587893600898,1,0.8024397211770992,0,2,3,0,0,1,0.459849248333248,Medium
4,2025-02-22 01:00:00,149,0.2415654686122808,2,0.1911502834731946,0.7646601476110685,0.6709273678347683,0.8569129933199635,0.5654646843033482,0,0.9821193012380092,0,0,2,2,0,2,0.38321312372080324,Low
3,2025-02-22 02:00:00,102,0.5593722456174713,0,0.6156683308918354,0.2585827284702336,0.4693519530258374,0.1666123368054091,0.9016285701755796,1,0.8890539062945548,1,2,2,4,2,2,0.5408876322544376,Medium
2,2025-02-22 03:00:00,176,0.9136960141024384,1,0.405790067072127,0.4814244297560079,0.3467703512177231,0.2649569686850122,0.4953814092253883,0,0.1947335753384558,1,1,2,1,1,2,0.5884284136247496,High
4,2025-02-22 04:00:00,193,0.5405912518585126,3,0.0408732546366632,0.9933891603207392,0.8626646026487598,0.4452803828326677,0.9414816727622364,1,0.0565308448084673,0,1,3,2,1,1,0.5566515916603556,Medium
2,2025-02-22 05:00:00,169,0.0828941159711897,3,0.3473184904442163,0.6875846294984825,0.854523998570307,0.7127264476177564,0.8919079636074845,1,0.4138463100136226,0,0,1,0,0,2,0.4163397101464306,Low
1,2025-02-22 06:00:00,180,0.6539927974287979,0,0.2651944553163647,0.8425133788728437,0.0221546951418593,0.375566221504068,0.576396245320252,1,0.6170793215174901,1,0,3,0,1,2,0.49528776000652813,Medium
2,2025-02-22 07:00:00,150,0.3740050836441984,0,0.6863857522770342,0.4153910767456387,0.6096427737761554,0.928719316668826,0.9339469705173742,1,0.6427085736967554,1,0,3,2,0,1,0.4503144428955353,Medium
2,2025-02-22 08:00:00,118,0.1157508391128996,3,0.949290246613636,0.7689118751631953,0.3678527188550264,0.0934739224069516,0.3229420975668873,0,0.2666746896849043,0,2,1,2,1,2,0.6111994659314841,High
3,2025-02-22 09:00:00,141,0.8907762128186182,0,0.2680153213807623,0.0405145048955156,0.4157046821930595,0.3704744538593174,0.3655094592215262,1,0.8597418062872898,1,0,1,2,1,0,0.45458531877900954,Medium
4,2025-02-22 10:00:00,134,0.5396542053578584,1,0.8118584467931105,0.1230349732698018,0.8322862700773549,0.7094238891711437,0.0452403187951411,0,0.3284812291591342,1,1,3,4,2,0,0.5309145148276342,Medium
3,2025-02-22 11:00:00,145,0.4929231844445829,3,0.0551618563530116,0.2033096185244484,0.3098321528152071,0.2253146208890379,0.5891414713134062,1,0.919045335838941,1,1,1,2,1,2,0.3403608136932137,Low
3,2025-02-22 12:00:00,125,0.3321451464997641,1,0.5383000536040932,0.4024768563365988,0.9433481553483392,0.6567586739619224,0.7219080324758995,0,0.4710041262241421,0,1,2,3,0,2,0.4910950935012466,Medium
3,2025-02-22 13:00:00,168,0.0250053418327828,1,0.0703639656895687,0.8469077941106177,0.1795630871731066,0.1633987671610892,0.7735201623502725,1,0.0092492252108023,1,2,0,1,2,2,0.345648533704514,Low
3,2025-02-22 14:00:00,192,0.1968788116202669,0,0.9345212154283988,0.3467109300889965,0.6628858730708791,0.0549061829280463,0.149612848862729,0,0.1610787974377044,1,0,1,1,1,1,0.5933891463013906,High
3,2025-02-22 15:00:00,163,0.5600477648881331,1,0.7667085566728709,0.6555093553547169,0.6722730651802973,0.1200953822329022,0.4440521015717333,1,0.1012862790205301,1,0,0,3,2,0,0.6956176039033036,High
2,2025-02-22 16:00:00,136,0.3222115632873639,0,0.6582225331128568,0.7102810818816288,0.252159598094079,0.9309771457572364,0.1766686391357272,1,0.0429240398340825,1,0,2,0,1,0,0.43534210832690734,Low
3,2025-02-22 17:00:00,183,0.3583946902182139,2,0.8242985966088985,0.5869721302085069,0.3247502186444415,0.5518489630384151,0.6620918139536667,0,0.7137060534358638,0,0,1,0,0,2,0.5290029360893833,Medium
3,2025-02-22 18:00:00,148,0.2795993180260148,0,0.647784272256873,0.3577026261362606,0.8350453603262764,0.7970221668769024,0.1577455997525159,1,0.1913890791564844,1,1,3,0,0,2,0.4590899018153802,Medium
4,2025-02-22 19:00:00,120,0.9446797571246696,1,0.9694598849413136,0.5778299942264922,0.7620167374608589,0.3322345574595515,0.9042074728416308,1,0.8384555509647795,1,2,3,0,2,1,0.8085682363619903,High
1,2025-02-22 20:00:00,173,0.998386321346854,2,0.7142743082974616,0.3427047211467557,0.3290975964675627,0.5928534488210149,0.2304576954857498,1,0.2636271655556204,1,0,2,4,1,1,0.6071427237874122,High
2,2025-02-22 21:00:00,163,0.5214218623409692,0,0.9251395131160448,0.0839414101660581,0.5340575742592756,0.4949159208998801,0.291245231790699,1,0.0312115476670975,0,1,1,3,1,0,0.5342998739013745,Medium
2,2025-02-22 22:00:00,104,0.3587274418853109,1,0.5172945444798835,0.994178301928826,0.0615523762225406,0.946767568264378,0.8509326567333562,0,0.82048992852989,0,1,3,1,2,1,0.43505887817078814,Low
2,2025-02-22 23:00:00,199,0.2757799075862929,3,0.1169146395521329,0.1273123846172836,0.2086892559740851,0.748135714737054,0.4583653288140681,1,0.4655421386462106,0,2,1,3,2,0,0.19271914489361783,Low
3,2025-02-23 00:00:00,169,0.2228935372726382,3,0.5283489999450286,0.0723994869296409,0.4858982510982758,0.7310634403252851,0.0237512728834057,0,0.599059074507978,1,0,0,1,0,2,0.31551575330629344,Low
3,2025-02-23 01:00:00,189,0.0273857960666304,0,0.1267307143484364,0.8797407970227346,0.0858575920818097,0.0452564057343014,0.4944958072149885,0,0.3354702905764828,1,2,3,0,2,2,0.3705674649604398,Low
3,2025-02-23 02:00:00,103,0.0878074892495615,0,0.5927149839964481,0.3022156668980152,0.843583359634789,0.5497628283557605,0.0843185059641442,0,0.044941017143016,1,0,2,4,1,0,0.4246468313829597,Low
4,2025-02-23 03:00:00,138,0.126503503352,3,0.4826286623901161,0.651178919538509,0.7181964599653948,0.4668891318788333,0.985415113441918,0,0.3694601472324288,0,2,3,2,2,2,0.47021492455621505,Medium
1,2025-02-23 04:00:00,134,0.1607991826995842,1,0.6228203946159852,0.329425796019072,0.9439332988842742,0.928829563540875,0.5880517779914851,1,0.5177441771094128,1,0,2,2,0,1,0.4140556138342167,Low
3,2025-02-23 05:00:00,100,0.6878566786264367,1,0.0098136341802994,0.3919641113888158,0.6936452597995487,0.2567439785687286,0.256364155107992,1,0.0105466917350445,1,0,2,0,2,2,0.46834559266407016,Medium
1,2025-02-23 06:00:00,123,0.2146993883601463,1,0.1947514561325429,0.2624368752575184,0.9406994335630096,0.2692649780376137,0.5636498923508724,0,0.5738139157010235,0,2,0,0,1,2,0.40556525450348535,Low
4,2025-02-23 07:00:00,156,0.8815793573775162,0,0.4914729351695841,0.3434842531743006,0.5546235480385853,0.4111123613526726,0.076639758195633,1,0.8929421220784683,1,0,0,3,2,0,0.5834866017745222,High
2,2025-02-23 08:00:00,199,0.4032872303487327,2,0.9510046482989916,0.4112379088668847,0.6003517605273038,0.242738668245511,0.7999009194426328,1,0.2169438441204304,1,2,2,4,2,1,0.6244625152775769,High
3,2025-02-23 09:00:00,169,0.5626018286874227,2,0.3836674204224992,0.7213988157638377,0.9772868439666266,0.1282828958915267,0.9253787790551782,0,0.9267089219346298,0,2,3,4,2,1,0.6581976676415129,High
1,2025-02-23 10:00:00,140,0.2854775598507848,2,0.4244622392819281,0.5122186611694733,0.6422826134772395,0.8582356275464353,0.8744784370373586,0,0.0965699831610886,0,0,2,3,0,2,0.39753572990669356,Low
1,2025-02-23 11:00:00,153,0.9225612307582732,2,0.7150130258780931,0.9448687566645296,0.0306436723473405,0.558390033492931,0.3416170710086983,0,0.8252565521153862,0,0,1,4,0,2,0.669205361320159,High
3,2025-02-23 12:00:00,145,0.4740720791303496,2,0.6040230860853799,0.0418876970209322,0.7239958365143323,0.8621928340583873,0.3256223480398872,1,0.840162126013321,0,2,1,4,0,1,0.4071717810765106,Low
2,2025-02-23 13:00:00,159,0.9928285894890536,0,0.2989183985016346,0.503738616396566,0.9057498189751952,0.8318934106277718,0.0348465734269578,0,0.2569102839747457,0,1,3,2,0,1,0.5847629315290988,High
2,2025-02-23 14:00:00,159,0.4951823345589872,0,0.4108960227564582,0.5850117508120318,0.795808105547287,0.2815027458203727,0.6513613081898688,0,0.9578198320669096,1,2,3,4,1,0,0.5706677434503049,High
2,2025-02-23 15:00:00,156,0.4559187507233732,2,0.217628614921898,0.9214669320808534,0.5839584789009634,0.5478260351943458,0.5348275539978544,1,0.4159365549786418,0,1,0,0,1,2,0.5081000943834811,Medium
4,2025-02-23 16:00:00,130,0.5634721022782917,0,0.9665346642784378,0.0491762896348987,0.6714711226873659,0.0822079999700204,0.4592443779965098,1,0.1402690499799496,1,1,1,2,0,2,0.6307264179737639,High
1,2025-02-23 17:00:00,183,0.5709462166469316,0,0.1304952053639803,0.5742711286690113,0.9905139876634612,0.9162094127212256,0.9076758785659048,1,0.5912588927614104,1,2,2,0,0,1,0.4513602674778655,Medium
1,2025-02-23 18:00:00,123,0.3632813543326716,2,0.3718859712906606,0.8548041796355709,0.0905482181047548,0.404012079485718,0.167681383651197,1,0.9966368730441976,0,2,2,0,0,0,0.45773308812580277,Medium
1,2025-02-23 19:00:00,188,0.9815361775625217,1,0.0256179578326094,0.2422226136303702,0.6674104706814626,0.3934005178989905,0.0094168974356669,1,0.8991988899114765,0,2,1,3,2,1,0.4913345494922276,Medium
4,2025-02-23 20:00:00,135,0.7690569884527382,0,0.2217114939651892,0.8774991784786835,0.2833772574206751,0.30226473475252,0.0730879432618374,1,0.2777778390450309,1,1,1,4,1,2,0.5703588347004418,High
1,2025-02-23 21:00:00,184,0.6750173609565442,1,0.7808394411586486,0.019017882660283,0.6402428748655568,0.4605464616814638,0.2231921072440501,1,0.5765136644569965,1,2,0,4,2,2,0.5447222390384687,Medium
4,2025-02-23 22:00:00,129,0.7777140962064084,0,0.2010911437741029,0.7334546820949919,0.6077603150853792,0.251148177623663,0.0330439208752819,1,0.1143500773779285,1,2,1,4,0,2,0.5948840670333836,High
2,2025-02-23 23:00:00,123,0.8656406638117539,0,0.0798847337889203,0.9344017351855656,0.1533734029769384,0.3745321002336745,0.5027559729142159,0,0.4612360178045276,0,0,0,4,1,2,0.5400878918487713,Medium
3,2025-02-24 00:00:00,129,0.4880943901852725,2,0.4745825030987876,0.6580895273362382,0.206689050137287,0.8006319547017342,0.3139408564503725,1,0.5225335186173874,1,0,3,2,0,0,0.4331956931035955,Low
1,2025-02-24 01:00:00,185,0.095493051165855,0,0.0097358271453187,0.4396074769962115,0.62177310699354,0.8350215273694903,0.1802896214438953,0,0.3144965833152198,0,0,3,1,2,2,0.2322414519206432,Low
1,2025-02-24 02:00:00,191,0.8375270430284631,3,0.0845911582204632,0.0448926332641939,0.1281342888289408,0.303695215963172,0.7500773665485605,1,0.4836046572453897,1,2,1,0,1,1,0.3631739378949357,Low
2,2025-02-24 03:00:00,106,0.1062535055777637,3,0.808015378367317,0.921383639762438,0.2651516069358207,0.4689168915824757,0.2042657948658239,1,0.9198701596697076,1,2,1,1,2,0,0.5322791562417595,Medium
3,2025-02-24 04:00:00,134,0.667376314313441,2,0.7718346209641593,0.4709194042220994,0.8354926322051577,0.8746793443966927,0.687577916045135,0,0.4995740309662403,1,2,1,1,1,0,0.5981086078350897,High
4,2025-02-24 05:00:00,154,0.958012081445144,1,0.9156122896211156,0.0289855263518863,0.3270922504854312,0.0515914110561714,0.3491268349641465,1,0.8308170653757302,0,1,1,1,0,2,0.6655283239513311,High
3,2025-02-24 06:00:00,191,0.6616828108724103,1,0.854941562325086,0.690759835506096,0.488138934206645,0.8900407644260588,0.5117429673215597,0,0.3166112061737828,0,1,2,2,1,0,0.6070227858676812,High
2,2025-02-24 07:00:00,113,0.6603673845496391,1,0.6834678846923532,0.4824770261628573,0.941438754676826,0.2184961174845665,0.9339205635671836,1,0.9713966464421048,1,0,2,1,2,2,0.6908956181219084,High
2,2025-02-24 08:00:00,109,0.4457191887536613,3,0.0521325328625761,0.1244711698413022,0.2271013838125987,0.678937098119095,0.0371113390263184,0,0.092419806911417,1,1,3,2,2,0,0.23158180722634533,Low
3,2025-02-24 09:00:00,179,0.7404726186554608,1,0.7832187774174468,0.2145269374631175,0.3896570769612783,0.5827226008103741,0.5001759244533093,0,0.5851238588034494,1,1,2,3,2,0,0.5448684079334861,Medium
4,2025-02-24 10:00:00,115,0.4769677976513742,1,0.8459299052459739,0.0645304875396798,0.6065939495950258,0.5530416415623847,0.8544504474355017,1,0.7896660546137257,0,1,1,3,2,1,0.5016633694371692,Medium
4,2025-02-24 11:00:00,153,0.5802521345073495,2,0.7994649825003941,0.5750662248090541,0.7555472773019491,0.8601856052299284,0.5879144109009731,0,0.8138477432278818,0,0,0,3,0,1,0.5942467750245498,High
1,2025-02-24 12:00:00,194,0.0360829675661719,1,0.5086349304758766,0.6228707881745424,0.9019326639887424,0.1006058374494149,0.276708719904275,0,0.197361355049899,0,0,3,2,2,1,0.5309526561263197,Medium
4,2025-02-24 13:00:00,188,0.3350631226573838,3,0.2328425264887783,0.5064164361510408,0.9157589642358928,0.3466420661202971,0.3975589319560217,1,0.4009660756439367,0,1,1,2,0,0,0.47862723423408804,Medium
3,2025-02-24 14:00:00,176,0.551987161795212,3,0.8457489288740012,0.8182238727956074,0.7768587484166624,0.5383189119387151,0.6802360383777355,1,0.6237789383989131,0,2,2,0,1,1,0.6988597726981168,High
2,2025-02-24 15:00:00,169,0.7089969818644777,3,0.7274894822853057,0.8621936801009465,0.2282837044498193,0.8120005762163955,0.8908513073501474,0,0.3151017078795584,1,0,0,1,2,1,0.5940028212926488,High
1,2025-02-24 16:00:00,143,0.8219978899760508,2,0.9812858902672246,0.6164564978420621,0.0246635359178252,0.2157483739028238,0.0408272954072013,1,0.6579190143110344,1,1,0,4,1,1,0.6954495189314814,High
1,2025-02-24 17:00:00,172,0.0113257983814246,2,0.1555729903506526,0.0127219151832019,0.3838021530179321,0.8036217998982862,0.0713097304397472,0,0.3780738804342921,1,2,2,4,1,0,0.13129613318760655,Low
2,2025-02-24 18:00:00,144,0.9720733433641084,0,0.2255996190795832,0.6961761951514142,0.1414596491742432,0.3993769135466185,0.3249055171524819,0,0.3501265965832246,0,2,1,1,0,2,0.5499658899853495,Medium
4,2025-02-24 19:00:00,199,0.8805744250852467,1,0.2117223571536934,0.4185472177704022,0.7105742040132075,0.1881540578183993,0.2326034372661682,0,0.1070419767912148,1,0,0,4,2,1,0.5851466610430367,High
2,2025-02-24 20:00:00,155,0.706630995094417,2,0.7929174951907414,0.5663176096218078,0.661293264847087,0.7595745007830947,0.2647651761262555,1,0.038145491495916,0,2,0,4,0,0,0.62340845910525,High
4,2025-02-24 21:00:00,183,0.5171261384781118,3,0.1868120656333185,0.6499607988621926,0.0438351368915194,0.0899073598523747,0.2210899793273173,1,0.8351055987417323,0,0,2,4,2,0,0.44906587735616776,Medium
2,2025-02-24 22:00:00,181,0.5670956455159766,3,0.0664706937909374,0.3506872015967796,0.8368415171859392,0.5147780117064444,0.1956366903551554,0,0.4889683874765104,1,1,0,2,1,2,0.42683855096800866,Low
3,2025-02-24 23:00:00,156,0.4271140303238041,2,0.9990994227842778,0.9183639968908052,0.2487060295675425,0.0628203497599058,0.1304142396905692,0,0.5623835463228237,1,0,0,2,0,1,0.718109014626327,High
4,2025-02-25 00:00:00,120,0.0755435314856527,2,0.0245953991310341,0.1341145623134755,0.4322787869893848,0.3560540969257617,0.9340076840541832,0,0.3715064921593334,0,2,0,2,2,0,0.21329134862641025,Low
3,2025-02-25 01:00:00,167,0.2233409157682001,2,0.835655136919808,0.6724242505837863,0.6680997114682385,0.6012915035133486,0.1439841826160421,1,0.1357496820343549,0,0,3,1,1,0,0.5592550944819927,High
1,2025-02-25 02:00:00,149,0.121541163273119,0,0.3654109756828465,0.0043129442893135,0.4294691369646386,0.5562239412265468,0.2042182278145485,0,0.4489487309209865,1,0,1,3,0,0,0.2535874029575678,Low
2,2025-02-25 03:00:00,132,0.898851283375326,3,0.8420315121549982,0.9259274545263796,0.4413439067053736,0.4044057108175916,0.2460938966570822,1,0.2280735157507388,0,1,1,4,0,2,0.7759469191710243,High
1,2025-02-25 04:00:00,190,0.7679307520410253,0,0.5548124197648523,0.1126129630890766,0.0655019890479613,0.4288559598077668,0.9330681175613966,0,0.837517698101087,0,2,2,0,0,1,0.4487052899553139,Medium
1,2025-02-25 05:00:00,106,0.0326519528850348,0,0.902094150179001,0.0949677301295798,0.4014803376981781,0.2260992593731519,0.755709270368438,0,0.9867991135380034,0,0,1,2,0,0,0.42898723354067875,Low
1,2025-02-25 06:00:00,169,0.4523975926140259,1,0.9266750881939364,0.333433452430994,0.7650608507185064,0.4557540010022356,0.7897057052551895,0,0.8889914472308755,1,1,0,0,1,0,0.6078508881456299,High
1,2025-02-25 07:00:00,114,0.9810097844570472,3,0.0088640934571844,0.3740504113779075,0.9154621700405132,0.954302237260118,0.1045400552613442,0,0.5277438570958269,0,1,1,4,1,0,0.4664525416711987,Medium
2,2025-02-25 08:00:00,181,0.0576183438537762,3,0.0752298749564226,0.2145552411058355,0.4135397687702699,0.8512572381471522,0.8363314258309529,1,0.627719154555794,0,1,3,3,1,0,0.16046548251718445,Low
1,2025-02-25 09:00:00,131,0.671222433917077,2,0.2503130500724537,0.5859099122251238,0.4236333493227954,0.1443697927177911,0.4080743237615893,1,0.948087497602844,0,1,0,0,1,1,0.5394553869331581,Medium
2,2025-02-25 10:00:00,174,0.4650866712369014,2,0.6695969139698741,0.4434979158128691,0.7028099007882327,0.0286447402449163,0.2626566252966695,1,0.5381638043870114,0,1,0,4,2,1,0.6234952535457652,High
2,2025-02-25 11:00:00,119,0.5980593566652719,1,0.888724684694369,0.0341718160161254,0.9430712116258684,0.9345250440751842,0.5756862397638716,1,0.6381888709449353,0,0,3,4,1,0,0.5298122986757379,Medium
3,2025-02-25 12:00:00,187,0.8330287746725902,0,0.4600599422508951,0.3200586820472704,0.2670325834519702,0.5267887182067927,0.8221998267293062,1,0.628818208321429,0,0,3,2,0,0,0.498320495427102,Medium
4,2025-02-25 13:00:00,114,0.3251117333357075,2,0.6072059287208318,0.8115450658869653,0.4401997560573719,0.5379030077138931,0.778654805434164,0,0.7078029377743544,0,2,1,3,0,0,0.5307329409430497,Medium
4,2025-02-25 14:00:00,147,0.6042736888026282,2,0.1884058656585754,0.6906401271969949,0.7962012898185071,0.7813574373477212,0.8900366287062207,1,0.6398868482523667,1,0,1,4,0,2,0.48852449192531777,Medium
2,2025-02-25 15:00:00,170,0.1967586203826533,3,0.8053542661572997,0.7258600043222051,0.6098313120549753,0.3142265533848829,0.9281838302188,1,0.6703430385320658,1,2,1,3,0,2,0.5900409362999431,High
3,2025-02-25 16:00:00,120,0.5535919373937198,3,0.9678423369095476,0.699067614141623,0.1104821323249306,0.481840513934525,0.2379475751438124,1,0.7255972282882518,1,2,3,2,2,2,0.6144683341627023,High
2,2025-02-25 17:00:00,141,0.3610322201547351,2,0.2685674977930219,0.3113671644339542,0.6278792231660678,0.9697467249385224,0.4237442700212273,1,0.8089001559868724,0,2,1,0,0,0,0.31839323710786194,Low
2,2025-02-25 18:00:00,125,0.9549438662405072,3,0.4949711846246971,0.0997542932072607,0.1866789933347391,0.6725314312351196,0.0143807962610982,0,0.4023768187448182,1,0,2,1,0,2,0.4595517556726961,Medium
2,2025-02-25 19:00:00,113,0.1977913747206666,1,0.0859421685257633,0.272805972193015,0.5103054525654726,0.1529020814867103,0.8793573065488476,0,0.7455602662201936,1,1,1,1,0,1,0.3291050859120248,Low
3,2025-02-25 20:00:00,156,0.5759196855441102,2,0.5593321118391812,0.8329281480795433,0.5292019422400659,0.1323352847882621,0.1543702729551037,0,0.0991682855210273,0,2,3,1,1,2,0.6599285775795021,High
4,2025-02-25 21:00:00,136,0.2461761380329591,3,0.5029348891376091,0.981827391698306,0.8764703019850446,0.2035412548337545,0.8615046105895268,1,0.8760682143136158,1,1,3,3,1,0,0.6345825922049968,High
3,2025-02-25 22:00:00,157,0.550118633203052,1,0.1443080864791679,0.4945040522174868,0.4625606582685821,0.767318000023538,0.3292427365225125,0,0.2892328202268576,0,2,2,1,2,1,0.3767938891008089,Low
1,2025-02-25 23:00:00,120,0.9144516608648428,3,0.4421702443210604,0.0096613970011895,0.2794200676718824,0.2948689228322094,0.3680017030264526,0,0.4027826418206957,0,0,0,0,2,0,0.48877042742266463,Medium
3,2025-02-26 00:00:00,181,0.5454111430631849,3,0.3341243725431666,0.1401932336778855,0.2309204937006531,0.0202329579987847,0.0388925422658097,1,0.8034048629211118,0,2,2,4,2,1,0.42952565599244524,Low
3,2025-02-26 01:00:00,168,0.6039153408534469,3,0.5219971973655839,0.3224906862691877,0.8745178704144991,0.9452002754582816,0.326733382167347,1,0.6365848955024009,1,0,3,3,0,2,0.4853739110520278,Medium
3,2025-02-26 02:00:00,102,0.9619071678492892,2,0.5858704993357573,0.5793642034751919,0.1709359350246209,0.1689082209551213,0.8884022934729288,1,0.307838428378449,0,1,0,0,2,2,0.6531214146017249,High
3,2025-02-26 03:00:00,186,0.6764051245982496,0,0.0082610201913007,0.0751486954090252,0.4259171899374752,0.0083743254868347,0.0253032366711969,0,0.2245113509286176,1,0,2,3,1,1,0.39882770494678865,Low
4,2025-02-26 04:00:00,189,0.0,3,0.7613590847457077,0.9446605393198184,0.1871060305807028,0.2364858080588603,0.4062081035655456,1,0.9576907207147702,0,1,2,3,1,1,0.521864912428667,Medium
1,2025-02-26 05:00:00,136,0.958321462593816,1,0.7133299153623118,0.3655556042616253,0.773521096934982,0.2343780209734762,0.0311573833426939,0,0.08672622476414,0,0,0,3,1,0,0.7218954267355829,High
4,2025-02-26 06:00:00,187,0.9460497146570988,2,0.366331238441488,0.9138432200335384,0.4744447825564539,0.4217965650747954,0.3707924524810855,0,0.0031865230466007,1,2,2,2,0,1,0.6687611149036032,High
4,2025-02-26 07:00:00,148,0.954889335030849,2,0.0527360820944562,0.7815909557129809,0.3511560949198076,0.9213595081672714,0.1724446839375562,0,0.6725751732736999,0,2,0,4,0,0,0.4726940334368029,Medium
3,2025-02-26 08:00:00,118,0.8642172879514962,1,0.7552808986289758,0.7564703646679606,0.3611168713774729,0.880057171041835,0.2520485168429307,0,0.6140457226839614,1,0,1,1,2,1,0.6283275746290558,High
2,2025-02-26 09:00:00,188,0.0424976184328843,3,0.9556798953937522,0.6075388796309542,0.8524695171586968,0.4567683602176111,0.8776334556639795,0,0.7373305464075817,0,1,0,2,2,1,0.5804073279240127,High
2,2025-02-26 10:00:00,184,0.748418594919917,0,0.2400979454361282,0.627631960674486,0.5538845885871364,0.410664962143664,0.4359395919986173,1,0.7313433593256347,0,1,2,4,2,2,0.5441384711904294,Medium
4,2025-02-26 11:00:00,111,0.3096326599656342,3,0.32353607189249,0.6388675075537115,0.7180580339161446,0.5551148701520578,0.2736351873667653,0,0.8631239548759381,0,1,1,1,2,2,0.46050715903988637,Medium
4,2025-02-26 12:00:00,160,0.2906557990046385,1,0.1837152421404799,0.6295723160434282,0.8973155563564554,0.2428231661233733,0.5892789875542248,0,0.9220428523569824,0,0,3,2,0,0,0.4926810820299276,Medium
3,2025-02-26 13:00:00,140,0.5054086056926131,2,0.5771454789122286,0.5544713523995187,0.90202099611707,0.0511019165797645,0.1419009960329313,0,0.7747853111482078,0,0,3,2,1,0,0.65917065356171,High
4,2025-02-26 14:00:00,132,0.4476455872009687,0,0.1547211225095726,0.9877791562023024,0.3285104860125563,0.9402383439857418,0.2592240819089877,0,0.2314131750404644,0,0,3,0,0,0,0.406388329972118,Low
3,2025-02-26 15:00:00,149,0.6505239447654491,2,0.3562309141746951,0.7332903845365368,0.952755165923762,0.1859339494998479,0.5461744549695322,0,0.4628893401624167,0,0,2,2,2,1,0.6633699741059306,High
2,2025-02-26 16:00:00,167,0.1709664710962331,1,0.6973161415087632,0.7780104014350008,0.0247301201525457,0.197663361048638,0.237348349241153,1,0.6413186767013171,0,1,1,3,0,1,0.4967327473038354,Medium
2,2025-02-26 17:00:00,170,0.143369227481949,3,0.5603122031739849,0.8736641398106219,0.3768604201358329,0.4723709372406794,0.6790977741231834,0,0.5388479458854137,1,1,0,2,1,0,0.48632660806038086,Medium
1,2025-02-26 18:00:00,185,0.9973635829453086,0,0.3865231728063296,0.2158968574094314,0.8960752966600027,0.4915692379238447,0.4913998439486733,0,0.1579312894239045,1,0,3,3,0,1,0.5998269692302195,High
2,2025-02-26 19:00:00,132,0.065553191299935,2,0.4203365956986771,0.0838717306836686,0.2746121956498541,0.0172713351878779,0.7719895408889366,0,0.5888145920154938,1,0,3,4,1,2,0.32684792195568313,Low
4,2025-02-26 20:00:00,180,0.2412994898549692,2,0.5623086606708181,0.4835357289612889,0.2730560121220563,0.147098097905475,0.9483027714474082,0,0.8864209319057573,0,1,1,4,2,1,0.4665028705561918,Medium
2,2025-02-26 21:00:00,123,0.2763819766561908,2,0.0056281149530914,0.514766820456405,0.3026111675179965,0.3778424544171126,0.1155903054378326,1,0.4178573160973645,1,1,1,3,0,2,0.3121711939587341,Low
3,2025-02-26 22:00:00,160,0.4860333330365648,3,0.078329986507529,0.8303208850980389,0.6124523975468827,0.684140821889806,0.3345221542037082,0,0.6685683735168287,1,2,1,0,2,0,0.4464017432541928,Medium
2,2025-02-26 23:00:00,160,0.4416226707383303,0,0.8817050783812272,0.4443686469946163,0.438387446998761,0.2277520614619463,0.3194012530721546,0,0.6155073043124845,0,0,2,0,2,1,0.6013009745093348,High
1,2025-02-27 00:00:00,197,0.2372775349222318,3,0.0776986144706932,0.5716207646599852,0.7269293176241406,0.4228081465758506,0.1509799300474859,0,0.3763342959224692,1,2,1,4,1,0,0.3886863659374718,Low
2,2025-02-27 01:00:00,127,0.3042830370099981,3,0.7071143695738524,0.5277757377524207,0.8951866511321129,0.5574563714959586,0.8103161648297339,0,0.5647844496611659,0,1,0,2,1,2,0.5590640411418699,Medium
3,2025-02-27 02:00:00,157,0.373181551090179,3,0.9205154593844782,0.0382048001124271,0.6743683883759031,0.8894869908197345,0.7598752056817712,1,0.2093063550234436,1,1,0,4,2,0,0.44879742227457503,Medium
3,2025-02-27 03:00:00,142,0.2258226422485555,1,0.2706537971688483,0.6160464090702319,0.2044080193454782,0.325634991914028,0.4843316968030582,1,0.5455978903641802,1,0,3,4,1,2,0.3791443457831149,Low
4,2025-02-27 04:00:00,140,0.8434631547083805,1,0.3705395731574827,0.8291807542556927,0.932976221461263,0.1326675864962494,0.5376944868891764,1,0.7986184000359969,1,2,0,3,1,2,0.7393831280623564,High
2,2025-02-27 05:00:00,138,0.0955720657757676,1,0.5691245024546763,0.15767406348644,0.2644632716274431,0.4892225837243495,0.0593111154737537,0,0.7586895240286664,1,1,1,0,2,0,0.313995057940363,Low
3,2025-02-27 06:00:00,185,0.1827819374827503,0,0.8821563323809574,0.5951332253622492,0.1498091391709166,0.7472806634834599,0.5554368743184424,1,0.3572231869462615,1,2,0,3,2,2,0.44564048389149524,Medium
1,2025-02-27 07:00:00,148,0.3649184035042423,3,0.9423999595283394,0.5944109991206877,0.0898530716305664,0.1089130457902385,0.7913483371309449,1,0.1110637607717434,0,2,3,4,1,0,0.5928527944583322,High
4,2025-02-27 08:00:00,116,0.733467027537148,3,0.7398996045680477,0.1643680887923202,0.5634990335356349,0.4244811382616267,0.5737630997535619,1,0.7997326877436268,1,2,2,1,2,0,0.5720679600758642,High
1,2025-02-27 09:00:00,197,0.2703857693574666,1,0.0864462121912639,0.1235881585600741,0.1136597905420301,0.0166207321157298,0.265140783083496,1,0.2641980990655241,0,2,0,2,2,0,0.2784814858631425,Low
2,2025-02-27 10:00:00,169,0.2207746102687832,3,0.6694355272073194,0.9814079347580236,0.138685338036174,0.0324320680698408,0.6675145140602878,1,0.0519526512219298,1,2,3,4,1,2,0.5847721118155804,High
2,2025-02-27 11:00:00,169,0.5541327979629811,3,0.4103829486978829,0.3942322662012342,0.3000181065915851,0.4828887809535165,0.3613543651588287,0,0.4445645267789248,0,0,3,3,0,2,0.4425447887511732,Low
2,2025-02-27 12:00:00,197,0.7922338654392322,2,0.4708273925438433,0.2276957608246168,0.2816317267562761,0.297695885344166,0.5447993211204971,1,0.7391893034976655,1,0,1,1,0,1,0.5088948428725089,Medium
4,2025-02-27 13:00:00,164,0.1506485875303817,3,0.0489455790517383,0.1715179328470163,0.6043746090258169,0.8458989803814905,0.4874726183003364,1,0.8082935519415322,1,2,3,1,2,0,0.19797347251158223,Low
3,2025-02-27 14:00:00,173,0.1129519413110638,2,0.1909701531835106,0.6685085358470623,0.8169833954865678,0.60237155825219,0.3810473881377465,1,0.9822073133722498,1,0,0,4,1,0,0.39187400637821274,Low
4,2025-02-27 15:00:00,184,0.6040444351456985,3,0.7908897528077645,0.6102685155896233,0.7615609178462655,0.4537997646944636,0.7188610446636219,0,0.188477458859868,1,1,3,0,2,0,0.6669514230790606,High
1,2025-02-27 16:00:00,104,0.1286803002110024,0,0.4540721515902752,0.6444243722473136,0.2624538793668497,0.407693418969564,0.8839132519233794,0,0.2929877879067822,1,2,3,1,1,0,0.40278705645937496,Low
4,2025-02-27 17:00:00,101,0.4648273697705682,1,0.3016566267386356,0.088079639585976,0.2452715971447346,0.4972146896897558,0.0049616895730943,1,0.6090559137250668,0,0,1,2,2,0,0.32144546316274303,Low
1,2025-02-27 18:00:00,121,0.2461817024421079,2,0.3840777742410783,0.8947662003972757,0.9661018999019636,0.0393279836293252,0.9336699608418472,0,0.8111472716003602,1,0,1,3,2,0,0.6255341966911475,High
4,2025-02-27 19:00:00,156,0.7496550066327757,1,0.8548255492122439,0.3897730921782966,0.0080824132610579,0.8936977849824725,0.5114302402842035,0,0.2331974974368922,1,1,0,3,1,0,0.496232451638702,Medium
3,2025-02-27 20:00:00,165,0.7873305080973282,2,0.7493427425654142,0.313766994455917,0.8799891778540524,0.9994570478409824,0.7007089975200698,1,0.4092443931075539,0,1,3,3,2,1,0.5790015310588295,High
1,2025-02-27 21:00:00,173,0.9008822927146304,2,0.2722868643691183,0.4629732219719183,0.1996675213125387,0.1807097667484543,0.8556524470920923,0,0.407728825130121,1,1,2,4,0,1,0.5387305968499335,Medium
2,2025-02-27 22:00:00,197,0.8736433970495278,2,0.1173524083840056,0.3905739106980824,0.9475857210677668,0.1194611342030405,0.4670042413292838,1,0.7726949926043676,1,1,3,3,0,0,0.6000824215277087,High
2,2025-02-27 23:00:00,115,0.4110239848291949,0,0.2519538224791429,0.8647655538768623,0.3423154055287483,0.1427104731089779,0.834995186391174,1,0.2400627724155395,1,2,2,3,1,0,0.5186383024654224,Medium
4,2025-02-28 00:00:00,150,0.3180015313253977,3,0.9212343072641432,0.930543951336122,0.4404074240359918,0.6613835069612981,0.1774254944637519,1,0.9687478572385988,1,0,0,2,2,1,0.6127713374758138,High
2,2025-02-28 01:00:00,138,0.8683215961396356,2,0.5818018268754683,0.3038365492439246,0.70730558674565,0.6617982655046515,0.1589671620281489,0,0.5099123899003737,1,0,1,0,0,1,0.5801242637887106,High
1,2025-02-28 02:00:00,185,0.8991573258785089,0,0.5336556281541576,0.8651248740045056,0.5877961172355315,0.8487225037439126,0.6574343080278158,1,0.281245936595081,0,1,0,4,1,0,0.6420892553328106,High
2,2025-02-28 03:00:00,175,0.4226691802957595,2,0.5966181502453427,0.7825937219677743,0.3179356374514162,0.7523975197983974,0.8701756446691522,1,0.2834657757290665,1,0,1,4,1,0,0.4961712946767832,Medium
3,2025-02-28 04:00:00,187,0.015667150399302,3,0.3660729164066942,0.9320928719705944,0.5539415777740245,0.4495464436435836,0.8924661196295478,0,0.0171678777923751,0,0,1,3,1,1,0.4475128612151841,Medium
3,2025-02-28 05:00:00,139,0.0251978703893305,2,0.8074961239373548,0.2460506929345988,0.7309032911801923,0.6130979148786662,0.6436988974485174,1,0.6920941643505062,1,0,3,2,0,1,0.42505444361382,Low
4,2025-02-28 06:00:00,137,0.5790624638313405,0,0.523453707910233,0.5777356672267864,0.0421976477446528,0.688705566005094,0.5254089142104876,0,0.7757101154229248,1,1,3,1,0,0,0.4441999886416845,Medium
1,2025-02-28 07:00:00,159,0.3898157957995388,3,0.1165978821657935,0.2748863593122336,0.0110469133417024,0.5127423061209169,0.3312491595921223,0,0.031312332872604,0,0,1,3,0,1,0.25632638243689765,Low
3,2025-02-28 08:00:00,158,0.4421702085985701,0,0.1289247231513093,0.825226282290591,0.4581311770711572,0.4755691367088157,0.980069058838593,1,0.585472161557857,1,0,2,3,0,0,0.45520329544993926,Medium
3,2025-02-28 09:00:00,109,0.6915124954371845,3,0.5370372046360132,0.0052789416004412,0.1317427077495886,0.6454162309709535,0.3195479249137503,0,0.7814412344876766,1,0,2,4,2,2,0.3811421848551829,Low
1,2025-02-28 10:00:00,198,0.7518206746734805,3,0.9370604237728596,0.5655782278936026,0.6645085274072704,0.5575861619030347,0.7441774658608502,1,0.375530259924121,0,2,3,4,0,0,0.7013742750159409,High
2,2025-02-28 11:00:00,163,0.49393924555515,1,0.3083517311318184,0.339638157553068,0.213998402293122,0.6442583594923383,0.531903611748711,0,0.4320984584908688,1,2,0,3,1,0,0.3539613821024732,Low
2,2025-02-28 12:00:00,162,0.5421225772562567,1,0.869979029364353,0.3230946850757208,0.4329031208083076,0.6130973258874064,0.6084592361089256,0,0.3608978675637664,1,0,2,4,2,0,0.5406152079084316,Medium
4,2025-02-28 13:00:00,148,0.9179772705015092,1,0.7644511011484811,0.6457805198852818,0.1976089416015565,0.7196905431033758,0.3933569707208979,0,0.3148694429556395,0,0,1,2,0,1,0.6214509566642811,High
2,2025-02-28 14:00:00,163,0.4880231657481682,3,0.2477647749292066,0.8526556161420228,0.5485916554074945,0.6431168704100105,0.9648867945818372,0,0.4905675034876371,0,0,3,1,2,0,0.49029932614737093,Medium
1,2025-02-28 15:00:00,131,0.0273768930119924,2,0.0361279351124153,0.6100182503980441,0.115951898062203,0.5197648870436102,0.5716171491962216,1,0.1651429358541777,1,0,3,1,1,0,0.22730790876349968,Low
3,2025-02-28 16:00:00,106,0.5241139234871485,0,0.1016856081396491,0.8543465728562499,0.0229602333456424,0.682202367262613,0.937842439089544,1,0.4400539321801632,1,0,1,1,0,1,0.37843287739040377,Low
2,2025-02-28 17:00:00,120,0.4613440496434327,0,0.7288216459113579,0.2649245862502063,0.0509986043585314,0.4493382443619704,0.0073413669181974,0,0.9417826490410768,1,0,0,3,2,2,0.44077539513822306,Low
4,2025-02-28 18:00:00,119,0.2388700688206123,0,0.1995844738357213,0.5201957729055253,0.9545632203661856,0.2410361649696106,0.5726057301745417,1,0.0262807281350515,0,2,1,3,0,2,0.47068184855467465,Medium
2,2025-02-28 19:00:00,125,0.5288347682089725,1,0.3713196653277129,0.4511313146412953,0.1421973742541761,0.0002151136320773,0.7171693997651034,1,0.1637840902108786,0,1,0,3,2,1,0.4865622104057452,Medium
1,2025-02-28 20:00:00,167,0.9733787537504118,3,0.5018497665505619,0.0116087370029427,0.7086638840865959,0.5600816463889005,0.7450718228075468,1,0.7774662729782712,1,0,3,2,2,0,0.5434162131304863,Medium
4,2025-02-28 21:00:00,185,0.5379281256399071,1,0.7257935175940136,0.5575596974852582,0.0678013120474865,0.5908452907275579,0.9050209371806528,1,0.1310591988658293,1,0,0,1,1,2,0.4989857535035211,Medium
2,2025-02-28 22:00:00,114,0.5109207093953936,2,0.1130784563650231,0.6624224097286827,0.1080549645378903,0.9731407824252404,0.0041505143365132,1,0.2704472735580854,1,0,1,4,1,2,0.3087214007027382,Low
4,2025-02-28 23:00:00,184,0.4968995112223003,3,0.4064425573221983,0.5927124207709279,0.5089651204527712,0.3611265406752262,7.773023548929281e-05,1,0.4542218715287495,0,1,3,4,0,1,0.516553788256942,Medium
1,2025-03-01 00:00:00,178,0.5743827957372175,0,0.4852105256940824,0.7372854508429785,0.4649384665521344,0.3938586574918707,0.4721657008471198,1,0.9431213600449472,0,0,2,0,0,2,0.5730173918854602,High
3,2025-03-01 01:00:00,185,0.940453031935257,1,0.5410082207826508,0.5721079669514235,0.9518837900013354,0.2010702492678144,0.0290507683499883,0,0.1825639932729061,0,0,3,0,2,2,0.7474089376797898,High
1,2025-03-01 02:00:00,191,0.5792316218694634,1,0.8187585333371934,0.0667933102341458,0.9451356638496388,0.0694946042782924,0.9745994048917266,1,0.9230200075039444,1,1,1,4,1,1,0.6442023597841953,High
1,2025-03-01 03:00:00,113,0.1165955164216842,2,0.1715710713184779,0.1165600199665045,0.7798287556718476,0.7734252241036443,0.2218854158498329,0,0.718218573221439,1,0,1,1,1,2,0.2463141806635719,Low
1,2025-03-01 04:00:00,126,0.6805517222959198,2,0.808221121176939,0.5972791494703322,0.6022358925287529,0.249064941507846,0.4725671009265166,0,0.6707830707858606,1,1,3,3,2,0,0.6946246834154172,High
1,2025-03-01 05:00:00,139,0.2944173395892131,1,0.6931783264362936,0.2753215913243635,0.45502304938115,0.6091380739231087,0.0609051297266367,0,0.7232425051274688,0,1,3,4,1,1,0.4288459810899556,Low
3,2025-03-01 06:00:00,157,0.7163497921136742,2,0.5560637191711559,0.0797067217206538,0.3561933794539198,0.688192721491738,0.5219669724971285,1,0.0301297853177118,1,0,3,4,1,0,0.4342448208596656,Low
3,2025-03-01 07:00:00,127,0.8000073450200764,0,0.6998329619114936,0.4301674251966225,0.9473888495615655,0.4711444025446212,0.3798281128516694,1,0.0978632494866602,0,2,0,0,2,0,0.6824302288247586,High
4,2025-03-01 08:00:00,125,0.5416228933146963,2,0.4120983043093871,0.5550665735293684,0.6030432650298243,0.8772176685090505,0.0444221283044941,0,0.3340828956675017,1,2,2,1,0,1,0.4583174535900106,Medium
2,2025-03-01 09:00:00,162,0.7759357110424587,2,0.1382644723173012,0.3291656813097601,0.5791954260750819,0.4436376737259333,0.3349815614299014,0,0.072901104348048,0,0,0,4,0,2,0.4647168449542643,Medium
3,2025-03-01 10:00:00,165,0.7114831598721522,1,0.6660439654220476,0.7214164742461613,0.231855720407664,0.284375790973232,0.3913117702909015,1,0.9876012302319211,1,1,1,3,0,1,0.630787065587947,High
3,2025-03-01 11:00:00,124,0.2365307912144657,1,0.5248408477135658,0.6446431714490946,0.0465626347351716,0.8969275698972146,0.98999338599826,1,0.5799433149748419,1,1,3,3,2,2,0.34171680374752034,Low
2,2025-03-01 12:00:00,102,0.3428310378290792,3,0.6396329165340353,0.3332439083784618,0.945488961775188,0.8623948759254507,0.2077014661736116,1,0.4867649697948478,0,1,0,2,0,0,0.47472888314393163,Medium
3,2025-03-01 13:00:00,171,0.057345687805486,3,0.3380215425389135,0.755904809201675,0.31372952856404,0.1632213374914068,0.5447056215062767,0,0.7852848812508005,1,0,0,3,2,2,0.4225989980873298,Low
1,2025-03-01 14:00:00,143,0.4534537174704641,1,0.9073335864884132,0.6495746851070491,0.4426457580280644,0.0248159399546215,0.9873865898634376,0,0.9769581850054732,0,2,1,4,2,0,0.6827862357221456,High
1,2025-03-01 15:00:00,196,0.7912879158839398,2,0.5875873721989922,0.6383088490968107,0.1145376970273106,0.0889918552473387,0.7920262431522052,1,0.955103222792132,1,1,0,4,1,0,0.626212468107091,High
2,2025-03-01 16:00:00,141,0.4744181853794037,2,0.0852279850159978,0.5541703897540101,0.8371722282067786,0.2860184411467059,0.9934405249834792,1,0.7928468927679732,1,1,1,3,1,0,0.4834186886086633,Medium
4,2025-03-01 17:00:00,198,0.1549476500387283,3,0.4499140645933237,0.0113531386750141,0.0274874070078128,0.9733521178865174,0.9683631227109996,0,0.3764655507090712,1,0,0,0,0,1,0.16160634976121016,Low
4,2025-03-01 18:00:00,105,0.6596184150782134,3,0.7567055252573756,0.6974555594179103,0.8342372382785121,0.5586302288193876,0.4894474441231238,1,0.0648836143806334,0,2,2,1,2,2,0.684913148386348,High
2,2025-03-01 19:00:00,138,0.0335734190400726,3,0.794513534729036,0.3765294751633046,0.1401951982981988,0.3729377988491986,0.6963515394035755,1,0.0973393487432636,1,2,1,4,0,2,0.39741624339228804,Low
2,2025-03-01 20:00:00,151,0.3525587379029745,0,0.4947421070332527,0.9439118760566628,0.886836075015993,0.889610883044524,0.1102267857941998,0,0.0,0,0,2,3,0,2,0.5501913652411097,Medium
1,2025-03-01 21:00:00,122,0.4529584850562228,0,0.8952051158476964,0.8191077797254618,0.7299685912545821,0.4530012509062502,0.4410408677425497,0,0.000751387920757,1,2,0,3,1,0,0.692407557223322,High
4,2025-03-01 22:00:00,188,0.582136243445126,3,0.267636275417902,0.5884864194254115,0.164592269358148,0.3147775074978249,0.8090311487561546,0,0.9363729485155232,1,0,2,4,0,1,0.4576126278798878,Medium
3,2025-03-01 23:00:00,149,0.4335064235539213,2,0.4106781544194866,0.2524916085523822,0.5659344657916655,0.942238454394071,0.5052483998362174,0,0.9269570223734354,0,1,2,2,0,2,0.3550988679134676,Low
1,2025-03-02 00:00:00,142,0.0053785578832097,3,0.8990574616618179,0.2039573487037567,0.3126500610301235,0.8503197752810767,0.70267679467881,1,0.6671877217251637,1,0,2,1,1,2,0.3362500174893653,Low
2,2025-03-02 01:00:00,118,0.3783742577078196,0,0.8967154400296156,0.3408212623147748,0.1781616806759758,0.8444566546567474,0.7457432015918639,0,0.7263804032263911,1,1,0,4,0,1,0.436992430800198,Low
4,2025-03-02 02:00:00,168,0.5685078925579367,2,0.6860070716647999,0.4772001411572016,0.859440887750103,0.5122895108384034,0.2532996747313807,1,0.5126602722204782,0,0,1,3,0,2,0.6111414758238795,High
3,2025-03-02 03:00:00,150,0.038935283695836,0,0.859410160489277,0.2964382224777231,0.4035605628963399,0.7900984586616868,0.8757338330762274,1,0.2369691771059463,0,1,0,2,2,1,0.3758933211770208,Low
3,2025-03-02 04:00:00,110,0.2255188255090321,2,0.0886014000367958,0.5156168404399039,0.398579097038334,0.1785709561562769,0.4597205935997501,1,0.9143101983322012,1,1,0,4,0,1,0.3646546456067463,Low
1,2025-03-02 05:00:00,111,0.6837623863747652,0,0.8654292864410178,0.1655552544346487,0.169811210439709,0.573371805450059,0.2100014514145562,0,0.2768654050102688,0,0,0,1,1,2,0.509874879839323,Medium
4,2025-03-02 06:00:00,173,0.6803324845754579,2,0.3206290963239642,0.9790654419404032,0.38309355540467,0.984965632797147,0.865446971661799,0,0.7393902717364255,0,1,1,2,1,1,0.5057726720040646,Medium
4,2025-03-02 07:00:00,107,0.5693236349391476,2,0.1782295844986221,0.1080268013451707,0.8718815626642066,0.2904399023949453,0.4177032027374869,1,0.2445715649514327,1,2,3,3,2,1,0.44570991416886574,Medium
2,2025-03-02 08:00:00,123,0.4747698560376064,2,0.2393155752542235,0.9332309730331206,0.3631469248814187,0.7950240074129116,0.7503058048223146,1,0.8700213740824204,0,0,0,0,1,2,0.45038599004985763,Medium
4,2025-03-02 09:00:00,191,0.4902511551713393,2,0.418053720523589,0.9148384421605044,0.951907054333738,0.4904316168861802,0.5479601446295566,0,0.6508541077203227,0,2,0,1,1,0,0.6292652229729667,High
4,2025-03-02 10:00:00,140,0.966570142715966,1,0.2511469758380422,0.5260628221548143,0.9466098243260272,0.0386933386465915,0.3817443677568666,1,0.6422996126087873,1,1,1,2,1,2,0.6958293169213803,High
1,2025-03-02 11:00:00,135,0.4757324988203453,0,0.3205767349314048,0.725899479244967,0.1448110813945085,0.7636169935335126,0.8098893026829872,1,0.0963284163994804,0,1,3,4,0,2,0.40143631746608033,Low
4,2025-03-02 12:00:00,184,0.71299667916062,0,0.1348427023328589,0.4366222456655872,0.1772393884001503,0.1677612434770754,0.584408945687882,1,0.4188101188539327,0,1,3,4,2,0,0.45070601624494844,Medium
3,2025-03-02 13:00:00,171,0.5616892655870229,1,0.2961668668771673,0.6308873943654308,0.862934451439914,0.6317601406565097,0.3904375660816004,1,0.524374127584049,1,0,3,2,2,1,0.5253176586066444,Medium
1,2025-03-02 14:00:00,154,0.4647806287337185,2,0.5724895369678924,0.3410126367778727,0.3927934982474744,0.0846602756722938,0.1093812521679746,1,0.2932295107212057,1,1,3,4,2,2,0.5237400521672544,Medium
1,2025-03-02 15:00:00,108,0.5394516608648428,2,0.4419575733418597,0.301539054508224,0.0042182816283317,0.94789967676054,0.8954862453369268,1,0.8808603412985281,0,2,1,2,2,0,0.31410791018348916,Low
2,2025-03-02 16:00:00,146,0.2223938533310779,0,0.3467483324666898,0.5790081299053803,0.273846764656817,0.2912071688753324,0.0352286727386266,1,0.8375045773726721,1,2,1,1,1,0,0.40548311179774066,Low
4,2025-03-02 17:00:00,114,0.0347041069791045,1,0.746793865068242,0.4987928682886912,0.5977608872808918,0.2257936768958894,0.8632177078729384,1,0.493049617282705,0,0,3,4,0,2,0.5009281482273252,Medium
2,2025-03-02 18:00:00,147,0.0020677344396862,2,0.8939665499274643,0.580316591192189,0.7994956084531377,0.1282352698093412,0.3598269596564498,0,0.3392786926786499,0,2,2,1,1,2,0.5907609401267948,High
3,2025-03-02 19:00:00,181,0.7065330614933985,2,0.7571390316914504,0.2870197734690854,0.1332954594085917,0.9470324269462744,0.6392957599830638,0,0.8013342821454023,0,0,1,3,1,0,0.4512614328593769,Medium
1,2025-03-02 20:00:00,141,0.5447356237925233,2,0.3320187795303091,0.3674324570309494,0.110437130972786,0.7123804821563098,0.922249423763356,1,0.1959700521910354,0,0,2,3,1,2,0.3523835895593694,Low
1,2025-03-02 21:00:00,159,0.0497480435537432,3,0.7447823344037807,0.0839656670639207,0.9223818392781844,0.7422079851511794,0.1515037978477103,1,0.0704469941900789,1,1,2,3,1,0,0.3924518060212159,Low
1,2025-03-02 22:00:00,183,0.2798575066105181,1,0.1518576759211456,0.0522986204157668,0.7513546841442551,0.4993788757337467,0.5668837479425965,0,0.0446107178104275,1,2,3,3,2,2,0.30618489097764556,Low
3,2025-03-02 23:00:00,169,0.4583270270029647,2,0.1301785648158107,0.2537685895222308,0.5899076896802598,0.4746437547489806,0.7644308565704017,0,0.0375752014693875,0,2,3,4,2,0,0.36516970609883187,Low
3,2025-03-03 00:00:00,111,0.8421365995673116,3,0.3456557557034767,0.0743006916182281,0.7694018508797865,0.109074913540482,0.7575795822523121,0,0.4883117779939705,1,2,0,2,0,2,0.5608572677422383,High
2,2025-03-03 01:00:00,101,0.9377576321435884,1,0.8080919375893683,0.1038709893144655,0.4289044378000655,0.559958303888396,0.5255516453633475,1,0.2544611709620443,0,1,2,4,1,2,0.5875785103828827,High
2,2025-03-03 02:00:00,106,0.0714826256888738,2,0.2462994358258801,0.8140441451554344,0.7586656060600493,0.246293835830027,0.6246916716848785,0,0.690035969428714,0,0,0,4,2,2,0.4691101099442787,Medium
2,2025-03-03 03:00:00,179,0.028599950142894,0,0.0630616126797787,0.0388766778574475,0.3718254107340908,0.9782492001177678,0.7575227250381034,0,0.6535093764983034,1,2,3,1,0,1,0.08972715786960611,Low
4,2025-03-03 04:00:00,102,0.8292505408605693,3,0.1315711986359464,0.6598371683832173,0.2440550822020145,0.7972578874269047,0.8410507347488181,1,0.541505816413746,1,2,2,2,1,2,0.4391924477670388,Low
1,2025-03-03 05:00:00,102,0.2055737573561489,3,0.8591743979255386,0.2728966671686615,0.7292090071630221,0.4127620639606708,0.7618102324871441,0,0.3521058879677146,0,2,1,0,1,0,0.5182334137345068,Medium
1,2025-03-03 06:00:00,126,0.769604526312978,2,0.6340370341393096,0.872745686988914,0.4197179174202107,0.1504926247879834,0.3538684257740396,1,0.8503059669410482,1,2,0,0,2,0,0.7158433214056887,High
2,2025-03-03 07:00:00,139,0.229238076584076,2,0.2531577036219459,0.4856365927464727,0.9816950296059028,0.7859820412342358,0.9968005259883816,0,0.7093864053359454,0,1,3,2,1,1,0.39708321185655004,Low
1,2025-03-03 08:00:00,132,0.2564090864575636,3,0.5554882812725908,0.3059628444354084,0.3494967826690404,0.1211358868941507,0.4343925582449859,0,0.2706927874184905,1,0,2,0,1,1,0.4484210451858537,Medium
2,2025-03-03 09:00:00,191,0.9429603546976968,0,0.5277504338721137,0.5183301757507713,0.9220164291813532,0.1885749476711713,0.0242201834703432,0,0.5011268860980957,1,2,3,2,2,1,0.7313599545191342,High
4,2025-03-03 10:00:00,100,0.3911200933040126,0,0.655706637135856,0.3824542080995696,0.9332570037178884,0.210814169499538,0.362483256635113,0,0.1553018871335478,0,2,0,1,0,2,0.5965639493626337,High
4,2025-03-03 11:00:00,107,0.3190698978819634,1,0.2331284653857899,0.5650593848738515,0.2418123700919217,0.5570008706231744,0.127572296295864,0,0.3280105018761513,1,0,3,1,0,2,0.35378319271202074,Low
3,2025-03-03 12:00:00,131,0.4010737083893484,2,0.8648368351238795,0.1146446146289005,0.7984503175966456,0.7877110825254618,0.1212298794992385,1,0.997162971855788,1,1,3,4,2,0,0.49101744406476466,Medium
4,2025-03-03 13:00:00,147,0.0611484050177616,0,0.3093689653074922,0.9983708449834852,0.433126627454964,0.3138515737412433,0.2813747717736559,1,0.2229546255120706,0,1,1,0,2,0,0.46019476963506856,Medium
2,2025-03-03 14:00:00,103,0.1916360253202874,1,0.694432531401644,0.4261147417862768,0.9178116985232342,0.0836635448251206,0.053140449967834,0,0.6979725568400588,0,1,3,2,0,2,0.5818623105924552,High
4,2025-03-03 15:00:00,193,0.9660749103017248,0,0.0158960457471282,0.3486783432453032,0.4501846602335129,0.4644303417398998,0.6884853007452287,1,0.2375462468558472,0,1,2,1,0,0,0.4630915554353159,Medium
3,2025-03-03 16:00:00,169,0.5505838178078899,2,0.3727069572531314,0.7111779228165389,0.7445067155488826,0.7486725862081778,0.0737605957225269,0,0.9380877093875162,0,2,2,4,2,2,0.5224333977296688,Medium
1,2025-03-03 17:00:00,118,0.5591185085602871,1,0.3517432868705163,0.3643696350044759,0.4670359618805823,0.220981477353487,0.2031036433162603,0,0.3093450590414292,0,0,1,0,2,1,0.4874975485376603,Medium
2,2025-03-03 18:00:00,131,0.4537297121642435,1,0.5436676606178594,0.8344192934739386,0.2277533665998154,0.2192380699793039,0.0926776237563207,0,0.3459444200619797,0,0,2,0,2,2,0.5675104963833901,High
1,2025-03-03 19:00:00,108,0.8643953490442571,1,0.0725518710310988,0.4548708680926725,0.1992889477010136,0.9482601569070704,0.0629358959526253,0,0.5934067461880207,1,0,3,0,1,2,0.36286529725646494,Low
3,2025-03-03 20:00:00,111,0.7928426118001086,0,0.7905072205012287,0.720539926995431,0.4254796112866081,0.9552032339174156,0.2675868799115921,0,0.5876519623785743,0,1,3,1,2,2,0.6104869000797993,High
3,2025-03-03 21:00:00,110,0.3089115125399525,2,0.2177096810900802,0.1075547852392768,0.7557030803048755,0.9916010936481432,0.5718338617583498,1,0.578605920543418,0,1,2,1,1,0,0.2677815534538734,Low
3,2025-03-03 22:00:00,145,0.1494444493905859,1,0.6773253431642703,0.8472826394333387,0.6052069871944064,0.8083627429723745,0.964749180470242,1,0.5727773303154025,0,0,0,0,0,2,0.49567561265868654,Medium
1,2025-03-03 23:00:00,115,0.2748717960132122,3,0.8035981852082545,0.7367227310490315,0.6888052985844716,0.1874226453065262,0.8755910677093859,1,0.3114015312685703,1,2,3,1,0,2,0.6421694395068649,High
1,2025-03-04 00:00:00,100,0.924070298519422,2,0.562074551608269,0.2119682335755171,0.2823053942221413,0.2112762625334854,0.8759684624500592,1,0.4337690677428657,0,1,2,0,2,2,0.5745842290003246,High
1,2025-03-04 01:00:00,162,0.8868154663865173,3,0.7412205939780108,0.1454419658852986,0.481510912357282,0.3398231980616006,0.1758722021446834,0,0.5929799132516561,0,2,3,3,2,1,0.607350565412544,High
1,2025-03-04 02:00:00,120,0.2126561373207147,3,0.6621359878844857,0.3166941386894686,0.044258965601073,0.3176782526694963,0.2647414756367339,1,0.6709084304427939,1,0,3,1,0,2,0.39102396597893035,Low
3,2025-03-04 03:00:00,129,0.9234348429946314,1,0.3555662492115496,0.9774208543285156,0.8177709135554893,0.9575828689277182,0.0761658163327216,0,0.2522739708296529,1,1,1,2,0,2,0.644262650611414,High
3,2025-03-04 04:00:00,112,0.916725278443034,1,0.8092490104701819,0.257147885421787,0.9902142154002104,0.7897331811161001,0.7784709340330833,0,0.7011490061851214,0,2,2,1,0,2,0.6629953044552779,High
2,2025-03-04 05:00:00,133,0.5527483729667649,0,0.2946903190185184,0.45673002150805,0.4069184860596411,0.7245141526173602,0.0695866455046518,1,0.923211889740328,1,1,3,0,0,0,0.40556632731427295,Low
2,2025-03-04 06:00:00,103,0.3045734991675644,0,0.5714178038787585,0.0300104790608501,0.010811146979465,0.1851964490745952,0.5566255822658501,1,0.7576682542421682,1,0,0,2,2,1,0.3488421262594812,Low
1,2025-03-04 07:00:00,127,0.7492554820558934,0,0.7457386519449374,0.3977456696323465,0.1697171295981679,0.910469548938306,0.2477042726039464,0,0.0831784856399798,0,0,2,4,1,1,0.49218480452565627,Medium
4,2025-03-04 08:00:00,194,0.748642284167698,2,0.3790106560966269,0.5720884258800895,0.6526853849153628,0.8286213065345536,0.2432728824627694,0,0.4685260246347599,0,0,0,2,0,2,0.5199405319992205,Medium
4,2025-03-04 09:00:00,158,0.6689143170021634,0,0.3027628559416939,0.9544418943289984,0.6122182174343436,0.1628222904761154,0.9907972133269898,0,0.4346236870893503,0,2,2,2,0,2,0.6512170611454982,High
3,2025-03-04 10:00:00,126,0.5999612717123245,3,0.4594635357396637,0.5174259870314709,0.7880888350483026,0.872023635827496,0.7567752930043898,1,0.3357466396231142,1,1,0,1,1,0,0.5057511791524123,Medium
3,2025-03-04 11:00:00,168,0.9274846199731128,0,0.8183610761458937,0.820231948579066,0.2538492663379579,0.2716847688875237,0.8369611154100529,0,0.4907461302455574,0,1,0,2,2,2,0.74783248836313,High
3,2025-03-04 12:00:00,124,0.7780334932915484,1,0.9304067768497956,0.5478612747522489,0.7638442835710192,0.079854491637846,0.5719176068792102,0,0.4389987808807092,1,1,2,2,1,0,0.7892807912757618,High
2,2025-03-04 13:00:00,102,0.8278783575644804,0,0.5452678935943329,0.0407907419301208,0.6881597173981187,0.6571688136785783,0.8710472120607469,0,0.0050240570891481,0,0,1,0,2,2,0.5060933467336586,Medium
2,2025-03-04 14:00:00,196,0.6326032086608916,2,0.6617415732220526,0.3154082192062111,0.3228131688142444,0.6541440317332019,0.6454495518004078,0,0.2356806806512101,1,2,1,1,2,0,0.48696820987413464,Medium
3,2025-03-04 15:00:00,167,0.83995646406282,2,0.903737825530264,0.5763239984754522,0.545594765604337,0.093950003678032,0.9462312618374442,1,0.2128806786513489,0,0,2,0,2,1,0.7689350863823072,High
3,2025-03-04 16:00:00,124,0.148600884963631,3,0.098382617008194,0.9519076097669829,0.147187381996605,0.318399230906482,0.2811782533275202,1,0.3485179194580055,1,0,3,1,2,2,0.37644562010987126,Low
3,2025-03-04 17:00:00,119,0.4480840626418925,2,0.2320186227939435,0.860312518121532,0.4526260739948596,0.9939553770946444,0.5952621156248057,0,0.1735088764816482,0,2,2,4,2,0,0.41088877951829766,Low
4,2025-03-04 18:00:00,133,0.8860843030243677,0,0.7092124167707248,0.2286309888069686,0.8814667002672065,0.6788242547399916,0.6901049909278583,1,0.066727739766488,0,0,2,2,0,0,0.6249467445392489,High
2,2025-03-04 19:00:00,125,0.6331318275300256,1,0.8241465582574161,0.2203733507437001,0.421237741502885,0.7305948701749854,0.3928135471194769,0,0.195691130983656,0,0,3,1,2,2,0.5119906972947853,Medium
4,2025-03-04 20:00:00,104,0.1827485510278576,2,0.8574571176921988,0.2014092647456758,0.8398158857289688,0.2122142398269173,0.8797437562994672,1,0.8540409099047763,1,1,2,2,0,0,0.544473517014457,Medium
4,2025-03-04 21:00:00,198,0.6569942397236492,3,0.4151901548566918,0.9237721514694216,0.5903816838306866,0.07776188078696,0.9798717416968632,1,0.7968260381598037,1,2,2,2,2,2,0.6796934993955286,High
3,2025-03-04 22:00:00,160,0.7501112881829756,0,0.0891684778766659,0.8538390187133335,0.1918119089392875,0.2763499263695255,0.4936787797041952,1,0.4414641102310164,0,2,3,3,0,2,0.5179070426430414,Medium
3,2025-03-04 23:00:00,191,0.1701818894062553,3,0.437882162410983,0.7759444796486562,0.5812301289805785,0.2482804118235089,0.3905161442032736,1,0.8776970355729683,1,1,3,0,1,0,0.5071473664576013,Medium
1,2025-03-05 00:00:00,192,0.7942971483515995,2,0.2306735855705097,0.3932467961224711,0.5060707957863481,0.2338921886285101,0.4718400619200444,0,0.2317864314117626,0,2,1,1,1,0,0.5257188337786972,Medium
1,2025-03-05 01:00:00,108,0.9688949528583258,2,0.2911826670258948,0.5050528847056714,0.3986767651933985,0.1920036035290606,0.8527636802082197,0,0.5837447278919445,1,1,0,4,0,0,0.5970309561618402,High
4,2025-03-05 02:00:00,149,0.8169865830966605,3,0.7726294531684059,0.464946351962761,0.1195306122214868,0.5749081624878045,0.6454274309048056,0,0.1419398070030558,0,0,0,3,2,1,0.5720866469188712,High
2,2025-03-05 03:00:00,105,0.1966239616812528,0,0.075344874726559,0.2537094825600838,0.4167528524195458,0.3276727721176182,0.0445345087643123,1,0.8332302882759113,1,2,1,0,0,2,0.28209611765925885,Low
3,2025-03-05 04:00:00,182,0.7708631956624318,2,0.8279863100748777,0.5057011571558095,0.072639828515844,0.821078149376947,0.5420950612901638,1,0.1295819255169958,1,2,1,4,0,2,0.5385868597363238,Medium
3,2025-03-05 05:00:00,159,0.4583058822481993,1,0.4277618738352597,0.0304874859433534,0.0986591110408451,0.1831758767647069,0.0170532553685149,0,0.0307440492203328,1,0,0,4,2,1,0.3649369213509561,Low
4,2025-03-05 06:00:00,143,0.5314422503360904,2,0.5962882242043916,0.1319469574475306,0.4159603375003792,0.464519158584018,0.7785379870897393,1,0.2726131565584937,1,0,1,2,1,1,0.45103818696208087,Medium
1,2025-03-05 07:00:00,110,0.4943788338779035,0,0.0894810507284589,0.8878112291525376,0.3053717019921125,0.0124836688293688,0.3281673357473431,1,0.9008443694526608,1,2,2,0,0,0,0.5174604219565097,Medium
2,2025-03-05 08:00:00,165,0.3191667186011521,2,0.3373813403027732,0.752707457501335,0.9258351848498464,0.4816147349893362,0.4719096382760535,0,0.1284561232238136,0,2,1,3,1,2,0.5313115737053249,Medium
1,2025-03-05 09:00:00,146,0.9556405302659342,3,0.0895297765295195,0.42342340972056,0.3757301168235213,0.0547637830518965,0.7986873234738436,1,0.3299067141049789,1,2,1,1,1,1,0.5441222087087191,Medium
1,2025-03-05 10:00:00,172,0.551458542926078,2,0.96205343121731,0.517840899986053,0.7580676911097098,0.9788287462156472,0.0462115029616589,0,0.3156346191409464,1,1,1,1,1,1,0.5988320152671669,High
1,2025-03-05 11:00:00,184,0.4701180099892273,2,0.8076508736989878,0.3704778829064324,0.530346755653001,0.7912549163336486,0.1583409579781791,1,0.8014384069449292,1,2,1,3,0,2,0.5044015734012431,Medium
1,2025-03-05 12:00:00,187,0.44809519146019,0,0.4597505038512988,0.7417918882461273,0.7042691701803382,0.4900638187572244,0.397838264773259,0,0.4208690418502213,1,2,0,2,0,2,0.5574506041905647,Medium
3,2025-03-05 13:00:00,197,0.8629897792932756,3,0.2235359740402205,0.7852616014284765,0.2600842594917313,0.0855856225004849,0.2297479808477527,1,0.6111349149073216,0,0,3,2,2,2,0.6048585541677562,High
3,2025-03-05 14:00:00,185,0.717125470749014,0,0.9339428782574536,0.7643295642976564,0.942203763045962,0.5926397376268548,0.3377596306810606,1,0.4037064222166791,1,0,0,4,2,0,0.7680676039240143,High
1,2025-03-05 15:00:00,102,0.1906811727103569,2,0.3446245096886604,0.7235976279178716,0.5301876491078025,0.7593512845219361,0.9982493374938328,1,0.5509539587886805,1,1,0,0,0,1,0.39417140087120855,Low
2,2025-03-05 16:00:00,175,0.8568155109017904,1,0.1608689568498735,0.2047454254091183,0.8315692547216844,0.1899617182749362,0.8254324175725483,1,0.0613606951544466,0,0,3,4,2,0,0.5416113324867519,Medium
4,2025-03-05 17:00:00,191,0.2482883877458356,2,0.5633629892190184,0.3384029323462493,0.3650648371718439,0.5683453323031771,0.8839389633213715,1,0.3733170414547161,0,2,0,1,1,2,0.3901013564407634,Low
2,2025-03-05 18:00:00,129,0.7281886290186164,0,0.9442699518118938,0.4704679684746774,0.1001021078813492,0.8149295294291783,0.9371092019677684,0,0.8549610455804516,1,2,2,3,1,2,0.5549841256703887,Medium
2,2025-03-05 19:00:00,189,0.6611797882853607,1,0.0035920888069489,0.331215627100916,0.6738804247163036,0.7688577351559263,0.3407950797172498,1,0.6907292282358974,0,1,3,0,0,1,0.3681894981273172,Low
2,2025-03-05 20:00:00,120,0.3279462433560954,0,0.2380696099099815,0.7559725777336975,0.0076055889663951,0.8036841233990091,0.2969217830941326,0,0.9818337680838438,1,0,2,3,1,0,0.3232866986983666,Low
1,2025-03-05 21:00:00,127,0.5648053347103391,0,0.9389393122534992,0.3297740905863507,0.4753655653028037,0.8801960056136016,0.2338866658219298,0,0.7876954745473715,1,0,0,0,0,0,0.53116641381161,Medium
3,2025-03-05 22:00:00,189,0.3510541216691447,3,0.1709783806418854,0.1383779024068528,0.1927375470114468,0.9386926640446802,0.830136432472242,0,0.4508887343635188,0,0,0,1,0,0,0.19629043850414304,Low
2,2025-03-05 23:00:00,161,0.9253679187329172,1,0.1130906942952638,0.3995611983199518,0.6275218188627204,0.405273495034351,0.6795220380080775,1,0.6759246759858989,1,1,3,1,0,2,0.522864141495291,Medium
1,2025-03-06 00:00:00,132,0.6643759849004194,2,0.5703913009225374,0.9812702268831952,0.9797368496023218,0.5689074198832853,0.2359968470864766,0,0.7756754475804947,0,0,0,0,1,1,0.7165702812902338,High
2,2025-03-06 01:00:00,184,0.6797582375513039,0,0.862275672688755,0.226153230720717,0.464470215832544,0.7913224730808048,0.3768648460665607,1,0.2688481494518611,0,0,1,2,0,0,0.531711285116919,Medium
2,2025-03-06 02:00:00,134,0.1290097132326101,2,0.4772412156043717,0.6129857778566652,0.8177367375634227,0.6975816463633833,0.5066252939004494,1,0.0589350031396937,1,0,2,0,0,2,0.44218315146058446,Low
1,2025-03-06 03:00:00,151,0.7388745203479314,3,0.995099751845446,0.4335425766439025,0.5078725265898528,0.9966675405185632,0.5280606100438179,1,0.4051724120119614,1,2,2,1,2,2,0.5968828312878184,High
3,2025-03-06 04:00:00,133,0.1880959482198342,3,0.6794608942412119,0.0710737676626042,0.4959225805238241,0.0125035303570406,0.888766458533925,0,0.1436901562988053,0,1,1,3,1,0,0.45361682167279993,Medium
3,2025-03-06 05:00:00,140,0.8637131524826168,1,0.0738915618567523,0.4885250605850523,0.9307167174609708,0.3547664197278855,0.3804383205724031,1,0.2764145260646902,1,2,3,4,0,1,0.5684987353618156,High
4,2025-03-06 06:00:00,150,0.6479654294388405,3,0.9933662741693116,0.7031208371395102,0.8902394802152176,0.2804859188228816,0.9085692484243844,1,0.9468089435961732,0,1,3,3,2,1,0.7924201275387903,High
1,2025-03-06 07:00:00,146,0.0954596647109623,3,0.4079715819589753,0.5139048633187839,0.7860235799534008,0.2617296005637057,0.4412596747027493,1,0.8469283347289697,0,0,1,1,0,0,0.45728288123969546,Medium
4,2025-03-06 08:00:00,181,0.2628081569786594,2,0.2873857830765043,0.873306875618005,0.2962415494223695,0.2218494641607424,0.7463647500364017,0,0.5920091606724912,0,2,1,3,1,2,0.473368672926636,Medium
4,2025-03-06 09:00:00,157,0.9229919160263887,3,0.5580736569520184,0.289299481378057,0.5451148007094441,0.7095940078315888,0.9303066596860574,0,0.4005764343094726,0,0,2,2,2,2,0.5534544084518914,Medium
4,2025-03-06 10:00:00,174,0.1118334950721592,3,0.3043040427696264,0.0863202577722283,0.2238479518655822,0.0837534158116426,0.9076206110873096,0,0.2634885335749752,1,0,1,2,2,0,0.292312616422983,Low
3,2025-03-06 11:00:00,156,0.5486985959882836,0,0.0862838317474254,0.937859088732792,0.4439740763726341,0.7421558073000063,0.0567189955167495,0,0.5709788221342299,1,1,1,0,0,2,0.45159016504137983,Medium
1,2025-03-06 12:00:00,122,0.6173711950570241,3,0.0011882656257833,0.3786871309139575,0.4842899787264402,0.6938588932532592,0.2055191742516158,1,0.5326356056373935,1,0,1,3,0,2,0.3489419541744705,Low
4,2025-03-06 13:00:00,147,0.9462210984588814,0,0.4496932545058292,0.5771812727218222,0.8318853767793375,0.2501906650110723,0.4768091869186432,0,0.780548322826371,1,2,0,3,1,0,0.7016690495507819,High
1,2025-03-06 14:00:00,121,0.4681637894961761,3,0.8372757636008217,0.793088784308418,0.8963049157356286,0.2522251145078016,0.4314431881835849,1,0.9279614255922168,1,1,1,1,1,2,0.7315896153201071,High
1,2025-03-06 15:00:00,116,0.2621760400993581,3,0.5725209325546856,0.3247269850527777,0.4146632384686376,0.6291409808288309,0.6408491702590347,0,0.3281717020743681,1,1,0,0,0,0,0.3914479788200375,Low
3,2025-03-06 16:00:00,168,0.6429385422138336,1,0.9997464200093102,0.7171411729698022,0.0175552066833695,0.7627666955298802,0.9447661278480944,1,0.2053868128061199,0,2,2,0,2,0,0.5923177518227698,High
4,2025-03-06 17:00:00,110,0.7839573632713385,1,0.2868294607667803,0.1355606212103016,0.8620337844888132,0.8773514842119279,0.112189013010904,0,0.4021211641454385,1,0,2,3,1,0,0.4425111752931228,Low
4,2025-03-06 18:00:00,193,0.8898002154539223,0,0.2804328884831606,0.2916595998944431,0.1742053432646509,0.8529478720626733,0.4517542178197771,0,0.4369038410637128,0,0,3,4,1,2,0.39907881664345607,Low
1,2025-03-06 19:00:00,114,0.2339578084240703,3,0.1596330209664735,0.1448657651353795,0.6220256151908743,0.9659578688522008,0.1922215604961417,0,0.0387636305875542,0,0,2,3,2,0,0.22578102232551286,Low
2,2025-03-06 20:00:00,190,0.6558802450120637,2,0.163950518042836,0.8123438573865551,0.0248251846345524,0.5815530410201784,0.8941480915519768,1,0.861559516160419,0,0,3,3,0,2,0.433917283783192,Low
3,2025-03-06 21:00:00,134,0.0398033315230455,1,0.2851681147420746,0.222916406527654,0.3995423246551857,0.9095974939245466,0.9646437752914012,1,0.995613301414746,1,0,0,3,1,0,0.19931786748140667,Low
3,2025-03-06 22:00:00,132,0.1259492882007817,2,0.7932180073396613,0.7183819713731476,0.9862804492112288,0.8092184330483967,0.478606031972854,0,0.923144252630696,0,1,1,2,2,1,0.5500275205841652,Medium
3,2025-03-06 23:00:00,183,0.1300736282618566,1,0.9062229331159586,0.9446015531805284,0.1005845937179947,0.895576484326899,0.1037918483176987,0,0.8605267463563242,1,1,2,0,1,2,0.47874566738922386,Medium
3,2025-03-07 00:00:00,115,0.4561891810080039,1,0.9756074545685232,0.5284780164343426,0.4237407264718113,0.0104476311099124,0.7852994980670092,0,0.9926177360134024,0,2,1,2,2,2,0.6756387264852851,High
4,2025-03-07 01:00:00,133,0.5897806287337186,3,0.2322298638606263,0.5407526199147975,0.3071410275214181,0.9669802781997544,0.6971172909067798,0,0.9077258216872036,1,0,3,4,1,2,0.3646772595297953,Low
4,2025-03-07 02:00:00,165,0.3605926318319815,1,0.8817445870618645,0.4616434339008857,0.9053690657361222,0.4734433007099248,0.3545345274364346,0,0.6880261002332053,1,0,0,1,0,1,0.6177018562575682,High
2,2025-03-07 03:00:00,198,0.3257483017423278,2,0.3282702416172725,0.3263057308727279,0.8696037205386005,0.7988637248145118,0.8874457712574955,0,0.1657996984702286,1,0,2,4,2,0,0.38937678137305887,Low
3,2025-03-07 04:00:00,139,0.8379699699967059,1,0.1126874725288575,0.4762859161249649,0.237656169490725,0.1262984164568128,0.9758991668500248,1,0.1553808947545121,1,2,1,0,1,1,0.49962520681147066,Medium
3,2025-03-07 05:00:00,127,0.751161848630265,0,0.8704631638068436,0.6036212082678076,0.0810693237486707,0.3956707848996053,0.5577841401507977,1,0.0476835996105219,1,0,3,1,1,0,0.6289402755901985,High
1,2025-03-07 06:00:00,146,0.3169442935871297,3,0.6363611976353258,0.9873561025933308,0.6272845935434771,0.2708960350832163,0.5656607829709299,1,0.4111630710318251,0,1,1,4,2,0,0.6392558770933191,High
4,2025-03-07 07:00:00,138,0.8865951157842256,3,0.164618346981261,0.9390597599658922,0.3363739537178232,0.291141898236392,0.2973584734832868,1,0.8086246787664199,1,0,2,0,2,0,0.6074001260067649,High
3,2025-03-07 08:00:00,169,0.5157016497360244,0,0.4299257340353297,0.8633394618646769,0.6722523787492061,0.1223405813810796,0.5844450618592396,1,0.4897207267309565,1,2,1,4,0,0,0.6415615079209929,High
2,2025-03-07 09:00:00,172,0.2107008039458338,0,0.2872408309985585,0.8903558214704882,0.0319775058492077,0.8064624916530161,0.439533869486286,1,0.3656002149533414,0,1,0,1,2,0,0.3363838251596245,Low
2,2025-03-07 10:00:00,119,0.6322392963025615,0,0.7371287630138492,0.4684688470286807,0.1333060826401952,0.0080577070845602,0.3020375282853247,0,0.108211047217661,1,1,2,1,1,1,0.604823040568184,High
4,2025-03-07 11:00:00,100,0.6191239839388895,1,0.4535291254305418,0.658336547472966,0.6865471472934446,0.3120378738705767,0.0669546782377212,0,0.0506606705359036,1,1,3,4,0,2,0.6060069778503812,High
2,2025-03-07 12:00:00,171,0.8539209052625957,3,0.9898113135739812,0.8963005423949092,0.2123157860744403,0.173616453493032,0.2525381436989835,0,0.3984964199596482,1,0,2,2,2,1,0.7959980630753374,High
2,2025-03-07 13:00:00,186,0.1206987117279938,0,0.0545465415295032,0.3934627569029746,0.857845591117425,0.5892251832392217,0.1976669563489534,0,0.0988895781015874,1,2,3,4,1,2,0.31279692587669966,Low
4,2025-03-07 14:00:00,162,0.621067075613643,1,0.3550513163815358,0.963092177715498,0.0584614700139387,0.2536470880895911,0.5419670934726015,0,0.1025166450568517,1,2,3,4,2,2,0.5573701908305464,Medium
3,2025-03-07 15:00:00,166,0.1366741303941382,0,0.4820353059623916,0.4163308813510874,0.2154286218488963,0.2584043613962672,0.601614672878956,1,0.3946611817814768,0,0,2,4,1,2,0.3814971744272443,Low
3,2025-03-07 16:00:00,103,0.9485125221463484,2,0.503285275453969,0.6018938617749554,0.9988865037102236,0.4882862933126668,0.6085186373510854,1,0.5022830427869149,1,2,3,2,1,1,0.7099182533147039,High
2,2025-03-07 17:00:00,157,0.6615147657161172,2,0.3159413542034475,0.7107722053620886,0.4331282256715902,0.6530257739582028,0.3880556843299094,1,0.1857494469154347,0,1,2,3,0,0,0.503533838809317,Medium
2,2025-03-07 18:00:00,124,0.4786961031329849,3,0.7295685439836972,0.951905654104428,0.7031486221330395,0.1203850533217356,0.4211152481971902,1,0.6842897625767237,1,1,0,1,0,0,0.7298618279217517,High
3,2025-03-07 19:00:00,146,0.7437867807444735,1,0.8751889994568605,0.244915024540175,0.1825937781469715,0.1747199656920379,0.8342593015707038,1,0.4180322997285886,0,2,0,0,2,2,0.6049080218266085,High
4,2025-03-07 20:00:00,137,0.9632815769090376,2,0.9392111859704388,0.7471506919284097,0.6100065625822486,0.2465526959114776,0.4761363544650099,0,0.0908772933941866,0,2,1,1,0,0,0.8295714091061668,High
2,2025-03-07 21:00:00,114,0.5845434068428879,2,0.8054809078966818,0.5215113928673011,0.7263002448297023,0.9748440494110407,0.9878445228334376,1,0.6366320375297236,0,0,0,1,2,0,0.5645267865711519,High
1,2025-03-07 22:00:00,162,0.8973210708594118,1,0.8510032505632239,0.2688903078139274,0.3144712649863702,0.3968850532285657,0.4395087707472631,1,0.3562122644893582,1,0,3,3,0,1,0.628497073682115,High
4,2025-03-07 23:00:00,120,0.4310302614827147,0,0.5507340467228647,0.7776703647135151,0.8291411188849864,0.5991998614003342,0.6495412978210573,1,0.0512295088822987,1,0,1,1,0,0,0.5854663386167956,High
2,2025-03-08 00:00:00,198,0.0969787484085789,1,0.8262919969083975,0.5529632362625746,0.6035522787145748,0.2409074480973378,0.0501269674837623,0,0.9479463682136022,0,0,1,1,2,0,0.5458070581743446,Medium
2,2025-03-08 01:00:00,156,0.8212366788044979,0,0.3034997324743886,0.6618711148440946,0.3891538253731078,0.4904126901915648,0.6533015095713963,0,0.5707171911961977,1,0,2,2,0,1,0.548369496065772,Medium
1,2025-03-08 02:00:00,152,0.9255459798256784,2,0.3985487544330621,0.3233123590484804,0.5577549029554109,0.0730879593852509,0.8514528994432629,0,0.4771303134987628,1,0,1,2,0,0,0.6183861969099052,High
1,2025-03-08 03:00:00,145,0.4910246080430196,2,0.316919308757398,0.4819129146277134,0.5768826251820027,0.0336178293027713,0.9425141777548448,0,0.8589973593817657,0,1,2,2,0,2,0.5298582815075318,Medium
3,2025-03-08 04:00:00,113,0.7041859937144435,2,0.4675111407510854,0.6181888389360995,0.16545771888905,0.4686353236925473,0.9973949313140432,0,0.9366919548361692,1,2,1,2,0,1,0.5210854106830776,Medium
4,2025-03-08 05:00:00,199,0.2196672928481762,3,0.2855614418931318,0.4054399996064044,0.4027697830921554,0.3983954033979864,0.2820185882480779,0,0.2194281175161053,0,0,0,2,2,0,0.3580513405607333,Low
4,2025-03-08 06:00:00,175,0.5678423892237426,3,0.9621212034749412,0.1986048116652947,0.3434392532691596,0.1359974948682549,0.5753060965238386,1,0.8099466612723293,1,1,2,0,1,0,0.6033281242678656,High
3,2025-03-08 07:00:00,116,0.5260102741250523,3,0.3128477458077596,0.9629700163217036,0.4009392488384636,0.6880207091265067,0.4506131643770172,1,0.8309067873172968,0,2,3,3,2,1,0.5092462892043372,Medium
4,2025-03-08 08:00:00,138,0.2943450022702789,1,0.0978799114331545,0.512149908281995,0.7613217342347627,0.9940446162344684,0.5637497260867186,1,0.0533132821544799,1,2,1,4,2,2,0.3155777777823015,Low
4,2025-03-08 09:00:00,108,0.3652567195804881,2,0.5269873820698281,0.7349225303565443,0.4826145086021408,0.3953758145101047,0.1572520228111373,0,0.7116304117154275,1,2,0,2,2,1,0.5331313355976933,Medium
4,2025-03-08 10:00:00,198,0.0902046367108554,2,0.0569024761064949,0.4115852003760589,0.9406141732281024,0.6248288600284255,0.8561776255751528,0,0.0618884749108631,0,0,0,3,0,2,0.3164616152595009,Low
4,2025-03-08 11:00:00,176,0.3747206666607313,1,0.1103883002220837,0.3555893884226875,0.2936609590664842,0.9640463080886814,0.9096145037230045,0,0.594221179299287,0,0,2,4,0,1,0.24183731705191167,Low
4,2025-03-08 12:00:00,178,0.0598786068500102,3,0.2193195247177739,0.4076967233481468,0.4157472796176672,0.8322945639059782,0.4495564957639302,0,0.6688726848428258,1,0,2,1,1,0,0.23885678491832874,Low
1,2025-03-08 13:00:00,181,0.9737871813819322,1,0.4644716834249414,0.4097319903082026,0.7871804858108638,0.4634417696875332,0.280269231034616,1,0.3663380671317084,0,2,2,1,0,1,0.6400719216818583,High
4,2025-03-08 14:00:00,196,0.2014015633763944,3,0.4333480793682727,0.5449095108452844,0.5461314709229639,0.7380267181759779,0.1406270464722512,0,0.8806730053523381,0,2,3,3,1,1,0.3888850257672715,Low
1,2025-03-08 15:00:00,105,0.2983947792487602,2,0.8000751748787598,0.5441982438554049,0.5471355105233426,0.1272315384052196,0.6837363812360961,0,0.8003025011810687,0,1,3,0,1,2,0.5964427331206794,High
4,2025-03-08 16:00:00,190,0.1297130545490157,0,0.7398109411547367,0.4978156071215858,0.0532081998929707,0.5121081955679367,0.3120816317040813,0,0.9258985193699656,0,1,3,0,0,1,0.39810912099901036,Low
3,2025-03-08 17:00:00,122,0.5467833263592738,3,0.4264100271238651,0.1349266462339084,0.398635072513727,0.2785136174944254,0.909584120337368,0,0.3141073529175009,0,1,1,3,1,2,0.43830188587046165,Low
2,2025-03-08 18:00:00,158,0.3002822268320261,2,0.3337236153118976,0.496735719552251,0.2707071561093378,0.1603382777882012,0.6709798519113428,0,0.0203994995296584,1,1,3,0,2,1,0.4244039361946016,Low
1,2025-03-08 19:00:00,190,0.4349787662146882,2,0.3164747320866727,0.1692940964789119,0.9996617536953832,0.4260823296882814,0.6456444016464944,1,0.8112649801983094,0,2,2,0,2,0,0.45775910747218784,Medium
4,2025-03-08 20:00:00,197,0.5813060336001282,0,0.7743583327104615,0.1262642126214958,0.3083467321751085,0.1301178608072746,0.5593329143401029,0,0.2220867384597284,0,0,0,1,2,1,0.5409032648071217,Medium
3,2025-03-08 21:00:00,145,0.9453085353584816,2,0.0518718783883387,0.9339335592879426,0.8847674948702542,0.6994313035388757,0.0455388047100708,0,0.4665535205687176,0,0,0,0,1,0,0.6138822439940004,High
2,2025-03-08 22:00:00,137,0.95474799903847,2,0.0125904694662513,0.6057667691180194,0.6764037346788659,0.4561123017866015,0.9319753220865414,1,0.8171317989531568,0,0,2,0,1,2,0.5460316858836238,Medium
1,2025-03-08 23:00:00,113,0.822037953721922,3,0.7959244659063429,0.6603852193044134,0.3409238556326563,0.531193991992031,0.6278907531854583,0,0.215236488302709,1,0,3,3,2,2,0.6580271283140428,High
2,2025-03-09 00:00:00,199,0.3611524113923487,3,0.477277802449074,0.4023183745529115,0.5436400487843086,0.1455155649419159,0.9941352350907458,0,0.3111230721781243,0,1,3,0,0,2,0.49978990094729686,Medium
3,2025-03-09 01:00:00,171,0.8538775028712352,0,0.1307421550608791,0.9102347139851164,0.8407855290330633,0.1388956724527332,0.5372799780628981,1,0.4384443404254305,1,2,2,2,2,2,0.6834853357671014,High
1,2025-03-09 02:00:00,161,0.1735650501687129,0,0.2355087029142524,0.6387946573400812,0.8836387111671967,0.5835883818787881,0.71009108289367,1,0.2709918660083605,1,0,0,2,0,1,0.4250349191320189,Low
2,2025-03-09 03:00:00,134,0.5386103222015474,2,0.9329909833188744,0.7702227032648497,0.160313808774538,0.986132209484651,0.0559754424787506,1,0.4607120189516891,0,2,1,3,0,1,0.5480721069265584,Medium
4,2025-03-09 04:00:00,118,0.5956644349676374,3,0.8599329969736158,0.3690394010222502,0.3395799364670355,0.0952716949379373,0.6316906816710772,1,0.0084542668263829,0,1,0,2,1,1,0.6243534744191281,High
1,2025-03-09 05:00:00,129,0.8318880707970905,0,0.7100981519031646,0.9613390635801956,0.3352278667234539,0.2852005419088061,0.7646476768268795,1,0.2112846252142098,1,1,3,1,1,0,0.7352684671133001,High
2,2025-03-09 06:00:00,177,0.9703405863551784,0,0.4823606230423445,0.8215878589796058,0.0419073572609472,0.870308374468689,0.7785169040314983,1,0.832381958655819,1,0,0,3,0,1,0.5532327215641406,Medium
3,2025-03-09 07:00:00,183,0.8898536337817505,1,0.5204887711911992,0.8551231720382294,0.5983699490516144,0.0712364298913397,0.770111507568874,1,0.4128161104197413,1,0,3,0,0,0,0.7526802635249246,High
3,2025-03-09 08:00:00,124,0.4920595881446924,0,0.9757649430367727,0.1723889061072764,0.8550766266750192,0.8767501741292734,0.2261042508091231,1,0.6360029393336164,0,1,0,2,0,0,0.5481828818986835,Medium
1,2025-03-09 09:00:00,139,0.3717092084294121,2,0.966283453006426,0.2712998339580027,0.3816015442062938,0.5243191264605709,0.9754656126281898,1,0.2314082953032708,1,1,2,1,1,1,0.5173504948124186,Medium
2,2025-03-09 10:00:00,187,0.6886279057344575,3,0.215195963595197,0.285984305443245,0.740236874289645,0.4080256053986324,0.9952557394407896,1,0.6494917322205633,0,2,3,3,2,0,0.4829845187547145,Medium
1,2025-03-09 11:00:00,113,0.7166703020806439,0,0.8114967917387637,0.2712457717269017,0.627846885535688,0.3092063021630769,0.0753681133494574,0,1.0000000000000002,1,1,1,3,0,2,0.6340870153061239,High
1,2025-03-09 12:00:00,125,0.1325943056062535,1,0.1971555065815577,0.8565849695496565,0.375673019270241,0.2966131914771586,0.9365007918817794,1,0.5948362972061274,1,2,1,0,1,1,0.4156134211258464,Low
2,2025-03-09 13:00:00,186,0.0124453575021589,3,0.2134630434547875,0.0318777290039037,0.1409703605991557,0.3053191513012514,0.2892915197167136,1,0.6279462396293197,0,1,2,4,2,1,0.18820032743470297,Low
2,2025-03-09 14:00:00,121,0.3541724165561204,0,0.6763798246363917,0.0761564852746661,0.7095098936506404,0.8856886176043235,0.6892574470631196,1,0.110497702242455,0,2,0,2,1,0,0.3964425487600088,Low
4,2025-03-09 15:00:00,147,0.7503527835400327,1,0.4050761844192281,0.2742557399426891,0.8548216190628525,0.7243000856923711,0.3379691943009675,1,0.4027037063760946,1,1,2,1,2,1,0.5132866199839252,Medium
2,2025-03-09 16:00:00,182,0.4333038790609058,0,0.9320306879868768,0.2001074034492149,0.6860291559351043,0.6701000169461167,0.96781895313895,1,0.860586736048545,0,1,2,3,1,1,0.5337444933001367,Medium
3,2025-03-09 17:00:00,150,0.2154038425583818,3,0.088838052642191,0.2321400257607744,0.0177293300145536,0.79943122279838,0.1012845874450873,0,0.8341026003812471,0,2,1,2,2,0,0.1552331950347241,Low
1,2025-03-09 18:00:00,102,0.9770668441342224,3,0.511683915172136,0.7990373866964583,0.2161798974769068,0.2565161159039126,0.4976574087968388,0,0.5218617696494067,1,2,1,1,0,1,0.6759447344018303,High
1,2025-03-09 19:00:00,141,0.90694527292314,3,0.9189976413292592,0.5638832257104529,0.0693558459410127,0.6182976304150807,0.4279355409703129,0,0.9033664019910356,0,0,3,1,1,1,0.6369211060340801,High
3,2025-03-09 20:00:00,118,0.2596119603636008,2,0.9045785197844434,0.0057260541558914,0.5705047870088319,0.4599475432077662,0.3258777643559527,1,0.1419519639890444,0,0,3,3,2,1,0.4587764174383492,Medium
2,2025-03-09 21:00:00,172,0.2300237711558836,0,0.1564102593512428,0.4298870449642694,0.75668657867472,0.7830851521521363,0.6454930177548523,1,0.6578122779731714,1,1,3,2,2,0,0.32862613059802304,Low
3,2025-03-09 22:00:00,127,0.750510812759858,2,0.3666828266840345,0.4084183876861438,0.1104749719601569,0.3087808447215419,0.1308461577512474,0,0.2480235247717058,1,1,2,1,2,1,0.4812362064839941,Medium
3,2025-03-09 23:00:00,183,0.3139317224739808,3,0.6193636994890261,0.114056171031741,0.8385864041147271,0.6434928653889949,0.7166447562858147,1,0.6451693791000438,0,2,2,3,0,1,0.43539912050595986,Low
4,2025-03-10 00:00:00,144,0.3037009998130359,1,0.1592781686042497,0.6770608878329942,0.555620453783151,0.8830918231772205,0.9806609609675568,1,0.0863491084162591,0,1,3,2,1,1,0.35203626426180984,Low
3,2025-03-10 01:00:00,170,0.7881596050604963,0,0.9685369396167194,0.7030536003517579,0.6901456702884686,0.4018948465144687,0.8045698593162789,0,0.9435687247160338,0,0,1,2,2,2,0.7730224798057554,High
1,2025-03-10 02:00:00,177,0.891897997703012,2,0.9152224937769736,0.7218766516607344,0.9717149381414636,0.0655731465259452,0.8600460732992223,1,0.7861061037308911,1,2,1,3,0,1,0.8820767219444711,High
3,2025-03-10 03:00:00,162,0.302820710285699,0,0.1668393630459763,0.7294652716902288,0.0835637335856228,0.5160644945113557,0.3595020715099546,1,0.2000449717289444,1,1,0,2,0,0,0.34843295853210465,Low
1,2025-03-10 04:00:00,172,0.8775073227624398,1,0.1210088826658857,0.0,0.9015030921093532,0.3455840329270367,0.3247405459749928,1,0.636874767589904,0,2,3,4,0,2,0.48301691023442883,Medium
1,2025-03-10 05:00:00,118,0.5455391244736069,2,0.0852339882178294,0.9552392302496632,0.1260060062759611,0.6726083061814903,0.5169652723206914,1,0.7588876284355954,0,0,2,1,0,0,0.41675077923696235,Low
1,2025-03-10 06:00:00,146,0.2268086555497191,3,0.9099126857172688,0.8153263474274818,0.3929914818903003,0.9520750528348348,0.0454890637471028,1,0.2085392389282236,0,0,0,1,0,1,0.5133830691605632,Medium
2,2025-03-10 07:00:00,113,0.6283397583710971,2,0.1935338241256172,0.90522833195925,0.85169363081938,0.4855500130125492,0.94541542420666,1,0.0922867243459787,1,0,0,2,0,1,0.5914356046870531,High
4,2025-03-10 08:00:00,137,0.3117827476607224,0,0.416368826291281,0.0156128807867862,0.9065357443874252,0.4660860137481675,0.1435797592257934,1,0.3510411178324379,1,1,0,3,0,1,0.40122792924124673,Low
1,2025-03-10 09:00:00,152,0.1023395001825126,0,0.4489606956045522,0.9351483816194076,0.506459328433781,0.6549260170769793,0.9030564509470412,0,0.1347608123995045,0,1,3,0,1,2,0.452584721974168,Medium
1,2025-03-10 10:00:00,160,0.5828240044159151,0,0.5992376388152665,0.8108997546526098,0.5942348238443209,0.1025357496495984,0.0833570775938523,0,0.5652254673456614,0,1,3,2,1,1,0.6814502228675258,High
2,2025-03-10 11:00:00,135,0.921964726097524,0,0.0715501713514017,0.8383698023901157,0.7083328051275388,0.2528991100794613,0.8226419934571818,1,0.4234616069119222,0,1,3,0,0,0,0.6343677390974662,High
1,2025-03-10 12:00:00,139,0.3413909687413752,3,0.2266945077955766,0.0933685891246391,0.8330045473448833,0.9199456672183726,0.1517597920928217,1,0.4618162353391283,0,1,1,2,2,2,0.2976539189781424,Low
3,2025-03-10 13:00:00,180,0.6597998148164635,2,0.9319766256131352,0.7397871722186226,0.1214122539725272,0.6703201417060938,0.0378915739285115,0,0.5423502817907,1,1,0,0,2,0,0.6135653613910893,High
3,2025-03-10 14:00:00,129,0.6928635339785081,3,0.9088783218106136,0.961243735559046,0.8103041879043072,0.0122693709036023,0.7194727149289919,0,0.9820571331095104,0,0,1,2,2,0,0.8623894336091954,High
4,2025-03-10 15:00:00,108,0.2017688143802138,3,0.7816595901658325,0.679469898803659,0.4813516397374438,0.2039028219194105,0.2801046157029321,0,0.7924171679612401,0,0,3,3,0,0,0.5733684035699484,High
1,2025-03-10 16:00:00,163,0.1257767915171695,3,0.0191752037976271,0.5713287245143814,0.4506840546826979,0.6832452820206114,0.7144777809754226,0,0.6290604850786043,1,1,1,0,2,0,0.2656195596308884,Low
2,2025-03-10 17:00:00,132,0.0170960906687084,0,0.3270209459811373,0.9469361850660796,0.4239474266235216,0.765000060640751,0.5550146341266515,0,0.3629810370903129,0,0,1,4,1,0,0.37425860107309294,Low
3,2025-03-10 18:00:00,151,0.221263165392046,0,0.628207936152055,0.4435209726035435,0.509300616850681,0.8406388465161903,0.1085905129948903,0,0.0259475908814953,0,2,2,3,1,1,0.40137123545690756,Low
2,2025-03-10 19:00:00,188,0.1144420900811068,0,0.2751639239991124,0.6001021907345225,0.9453508684986226,0.2916611559356674,0.9321830277522388,0,0.1155113970038594,0,1,3,2,1,0,0.46547539855140263,Medium
2,2025-03-10 20:00:00,113,0.4069363698685019,2,0.910055828432057,0.4769701609331512,0.5483117068044114,0.932023426854627,0.4522098767354772,1,0.7305758737948818,0,2,0,0,1,0,0.5170853237542377,Medium
3,2025-03-10 21:00:00,174,0.0784236696610607,1,0.6341432941416538,0.93413435154592,0.9534817931199752,0.553047801480959,0.7344354446723651,0,0.3684858381130918,0,1,3,1,0,1,0.575033710005715,High
2,2025-03-10 22:00:00,152,0.0948253220680015,0,0.0717216787516987,0.0761412011188748,0.1802197095759895,0.6969794343157096,0.5009322367803084,0,0.3336783259954229,0,1,1,3,1,2,0.12935103171774198,Low
3,2025-03-10 23:00:00,198,0.4084020352382902,2,0.9094742684089572,0.5017871933068823,0.7243292002442825,0.5969433108276823,0.6043070081600679,0,0.8888735313852612,1,0,3,0,2,1,0.5989343979856784,High
2,2025-03-11 00:00:00,158,0.960417019079246,0,0.9582734168779294,0.6878870817023718,0.8124754703555841,0.1218237971209661,0.3026202846410648,1,0.4839268445111966,0,2,3,3,2,2,0.8708477763149609,High
3,2025-03-11 01:00:00,177,0.3731292456441806,0,0.077531913690571,0.792992057748731,0.6793002344413219,0.9641853530865708,0.2001734318654411,1,0.8994847352263198,1,0,2,0,1,0,0.3785309335866468,Low
1,2025-03-11 02:00:00,193,0.1012655692167983,3,0.5325347796461182,0.5838038755100716,0.6070586794579198,0.1219596427714151,0.5424954854425437,1,0.8865309224949374,1,1,2,1,1,1,0.49797571782071914,Medium
4,2025-03-11 03:00:00,140,0.9839355507874752,3,0.3033599965013256,0.9101714754122436,0.5649287667176182,0.2542781303804093,0.4401107109216495,0,0.0791221943013881,1,2,3,4,1,2,0.7004557773552302,High
3,2025-03-11 04:00:00,167,0.5225781465620855,3,0.3929046645886003,0.9432927239842692,0.8611900184403137,0.8143451328022853,0.389988529971853,0,0.9453246773877042,1,1,2,1,2,2,0.5745559804302295,High
3,2025-03-11 05:00:00,167,0.8025135549006864,2,0.1795503206273521,0.0643587837953583,0.8218870892108874,0.618853090045228,0.6725350816973872,0,0.0758919794729524,0,0,1,2,2,1,0.4388428255159302,Low
4,2025-03-11 06:00:00,191,0.4967092084294121,1,0.578282344703037,0.4028960730516044,0.1221901825524581,0.8389243951934857,0.69048039799584,1,0.9634892206278414,0,1,1,3,1,1,0.391816970997279,Low
3,2025-03-11 07:00:00,107,0.2450309826301404,1,0.9584862780512002,0.0234398428653695,0.8488412094087676,0.5157491166344588,0.0456825684735933,1,0.4519952410595649,0,1,1,4,2,1,0.5055310976595554,Medium
3,2025-03-11 08:00:00,101,0.4174631190961618,2,0.5032242733758954,0.3298373144692139,0.4141115281872688,0.3766781248178041,0.3386029754527415,1,0.7606046871603018,0,0,2,3,2,1,0.4517543215172768,Medium
2,2025-03-11 09:00:00,185,0.2635370945771494,0,0.0827381392341175,0.5375871014984358,0.2536619946321926,0.9228186179437898,0.4116469626658636,1,0.7058238208155493,1,1,3,0,0,1,0.2437127352557643,Low
4,2025-03-11 10:00:00,140,0.3698718405284853,2,0.6202443200887975,0.912051360390227,0.8700323883515887,0.0351315714902153,0.0966713788910085,1,0.5179530272646691,1,2,1,2,1,0,0.7051744347615722,High
1,2025-03-11 11:00:00,154,0.4567344931045842,0,0.3402474929233545,0.8477184018840126,0.4320764130739616,0.8569479639248243,0.2357256424477471,1,0.6190319906199592,1,0,0,2,1,0,0.45505844425615777,Medium
3,2025-03-11 12:00:00,115,0.932606102153649,2,0.8563524169288139,0.12763011375941,0.8085987434969957,0.2301570627027911,0.0514061848201023,0,0.9498852549715866,0,1,1,3,0,1,0.7095319046416283,High
4,2025-03-11 13:00:00,192,0.0911327801568718,2,0.4347764099358018,0.0931112096733647,0.2633734821899587,0.8495365894740823,0.9963160648247932,1,0.9272919385188608,1,0,3,2,0,1,0.2121750733652228,Low
2,2025-03-11 14:00:00,161,0.977889263806412,2,0.1927490108640726,0.5900615497626008,0.0037734052074145,0.1383192651542408,0.736546061339916,1,0.6539443653395544,0,1,1,3,2,0,0.5404899996281173,Medium
1,2025-03-11 15:00:00,147,0.8134899083875679,1,0.1910136704858767,0.5328300271694645,0.4955415577021995,0.580384352687684,0.0872262797538898,1,0.6573409968540272,1,0,0,0,0,2,0.4949654809044314,Medium
4,2025-03-11 16:00:00,129,0.2550502577434318,3,0.7691233411500191,0.2667076754375794,0.100119023670074,0.8890012694949017,0.0200034789924918,1,0.2460763469645877,0,0,1,0,1,0,0.3410525979371545,Low
1,2025-03-11 17:00:00,111,0.2187491653386276,2,0.2655538115351976,0.9006932097205981,0.7545838364979192,0.473452807186087,0.7192709987340591,0,0.8284474570064214,1,2,1,3,1,1,0.4933840405593507,Medium
1,2025-03-11 18:00:00,134,0.5414381549309568,1,0.7675913591463304,0.9286466620262412,0.2760511491318462,0.7471253692969253,0.4390835671125943,0,0.6321960182394663,1,0,3,1,1,2,0.5923255778998082,High
1,2025-03-11 19:00:00,110,0.772297700340987,3,0.2058069020694326,0.4031373181596193,0.4437028935308189,0.8053676945727488,0.7868020326808076,1,0.8260699524614616,0,2,1,1,2,1,0.42090389407823925,Low
3,2025-03-11 20:00:00,163,0.3459682517071607,3,0.3216963913105402,0.8915295277436225,0.0869179356723316,0.7370290892389451,0.923526156038859,0,0.6574748859922328,1,0,1,0,2,2,0.3977053932681577,Low
3,2025-03-11 21:00:00,149,0.7667388556013569,2,0.4656092936866629,0.384447945342573,0.2866403924145971,0.9263110932750498,0.5992442635200694,0,0.2985194824313265,1,0,2,4,1,1,0.4390260212614516,Low
2,2025-03-11 22:00:00,184,0.5439677353299918,0,0.9436912295698904,0.737823155768855,0.7817112685394895,0.4466842494885972,0.1869172076735661,0,0.1885512645385683,0,1,3,1,1,0,0.7197334252363754,High
2,2025-03-11 23:00:00,120,0.7660277241121429,0,0.9322178516824348,0.476573515599051,0.1515035767667455,0.1723283109883331,0.7821978512054932,0,0.0759029530205817,1,1,3,3,2,1,0.6667523869352165,High
4,2025-03-12 00:00:00,168,0.4859598828358009,0,0.2067922356041571,0.1227064756738891,0.647315466355128,0.0467176467584304,0.955872458938294,0,0.5855326259426845,1,1,3,0,2,0,0.437818997684272,Low
2,2025-03-12 01:00:00,147,0.2573950997587272,2,0.3582575934220864,0.929215270042934,0.917712776165614,0.2458361307300283,0.5801689119509044,0,0.2832327989624513,1,0,3,2,0,2,0.5905377241191281,High
1,2025-03-12 02:00:00,119,0.3968859340639773,0,0.1492748664736347,0.4546964867840607,0.680008506049635,0.1423296151779931,0.6819684245075042,0,0.6300997294081048,1,0,1,2,2,0,0.4581313311219614,Medium
1,2025-03-12 03:00:00,166,0.9083241335102074,1,0.5101421506008201,0.7354900150198896,0.8112570306571013,0.5580614755253235,0.3373327600880582,1,0.0575719510876378,0,2,0,1,2,2,0.6896939073015015,High
3,2025-03-12 04:00:00,143,0.9455133056151568,1,0.4607010419168145,0.3676487501356783,0.1088666348928387,0.1841761555734296,0.3814001974229573,0,0.3749525957770598,0,2,0,4,1,1,0.5637869088080398,High
1,2025-03-12 05:00:00,132,0.4897381166478218,1,0.9012224028983746,0.0188551183127407,0.2506955532809137,0.0378193010455851,0.7346427326400122,1,0.2597069322212462,1,2,2,1,1,0,0.5334425913843965,Medium
4,2025-03-12 06:00:00,172,0.2013804186216291,1,0.93049045679264,0.1006219753868295,0.8948146805736708,0.0348684622254475,0.927822624269116,0,0.3696173212948295,0,1,1,4,1,2,0.5820840466831667,High
1,2025-03-12 07:00:00,160,0.3790931793698417,3,0.3836257385492827,0.4968799275533501,0.7152944573414118,0.8323291714557934,0.6289419915251051,0,0.0531937763991442,1,1,3,1,0,2,0.4225005078732939,Low
1,2025-03-12 08:00:00,108,0.553764434077332,1,0.4918807645153162,0.6909033272872629,0.639706044541289,0.5916418745332475,0.7898542320865201,0,0.7238821537195735,0,2,3,2,2,2,0.5568015906068209,Medium
4,2025-03-12 09:00:00,167,0.3943185156827308,0,0.8966949567205598,0.3351636296408534,0.6639306920803103,0.3577254861119761,0.1714387309946319,1,0.115681319677389,1,0,0,4,0,2,0.5857168749242434,High
2,2025-03-12 10:00:00,134,0.8530517445535564,2,0.807096599604628,0.6964353706297414,0.4142435270100917,0.8951358634223923,0.211776019448554,0,0.013265919082993,1,1,2,2,2,1,0.6321903097036493,High
2,2025-03-12 11:00:00,180,0.662919222585269,0,0.0034179737852104,0.6995870251085331,0.0444204104757917,0.069156122041277,0.5319565160099995,1,0.9462518930422535,0,1,1,3,2,1,0.45279134737950366,Medium
4,2025-03-12 12:00:00,197,0.5279077376447859,1,0.3200683163674713,0.7048949625898941,0.7846639980652501,0.9814334510139286,0.1763595180080213,0,0.1919502497856502,1,2,2,3,1,1,0.4734575880787413,Medium
3,2025-03-12 13:00:00,187,0.9803899092778732,3,0.4218624264690596,0.4931769864832639,0.6788844378520107,0.6165424685352447,0.6349506431221232,0,0.827884597418848,1,1,1,0,2,2,0.6085497766309009,High
1,2025-03-12 14:00:00,195,0.3262413083929096,1,0.2296544838175129,0.9161484614221396,0.4728758464833166,0.1826915705110097,0.2914962331321347,1,0.9644548430979054,1,2,2,2,0,1,0.5157312817328796,Medium
4,2025-03-12 15:00:00,164,0.4214216397646032,2,0.1994862750641921,0.489846870035342,0.9000379745927527,0.6794682056510835,0.7915394944066108,0,0.5335976893230531,1,1,2,2,1,2,0.4362818180555176,Low
1,2025-03-12 16:00:00,107,0.5498059134088906,0,0.0375728208703454,0.4508595789922224,0.3361648054786634,0.7639797110747286,0.808122655456269,0,0.5255852073069301,0,0,3,0,0,2,0.32284436352884366,Low
3,2025-03-12 17:00:00,144,0.2616173734208207,2,0.6436309608294397,0.1996145403015212,0.2943066027790597,0.4291514461957948,0.4636869179234706,0,0.3666970468120624,0,0,0,3,0,2,0.3960082651103591,Low
1,2025-03-12 18:00:00,186,0.5238190098022631,2,0.2624741005397539,0.308044460640151,0.8730616131957001,0.8624633594590918,0.1806173557882333,1,0.4249433082591537,0,1,3,3,1,0,0.4097719077740257,Low
4,2025-03-12 19:00:00,146,0.9271296106694208,2,0.05214686517707,0.0423424484997403,0.7972161927856013,0.1498823338467505,0.6467343946660458,0,0.4814904797603271,0,2,0,4,2,1,0.5003876875023984,Medium
1,2025-03-12 20:00:00,139,0.4848714844062998,0,0.2309184970016955,0.6343931429685149,0.5150716385400004,0.2782903973634156,0.9928598521204872,0,0.1511201539696666,1,1,2,4,0,1,0.49134331012218957,Medium
2,2025-03-12 21:00:00,175,0.7179512290666928,1,0.802299001016169,0.2488401289328475,0.1306402952416998,0.0925069518448973,0.6225424055619189,0,0.364013363119842,1,2,1,3,2,0,0.5855505848168053,High
3,2025-03-12 22:00:00,153,0.6421717666331318,2,0.8519129447590441,0.3045395965095947,0.2150179115230655,0.2101699728401347,0.035533878104687,1,0.8159176388434843,1,1,3,1,1,0,0.5851562879524025,High
3,2025-03-12 23:00:00,175,0.9491757997168828,0,0.4832022946745797,0.7718697197104849,0.6563882917777829,0.2380867939709978,0.017047106380049,0,0.181459624081371,1,0,1,2,2,0,0.7252136922109804,High
3,2025-03-13 00:00:00,145,0.9087147550324516,3,0.4161544008343625,0.3276386841052587,0.3850700748607277,0.918596349887878,0.3202144271043574,1,0.7295606738237073,0,0,3,4,2,0,0.46671608453368274,Medium
4,2025-03-13 01:00:00,146,0.7677849645213273,0,0.978376138832366,0.2424911630290236,0.8367208712632641,0.0770879087779747,0.1955954348439561,0,0.6512016831713685,0,1,3,1,1,2,0.7489834528170214,High
3,2025-03-13 02:00:00,114,0.3290925116407439,3,0.2004800942569187,0.1692478788461953,0.9502577019900648,0.4272192253157694,0.8130651352783196,0,0.0562116784417378,0,1,3,4,2,1,0.394698498744799,Low
2,2025-03-13 03:00:00,118,0.2877033235102963,0,0.2152862711330765,0.7759194135951488,0.8058696562449723,0.5324510116956693,0.8448300022199551,1,0.0213016310432931,1,1,1,0,0,1,0.47194407806226846,Medium
4,2025-03-13 04:00:00,125,0.1664993634315934,1,0.2918539128546489,0.1298398171237955,0.3775706262380175,0.8996114313946233,0.2584509925131402,1,0.3517906976748038,1,0,3,2,0,1,0.2122501617228288,Low
2,2025-03-13 05:00:00,151,0.5198204253879506,2,0.1726510372793022,0.4543531608097746,0.788910943037842,0.9988486757482218,0.3254989649226898,1,0.6918332432375317,1,0,3,4,0,2,0.38249783792221115,Low
1,2025-03-13 06:00:00,192,0.3302821823167529,1,0.3794206644274931,0.5076059614455913,0.3514542222881161,0.7539629387814955,0.2360718568940014,1,0.3296540750417486,1,2,3,3,2,1,0.3685705965011728,Low
1,2025-03-13 07:00:00,121,0.3429334229574167,0,0.9113043346068984,0.6883251818988831,0.167023272533141,0.9718798339099376,0.9084277189261584,1,0.667367434407426,0,1,1,0,0,0,0.480495991564336,Medium
1,2025-03-13 08:00:00,120,0.3056374141968109,2,0.6155871931738048,0.634140969688638,0.0332515719824088,0.78775566623443,0.5025615331895312,0,0.6650895924593417,0,1,3,0,2,1,0.39395873164257833,Low
1,2025-03-13 09:00:00,150,0.8054704819223476,3,0.4120270583751084,0.8118332389336166,0.3857458772341693,0.9642735426935818,0.6560995459487089,0,0.8063525466540011,0,0,1,3,2,1,0.5299618830421755,Medium
2,2025-03-13 10:00:00,137,0.8300351225505471,0,0.9348993139081504,0.0447628644335497,0.903839504912754,0.7077365115231822,0.4153657175060261,1,0.0984492937584237,1,1,0,0,2,2,0.62960163100982,High
4,2025-03-13 11:00:00,119,0.331489659102038,2,0.0482608869009222,0.2968139766161578,0.2389446212457304,0.0787455555130018,0.6309684617329709,0,0.5766561241510088,0,2,3,2,2,0,0.32833029168388095,Low
4,2025-03-13 12:00:00,128,0.2562577345287168,3,0.2101991966158993,0.2804839287015084,0.2064554561413522,0.4016640128247737,0.3857292978174031,0,0.0614171572493922,1,1,2,4,1,0,0.2934297350239425,Low
3,2025-03-13 13:00:00,150,0.5073917611132379,3,0.5660893332975181,0.1461739124465946,0.9701331083150838,0.6469196152937529,0.3395372250242934,1,0.1750010334976575,0,0,0,0,0,0,0.49608708004520763,Medium
2,2025-03-13 14:00:00,103,0.8961002394921699,1,0.6157921356598737,0.2895410653726182,0.0248584131515369,0.3503412758958211,0.6344354772921057,1,0.3247312491190658,0,1,1,2,0,1,0.537058877450892,Medium
1,2025-03-13 15:00:00,154,0.0980671468380801,0,0.0393472054314727,0.3101577210284209,0.7860052562806406,0.2728238374506355,0.5910032525695741,1,0.7070701628357663,1,0,2,3,2,0,0.3233623450975731,Low
2,2025-03-13 16:00:00,170,0.8160573267688144,3,0.4031123112822055,0.5225818052359673,0.3213679265645514,0.5775579893418963,0.2933716163327899,0,0.973873317764355,1,2,1,4,1,0,0.5208802611433467,Medium
3,2025-03-13 17:00:00,191,0.7886359184836318,2,0.6494197176942955,0.6646056986369514,0.0373483090164528,0.9345025550140896,0.149144859809942,1,0.3417712418226828,1,2,1,3,2,1,0.5078619118722266,Medium
3,2025-03-13 18:00:00,127,0.831885845033431,3,0.6983744998399117,0.3815954699408174,0.9180896461790424,0.0338581236998316,0.3684449521041091,0,0.5206056644044662,0,1,3,4,0,2,0.7415189085783808,High
2,2025-03-13 19:00:00,103,0.2087432448072934,3,0.6383970541349013,0.720451618275524,0.1395522041638648,0.7698434862275891,0.4150811767249025,1,0.2582075452866647,0,1,2,0,0,1,0.41133170608109487,Low
2,2025-03-13 20:00:00,121,0.01909371355312,1,0.3205723698696694,0.3365956973855259,0.5518889510535083,0.7232296085349048,0.6286378380762758,1,0.675132905816086,0,0,1,0,1,2,0.27653456171059304,Low
2,2025-03-13 21:00:00,175,0.7456219228817408,1,0.0933519636554984,0.2906480779560983,0.274029240797862,0.9650261022379149,0.9145759495221448,1,0.3658646888676118,0,2,0,4,2,2,0.3142235580095215,Low
4,2025-03-13 22:00:00,144,0.3240600600065882,2,0.4272047997323411,0.5419131494603117,0.065066584926488,0.9317053025221558,0.0359441193299761,1,0.4810106908268896,1,2,3,2,1,0,0.31620303718744447,Low
1,2025-03-13 23:00:00,166,0.5383621495535118,1,0.128613793064209,0.0236975513925984,0.0497888657492709,0.7628282973960594,0.2434883315629534,0,0.5673291171869124,0,2,0,2,2,0,0.21452758118593163,Low
2,2025-03-14 00:00:00,185,0.8355572421897953,3,0.9481224962191636,0.0798509233224078,0.1154548966972616,0.5204327406130751,0.1935268925514461,0,0.6858983018438979,1,2,0,2,1,1,0.5511434426793493,Medium
2,2025-03-14 01:00:00,165,0.8413943073868645,3,0.4753007497417167,0.4185175017790413,0.0712437897298906,0.2035440563424306,0.502206490939372,0,0.0589688136586514,0,1,3,1,0,2,0.5430322246460725,Medium
2,2025-03-14 02:00:00,187,0.6406148449533035,1,0.3172657396239111,0.9442153128756744,0.7607689934447723,0.5453183942053721,0.4295890978223557,1,0.5544021009813911,1,1,1,2,1,1,0.6106307986053485,High
3,2025-03-14 03:00:00,133,0.0168534824298216,3,0.7666613103669722,0.722496101677371,0.4856437712157926,0.7659551047431805,0.7290240177607432,0,0.4305191122334588,1,0,0,0,0,0,0.4483312185055645,Medium
3,2025-03-14 04:00:00,190,0.501381086350727,3,0.4980962641798228,0.0882003548627991,0.3429004955493383,0.8965804407699081,0.2422428235030846,0,0.1327692106347377,0,2,1,1,0,2,0.33445741682211183,Low
4,2025-03-14 05:00:00,154,0.176909260067129,2,0.3100349469211167,0.8474817524874364,0.4184139035489343,0.7903727159712819,0.5944406664622044,0,0.2071284228213252,0,1,1,2,2,0,0.38543858038119655,Low
1,2025-03-14 06:00:00,100,0.5033620160076923,1,0.8123606419069422,0.7333006023868252,0.9292392439607876,0.1945221575648994,0.8838943973601809,1,0.883779260433022,1,1,3,0,1,0,0.7357983479154069,High
4,2025-03-14 07:00:00,171,0.7087643895620588,3,0.8675881458433594,0.6117719020879941,0.911035500696638,0.599897731123205,0.9107236636882023,0,0.8716508854688932,0,2,0,1,1,0,0.7131131797049682,High
1,2025-03-14 08:00:00,186,0.3160884874600476,1,0.6732925476853484,0.8214192874447204,0.7158656005872686,0.3317523787290692,0.9588462947998272,1,0.0322158791776481,1,1,0,0,1,2,0.619246099554023,High
3,2025-03-14 09:00:00,137,0.4200227473046002,2,0.0467599055815823,0.404637881632936,0.884953427589795,0.0080209732468365,0.7732620396200125,1,0.6890611905522874,0,0,3,4,1,2,0.4791631076995766,Medium
3,2025-03-14 10:00:00,105,0.5578409202197274,1,0.566523947502023,0.2217665715576902,0.3196451636649145,0.199487871221963,0.9060322930060264,0,0.553687478168355,0,0,1,0,2,0,0.49346812510841837,Medium
3,2025-03-14 11:00:00,185,0.2844392411036227,3,0.7636498012936757,0.5127065564208642,0.3811362569390754,0.112281885044263,0.2343551987394714,0,0.9397709972384868,0,2,1,1,2,2,0.5548917276677192,Medium
4,2025-03-14 12:00:00,124,0.7017821689621709,1,0.13636841889748,0.5495778519367046,0.6138518726549281,0.8435051584000366,0.1973931613189419,1,0.9079233334970978,0,0,3,2,2,0,0.43500522449048734,Low
2,2025-03-14 13:00:00,181,0.2288430035345127,3,0.2286081350282041,0.5390473517383081,0.6237704440359549,0.2579109952705118,0.006237672924132,1,0.5790920164495731,0,1,1,1,0,0,0.42705117230315726,Low
2,2025-03-14 14:00:00,116,0.5138832008262035,3,0.8829430817296131,0.5658332225340991,0.4817755326309492,0.2841646387559757,0.7068234778587725,1,0.1379651687707173,1,0,1,2,0,0,0.6420148492270201,High
3,2025-03-14 15:00:00,160,0.500870273590869,3,0.0198962426761575,0.9500158464340795,0.4006942559886181,0.9609997513454792,0.9375218914242176,0,0.4592038422724411,0,1,0,2,0,2,0.3861489740500434,Low
2,2025-03-14 16:00:00,111,0.9054061573525876,2,0.7530737743987204,0.903489762736572,0.9865005653595064,0.3787765622664174,0.1867440730743064,1,0.7248662615597974,1,2,1,3,2,1,0.8364765359491048,High
2,2025-03-14 17:00:00,105,0.5204035754667427,1,0.4739020848222306,0.8769230394616508,0.8213638646412262,0.0084018443943949,0.6368997869214956,1,0.9517058540894374,1,2,1,4,0,1,0.6959053260015982,High
4,2025-03-14 18:00:00,189,0.5509744393301342,2,0.4468798650709302,0.802516001930976,0.4350332440291728,0.2833108042009433,0.7464518630064434,1,0.3631049744203748,1,1,1,3,1,2,0.5827251424606957,High
1,2025-03-14 19:00:00,126,0.7788392197362916,1,0.0068608815176924,0.9447314496675772,0.7274872288402967,0.1183751885159631,0.927665709600768,0,0.7844435808553829,0,1,1,1,0,2,0.6267381212956614,High
3,2025-03-14 20:00:00,107,0.0137062526152723,2,0.8197969331964121,0.0985833318858152,0.2695345487656811,0.1018451788827277,0.6468196855449857,1,0.6829933017537428,1,0,3,3,2,0,0.4032458683125271,Low
3,2025-03-14 21:00:00,182,0.8520757471888606,0,0.3598647068841836,0.2654514921924888,0.1000600646965778,0.0764640385858408,0.970359194767995,1,0.0772314515395205,1,1,3,2,2,0,0.5096148158733693,Medium
4,2025-03-14 22:00:00,164,0.5367640512459825,3,0.5409467401368535,0.495714721055031,0.3524440539825652,0.5934556916733904,0.3445335652468582,1,0.5574814864541783,1,2,3,1,2,1,0.4824188964030914,Medium
4,2025-03-14 23:00:00,156,0.7562154450191861,3,0.6775884199029145,0.8476985440359198,0.4030103299029755,0.1885889508344354,0.3497906803820345,1,0.1825716485302377,1,1,1,3,2,0,0.7101538818979901,High
2,2025-03-15 00:00:00,192,0.9473317545249776,2,0.7029370901714553,0.5058390204335812,0.0163873202839026,0.3608904437195965,0.5429379370081915,1,0.6832020866972334,1,0,3,0,1,1,0.6120595467454703,High
3,2025-03-15 01:00:00,198,0.9750235930947908,0,0.9564854223133784,0.7490571898238947,0.8150291707510267,0.8628493798834134,0.3833750308886152,0,0.6096509634363154,1,0,2,4,0,1,0.7755156604469632,High
1,2025-03-15 02:00:00,139,0.3691206452934001,3,0.5315137012498163,0.1391067671614488,0.3592097090450174,0.4241349698234256,0.0011736583198964,0,0.9730424552449376,0,1,2,0,0,2,0.39324115095133266,Low
4,2025-03-15 03:00:00,113,0.6983400254627363,1,0.3997905122712537,0.2527237729835173,0.5805417164999028,0.9166499177996356,0.7317593151866302,1,0.9353325886707292,1,0,2,1,2,2,0.4246611588352411,Low
1,2025-03-15 04:00:00,134,0.4653303923576178,2,0.9542072122378682,0.7327751725577154,0.0738412216694137,0.4979089003907841,0.7517108682587204,1,0.0082301918644115,1,0,0,3,0,2,0.587829283852209,High
1,2025-03-15 05:00:00,147,0.4114223965242475,3,0.642370487207854,0.1649179229148394,0.1749238416546069,0.3985731499856211,0.7469668772043316,1,0.0789701535826288,0,2,1,2,1,1,0.4128844092663411,Low
3,2025-03-15 06:00:00,183,0.2408242893136635,3,0.2981419988368556,0.3518081310275347,0.8899672048679801,0.7509566597813659,0.3448812047410903,1,0.7688880845967426,1,1,0,3,2,2,0.3759547800061288,Low
3,2025-03-15 07:00:00,155,0.5976765253158359,2,0.1263218126132297,0.2651941190992462,0.6088247828607501,0.0721416516291224,0.5222081086399113,1,0.6852983378712664,0,2,3,1,0,1,0.4645408779868597,Medium
4,2025-03-15 08:00:00,148,0.5392991960541662,2,0.8429712871910275,0.3503117425177567,0.9505869023388648,0.0884834827378093,0.3598389568805864,1,0.8007369046633273,0,2,1,1,0,2,0.6949454822550081,High
3,2025-03-15 09:00:00,112,0.1708696503770443,1,0.3622232494682684,0.7092894126071689,0.999076381619788,0.6523087572507471,0.0157891184919876,0,0.2659760274802213,1,0,2,1,0,1,0.4771462511381181,Medium
3,2025-03-15 10:00:00,160,0.3554399889602122,1,0.6607443110756182,0.368323084859922,0.3718825624849208,0.4868855585219676,0.5623807382646935,1,0.8491711533704733,1,2,1,1,0,0,0.460460242575385,Medium
3,2025-03-15 11:00:00,148,0.8321852102456353,3,0.4709429025538698,0.5560086504123367,0.2987900950594707,0.7910776197977307,0.123548689561183,1,0.4417877662132918,0,1,0,3,2,0,0.5131406295716047,Medium
1,2025-03-15 12:00:00,145,0.3170522431246161,3,0.1988439377322959,0.1000226333893102,0.8586143430046491,0.9172307752102786,0.0798150192086462,0,0.261063800558814,0,1,3,0,2,1,0.2901861070612456,Low
4,2025-03-15 13:00:00,161,0.3561711523223618,2,0.6019152926587188,0.8061220607824696,0.9989377070726524,0.3880786585503359,0.7554941349798374,0,0.0094665628804664,0,1,3,2,1,1,0.6423748806801115,High
2,2025-03-15 14:00:00,107,0.6839426732311856,3,0.0604892654684796,0.3703674640875076,0.6297886470272291,0.596613697144039,0.0092567807049208,0,0.8712384251147981,0,2,0,2,2,0,0.41515771997489637,Low
1,2025-03-15 15:00:00,142,0.4751348812777664,3,0.4134240597472127,0.649413570325836,0.7953683651929835,0.5006739970638117,0.959070207043366,0,0.5348217815542892,1,1,1,4,0,1,0.5462266045407878,Medium
3,2025-03-15 16:00:00,119,0.6290019230598018,2,0.5468006164179444,0.7263794981415702,0.781967008012026,0.9827250806072734,0.5151716941173099,1,0.9753792011554072,0,1,0,1,0,1,0.5591128236084635,High
1,2025-03-15 17:00:00,196,0.5512838204788063,3,0.4361463046991589,0.2099094217849338,0.3553541467037662,0.8318429335159296,0.9830860623992188,0,0.7143709157147903,0,2,3,1,0,0,0.3673660976296535,Low
3,2025-03-15 18:00:00,189,0.5938393087668379,3,0.7490156451696224,0.885893865546591,0.5743909506888614,0.9126869281780434,0.0577640430802619,0,0.0793583243495335,0,2,2,1,1,1,0.612148114970056,High
3,2025-03-15 19:00:00,138,0.6465698756243268,0,0.8283303155751074,0.6170572151001786,0.8333029647513548,0.2537349803718003,0.5834682547128018,0,0.5877314713649875,1,2,3,0,2,2,0.7290716884768275,High
1,2025-03-15 20:00:00,184,0.3009766650937937,1,0.7716041703116423,0.4292885618844456,0.6882896350857344,0.7731464969465802,0.3491889854546386,1,0.0159910440447805,0,2,3,1,2,0,0.49127439194912126,Medium
4,2025-03-15 21:00:00,148,0.1575451162293783,2,0.0386020652301581,0.1825444005509024,0.0210162526050632,0.2648944405784315,0.8435063943476939,1,0.5572862603120561,0,0,1,4,2,2,0.19896394727905933,Low
3,2025-03-15 22:00:00,163,0.8174094781919677,0,0.1940391791165674,0.9436026599170434,0.3367110740797233,0.208029617018274,0.361088583350396,1,0.3494611528895583,1,2,2,4,0,1,0.6108849148697599,High
4,2025-03-15 23:00:00,161,0.7966631351216603,1,0.5367853708853436,0.7561007657218464,0.1443879136403452,0.9452922886476602,0.2603204127337806,0,0.6429011356495726,1,2,3,0,0,1,0.5144466233950231,Medium
2,2025-03-16 00:00:00,153,0.0001491261651872,1,0.9353108809362124,0.2082707100230187,0.2329273299537661,0.0181435996909327,0.8575816400731056,1,0.541059489531746,0,1,2,1,0,2,0.45773670331937866,Medium
3,2025-03-16 01:00:00,108,0.9971910862616964,1,0.8353676274626372,0.3381433552049924,0.905770614405309,0.9664647740329884,0.3745233413676674,0,0.260504980744715,0,1,0,3,1,1,0.66666422552793,High
4,2025-03-16 02:00:00,187,0.668050720702273,0,0.8429512784643658,0.8107853197804303,0.0367533527778608,0.1484083467178147,0.0165862995004495,0,0.1613884602781247,0,2,1,3,1,1,0.6731593146567526,High
4,2025-03-16 03:00:00,136,0.0859133643753171,0,0.3032037861522043,0.6966248466617457,0.2197494446338485,0.8201690718025709,0.3901644750217181,0,0.4040352902877442,1,2,2,2,0,2,0.2965413128889211,Low
2,2025-03-16 04:00:00,148,0.4267378762653466,1,0.4295420742222133,0.7668322594485517,0.3095616024334579,0.2753684746614315,0.6544842416592707,0,0.9868469466831956,1,2,2,0,1,1,0.5225654086774043,Medium
4,2025-03-16 05:00:00,140,0.2537526375299366,3,0.4708323442326392,0.4417824574300037,0.6170253004176758,0.3503250556121073,0.254190364109343,1,0.435059005110146,0,1,1,3,1,0,0.45950777364747997,Medium
4,2025-03-16 06:00:00,116,0.3405240337959954,3,0.1572532871198968,0.7174533455605369,0.5342027877718661,0.2160637457079643,0.4318766326640346,1,0.748516904100258,0,1,0,2,1,2,0.4656558556506657,Medium
2,2025-03-16 07:00:00,187,0.5769936165098245,0,0.0308511994791491,0.3869964323163614,0.2182174732249016,0.5856919509705918,0.056481188591168,1,0.0558870461940624,0,2,2,4,2,2,0.32423931879866214,Low
3,2025-03-16 08:00:00,120,0.4253823861967041,0,0.947401174294474,0.2115137195933959,0.1641628660111848,0.3477121123132893,0.588032992895323,1,0.3781590739372488,1,1,1,2,1,2,0.507966247096158,Medium
4,2025-03-16 09:00:00,150,0.5816421239127145,0,0.2406593731729478,0.6335336503854252,0.2367550071320041,0.6577408960794038,0.7562902509730618,0,0.5798540388191158,0,1,3,1,0,2,0.4191342210063907,Low
4,2025-03-16 10:00:00,158,0.8145382430711978,1,0.2398950948486393,0.9773641124419864,0.5026154190649982,0.0144778542033403,0.4131954811780891,0,0.7509291223408731,0,2,1,1,2,0,0.6823017916976053,High
4,2025-03-16 11:00:00,138,0.2511273492935426,3,0.0832029743302034,0.310994579597824,0.2711514246643994,0.0633206294661867,0.4201178205282638,0,0.5278533775541759,1,1,3,4,1,2,0.32695611610523323,Low
1,2025-03-16 12:00:00,154,0.1451887892735997,0,0.9289916613998912,0.4615793660457093,0.9479040538304664,0.098690328258352,0.0880588946237119,0,0.5147498238517111,0,2,2,0,0,2,0.6382430447133317,High
2,2025-03-16 13:00:00,140,0.6457608105340943,0,0.5799486578939468,0.6749173932983357,0.4639322702849672,0.418777879102908,0.201754510379023,0,0.7636545181468192,1,0,2,1,1,1,0.5981840044439862,High
1,2025-03-16 14:00:00,138,0.2507756786353398,2,0.6673165753296111,0.5422318331987571,0.0586666982896128,0.8155161875075736,0.1544734584146594,1,0.3125036536889405,1,0,2,1,0,2,0.374442006748295,Low
2,2025-03-16 15:00:00,112,0.9141867949893608,1,0.9120475748481168,0.8445873805221727,0.7294621143470738,0.8890714263468635,0.4815930973892868,1,0.0895637285259372,0,0,0,2,0,1,0.7515346717638356,High
3,2025-03-16 16:00:00,163,0.9849783210619564,2,0.3456488822045536,0.762784863133493,0.3288468828811981,0.2441831020112266,0.5291764593038937,0,0.3464063608174526,1,1,0,2,1,2,0.6479133405738219,High
3,2025-03-16 17:00:00,110,0.6248887118170244,3,0.6217514738171346,0.0583281073812937,0.653647905602326,0.5745212835064089,0.9489985949802338,0,0.1580301289184048,1,0,3,2,1,2,0.485194661199186,Medium
4,2025-03-16 18:00:00,118,0.4669896991657838,2,0.0385885616100498,0.9998036328728532,0.2795720896198339,0.7689752273412174,0.0730029675779215,1,0.9659301861263578,0,1,1,3,2,0,0.40294482111032154,Low
2,2025-03-16 19:00:00,110,0.5659048619581378,2,0.1866771921693792,0.7534311831031021,0.5708626025416257,0.2883058680647448,0.59981203367595,1,0.5770392319224582,1,2,3,4,1,1,0.5312152603240318,Medium
3,2025-03-16 20:00:00,176,0.2247097604187997,2,0.8316537594815354,0.8650923361302928,0.7723690033934317,0.4087683201140903,0.5264185421114356,0,0.4459736585144532,1,0,1,0,0,0,0.6416494496930436,High
2,2025-03-16 21:00:00,145,0.5336535465318151,1,0.7671259581620598,0.6520809524355785,0.9283007954474988,0.5240066086085731,0.5161497483781885,1,0.9119742745565133,0,1,2,2,2,1,0.6662551946864232,High
3,2025-03-16 22:00:00,144,0.2522480212961067,3,0.3506753270145482,0.8574631961932998,0.261095911094405,0.1339872799161328,0.8731929150414655,1,0.9002699905826654,0,0,1,0,0,2,0.4912897709930645,Medium
1,2025-03-16 23:00:00,100,0.6113338111305989,2,0.3768636987367808,0.1124916306059725,0.3348614599703786,0.0248372656291988,0.2053532956241062,0,0.4150340447570113,0,1,0,2,0,0,0.4660513327392164,Medium
3,2025-03-17 00:00:00,139,0.7895495944658613,1,0.5337299109275571,0.3481848306560948,0.4643336636329256,0.1519606381451517,0.0405340999430179,0,0.8746057208125769,0,1,1,1,1,1,0.5973127963027396,High
1,2025-03-17 01:00:00,118,0.3908285182646166,3,0.0,0.8776279584238503,0.9274664871537468,0.6271292715447097,0.6722392973298172,1,0.0629477746105505,0,2,1,0,0,1,0.4682833035922798,Medium
3,2025-03-17 02:00:00,175,0.8350731385938516,0,0.2411915388088872,0.2018922021590757,0.9016660048798666,0.0725858621927821,0.3450180470999453,1,0.8856104726999168,1,1,2,3,1,0,0.5838066311855625,High
4,2025-03-17 03:00:00,171,0.8171991435261439,2,0.2081532308067946,0.0783016743094376,0.0897640297259382,0.1889384163693694,0.0173431438155424,0,0.3097962743516205,1,1,2,2,0,1,0.4071222704486075,Low
1,2025-03-17 04:00:00,171,0.8066946519350789,3,0.2504373642566566,0.7891990143284192,0.1318359608846974,0.3374462354867462,0.2512038541301067,1,0.5646353511459576,1,0,0,4,2,2,0.5412812657233104,Medium
3,2025-03-17 05:00:00,160,0.2962702878357565,2,0.8062940081119045,0.8366343237816901,0.4955915663610557,0.0768477177738331,0.3091756142084536,1,0.2688530786117936,1,2,1,1,1,1,0.6557795160313367,High
4,2025-03-17 06:00:00,111,0.5846324373892683,0,0.2796510701982699,0.1628331394942213,0.1065131380325405,0.1909460582799615,0.6167879991009291,1,0.98480778590671,1,1,1,2,2,2,0.38597256675861563,Low
1,2025-03-17 07:00:00,160,0.5963577603475753,3,0.1914296944782298,0.8555212632694561,0.3455905810012746,0.9122179025527828,0.172389819231342,0,0.0707109735252846,0,0,1,0,1,1,0.43305701812761627,Low
4,2025-03-17 08:00:00,132,0.472807845371747,1,0.5044160638796045,0.6877021704725963,0.1482994905761085,0.0181383027055921,0.4129371831047841,1,0.446328932648513,0,2,2,2,2,0,0.5513705895879346,Medium
2,2025-03-17 09:00:00,144,0.8678441698346703,3,0.8660798542594121,0.5207774363395059,0.6361908700555526,0.6537704152416131,0.4823810312945207,1,0.6205671357451861,0,1,0,1,1,2,0.6849995615135127,High
2,2025-03-17 10:00:00,189,0.8889366191540319,1,0.2412969888935516,0.8313908338492498,0.9497979016056496,0.3841113537681215,0.4591353623167078,0,0.6151848904173186,0,0,1,4,2,1,0.683689550957375,High
1,2025-03-17 11:00:00,191,0.1499296658683594,3,0.0783563814433099,0.4197990471798578,0.9970591400899814,0.6730326660410897,0.974007423946804,0,0.7384763234881653,1,2,1,4,2,2,0.3396352923712227,Low
3,2025-03-17 12:00:00,168,0.9285463092386996,1,0.3564418711777137,0.1942199335143436,0.3752652186787272,0.588877142039324,0.045266613894402,1,0.7241163371870982,0,2,1,4,1,0,0.4780492433028825,Medium
1,2025-03-17 13:00:00,107,0.8449666580603805,0,0.747994497658081,0.2852092698005961,0.5991452019548571,0.2228207270184357,0.9510273148130992,0,0.7929248049970505,0,2,1,1,1,1,0.6617308141301979,High
4,2025-03-17 14:00:00,124,0.7817393897846352,0,0.5508794042235559,0.5058373247700253,0.856524928966343,0.8480061392879215,0.5818753979770008,0,0.2334101362732503,1,2,0,2,0,1,0.585599981907816,High
3,2025-03-17 15:00:00,190,0.0216700349890047,0,0.8171900375820298,0.532041715756701,0.1173611943334976,0.4918970489291181,0.7957359655895799,1,0.369789940122264,1,1,0,1,0,2,0.40994298310475574,Low
2,2025-03-17 16:00:00,145,0.1943959722580817,3,0.9601003318958912,0.806686003533275,0.6897408730585276,0.8232743335730142,0.430281135525963,0,0.3813301625428906,0,1,0,1,1,0,0.5799312576679753,High
3,2025-03-17 17:00:00,186,0.4284917780290418,0,0.7930403001486315,0.7924374468305473,0.408884037547051,0.4057660378224241,0.4537340826009772,1,0.9558137209204656,1,2,2,2,1,0,0.6143382088692217,High
2,2025-03-17 18:00:00,129,0.3592415932906581,2,0.6040334157034604,0.5821494102728103,0.2060882735773366,0.9858072490581036,0.8793621478857669,1,0.4086410888411247,1,2,1,3,2,1,0.3902907879809766,Low
3,2025-03-17 19:00:00,146,0.9230620275816632,0,0.4934856618880436,0.7818550153811403,0.4027910422735409,0.771104615923432,0.8959755881843718,0,0.220977285707687,0,1,1,4,2,2,0.6052608893961712,High
3,2025-03-17 20:00:00,186,0.8196886601793075,1,0.039859184726666,0.1919962434602713,0.0758392895058373,0.9670276030758064,0.2385145709108556,1,0.6319368061546584,1,0,1,0,0,1,0.2696079628830522,Low
3,2025-03-17 21:00:00,148,0.0027165445464338,1,0.9848494754421178,0.0500835955514566,0.6955864430044483,0.5143360741043115,0.1990546398994181,1,0.4266173310999546,0,2,1,0,0,1,0.4340957794424497,Low
4,2025-03-17 22:00:00,146,0.3892437745390443,1,0.383539402747167,0.8748368307686273,0.2527073708320526,0.4736046507444666,0.4961452702920177,1,0.2492214230762449,1,1,3,2,0,2,0.4850285684884162,Medium
4,2025-03-17 23:00:00,183,0.5566557010710375,3,0.1521059010599013,0.0756102058683302,0.3113987854275324,0.7560335172398969,0.9003195422196455,1,0.7148255363639597,1,1,0,0,2,0,0.27561723193454607,Low
1,2025-03-18 00:00:00,181,0.2800455836397468,2,0.6669883174533378,0.2469901591036918,0.120982174285798,0.881166132078739,0.3222082032344304,1,0.1909980319051252,1,0,3,3,2,1,0.3221289134250684,Low
1,2025-03-18 01:00:00,117,0.2300093036920968,0,0.2842691063099671,0.6962656173943875,0.8649204572958752,0.9652189275489697,0.6519757661415024,0,0.6329476116293663,1,1,3,1,2,1,0.40277795544142936,Low
2,2025-03-18 02:00:00,165,0.8656651472120085,2,0.5859945316233299,0.4099836454027049,0.4935256673037986,0.3241128051053683,0.7081312366282173,0,0.4298849768445717,0,2,2,4,0,2,0.6203235781191402,High
4,2025-03-18 03:00:00,167,0.7003955182022953,2,0.5869849413770032,0.8775208309525492,0.5722664187989032,0.7993865422972453,0.7786773266319775,1,0.3183900376461467,1,1,2,0,1,2,0.6132812625605831,High
2,2025-03-18 04:00:00,193,0.2528601063024723,1,0.4458367131380945,0.2983552590218961,0.5695509083357209,0.2099371807614543,0.5638567384927349,1,0.9459446971180734,0,2,1,0,0,1,0.4382873158006609,Low
1,2025-03-18 05:00:00,132,0.8805265711665673,1,0.8365303752751514,0.0118355097031786,0.4105342899755403,0.5456578232660052,0.4023345397111384,0,0.3236365640207089,0,1,3,2,2,0,0.5613628085574957,High
2,2025-03-18 06:00:00,135,0.3650653039057701,1,0.2649327901856497,0.3010349516399395,0.1924654279307284,0.1790669151624433,0.9670803765866958,1,0.3467636850470249,1,2,3,2,0,2,0.3697162907660856,Low
1,2025-03-18 07:00:00,181,0.6860360039529563,3,0.4487417507224192,0.5788531704752327,0.7453361486028577,0.3470122757906555,0.6112785705783794,1,0.8705118982359571,1,2,0,1,0,1,0.6092136536857208,High
4,2025-03-18 08:00:00,118,0.0610838578716357,2,0.5378708372275722,0.376425910789979,0.1269600379120815,0.9323539774819548,0.7285514507478026,1,0.1280419160408206,0,1,3,4,0,0,0.25421476499731677,Low
3,2025-03-18 09:00:00,127,0.1797348670328789,2,0.663901774321654,0.5355887706671577,0.1037663245667548,0.1452296516383402,0.3448433714312633,0,0.107042555629011,1,2,2,0,0,2,0.46180741541132697,Medium
4,2025-03-18 10:00:00,139,0.230290862795025,3,0.7843428871057263,0.8778053883564229,0.710331476560414,0.6326896611996731,0.669916209590911,1,0.2818876403048606,1,1,3,1,2,2,0.5908657874505836,High
2,2025-03-18 11:00:00,183,0.9576882328326848,3,0.3948744080227917,0.9137439137841912,0.2087804382088191,0.5931497728281054,0.2576296142605574,0,0.5911802725569035,0,1,2,4,0,1,0.6132340427778145,High
2,2025-03-18 12:00:00,196,0.2643828847677638,3,0.6463102705849773,0.2663035184912319,0.3067636458280232,0.1198173624037575,0.2449247071461122,1,0.3835998814755724,1,1,1,1,2,2,0.4589759350500715,Medium
4,2025-03-18 13:00:00,175,0.9835137685739976,2,0.1504873772391779,0.4627519303282065,0.4753000239816874,0.3255433171144166,0.7147039040846843,1,0.608118791708111,0,2,2,0,0,1,0.5485141785490258,Medium
4,2025-03-18 14:00:00,114,0.4358423625145787,2,0.933135243333468,0.5498805461045112,0.4494113296187178,0.5631061378887205,0.5213130783549993,0,0.1587854145972966,1,1,1,2,2,2,0.5851662894424134,High
1,2025-03-18 15:00:00,140,0.0479919160263886,1,0.3831167567925044,0.9504239709490576,0.7087648049148709,0.1864147076170299,0.6832480068757338,0,0.2606056247037769,1,0,0,2,1,0,0.526214476989211,Medium
2,2025-03-18 16:00:00,138,0.9097463964886352,1,0.7298499364397493,1.0,0.623576196061267,0.801310162276692,0.2692742579518568,1,0.5646754478707214,1,2,1,2,2,0,0.7332389882997823,High
2,2025-03-18 17:00:00,101,0.2996200621433214,2,0.0201157740107482,0.2356927606980526,0.6445507278854941,0.9732485814592062,0.5986670264415956,1,0.216251708295652,1,0,3,3,2,2,0.22776783314207108,Low
4,2025-03-18 18:00:00,162,0.3683750144674638,1,0.2051061874234472,0.7279720539517894,0.7142426647438931,0.2140607096135034,0.4438266050834596,1,0.4221497818783748,1,0,2,1,1,1,0.513992004532644,Medium
3,2025-03-18 19:00:00,128,0.1186409932247754,3,0.4872217302654076,0.3785216060066435,0.2925967574839852,0.1861474329752388,0.596903394415764,0,0.5721698229697573,1,0,1,0,1,2,0.39313740075018644,Low
2,2025-03-18 20:00:00,173,0.2419282680887813,0,0.8786971311782956,0.008066950123482,0.322331749634345,0.4548042441016087,0.2907225264939619,1,0.9736459771263506,0,0,1,1,1,1,0.4118988656713761,Low
3,2025-03-18 21:00:00,165,0.604416137676837,1,0.5274257080061757,0.0092129207228683,0.4380522568671575,0.7483268065678494,0.7154329047651666,0,0.0788272128366915,0,1,1,2,1,2,0.38826186311022304,Low
4,2025-03-18 22:00:00,150,0.8860965447244951,2,0.9303554559511004,0.4611752012136696,0.30745340172258,0.28105995682114,0.8059409602176908,1,0.4598035038591238,1,0,1,1,1,0,0.7003070571468488,High
4,2025-03-18 23:00:00,174,0.1255987304244086,1,0.4839335166538594,0.488984026440378,0.985257520417504,0.0187204523427233,0.2597491203629742,1,0.3955848060193249,1,2,1,4,1,1,0.5451604272688597,Medium
1,2025-03-19 00:00:00,176,0.1998479803420554,1,0.4905909117296747,0.0225492392492486,0.8142887367671694,0.5412938107787337,0.3004665465158378,1,0.8240600412878606,0,0,1,1,0,0,0.36806880976604756,Low
2,2025-03-19 01:00:00,109,0.2137334069319183,1,0.1195991098263788,0.6878620211165704,0.1645766875568769,0.9576558597868864,0.661118415906389,1,0.9002056464161239,0,0,2,3,0,0,0.25194365757838694,Low
3,2025-03-19 02:00:00,113,0.9239578974546168,0,0.8030418720120509,0.2943731365868914,0.0054390467359064,0.3909955165316172,0.6955606047044713,1,0.9069296199413042,0,0,3,3,1,0,0.5827910992146885,High
1,2025-03-19 03:00:00,181,0.910130340719901,3,0.2469170830153348,0.5606450849781806,0.0426461874245472,0.4199214454047886,0.7040779053016191,1,0.3744282258571561,1,1,3,2,2,2,0.49479958423240883,Medium
2,2025-03-19 04:00:00,150,0.3081213664408259,2,0.9000738335641705,0.3012987629477958,0.2440239456654607,0.9699860935252672,0.6826697117637084,1,0.3038608980100271,1,0,1,0,2,1,0.4034142304118373,Low
1,2025-03-19 05:00:00,172,0.3792267251894125,0,0.9112943201330104,0.1673216795076838,0.1141888702581692,0.6950434569969468,0.3926839165736568,0,0.4485134707424318,1,0,2,4,1,0,0.4189664092213258,Low
4,2025-03-19 06:00:00,138,0.2977315016782258,2,0.9438055809816974,0.4077061770507606,0.5334388424169978,0.7196658471794288,0.3947305445567282,1,0.3432384624887329,0,0,1,0,0,1,0.5139914553607683,Medium
2,2025-03-19 07:00:00,127,0.8376717176663313,2,0.5203955613690769,0.2325543714649037,0.8582533356506475,0.5628259779068767,0.2546485990777918,1,0.7185454262643144,0,2,0,0,0,1,0.5803417977133983,High
1,2025-03-19 08:00:00,102,0.3116169282680888,2,0.6773813567746483,0.5355168886403627,0.7369495573843451,0.9757070818658188,0.1566325625653446,1,0.2126693329333304,1,1,3,4,2,0,0.4685393203165357,Medium
1,2025-03-19 09:00:00,183,0.3778055750928144,0,0.7788826559144013,0.1990614576228927,0.2155557637507648,0.6892887556827119,0.6925518240380715,1,0.6583075410397528,0,1,1,3,1,2,0.4079244004865904,Low
3,2025-03-19 10:00:00,169,0.2620324783433196,3,0.1308757393967821,0.509083943667985,0.3993350049658626,0.8959424749117879,0.0929667899733643,0,0.9269275515398512,1,1,2,2,0,0,0.27555272267673364,Low
1,2025-03-19 11:00:00,126,0.6692136822143678,2,0.6011853094125776,0.1575518548480541,0.5079826025061207,0.6998259920837113,0.9378470969435776,0,0.2790901291246601,1,2,3,1,1,0,0.47033361043970867,Medium
2,2025-03-19 12:00:00,101,0.7182071918875367,3,0.0340834927728259,0.6718863806720974,0.8104407953701059,0.7356474463616851,0.8267047005052657,1,0.6765355547794354,0,0,2,3,1,1,0.48366894965077323,Medium
2,2025-03-19 13:00:00,192,0.7512052510216256,3,0.4977134562722305,0.7549686208288571,0.8393705665850694,0.2898910995102717,0.8575342374000214,1,0.1425768036975232,1,2,0,2,2,2,0.6956453210504551,High
3,2025-03-19 14:00:00,137,0.1376345474132174,1,0.1547224104873845,0.1105000309704496,0.9100014988516996,0.302989772357463,0.906713424519824,0,0.1203734581909213,0,1,1,3,1,1,0.33624100464337586,Low
2,2025-03-19 15:00:00,102,0.657865626196348,0,0.1828245836188631,0.4684220085369582,0.5093342984275625,0.7836294504114807,0.4084863476578351,0,0.1146272223739139,0,1,0,4,1,2,0.41271268136360667,Low
4,2025-03-19 16:00:00,115,0.5896960497146572,0,0.3650914514925207,0.07092068091093,0.6944534918916256,0.2962013510755441,0.8467256796106983,0,0.1375379137890391,1,1,3,0,2,0,0.4626188326063927,Medium
2,2025-03-19 17:00:00,193,0.7102267162863579,1,0.4325336782793376,0.5989894726505931,0.1116967481240458,0.5628942042687775,0.1578605652882863,1,0.2152662149689382,1,2,1,4,0,2,0.48780837474983274,Medium
2,2025-03-19 18:00:00,139,0.556512139314999,1,0.6234178875532459,0.2647314951149971,0.565405176424661,0.248735410782523,0.021396350153751,0,0.5623408584090512,0,1,3,1,1,1,0.5454292705863814,Medium
1,2025-03-19 19:00:00,101,0.8600384166807632,3,0.074245349153406,0.5283300517997911,0.2486545478025551,0.8177085670123376,0.7848960938418048,0,0.7667368866537061,1,0,1,4,2,0,0.40387884893703313,Low
1,2025-03-19 20:00:00,180,0.2960176636604019,2,0.5038439178649652,0.518151993663858,0.4317683491977651,0.1095561569272072,0.0745686242500549,1,0.1258529972942765,0,2,2,0,0,2,0.5019276229546971,Medium
2,2025-03-19 21:00:00,140,0.167498731314714,0,0.1825265553513813,0.9256302687024408,0.6342000586039274,0.8302012936426597,0.9885961042610996,1,0.8698877391387745,1,0,3,3,1,2,0.39323219015120214,Low
3,2025-03-19 22:00:00,111,0.3173449310458418,2,0.5741822182968643,0.5498196660379745,0.256952696964886,0.6029484133113931,0.6747650468025639,1,0.8425568742879282,0,1,0,2,0,1,0.43094636309129536,Low
1,2025-03-19 23:00:00,134,0.1769203888854266,2,0.6376611896673863,0.5837836787917047,0.0520525347193125,0.1861449972664224,0.753444104878596,0,0.7270925447486417,0,1,0,1,2,2,0.45028826101447766,Medium
3,2025-03-20 00:00:00,164,0.1231503903989459,1,0.5569028162923582,0.4021776279410735,0.0100809964700362,0.5421104946349959,0.2456318775839361,0,0.4253146805975607,1,2,2,3,1,0,0.3206444025362968,Low
2,2025-03-20 01:00:00,154,0.4694380391912465,2,0.7386308769169267,0.9503910700140796,0.0220124568676984,0.2819603071676739,0.6738337059876864,0,0.0004053717506616,1,0,2,2,2,2,0.6031032654848629,High
2,2025-03-20 02:00:00,144,0.6615626196347967,3,0.3356301396831784,0.7782502668106994,0.0081959642027653,0.3230256694822899,0.042981564713753,0,0.7344781632991927,0,2,0,0,2,1,0.5077237873997049,Medium
4,2025-03-20 03:00:00,178,0.0852556512139315,1,0.7654628957299487,0.2857626779144704,0.1102507327966776,0.3511527220669062,0.8378477675343621,1,0.8788695280215114,0,0,2,4,1,2,0.38369687392832985,Low
1,2025-03-20 04:00:00,189,0.0143149989761487,2,0.4328638509125344,0.8453702944684068,0.2394469914783227,0.0622624970146885,0.1694271475604631,0,0.3345282679584211,0,1,1,3,2,0,0.45744644553539726,Medium
2,2025-03-20 05:00:00,184,0.2980475601178765,1,0.4843214210846518,0.4329650579567247,0.2211709356225236,0.9870863967809492,0.6973340782736888,1,0.7176809882001928,0,2,0,2,0,0,0.31729793771821324,Low
4,2025-03-20 06:00:00,161,0.978422334202865,3,0.6483670587098189,0.829805508855115,0.9871171466886156,0.030402727772862,0.2243015341283407,0,0.060967121682528,1,2,3,2,2,2,0.8661656128365569,High
1,2025-03-20 07:00:00,148,0.4938880529909812,3,0.0181315277735767,0.8240181257816651,0.3059966280338413,0.6628567970884023,0.0682230666990029,0,0.709178278235335,1,0,0,4,1,2,0.3892794949892884,Low
2,2025-03-20 08:00:00,194,0.1149284194407101,2,0.6542637541997991,0.1890887982692983,0.1273247326227392,0.3708989052622351,0.4813989436670141,0,0.0672354151857188,1,1,2,3,1,0,0.34357967716806254,Low
2,2025-03-20 09:00:00,124,0.686310885764906,1,0.6188270297383598,0.7020961689556373,0.5456691977804501,0.6463312345733494,0.1690891540656633,1,0.5867254352649971,0,1,1,3,0,1,0.601604407148009,High
1,2025-03-20 10:00:00,122,0.9197612200746076,2,0.3098478936998987,0.2910078864557653,0.858215550012169,0.3558840938545704,0.7294305154469896,0,0.5971046168584182,1,0,3,0,1,0,0.5909535741584194,High
1,2025-03-20 11:00:00,123,0.6556610072916018,2,0.0856200915946403,0.2978674340757953,0.6782312619349068,0.6741371781761385,0.2373911648041318,1,0.3013593575400912,0,0,0,3,2,2,0.39550787410053484,Low
1,2025-03-20 12:00:00,137,0.6039387113718717,1,0.09076527151364,0.2967211955293705,0.2960678010531163,0.7297532277851209,0.3423322592614162,1,0.0780623807016957,0,0,0,4,2,2,0.31796742081745133,Low
2,2025-03-20 13:00:00,127,0.6427627068847321,2,0.9237035299874656,0.7265584008559219,0.5617305957832701,0.6909788983428695,0.5673726837571549,1,0.9493011598444056,1,0,3,3,1,1,0.667540994005294,High
2,2025-03-20 14:00:00,120,0.0278042396346186,3,0.6895764093044436,0.2301035302653591,0.7150446969049757,0.1130249692461164,0.2848091344362669,1,0.5350556118935058,1,0,1,0,0,0,0.46566882743666627,Medium
4,2025-03-20 15:00:00,153,0.7545550253291905,1,0.1269606795033269,0.0008542345741602,0.7282996376124775,0.6572399095189774,0.3778594589287494,0,0.5792884602247879,0,1,2,2,0,0,0.38120873233698643,Low
3,2025-03-20 16:00:00,117,0.4716471096233118,1,0.356760553312154,0.7162121546618264,0.6667037549143234,0.2794430821775417,0.8156365416392399,0,0.6145928293824701,0,1,2,3,1,1,0.558433447576749,Medium
1,2025-03-20 17:00:00,135,0.5197269433142512,1,0.5927044905333421,0.1713779312543929,0.8710747501785884,0.0276630077958612,0.1790160456781437,1,0.8909455415288845,1,2,2,4,2,0,0.588895206070186,High
2,2025-03-20 18:00:00,198,0.6107884990340186,1,0.8359830377203323,0.1045796933376899,0.870369441997517,0.4146050228035893,0.081975992593787,1,0.0591730375880728,0,1,2,3,1,1,0.6009734857352149,High
2,2025-03-20 19:00:00,144,0.3088102402934447,2,0.0434538320796624,0.2378046641043309,0.5790593918821731,0.4333616967118447,0.3282128622536413,0,0.8931880251620092,1,0,3,1,1,0,0.3074816051896922,Low
1,2025-03-20 20:00:00,172,0.7215569661951016,2,0.2365767331990238,0.3803937535785344,0.4299069313521995,0.4670722432501368,0.4242633129186426,0,0.2388055937966471,1,1,1,0,0,1,0.46003737877954765,Medium
3,2025-03-20 21:00:00,152,0.3301553137881607,3,0.890202631755252,0.4765375739299824,0.6417234912613717,0.7052841664103473,0.5425845933652635,1,0.0768885198578273,0,1,1,2,2,1,0.5408628998995033,Medium
1,2025-03-20 22:00:00,129,0.3965298118784555,0,0.0089315149708246,0.044581210454244,0.8184508284133254,0.3083675685603932,0.3722932152384142,0,0.6568876357769775,0,1,0,1,0,1,0.3367940627811086,Low
3,2025-03-20 23:00:00,159,0.9916867727317245,0,0.2013151891069773,0.971915698229628,0.0054970237873837,0.3148194912313997,0.7899180447307652,0,0.9769746418441094,0,2,0,4,0,2,0.5962352599889986,High
2,2025-03-21 00:00:00,197,0.6455315568771646,3,0.959531916711826,0.7170395423201621,0.9923200825506576,0.0594889641110354,0.0390798368132974,0,0.0561559037366823,0,2,1,3,2,2,0.8345984446272234,High
3,2025-03-21 01:00:00,131,0.428941382288263,0,0.6136396793763745,0.3236057769986622,0.1828246134679502,0.6872386514909004,0.4316565063179562,1,0.42547088325409,0,0,0,0,2,2,0.3997043151124493,Low
4,2025-03-21 02:00:00,166,0.1909538287586471,3,0.2616345215507742,0.3191025044770376,0.4703191292004736,0.5679621791386722,0.3821286560822547,1,0.5292558984140749,1,0,1,3,2,0,0.312321130982033,Low
2,2025-03-21 03:00:00,166,0.5643167795870764,2,0.0668022170589173,0.4491344584400903,0.8722946513359338,0.3490448210749379,0.6475381877358126,1,0.2512627296890174,1,2,3,3,1,1,0.47609411538866586,Medium
4,2025-03-21 04:00:00,127,0.7562566216468871,1,0.0279721631018112,0.6270921915428931,0.2249916717813851,0.7056498424888653,0.9663403972474214,1,0.9828781038118052,1,1,3,3,2,0,0.3993769088896312,Low
1,2025-03-21 05:00:00,143,0.6697934936476705,1,0.2446950162540084,0.1465305854503216,0.4768685408884709,0.5374217987220811,0.510290137300571,1,0.640565763361101,1,1,2,3,1,0,0.3988452558904425,Low
1,2025-03-21 06:00:00,178,0.8604691019488787,2,0.8819330080660441,0.1891485109894699,0.1324886315566797,0.4691479519222894,0.9869477438284312,0,0.8441931910597915,0,2,1,0,0,1,0.5729313316467832,High
1,2025-03-21 07:00:00,140,0.9502052154094072,1,0.4159972621041221,0.8606171785462559,0.395110027160329,0.5113270411886846,0.3020959153997034,0,0.4151145425189664,1,0,3,1,2,2,0.6462415029833801,High
3,2025-03-21 08:00:00,162,0.9252966942958128,1,0.7206547083756039,0.2565704057672711,0.1770635044478145,0.6366462240193869,0.0306257118821386,0,0.3532198064075402,0,1,1,4,1,0,0.5438645238855726,Medium
2,2025-03-21 09:00:00,122,0.2287740048610678,0,0.9187609615792952,0.3806886525607879,0.3636462050838376,0.6603566311204294,0.1654649238712382,1,0.552656845338978,0,0,0,1,1,0,0.46851490821675956,Medium
1,2025-03-21 10:00:00,174,0.921979193561311,2,0.4081179209733916,0.8724714635810727,0.3734874415715954,0.2884345608446741,0.3950018438127565,0,0.4346383114112863,0,1,1,0,1,0,0.6697765034589284,High
1,2025-03-21 11:00:00,147,0.4995281381041835,0,0.191185552956081,0.6640482488870716,0.9934944321527158,0.1398696722080843,0.3161850456638013,1,0.7146378959133205,0,0,2,4,1,2,0.5835317865341751,High
2,2025-03-21 12:00:00,131,0.1563955092992406,0,0.5172805724234393,0.3421502116960742,0.9951374679736408,0.1557980616810792,0.096833401793402,1,0.2649780188973756,0,1,2,2,0,1,0.5127499737137691,Medium
1,2025-03-21 13:00:00,156,0.6420916391413894,1,0.9085516466895838,0.6846295097717432,0.1146841030416892,0.6396961788482922,0.4325493683364063,1,0.4489677867789967,1,0,3,1,2,1,0.5958349120411014,High
4,2025-03-21 14:00:00,199,0.1530234773550805,1,0.8047613837731833,0.0196586085343743,0.7261628892344423,0.8737306160359037,0.3379740468142156,1,0.8950351814275961,0,0,0,0,2,0,0.3712427779687216,Low
2,2025-03-21 15:00:00,132,0.3283034784234471,2,0.0656400591669639,0.7366472959946805,0.051612743495505,0.4092580168134425,0.122406869842891,1,0.7558463041224154,0,0,0,0,2,1,0.34216855259884826,Low
2,2025-03-21 16:00:00,123,0.6445466564578307,1,0.6928724601425282,0.4876632579788967,0.0300488305995571,0.1687145079620369,0.2959616413405754,1,0.1671147644859432,1,2,1,0,2,2,0.5610875791414971,High
2,2025-03-21 17:00:00,138,0.1496303006561551,1,0.5721029432166072,0.8142982518180466,0.1052271363536818,0.7571849221270559,0.8864740342760116,0,0.8867575085098696,1,0,0,4,2,1,0.3954992934657937,Low
4,2025-03-21 18:00:00,133,0.952314126476794,2,0.907930651398858,0.9559571089298312,0.9657958785235342,0.8332513226684188,0.3018953202553291,1,0.5885578492722071,1,2,2,3,2,0,0.8261342996331467,High
2,2025-03-21 19:00:00,155,0.9701235743983762,1,0.1223358737376816,0.927066533772874,0.9411618332463568,0.8814580006419674,0.7139368742171106,0,0.6789349490848555,0,2,3,2,1,0,0.6174837436792476,High
4,2025-03-21 20:00:00,127,0.9858697394075908,0,0.534211966738172,0.9105192740137243,0.1938640104415104,0.6070597394590613,0.6119951316985235,1,0.2934500480566898,0,0,3,4,2,1,0.6501449219865529,High
2,2025-03-21 21:00:00,136,0.4979701035425254,2,0.8799083020630973,0.5128533339462699,0.1615928890868295,0.8615571751060069,0.4270686274117514,0,0.4409115252343483,0,2,3,4,1,0,0.49204562528778306,Medium
3,2025-03-21 22:00:00,106,0.9416838792389668,1,0.4101027949563807,0.3606069412720003,0.2404938706782922,0.0142449453273179,0.2388514366497598,1,0.8066107071712209,0,2,0,1,0,2,0.5940053956058831,High
1,2025-03-21 23:00:00,167,0.5463281576909038,3,0.4821301305791701,0.4656509433446829,0.5156390969227057,0.1062828865222642,0.3688831011616664,1,0.3299126711928895,1,2,0,2,1,2,0.5616481922965213,High
3,2025-03-22 00:00:00,136,0.2702633523561935,2,0.0702745098421211,0.6908348752107737,0.569822989110114,0.0915884908594266,0.5920487305191189,0,0.1641026653002316,1,1,2,0,0,2,0.4450366153293365,Medium
1,2025-03-22 01:00:00,155,0.6057337897632677,2,0.2781196591044808,0.8852156839294484,0.2215430321750883,0.7130830812511553,0.3506156316368289,1,0.3775975607751418,1,0,1,4,2,2,0.47427549164141675,Medium
4,2025-03-22 02:00:00,164,0.4744515718342963,3,0.3245188742282814,0.2072309577173779,0.7568317582694774,0.0685398405004251,0.2147143254351191,1,0.0681466355949984,1,2,1,2,0,0,0.49443259072447787,Medium
3,2025-03-22 03:00:00,164,0.5606253505577764,1,0.9456193331661148,0.9194602238229904,0.3095454117528556,0.4963314987073353,0.1162483805856762,0,0.7175497307806619,1,0,3,1,0,0,0.6824353026523988,High
2,2025-03-22 04:00:00,146,0.459191736184685,1,0.2826469119190586,0.8162992088928985,0.9224205299824312,0.4726180900036769,0.8798027311267638,0,0.1467665283923945,1,2,3,3,1,1,0.5661898698013287,High
1,2025-03-22 05:00:00,119,0.9598728198644956,2,0.4609874499827804,0.980210287728159,0.6568832476512971,0.3102316800175326,0.4402047445105577,1,0.2843086163364488,0,0,0,2,1,0,0.7532548601525154,High
1,2025-03-22 06:00:00,118,0.4554658078186626,2,0.671587474452024,0.8814642951922761,0.4364049050684684,0.8712566646872797,0.6251606871837996,0,0.880966860549031,0,2,3,0,0,1,0.5428284156633052,Medium
3,2025-03-22 07:00:00,128,0.9078678519600076,1,0.1620688338627569,0.2802868567196747,0.7901371096352122,0.1696297082749187,0.4903185485636818,0,0.539981671062121,1,1,2,4,0,0,0.5666176530036702,High
4,2025-03-22 08:00:00,173,0.5764483044132442,1,0.486581073163832,0.106055327658433,0.8181533089296341,0.3520896749412672,0.8725999517454266,1,0.3205638757217511,1,1,2,3,2,1,0.5068779550242107,Medium
3,2025-03-22 09:00:00,159,0.2514000053418328,0,0.7388745960943588,0.112349523673246,0.2904646025565308,0.7747954633670164,0.5468615649310815,0,0.5471593618360799,1,1,3,1,1,1,0.3473889259721243,Low
4,2025-03-22 10:00:00,117,0.4632915928455052,2,0.8672909759806386,0.2915890700210328,0.3397214076433,0.0292877841206369,0.480686449633982,1,0.2173814970945718,1,2,3,0,0,2,0.587528499739142,High
4,2025-03-22 11:00:00,191,0.002169006686194,2,0.6265071483066365,0.6150137540735878,0.9362510596172696,0.6733350400909819,0.924651477328566,0,0.024049130165163,0,0,3,3,1,1,0.46960919249186833,Medium
1,2025-03-22 12:00:00,134,0.1243667702388689,3,0.6693348083961488,0.8054236911299534,0.1646630795244258,0.8171215278646906,0.7196729263097232,1,0.6032911005318192,0,2,3,1,2,1,0.41164136563370535,Low
3,2025-03-22 13:00:00,142,0.8807491475325184,0,0.1261408986227667,0.9004901406410865,0.0420130293502206,0.9332655994354244,0.1113339289306183,1,0.7138148035690289,0,1,3,0,2,1,0.44813265415425807,Medium
3,2025-03-22 14:00:00,194,0.3111862429999733,1,0.9462738924356376,0.624597171528481,0.4541176158795404,0.8771620648160909,0.1775101639454277,1,0.8796660875150257,1,2,2,4,0,1,0.5258278008241164,Medium
4,2025-03-22 15:00:00,190,0.7717412594261092,0,0.1324364160636737,0.0055865052874926,0.8014404851060405,0.3189327973730826,0.7871282934477244,0,0.7716403777354653,1,0,1,1,2,1,0.4495378730898879,Medium
3,2025-03-22 16:00:00,110,0.2951729863516172,1,0.7750367119536012,0.186531717315405,0.7718843700728056,0.5865440597553537,0.8358727217110793,1,0.926617353370652,1,1,2,3,0,2,0.48265981458700336,Medium
2,2025-03-22 17:00:00,148,0.7665930680816588,1,0.2647819326908582,0.0998166645183543,0.9198185726151586,0.0762697833939896,0.5451169699956151,0,0.9859630657465108,0,2,2,0,1,1,0.5543394014799755,Medium
2,2025-03-22 18:00:00,137,0.8863781038274232,0,0.9340810245076356,0.3637938775738895,0.5333013252609945,0.2572732423475803,0.5543844050399918,1,0.7446606695548992,0,0,3,2,1,1,0.7192777700355547,High
3,2025-03-22 19:00:00,163,0.4922732614560056,2,0.7202805866430639,0.5020188186152094,0.0999553592918939,0.093238695034536,0.6318875321927859,1,0.8677936315287957,0,1,1,0,0,1,0.5545497253864129,Medium
3,2025-03-22 20:00:00,168,0.5436405480720435,1,0.754161198093513,0.0434066622470988,0.5888165345306058,0.3147260478684772,0.439007150676429,1,0.673372714095978,1,0,3,3,0,0,0.5242453419901282,Medium
4,2025-03-22 21:00:00,107,0.3971908636853304,0,0.2189890507047311,0.3489260348968799,0.77861513943779,0.8760500146942707,0.6801695113369663,0,0.1699857740840379,0,0,2,3,0,0,0.35921495428841926,Low
2,2025-03-22 22:00:00,133,0.7179145039663108,3,0.4431447682822165,0.1793843553285418,0.0932155422887318,0.346781208676568,0.1082642734461414,1,0.1807631099990401,0,1,1,2,1,2,0.43810683916966475,Low
2,2025-03-22 23:00:00,147,0.6524514560945861,0,0.6180544724107961,0.6479474729572063,0.1725832799073779,0.5620201748196108,0.9613417500223314,1,0.1092358470332395,1,2,0,3,1,1,0.5388004424809519,Medium
1,2025-03-23 00:00:00,155,0.9935163504598428,3,0.7703337231251106,0.4648868911354687,0.0121387983028832,0.4331990583938794,0.7501481385816955,0,0.942933601128525,0,2,3,0,2,1,0.6207808576096826,High
4,2025-03-23 01:00:00,175,0.805659671833406,1,0.1037993683266682,0.4959767985486328,0.5937825458692364,0.4587951102048824,0.6311285246784948,1,0.6723917526704739,1,2,0,1,2,0,0.49680823509939814,Medium
1,2025-03-23 02:00:00,164,0.542098093856002,0,0.9628756664002678,0.4282537226466608,0.8870064368777687,0.9706580131629088,0.3161731896003557,1,0.7896880358167052,1,2,0,0,1,1,0.5993464481506285,High
2,2025-03-23 03:00:00,130,0.7128709235138576,0,0.8906746803651104,0.9573411542176918,0.6708306152448982,0.2956482254641535,0.1607557009798905,0,0.3303943569077525,1,0,0,3,1,2,0.7986319902803921,High
4,2025-03-23 04:00:00,103,0.1911140837421319,3,0.2703185217393629,0.2149909193239866,0.9823583342678908,0.6276012330709302,0.4092245826297342,0,0.459811244487099,0,2,0,2,0,1,0.3615699004147151,Low
3,2025-03-23 05:00:00,149,0.3256781901870532,0,0.8231615707684401,0.5173540987390787,0.0629063885414366,0.4198493908397838,0.6615410252198537,0,0.0386727658582409,0,2,1,2,1,2,0.48713930964193697,Medium
4,2025-03-23 06:00:00,168,0.3886706403967201,0,0.5184875064054437,0.7370225430186689,0.9032810157570038,0.0600842931717462,0.6336648950776906,1,0.888902607494924,1,0,3,4,1,0,0.6506735536920634,High
3,2025-03-23 07:00:00,129,0.38379510510056,1,0.4619259285921777,0.5575920138695013,0.8143051056637948,0.4892813280162333,0.3825140227481995,0,0.8528561566970767,0,0,1,2,2,2,0.5217022278442188,Medium
3,2025-03-23 08:00:00,187,0.5089264251564712,0,0.3144384648891778,0.9303035167092564,0.314236035641494,0.8140599088419225,0.613234852040569,1,0.7845836047805612,1,1,3,2,2,2,0.46692834487319923,Medium
4,2025-03-23 09:00:00,158,0.1045708282511729,2,0.5811810912826574,0.3784588092695286,0.9738406713714368,0.0977799969313428,0.8137624521628564,1,0.0572171557683008,0,0,3,3,0,2,0.5285388429033774,Medium
3,2025-03-23 10:00:00,166,0.2693363217920068,3,0.7302179193126381,0.4642894699815996,0.2879195119224764,0.0685499281477639,0.0260408495495791,0,0.1733016260957621,1,1,3,1,2,2,0.5256518918386881,Medium
1,2025-03-23 11:00:00,174,0.1466132780156872,0,0.4110126231378208,0.0885966694896952,0.8895780147907371,0.1527883015014723,0.4505161950052976,0,0.3334112331454877,1,1,1,1,0,2,0.41764426617970574,Low
2,2025-03-23 12:00:00,144,0.7178744402204397,3,0.629469378150433,0.6098216878896388,0.8810177202372695,0.7650009716162798,0.7585512963604624,1,0.2622193530135834,0,2,2,3,1,2,0.6262028044637944,High
3,2025-03-23 13:00:00,103,0.5568927449007754,3,0.6996178448032635,0.2885733908600015,0.7578670884406982,0.7245007128991152,0.5460709239103823,0,0.8382954063632493,1,2,0,2,1,2,0.5268472819292476,Medium
1,2025-03-23 14:00:00,125,0.7110814095316104,3,0.7114359626197864,0.1604865923332121,0.5635858087283154,0.5651472167492853,0.6514370622371428,0,0.1939119374174197,1,2,2,0,0,2,0.5374924503013462,Medium
3,2025-03-23 15:00:00,126,0.7892034882168072,0,0.0517654872787529,0.5452611926498011,0.1199031028086463,0.4681270019411203,0.5165931883308943,1,0.5315985992192572,1,0,2,1,2,2,0.41706089753397907,Low
2,2025-03-23 16:00:00,145,0.970524211857088,0,0.8601780182296594,0.5330225945225237,0.5320717996349221,0.8892196803707262,0.9919470794896528,0,0.570901549170763,1,0,2,3,2,0,0.660707894315821,High
1,2025-03-23 17:00:00,163,0.8304224054273022,3,0.4583699870099798,0.0759278092517321,0.3568114002358126,0.7673041166884766,0.0543869006513291,0,0.4243596027650447,1,2,0,0,1,2,0.4258097524917673,Low
2,2025-03-23 18:00:00,190,0.9586375210334668,2,0.2623798181820516,0.6991662851956366,0.7924432585075618,0.8126555184411861,0.490953217134231,0,0.2398182102571405,0,2,2,2,2,2,0.5920557528529633,High
2,2025-03-23 19:00:00,150,0.8238296934678289,3,0.2417121164695885,0.624616004845474,0.7583389069491974,0.8139786895685244,0.0911939722914652,1,0.9602736067471462,0,0,0,3,0,1,0.5329626860605501,Medium
1,2025-03-23 20:00:00,149,0.9069397085139912,2,0.4831501216133553,0.1892361057139221,0.9108961277994452,0.6430303122003365,0.1595853922112116,0,0.4127332965818787,1,1,0,1,1,1,0.5755495510144873,High
1,2025-03-23 21:00:00,105,0.1989521104691019,3,0.8872829025951876,0.4700568054172835,0.0146795306636911,0.4578910778024636,0.3829113482757218,0,0.7270144217165196,0,1,0,0,2,1,0.44908838227871317,Medium
1,2025-03-23 22:00:00,158,0.3712573784065313,1,0.3784018529032513,0.7213055292365201,0.80933762816191,0.8655157056328275,0.1553385302086791,1,0.183109937005595,1,2,3,0,1,2,0.47324920205411203,Medium
4,2025-03-23 23:00:00,114,0.1829266121206186,3,0.7500700394709587,0.5301439393520312,0.9387591742935548,0.926990376287454,0.9637504627725116,1,0.8226282730725144,1,2,3,1,1,0,0.4910432704692157,Medium
1,2025-03-24 00:00:00,129,0.3139562058742354,3,0.0966531470361915,0.3960047170987986,0.7895252605755799,0.0226558697140362,0.9468475356746116,1,0.214992845734861,1,2,2,0,2,0,0.446883690276598,Medium
1,2025-03-24 01:00:00,141,0.2967844392411036,0,0.4761872776488209,0.3227489397587559,0.1300997537405966,0.0504703080498374,0.3359672638976709,1,0.6749496928679577,1,1,3,1,0,1,0.4197371340278462,Low
1,2025-03-24 02:00:00,136,0.6658716980796111,2,0.9922193879376496,0.6112184485425309,0.0811606858076386,0.9598036551191323,0.6397048425460992,0,0.5059398972615263,1,2,0,3,2,1,0.5549700158160973,Medium
1,2025-03-24 03:00:00,141,0.1129619572475316,1,0.7707982702079106,0.9404058312536984,0.0206975239941763,0.2766094626635473,0.5336757130268865,1,0.1455763580157923,0,1,3,4,2,2,0.5206344323141946,Medium
3,2025-03-24 04:00:00,134,0.2641180188922819,2,0.2104517041922784,0.6726576187820936,0.6288922042610603,0.8742279430064523,0.8156017397125483,1,0.0238249324045893,0,0,0,2,2,0,0.36637359371575,Low
4,2025-03-24 05:00:00,186,0.6309917557714052,1,0.5015918730016189,0.0748004533358256,0.6298200798851152,0.388507912358375,0.6273987084954915,0,0.9306927209682264,0,0,1,3,2,0,0.4843028229894322,Medium
2,2025-03-24 06:00:00,105,0.0514084632437389,3,0.2335660160438559,0.4612943381555532,0.9872343235037074,0.1181751937785748,0.0,1,0.1246851108250563,0,0,3,2,2,1,0.4438613569117792,Medium
1,2025-03-24 07:00:00,167,0.4806670168534824,0,0.4096395740149023,0.8920518519411728,0.3980783141280284,0.0794269375060645,0.7631719673630264,1,0.7046294748079109,0,2,2,2,2,0,0.5987847245986253,High
3,2025-03-24 08:00:00,117,0.2401966239616812,0,0.7804520242028552,0.0945453194092217,0.3319093634620123,0.1556714809941737,0.7468403523606413,0,0.6523013377635711,0,0,1,1,0,1,0.4505069082931542,Medium
3,2025-03-24 09:00:00,172,0.133184132976024,2,0.7715858973100131,0.990244388717382,0.6245698112479414,0.2492775735896173,0.5096372223251862,1,0.3409695250836492,1,1,1,4,1,1,0.6305352209637343,High
3,2025-03-24 10:00:00,128,0.2593938355249686,0,0.2280373161225077,0.950380845799745,0.8258510852659975,0.4884669293300139,0.9029623541833004,1,0.1844479256878295,0,1,3,2,0,2,0.5125415804622155,Medium
2,2025-03-24 11:00:00,176,0.8673355828384719,2,0.9227023198892036,0.0783341030109437,0.9370702523427674,0.7019500370854257,0.9084913981083568,0,0.1773849520637524,1,1,3,2,2,1,0.6484443285727088,High
1,2025-03-24 12:00:00,158,0.3574799013541546,2,0.5927897459233675,0.9347022658806148,0.8033556790282416,0.9875243218366394,0.5238308436860184,0,0.584864759670328,1,2,2,3,0,2,0.5468825685742438,Medium
4,2025-03-24 13:00:00,146,0.1421539605238557,1,0.3799797934869358,0.3636017164155061,0.4267230001168653,0.4413441661401303,0.6079349530104734,0,0.5464128867443881,0,2,1,4,1,0,0.3510606068823094,Low
4,2025-03-24 14:00:00,116,0.564400245724308,2,0.5020863659490982,0.8458705939518322,0.6350642043218644,0.5182036603486513,0.996596129889506,0,0.8758148037848156,0,1,0,4,0,0,0.6033248533047,High
3,2025-03-24 15:00:00,195,0.6700027154316647,1,0.6053025806568484,0.4189318907643932,0.8565566175127259,0.5218430038238717,0.2986656314420264,0,0.6396044943394796,1,1,3,2,2,1,0.6028197442283351,High
2,2025-03-24 16:00:00,121,0.8610611550823087,0,0.5600865759481672,0.4414359705349578,0.4906897021961494,0.5395033148357153,0.3244710935251764,0,0.8190879083920997,1,1,1,4,1,1,0.5862520849686756,High
2,2025-03-24 17:00:00,167,0.9477746814932204,2,0.4865436923890338,0.6351019578391403,0.2166338667572819,0.5177583246580886,0.1825812668456734,0,0.0312976050451741,1,1,1,3,2,2,0.5904313163532706,High
2,2025-03-24 18:00:00,168,0.2410490914432742,2,0.5050859298882453,0.7755378829990419,0.1696478962488124,0.00758904208462,0.895908008909498,0,0.6706311270096234,1,0,0,1,2,2,0.5159501600573171,Medium
4,2025-03-24 19:00:00,136,0.4214884126743886,3,0.1763084834177317,0.0337848223909315,0.0,0.0005224405266015,0.7444798476471599,0,0.2328306823422813,1,1,1,2,1,0,0.30612782242222614,Low
3,2025-03-24 20:00:00,148,0.06753523383873,2,0.8131264013610133,0.5939557967548755,0.7184283572023645,0.0966907771385905,0.1054249345040014,0,0.2519835750481373,0,2,3,0,1,0,0.582217205160477,High
1,2025-03-24 21:00:00,112,0.2250247059766205,2,0.541942205562516,0.1869485332367353,0.1109932448610953,0.1005902604912103,0.9818365735239228,0,0.7202730106973277,0,2,0,2,2,1,0.38069188218761396,Low
4,2025-03-24 22:00:00,133,0.2628092698604891,3,0.130941033401474,0.3463939421255851,0.2437994855587248,0.7053570819666732,0.730948732691515,0,0.7932154010813702,1,2,3,2,0,1,0.24848272477941552,Low
3,2025-03-24 23:00:00,185,0.6294381727370661,3,0.7665142260574884,0.3484159930874616,0.2978629132429277,0.2041940688658212,0.8505483182674198,1,0.3710203718897209,1,2,2,1,1,2,0.582721624972697,High
3,2025-03-25 00:00:00,152,0.928964752806688,0,0.932930961762604,0.4696817450823691,0.5604936968023725,0.8956230746651697,0.0479140326449103,0,0.7898552993350519,1,2,1,0,0,1,0.6591408709793772,High
1,2025-03-25 01:00:00,186,0.2672774904069587,2,0.9478054895676792,0.3345638539550917,0.397992375679143,0.929595433034494,0.5048738750965787,0,0.4431145331367049,1,1,3,0,0,2,0.44094305718137516,Low
1,2025-03-25 02:00:00,150,0.2686507865848773,0,0.3690647176445405,0.1074625548506187,0.6748432355383329,0.976994245041888,0.6985747046304644,0,0.8575035524869975,1,1,3,0,1,0,0.28559873560194493,Low
1,2025-03-25 03:00:00,102,0.6551579847045521,0,0.1353815102665312,0.1457851873620594,0.0555078104682711,0.940095174996444,0.5428719899596102,0,0.0237794548330077,1,0,2,1,0,0,0.24410380653595676,Low
2,2025-03-25 04:00:00,141,0.7870022079575503,3,0.5185632691181201,0.0334331521784588,0.1238414557431133,0.2713247051219469,0.6666134121993361,0,0.0824398832089764,1,0,1,4,1,1,0.4609555122977843,Medium
1,2025-03-25 05:00:00,197,0.4272097381611631,1,0.1124559767195447,0.4708721990959537,0.4992956873560113,0.5097756829077529,0.8178895723444979,1,0.7761140960953836,1,0,3,0,1,2,0.3775188692066065,Low
3,2025-03-25 06:00:00,131,0.053978107388645,0,0.9344756072212148,0.955766878699378,0.3369703186432082,0.1746633498788545,0.374207209100929,1,0.6236722680570086,0,1,0,4,1,1,0.6126128497069936,High
1,2025-03-25 07:00:00,150,0.6664771057949983,1,0.1834817978517173,0.1157886121680226,0.2957989443974003,0.806909368369308,0.8486942768459074,1,0.5585261208770258,1,0,3,3,1,1,0.3089808847494973,Low
3,2025-03-25 08:00:00,184,0.5851899911859759,2,0.2527220602603259,0.9475719129124264,0.0669027514742395,0.889325821175722,0.1627169608514294,1,0.6135495181763281,1,1,3,1,0,2,0.42562893498883836,Low
4,2025-03-25 09:00:00,145,0.3012426438511053,3,0.4067128898765864,0.7343628714061666,0.8959955752710136,0.8520951360834053,0.2707222966476654,0,0.9301344250718486,0,2,3,4,0,1,0.48044652359129747,Medium
2,2025-03-25 10:00:00,120,0.6929803865706324,2,0.3832225014456776,0.638362350114198,0.6919961408975945,0.4331851261124928,0.0431072885767362,1,0.6551567753111298,1,1,3,0,1,2,0.5855448442446824,High
4,2025-03-25 11:00:00,143,0.8680979068918546,2,0.7950422779855075,0.6461524853031746,0.1215192931191875,0.7592612060308908,0.3642937095393459,1,0.6470863497530839,1,1,1,0,1,2,0.59935425634322,High
4,2025-03-25 12:00:00,110,0.7386397022818529,3,0.4564319805236465,0.8278632255550386,0.0649196692925339,0.0966034225378642,0.3797815172623773,0,0.759213251342204,1,2,3,4,1,1,0.609588002825583,High
3,2025-03-25 13:00:00,167,0.7430845523098976,2,0.1706604256802919,0.1070206664455342,0.9751873054626162,0.0391334642060816,0.8052819753638125,1,0.866489499453656,1,2,2,4,1,2,0.5402484539751344,Medium
4,2025-03-25 14:00:00,100,0.7266717710846592,3,0.2671773756193241,0.5054270410768237,0.6813449442883164,0.7538108794949943,0.6530921868623327,1,0.2610677988345879,0,2,3,3,2,0,0.48867780461035887,Medium
3,2025-03-25 15:00:00,191,0.1354989271819161,1,0.5092697757401308,0.6980403536784835,0.4175006219898285,0.4251545092318554,0.4366131502086914,0,0.6163228383544203,1,0,0,1,0,0,0.4496521633799043,Medium
1,2025-03-25 16:00:00,162,0.5099680825491226,2,0.1473278761634597,0.5876111384950883,0.7019134008308714,0.9966966456465431,0.6520751619909488,0,0.5835102739475101,1,0,0,2,0,0,0.38762873065481246,Low
1,2025-03-25 17:00:00,123,0.3718661247674077,3,0.6118921448577463,0.8339233475342266,0.7565406155896104,0.0962777005083284,0.0525481122400424,1,0.1338548850916084,1,0,3,3,1,0,0.6617636741753261,High
3,2025-03-25 18:00:00,198,0.5709484424105911,0,0.5659479244022032,0.0723227018793989,0.7801824869148635,0.8564442369224461,0.1800780800873396,0,0.5197771765618178,0,2,3,3,2,1,0.43724936957794097,Low
1,2025-03-25 19:00:00,112,0.8992841944071012,2,0.7150192581168915,0.691641068693586,0.4779511472064918,0.4799114604016503,0.6269007907886923,1,0.0684788744606576,1,0,2,3,2,0,0.6916100298904415,High
2,2025-03-25 20:00:00,197,0.4636989075951959,1,0.9381957069696882,0.5347425305087994,0.4299333331585488,0.8278994197553056,0.6413244803718685,0,0.1840241140848465,1,2,2,0,2,0,0.5477272467534674,Medium
4,2025-03-25 21:00:00,110,0.0479863516172398,3,0.9127257779040874,0.379653031924085,0.0108756093513769,0.8178528086085752,0.7741358325261738,1,0.9128865534142638,0,2,1,4,1,0,0.3450620588765691,Low
2,2025-03-25 22:00:00,199,0.164176779052893,2,0.946573246851445,0.3407112489462115,0.9268484651036024,0.9169512799591366,0.4028792989639689,1,0.1182301718305808,0,2,1,1,2,0,0.49731433403699665,Medium
4,2025-03-25 23:00:00,150,0.1579735757338342,2,0.2446655106168362,0.6216722211444442,0.6034425254514614,0.2973477773668638,0.7225383656777122,1,0.5784456417087297,0,0,0,0,1,1,0.4209084280292461,Low
1,2025-03-26 00:00:00,116,0.076904585963444,2,0.1314268574360975,0.8922233412490436,0.2030945999345016,0.9508385649369936,0.6839519596479313,0,0.3227086586874832,0,0,3,3,2,0,0.2683659343493203,Low
2,2025-03-26 01:00:00,198,0.410021278300585,1,0.3022715654551438,0.4968363115534343,0.9198913984107252,0.1508190965312845,0.9634565789012252,0,0.5548147842575696,1,2,3,1,1,2,0.5428013185315351,Medium
1,2025-03-26 02:00:00,181,0.5124297771565425,3,0.895542981427204,0.8258558596463216,0.9152176161282216,0.0809561219100922,0.2149481949076739,1,0.2340970787792596,0,0,2,0,1,2,0.7923035857079204,High
4,2025-03-26 03:00:00,185,0.7618633203051968,0,0.9725713903717086,0.402681607487214,0.989505874307309,0.4314295537672656,0.5516078312436234,0,0.4437500614150205,0,1,2,2,0,1,0.7478564472476756,High
3,2025-03-26 04:00:00,123,0.4693289767719304,0,0.8597548333939435,0.1024887592709369,0.8743224621861687,0.8290749657555705,0.6017091241706871,0,0.8672030678833238,0,0,1,3,1,1,0.5095558288602456,Medium
3,2025-03-26 05:00:00,118,0.9723515638215472,0,0.1098624447035623,0.0615412524723128,0.9981102669279648,0.4733340107050796,0.9987226396024496,1,0.3755071621323477,1,2,1,0,2,1,0.5115781910591727,Medium
2,2025-03-26 06:00:00,136,0.3743356095476358,3,0.947926682960578,0.0513552652736042,0.2446469846326955,0.8300409532026078,0.2009975400292698,0,0.3522937659498444,0,2,0,0,0,0,0.4030275308962875,Low
1,2025-03-26 07:00:00,184,0.8454285040197292,0,0.4234474487140245,0.3806437320595517,0.8425000650432435,0.7302055911397407,0.5231369596133002,0,0.4454907373468711,1,2,2,3,2,1,0.5601919056808742,High
1,2025-03-26 08:00:00,107,0.5884240257832463,1,0.0090763685820569,0.3376696513109904,0.8232694706603414,0.2087170913341074,0.3460462275379521,1,0.0994577116923516,1,1,3,2,1,0,0.45909188575245896,Medium
2,2025-03-26 09:00:00,127,0.7334603502461695,3,0.4424980277283155,0.718916206489166,0.2308944921065602,0.9499186665303048,0.5258127848993777,1,0.3866503408379379,0,2,2,4,0,1,0.4799192096278928,Medium
3,2025-03-26 10:00:00,104,0.6479198012838205,2,0.0458639537169756,0.7438364576656044,0.0983274479392656,0.0597184177313319,0.2319521415493053,0,0.0057546915830856,1,2,2,2,1,2,0.47800458481451,Medium
4,2025-03-26 11:00:00,116,0.4343166015259836,1,0.5440614604873044,0.0508741721707802,0.9797374904525864,0.899197107835346,0.0473754454431343,0,0.5028373847102222,0,0,2,3,1,2,0.41685040733006407,Low
2,2025-03-26 12:00:00,135,0.5036825259746619,2,0.3385772225577217,0.2213882404956741,0.2960102355455235,0.3039568043562588,0.5725005664265572,0,0.847787833554167,0,1,1,4,2,0,0.4036505999106204,Low
4,2025-03-26 13:00:00,118,0.8905658781527942,0,0.4735634616662076,0.2746032182795368,0.8711561553147669,0.5001241554738582,0.3357118498571956,1,0.5515707745001969,1,0,3,0,2,1,0.601607778586794,High
3,2025-03-26 14:00:00,163,0.6149762733593896,1,0.6134080128224353,0.5483463126017585,0.0039713343642629,0.4221440064699575,0.1817484930908963,0,0.607288510614481,1,2,3,2,2,2,0.5040394332499538,Medium
1,2025-03-26 15:00:00,190,0.7042327347512932,3,0.86923837837549,0.1446700719867749,0.0208771784557312,0.1710343766248949,0.3237891938825501,0,0.0294457314690481,1,2,1,2,0,0,0.5497782129536762,Medium
3,2025-03-26 16:00:00,197,0.4450024928552987,1,0.6621772843660287,0.1340808665932265,0.4659393300518947,0.3577871961811831,0.0490438150674226,0,0.8593753901431076,1,1,1,4,2,2,0.46983393770458387,Medium
2,2025-03-26 17:00:00,110,0.0126746111590886,2,0.4341466386721166,0.9450927502600572,0.2386725856131527,0.1921841437907887,0.9505011900777888,0,0.3843041040731145,0,2,3,0,1,1,0.4576971287831673,Medium
1,2025-03-26 18:00:00,153,0.6423476019622333,3,0.8198265790336317,0.8053061035326524,0.6900178796631232,0.2031620775629603,0.5810858402752879,0,0.9748491733866278,1,1,0,2,0,0,0.7496331362705211,High
2,2025-03-26 19:00:00,144,0.0257353923131026,1,0.9060481436603016,0.1808617035392219,0.5656806755287863,0.1862926467393424,0.8147831723585002,0,0.1194538018335994,1,0,2,4,2,2,0.476026429019612,Medium
2,2025-03-26 20:00:00,146,0.4533713642150622,1,0.1196122980491261,0.4070993752887334,0.07736553951958,0.4889671356257519,0.4230043309751898,1,0.944632768343176,1,1,3,2,2,1,0.31292555120786797,Low
3,2025-03-26 21:00:00,111,0.7476673996848319,1,0.5321071886782607,0.3560803284026915,0.1625493132739756,0.7986115078248976,0.9033581781993274,1,0.633885582680038,1,0,1,0,2,0,0.44575038358867314,Medium
2,2025-03-26 22:00:00,120,0.6819684208651989,1,0.2844929516287426,0.792088296034941,0.3880795652952271,0.5691088261961863,0.483224084636533,1,0.0512483543054517,0,2,3,0,1,2,0.5228786131953297,Medium
3,2025-03-26 23:00:00,110,0.2022918688401991,3,0.0468567566260207,0.5108934811065293,0.1855362189737153,0.8941119941437252,0.5738808869607208,0,0.9716918497955798,0,0,2,1,2,2,0.20817948631235936,Low
1,2025-03-27 00:00:00,191,0.8307584957398884,2,0.6688275924005613,0.1279806272457237,0.7924485751722719,0.6368430516033463,0.4917026209499269,0,0.0127357360736636,1,0,3,4,1,0,0.573833476019596,High
3,2025-03-27 01:00:00,104,0.16523846831848,1,0.8632033507422527,0.74000151414577,0.4161141146320125,0.6897635067262189,0.7332660796249977,1,0.7304085948127006,1,0,1,3,0,1,0.5140633487802062,Medium
1,2025-03-27 02:00:00,180,0.6025030938114867,3,0.1627886776433822,0.3974056301617313,0.0933193391550693,0.6679792363729078,0.5665892534212986,1,0.8894257719832228,0,1,0,2,2,0,0.33460508431338776,Low
3,2025-03-27 03:00:00,155,0.958125595391779,2,0.8128069053699642,0.2632493171395016,0.4844198781801695,0.4493154185189882,0.271435398833687,1,0.1748652874814419,0,0,1,0,1,2,0.6506486575675134,High
4,2025-03-27 04:00:00,119,0.627925766330428,1,0.8538209855387378,0.3759855252305143,0.0907243960219617,0.6897622102355523,0.1453346924969238,1,0.3426086049445352,0,1,0,2,2,2,0.5057781208813558,Medium
4,2025-03-27 05:00:00,140,0.7060055555060941,2,0.914813288403176,0.4984192213385078,0.1288419898539686,0.0686661012479827,0.6060704998504924,1,0.560737814201563,0,1,2,2,2,2,0.663914938535917,High
2,2025-03-27 06:00:00,145,0.7397614871662468,2,0.2652510660744547,0.3435558665999286,0.2395681676510204,0.8606780138797563,0.4890877457288634,0,0.6794576676671488,1,1,1,3,0,1,0.3767978346958507,Low
3,2025-03-27 07:00:00,111,0.3430191148583079,3,0.9044177990806654,0.2422006265402528,0.8597865610788095,0.7784447145933513,0.095754614065441,0,0.8717508619828879,1,2,3,0,0,2,0.5225006307656126,Medium
3,2025-03-27 08:00:00,169,0.0688462086341824,2,0.3206719779717326,0.399022001053764,0.924902939611106,0.2446033113662529,0.3954945862675139,0,0.7608147298136584,0,2,1,1,1,2,0.4292288910989595,Low
1,2025-03-27 09:00:00,116,0.8996792674566644,3,0.5525281595469955,0.0191475703035087,0.8265004567364939,0.7686419026608684,0.5146925950390779,0,0.3626061246056182,0,2,1,4,1,0,0.5255601539229606,Medium
2,2025-03-27 10:00:00,118,0.7968534379145485,1,0.0503057208896535,0.7735554640415596,0.3340813483944997,0.0114660334184093,0.826911698477665,0,0.8215356286708667,1,1,2,2,1,2,0.5648931797557759,High
3,2025-03-27 11:00:00,125,0.4312472734395171,2,0.0436741636653394,0.1711377361849654,0.2724206950734688,0.2165537627124645,0.0758734595866224,1,0.966062859431866,1,2,0,3,0,0,0.31133794636735784,Low
2,2025-03-27 12:00:00,147,0.9999432430266824,2,0.72069458305697,0.0439148267733,0.5492640862678119,0.0640847871069412,0.3483570251515251,1,0.2261002935718527,0,0,0,3,1,2,0.6617193167497036,High
4,2025-03-27 13:00:00,151,0.4924769188308509,0,0.4445858941694236,0.6545855285838273,0.7220452752932826,0.780865197169496,0.8226731987127118,0,0.0730293157474913,1,1,3,4,0,0,0.5063598206854021,Medium
3,2025-03-27 14:00:00,195,0.7705538145137597,1,0.2562513296506652,0.7749958144030504,0.9936965286382546,0.7564548529340682,0.6483839057811545,1,0.4259693846291048,0,2,1,4,0,0,0.5972867002773443,High
3,2025-03-27 15:00:00,169,0.1110533649095004,1,0.1903210033150839,0.8149461662125749,0.1314766729206612,0.8143532956355186,0.2898008140750485,0,0.8812833319056858,1,1,2,0,2,0,0.2859013318914324,Low
2,2025-03-27 16:00:00,154,0.7702321916649603,0,0.6702354867590243,0.4941657344787835,0.0491580734660222,0.0032858299886671,0.8453596307275442,0,0.1493151279535401,1,2,0,2,2,0,0.6158309030233561,High
3,2025-03-27 17:00:00,199,0.1347722153470856,0,0.0001606647106748,0.2056105132466184,0.6945346737868553,0.501211363479678,0.493202712921581,1,0.8856896085088058,0,0,3,2,1,1,0.2538538192098404,Low
2,2025-03-27 18:00:00,174,0.4128068215204636,3,0.8062793233164245,0.7382345918086126,0.832471404067185,0.7052962269852916,0.4982626814549862,0,0.9922299993527846,1,1,0,4,0,2,0.6214947311332285,High
3,2025-03-27 19:00:00,132,0.7966275229031081,3,0.0790703018694152,0.7006660617964616,0.8466012468943634,0.1545620938450529,0.9766548638549416,0,0.0529122457494024,0,2,3,1,0,1,0.6128635415098198,High
1,2025-03-27 20:00:00,161,0.19818644777023,2,0.1913979625750472,0.2465718629955551,0.6786346296719277,0.6501206094664664,0.9471743692655548,0,0.4946870084171442,1,2,0,2,0,2,0.30098757821624955,Low
2,2025-03-27 21:00:00,187,0.8845830254360272,2,0.3862968271546245,0.9046535661519768,0.9543204653457064,0.0831025064897392,0.3583976498617187,1,0.3281198343328588,0,0,3,3,2,0,0.7793333702064533,High
3,2025-03-27 22:00:00,122,0.9589569181186064,2,0.4849961890155168,0.104468596632501,0.5110946644358509,0.1805481166960709,0.1403726641396332,1,0.3929906430571116,0,0,0,4,0,2,0.5814639782709979,High
4,2025-03-27 23:00:00,114,0.1105570196134293,2,0.3550311503231793,0.984048021237514,0.9140999711511824,0.47571531204823,0.3255209274464214,0,0.4510139193451928,0,2,0,2,1,0,0.5289643455970978,Medium
3,2025-03-28 00:00:00,126,0.1891298154396773,3,0.3207214268056875,0.8614315757637013,0.9681234863246616,0.6539039587490052,0.0302407135149525,0,0.7394230058142125,1,2,1,0,1,2,0.49688205485042997,Medium
4,2025-03-28 01:00:00,174,0.7607404225389731,1,0.9644275730083188,0.6888346460319643,0.8474103160568827,0.1450075549404075,0.0205221558456734,1,0.5908436557597633,0,1,3,4,2,0,0.8244193422606871,High
4,2025-03-28 02:00:00,163,0.7807355703741954,2,0.6418395190987674,0.9400465054082484,0.3097509051784734,0.1844548064706725,0.3953992254828342,1,0.9611814739799514,0,1,3,3,1,2,0.7124474882560605,High
1,2025-03-28 03:00:00,180,0.6597319290248485,1,0.0232100620420134,0.7232966393356821,0.1961529504125789,0.2037232929555168,0.941075690630616,1,0.332003515673319,1,2,1,0,0,2,0.4642592742524112,Medium
2,2025-03-28 04:00:00,150,0.838616554339794,2,0.430270654115928,0.1906778896895676,0.5482279584146892,0.2380587205395938,0.8713903783299664,1,0.540989283031743,1,0,1,4,0,2,0.5518827657331082,Medium
3,2025-03-28 05:00:00,152,0.3547388734074661,0,0.8754508300244335,0.4427388662621909,0.4530765392075805,0.2258830445440081,0.511357914422649,0,0.813134447251178,0,1,0,4,1,0,0.5801742233099489,High
1,2025-03-28 06:00:00,177,0.4886641856821075,2,0.3014504106028317,0.0715529121605617,0.8780260357670064,0.3948769250371633,0.5651590884284607,0,0.3723148392398619,0,2,0,2,2,2,0.4343115981128236,Low
3,2025-03-28 07:00:00,190,0.7336896039030992,2,0.0943889940512954,0.3901646797844141,0.0999223427947227,0.6541289876999283,0.0056829041320622,0,0.4646944897947225,1,0,0,0,0,0,0.35192158870970064,Low
4,2025-03-28 08:00:00,181,0.1059752851203247,2,0.7587358263956039,0.7426162241632759,0.2577071860022407,0.4378609899155918,0.2153192458833224,1,0.6846290288176686,1,0,1,4,0,1,0.48767795212463466,Medium
2,2025-03-28 09:00:00,191,0.7980431085905575,3,0.606245895245846,0.386945987970014,0.7520055762231966,0.77660213364384,0.0245297090549356,1,0.8606060789650695,1,2,0,3,2,2,0.5747719649400072,High
3,2025-03-28 10:00:00,150,0.1600925027376893,0,0.5705166907939159,0.330716094057831,0.0948748710062525,0.7197626586435146,0.7545342845048753,0,0.4150182174545795,0,2,1,0,0,0,0.3050623490488782,Low
3,2025-03-28 11:00:00,146,0.5628911779631591,2,0.0533772064175022,0.5961586860026802,0.3207620912943618,0.125619610008469,0.1454409920274415,1,0.531424400738791,1,1,0,2,1,0,0.4525702054885853,Medium
4,2025-03-28 12:00:00,103,0.8584937367010622,2,0.1403675372159203,0.8734054824211509,0.3871852559627458,0.0477506429945027,0.8690793824284022,0,0.9751190961675096,0,2,1,1,1,0,0.6253116069087122,High
3,2025-03-28 13:00:00,106,0.7342304644723605,1,0.6227943726907945,0.047598693908664,0.622737792941305,0.8788108775217334,0.6432826163618617,1,0.0413655693651787,0,1,3,4,2,1,0.4603649853854573,Medium
3,2025-03-28 14:00:00,134,0.7434506904318872,0,0.2077449450624036,0.3859716731023711,0.1580514833020752,0.0788133565529971,0.2292413278243623,0,0.4476038650009498,0,0,2,1,2,0,0.4768789625064086,Medium
4,2025-03-28 15:00:00,147,0.1229122336873781,2,0.5042225318173568,0.1584153213072588,0.8608638681786959,0.1474834488118195,0.1575194703277438,0,0.6355785225571023,1,1,0,4,1,1,0.44547381854266693,Medium
1,2025-03-28 16:00:00,172,0.8567943661470251,1,0.5450660092286961,0.6963009692497356,0.4476013713594728,0.0209791469824915,0.6275778582960316,0,0.0072837004128947,1,2,0,2,2,1,0.7037186213504246,High
4,2025-03-28 17:00:00,171,0.3227735686113906,1,0.2834873974995942,0.1058236441620614,0.9173084393245649,0.6286155213361071,0.9008796788905428,0,0.5963369278286311,1,1,1,2,1,0,0.3660339080584271,Low
1,2025-03-28 18:00:00,144,0.8055405934776222,3,0.9489246191554674,0.6657105643342307,0.4679389038616239,0.5825410393192876,0.7183431134952933,1,0.0551125625435147,0,0,3,2,2,2,0.7045680957064689,High
2,2025-03-28 19:00:00,180,0.1951783281844001,1,0.8428808219692716,0.2865393733618843,0.2750157703214079,0.9880306060029652,0.3484083453228073,0,0.8574164981736293,0,0,3,2,1,1,0.35987043685856124,Low
1,2025-03-28 20:00:00,180,0.6487221890830744,2,0.7226964400538747,0.1991498679874025,0.1417397626000681,0.887822967437351,0.5873235642215584,0,0.8068846466038013,1,2,0,0,0,0,0.42077215015612535,Low
1,2025-03-28 21:00:00,196,0.525693102803572,3,0.0778135815003009,0.9376457286196715,0.00358908918812,0.4106081005082966,0.3106110056379949,0,0.0311394930604331,1,1,1,0,0,1,0.42735296510187604,Low
2,2025-03-28 22:00:00,195,0.2946744152918866,3,0.1059717068503707,0.0184983042731363,0.5322576401703091,0.3712579453162523,0.9992244858656034,0,0.0477079062492664,0,2,1,4,1,0,0.2780111456183001,Low
1,2025-03-28 23:00:00,171,0.3464846288761675,2,0.4929249821890036,0.438353705106045,0.1070508226834041,0.2963474407800852,0.7488320720688364,1,0.7533493927977384,0,2,2,0,0,0,0.41912865107299957,Low
4,2025-03-29 00:00:00,118,0.933166994595846,0,0.1605976626562157,0.0216051799331181,0.3917598421068735,0.1515608057453934,0.6143304569146513,0,0.3688272047408839,0,0,3,4,1,1,0.46379205575386107,Medium
1,2025-03-29 01:00:00,162,0.790503334193962,1,0.9787882304248634,0.4842353447709485,0.5893996039517465,0.137203676904611,0.4231453223859742,0,0.5745505395269287,0,1,2,0,2,0,0.7569993491659663,High
2,2025-03-29 02:00:00,137,0.0637703546086662,3,0.1584028348166224,0.5017147663064305,0.2756617212720195,0.131390015123979,0.6181023431917196,1,0.269493519847586,1,2,3,0,0,1,0.32752700653981437,Low
4,2025-03-29 03:00:00,166,0.7674755833726552,0,0.4876073222923722,0.3220719812934238,0.1751514155386368,0.1131781062923749,0.3414754847899091,0,0.1720192553829769,0,0,0,0,0,0,0.5374811190618809,Medium
2,2025-03-29 04:00:00,158,0.7658986298198912,2,0.3641642180993014,0.1322988666434796,0.7749393666374081,0.239874240670936,0.0286217622483844,0,0.2952727477576402,0,2,0,3,0,2,0.5392352542034649,Medium
2,2025-03-29 05:00:00,168,0.8617878669171393,1,0.639644546520511,0.376875718824088,0.9470923311928172,0.3061872468170672,0.3949654694775839,0,0.2458510883354919,1,1,1,2,1,2,0.6968690097805926,High
3,2025-03-29 06:00:00,112,0.868834634663153,1,0.1288959847864463,0.6731764630421418,0.100331287739447,0.9626460338147438,0.9305332335127204,0,0.4476826794614651,1,2,1,3,0,1,0.40472073555953364,Low
3,2025-03-29 07:00:00,146,0.2621704756902093,3,0.4304112834503979,0.7834676556177094,0.1555079295158559,0.5786345124992229,0.6262538183547401,1,0.7464034409060283,1,1,1,0,2,1,0.41636998346118864,Low
2,2025-03-29 08:00:00,160,0.6416754213370608,1,0.2746783661405116,0.5314606914066998,0.960320225599087,0.9887243504762444,0.0837306810672289,1,0.5536295046377083,1,0,3,0,0,1,0.48111996641915955,Medium
2,2025-03-29 09:00:00,130,0.3121143864459896,1,0.8882036062447265,0.5906294206287288,0.0376447175806486,0.3721411354866395,0.8850311195768841,1,0.6087433548430384,0,0,1,3,2,1,0.5180309196125261,Medium
2,2025-03-29 10:00:00,179,0.957884100034722,1,0.0403762139632226,0.2008518686099452,0.9779484464632724,0.4575021687223837,0.2687104318202451,1,0.4694795246770197,0,2,0,4,0,2,0.5178023938826084,Medium
3,2025-03-29 11:00:00,195,0.6134738828892193,1,0.9141998610713123,0.2876904882259554,0.0044889135621286,0.3241396214922851,0.2435968476567096,1,0.323963081200474,0,0,2,2,0,1,0.5415089274458005,Medium
3,2025-03-29 12:00:00,121,0.2093953935595302,2,0.8334034582758998,0.1620754436784498,0.8739343666509681,0.182113604139309,0.2969357986698711,1,0.1425244457982544,0,2,0,4,2,0,0.5468879160712964,Medium
1,2025-03-29 13:00:00,192,0.3988167840386036,0,0.2975619063412362,0.2496008269983479,0.3073163432665902,0.1422967415334142,0.5771388682907999,0,0.3538300975884927,0,2,0,2,0,0,0.39876777825460596,Low
1,2025-03-29 14:00:00,185,0.9165683621050384,2,0.7896658449069711,0.2251571681571255,0.938886040818004,0.9461072491178796,0.5446140695752086,0,0.6648297594389877,1,1,0,1,2,1,0.6205068041394461,High
2,2025-03-29 15:00:00,142,0.9651968465380472,2,0.0309967431446012,0.5201426282422047,0.3169411144946858,0.9879374015169612,0.4913222708969551,0,0.7334894797857436,1,2,2,2,2,0,0.40242748001576173,Low
4,2025-03-29 16:00:00,166,0.1635502265827405,3,0.9673794146202724,0.5634447581855975,0.6544656913274867,0.043809219204379,0.7175194882511293,0,0.4685814137275108,0,1,0,4,2,1,0.6370198327563389,High
4,2025-03-29 17:00:00,153,0.2434874155322691,1,0.5267649850675689,0.946252947345532,0.0799135464446087,0.1494948873784607,0.3163889346098658,1,0.644604582980792,1,2,3,2,0,0,0.5213764884789881,Medium
3,2025-03-29 18:00:00,109,0.2674611159088683,2,0.3032766753351261,0.1957988909982027,0.2422894656524807,0.4233189976237803,0.7820682942850414,0,0.2096357912405709,0,1,3,1,0,0,0.3046897962149442,Low
3,2025-03-29 19:00:00,141,0.0401939530452898,1,0.362625172899143,0.6425452619439548,0.7738965852387107,0.1855675767719558,0.1751266002058085,0,0.8599273812576956,0,0,2,1,2,1,0.46746318514491236,Medium
3,2025-03-29 20:00:00,163,0.1897151912821289,2,0.0662160186991376,0.8183812346747151,0.5287843259069064,0.3635342795503282,0.7826247440979681,1,0.8658044371627391,0,2,3,0,0,1,0.4024465563837464,Low
2,2025-03-29 21:00:00,120,0.9359146998335128,2,0.9898809368383132,0.5609939480208914,0.928261096224154,0.1281951208999254,0.6637751218479226,0,0.3195521701299268,0,1,1,1,1,2,0.8636575950707691,High
4,2025-03-29 22:00:00,179,0.4578317945887233,3,0.0390814366338803,0.2553173355872971,0.4288014349258371,0.4563846568826413,0.6831796836163413,0,0.5472047646220854,0,2,3,3,2,1,0.32115429162958964,Low
1,2025-03-29 23:00:00,175,0.7926378415434336,0,0.6551773688425002,0.2628747618503276,0.8700762073836306,0.2711305413818288,0.4814586818167496,1,0.6062241064519562,1,1,0,4,2,2,0.6543706048668192,High
2,2025-03-30 00:00:00,165,0.0107637930573979,0,0.4428404819116702,0.039256579263177,0.4490152584553506,0.3515306276273058,0.6669675952210772,0,0.4718337413847508,1,1,3,3,1,1,0.28587507921910915,Low
1,2025-03-30 01:00:00,140,0.0626596985425699,2,0.9494160652897188,0.305830421562001,0.9795651719818947,0.0933291811873124,0.079570661618358,0,0.9110634766068058,0,2,1,3,1,0,0.5971204238896597,High
1,2025-03-30 02:00:00,123,0.2837959954060238,3,0.2459506567298046,0.745621197091428,0.9601418633217056,0.4279338414652882,0.8515776629536007,1,0.7394360114830362,0,2,1,4,2,2,0.5113921057307054,Medium
2,2025-03-30 03:00:00,134,0.8760294156925241,1,0.5322611552072003,0.0475331645016892,0.3291384414999083,0.9843759299278716,0.0553129010332726,0,0.672150262850558,1,0,1,3,1,0,0.41329365236107446,Low
1,2025-03-30 04:00:00,155,0.4001110656066096,1,0.4824917035730056,0.2195576322591463,0.8861953223317639,0.3284040681283082,0.1485377204463187,0,0.5195531601895335,0,0,0,3,2,1,0.4982309068772514,Medium
4,2025-03-30 05:00:00,129,0.7129121001415586,2,0.7031741427613769,0.707194855307707,0.8478644533167906,0.8772950127628931,0.576726205462323,0,0.0837937378141671,0,0,1,3,0,1,0.64104594787036,High
1,2025-03-30 06:00:00,156,0.9181787021126948,0,0.0678221504936458,0.7837237774610226,0.2106247087060002,0.8439863114216128,0.7394012492652944,0,0.106794891737801,0,2,0,1,1,1,0.4582407282364478,Medium
4,2025-03-30 07:00:00,193,0.6405725554437728,3,0.1936992734575338,0.4559200599171897,0.6244352196318863,0.953102971023216,0.0760240174264259,0,0.2982079515129084,1,0,1,4,2,1,0.4004518065000651,Low
4,2025-03-30 08:00:00,146,0.2942359398509628,0,0.2144911879491253,0.6990249673169,0.072559729054692,0.7907711588696464,0.9208140437798094,1,0.2106181353914362,0,1,0,4,2,2,0.3092550609411589,Low
4,2025-03-30 09:00:00,134,0.1025643023121233,1,0.7384860082358544,0.388456974727316,0.8369585153286521,0.6599498941989941,0.973674196906326,0,0.9525011281166472,0,2,0,4,2,2,0.46450526575190637,Medium
3,2025-03-30 10:00:00,118,0.9200884073325558,0,0.1890452080837534,0.1600902288589245,0.1744726778008854,0.8574032617497009,0.6058962268785801,0,0.4091423411199997,1,1,0,3,1,1,0.35686186203353987,Low
1,2025-03-30 11:00:00,107,0.8441030617604901,1,0.5736984296443837,0.3986689589780482,0.0706912094794074,0.0746170725083774,0.4811486384875567,0,0.876486013095485,0,1,3,1,0,0,0.5835952851924826,High
2,2025-03-30 12:00:00,125,0.6387607838249304,3,0.2151707186110589,0.5807486624870508,0.400255290393378,0.4627184975389129,0.7413854161563029,1,0.8178912056958124,0,1,1,4,0,2,0.47026312703457723,Medium
2,2025-03-30 13:00:00,170,0.5162035594412443,3,0.8620566285525892,0.9493632732739488,0.5770439945355214,0.9903887405191598,0.3282124293059818,1,0.8123752944133409,1,2,0,2,1,0,0.6224359897557024,High
1,2025-03-30 14:00:00,129,0.8566274338725617,2,0.9426800453151144,0.0687968836172212,0.8551735792199239,0.7702133063075789,0.4931735569116799,1,0.2148083302014443,1,2,1,4,2,1,0.626330287457215,High
3,2025-03-30 15:00:00,106,0.5661797437700875,2,0.5186566903260712,0.5080706062145326,0.9745569921415116,0.9631436144997652,0.9161987443721578,0,0.4466958913196178,0,0,3,0,2,2,0.5245352364132081,Medium
3,2025-03-30 16:00:00,166,0.2100386392571291,0,0.352342820951494,0.3293397210062141,0.4395477461648582,0.7802712356565487,0.9557160897745902,0,0.3171734312246141,1,0,2,2,2,2,0.30535478582964504,Low
4,2025-03-30 17:00:00,164,0.5562450476758576,3,0.2339993655656584,0.5089895257624156,0.0603184050471414,0.8757440469650684,0.9271204118492716,0,0.9704022560461624,0,0,1,4,1,2,0.32704516217517304,Low
1,2025-03-30 18:00:00,135,0.074885818324267,3,0.0495786842565539,0.0239570109195057,0.7493209099039231,0.706993665666974,0.2622815431608394,0,0.876625039571372,0,0,1,3,1,0,0.19225661446464873,Low
1,2025-03-30 19:00:00,124,0.3709034819846689,2,0.2684685638754465,0.3134224481282106,0.56528941660443,0.7610936481013786,0.2322926912364591,0,0.2490648364003968,1,1,3,4,2,1,0.34315686636612863,Low
2,2025-03-30 20:00:00,136,0.9879953437024244,1,0.6545055013658938,0.8209938636634053,0.447950649976891,0.5232085332728527,0.2975095237870804,1,0.3127365716677856,0,2,0,1,2,1,0.7135353015053664,High
1,2025-03-30 21:00:00,100,0.3778200425566012,0,0.5337924574897486,0.5546851617808227,0.3092609833256332,0.9252164752441048,0.4412032082714552,0,0.5283795779279515,1,0,1,1,2,2,0.39644683357998123,Low
3,2025-03-30 22:00:00,114,0.1229834581244825,0,0.9445373183804552,0.4511773344521326,0.5024842566535305,0.8257831430293436,0.3140178392304458,0,0.2777808015525467,1,1,2,4,1,2,0.4586208280602889,Medium
1,2025-03-30 23:00:00,136,0.5677522457955325,2,0.3963455355918344,0.2858826315213028,0.338685966552308,0.8446737570010663,0.3740829011530686,1,0.824349099070429,1,2,3,3,1,1,0.3723028030837885,Low
2,2025-03-31 00:00:00,112,0.1489892807222158,3,0.6941640102203801,0.2984180773271476,0.757221026542683,0.6733938795975125,0.620587819363658,1,0.8190441586584999,0,2,0,3,0,0,0.4330460102428541,Low
4,2025-03-31 01:00:00,107,0.9525789923522762,2,0.4894636828655321,0.3835992663849487,0.5439995410909896,0.3040936251842865,0.762523046242757,1,0.7240413603361149,1,2,1,3,2,2,0.6232164094674472,High
2,2025-03-31 02:00:00,104,0.3971418968848211,2,0.5127353107156369,0.8367189996558292,0.8771150263084672,0.0345075774968117,0.7355467292291502,1,0.6889697963664845,0,1,1,4,2,0,0.6712042191530286,High
2,2025-03-31 03:00:00,159,0.772867495837822,2,0.2677422355108858,0.9685507419897148,0.5436495896825675,0.9366608987938538,0.8144379449845913,1,0.5467935482146054,1,0,3,4,0,0,0.544910884868427,Medium
4,2025-03-31 04:00:00,172,0.816496915091568,2,0.455064870026064,0.4392330769119087,0.2382200957688905,0.5862996908237061,0.0319424139430915,0,0.3463681018211643,1,2,0,0,2,1,0.5035251224035674,Medium
2,2025-03-31 05:00:00,100,0.6063080367874217,1,0.4709114556619262,0.3938654086691214,0.8513466485938731,0.2976414298925807,0.0474968964851225,0,0.8367722255777674,0,1,0,1,0,1,0.5811337376513551,High
2,2025-03-31 06:00:00,135,0.647908672465523,1,0.7069531693239177,0.8477148501399164,0.557331349313896,0.1482812578008965,0.789389131910121,0,0.8586917756574898,0,2,3,2,1,0,0.7196159442022934,High
1,2025-03-31 07:00:00,134,0.0477860328878838,3,0.941133383114534,0.427466124646456,0.2067834882996136,0.8302780003164336,0.5330009937010203,0,0.0484141828841072,1,1,1,2,0,0,0.3891989021273726,Low
1,2025-03-31 08:00:00,165,0.4739485492472467,2,0.3293372624439996,0.5527588349647284,0.6236522494249745,0.8372915727848869,0.5780776134858516,0,0.3979360300556658,0,0,1,1,0,1,0.42932732141177044,Low
4,2025-03-31 09:00:00,162,0.9208574086769172,1,0.0419922314264318,0.2312207568590213,0.3577323557624849,0.8152273015577858,0.052351557541973,1,0.0255052969632484,0,0,0,0,1,2,0.3683323195283464,Low
1,2025-03-31 10:00:00,122,0.4911447992806331,3,0.4964415058511804,0.7445184708951024,0.8446571373224451,0.6454014424120298,0.2551449392194391,0,0.8393141631092852,1,2,0,1,2,0,0.5756886246985361,High
1,2025-03-31 11:00:00,108,0.0655376109543184,2,0.544645327080252,0.5327001865943094,0.4533616656289017,0.3656743214176672,0.6383109787255592,0,0.1761484919953899,1,0,2,0,0,2,0.42223887345918965,Low
2,2025-03-31 12:00:00,133,0.9296925775233484,0,0.1683308990241845,0.8101446923069844,0.7266356971075246,0.303582757850209,0.8592109368865666,1,0.6735081352745487,0,0,2,0,0,0,0.6499927484868775,High
3,2025-03-31 13:00:00,145,0.5454033528903767,1,0.7608172852933062,0.7818021862076447,0.0954247000789913,0.0073685370164451,0.9170313875360884,1,0.3566437720086141,1,1,2,3,2,1,0.6461240212468315,High
1,2025-03-31 14:00:00,177,0.0473464445651302,3,0.9854570791971328,0.2152609501037338,0.3960585076505895,0.8343720504951297,0.5003309636060436,0,0.8158745987446032,1,1,0,1,0,2,0.38550603953463153,Low
3,2025-03-31 15:00:00,103,0.6864755922757099,0,0.946272110807505,0.7166114248924734,0.9835602655322842,0.0864329605044118,0.5454004665248202,0,0.5091345608680471,1,2,0,2,1,1,0.8360783065034793,High
1,2025-03-31 16:00:00,129,0.3832353255401929,2,0.197018772541391,0.8011516404221762,0.8086943891414045,0.6310398726058113,0.8330701133881164,1,0.3236309740698788,0,1,0,4,0,0,0.48194203008517017,Medium
1,2025-03-31 17:00:00,194,0.3134565219326751,2,0.8758056470533346,0.3465518917827371,0.1598605164973825,0.5040603036836899,0.5375482619345819,0,0.3230990900580364,0,0,1,4,2,1,0.46499595252510373,Medium
4,2025-03-31 18:00:00,174,0.8219300041844357,2,0.7048026058511827,0.1728043479537944,0.2777408812813846,0.5267281844662126,0.5167753809542119,1,0.3261592715706155,0,1,3,1,2,2,0.5288959266219393,Medium
4,2025-03-31 19:00:00,198,0.4523753349774307,1,0.4539597946745712,0.002583036616419,0.3298178740119672,0.9276974718796724,0.9051281282786934,0,0.7883559324224026,1,0,0,4,0,1,0.2874184500561285,Low
4,2025-03-31 20:00:00,171,0.968475396408508,3,0.5407919823999212,0.4514989564199966,0.6505230199094855,0.0304833009678628,0.7899390724531032,1,0.7108009178275547,0,2,1,0,2,2,0.71062259382735,High
3,2025-03-31 21:00:00,102,0.2824638758558061,0,0.850022462907303,0.3528864758838673,0.7572039099913358,0.7740143454823631,0.9091179240464752,1,0.3184370360483626,1,0,0,4,2,1,0.5011773145438967,Medium
2,2025-03-31 22:00:00,113,0.2735630469814193,3,0.4802686999663923,0.5556546534644369,0.7497321389426076,0.0509690094812089,0.2180660447579911,1,0.4896327672177244,1,1,3,0,0,1,0.5544033368490501,Medium
1,2025-03-31 23:00:00,159,0.4670598107210584,1,0.3732576261640719,0.1882585122131465,0.5099634090599383,0.0370373552482252,0.5242948056437473,0,0.0750895357363237,1,1,0,0,0,2,0.4686699697356688,Medium
1,2025-04-01 00:00:00,176,0.7636194478325514,3,0.4933914933797372,0.8608484754076214,0.8110557816899848,0.4296274838376719,0.842495698995015,1,0.8273229053938412,1,1,1,2,2,2,0.6936366750624434,High
1,2025-04-01 01:00:00,144,0.6434204200461179,1,0.5793408727200935,0.2580728542828231,0.437132145899121,0.0620178473088559,0.1109317172752075,1,0.2651148994393702,0,1,0,4,0,2,0.5635720388366572,High
3,2025-04-01 02:00:00,195,0.3059657143365889,2,0.1889841178652216,0.2267022109401606,0.1237827983524226,0.7898033149580941,0.7946700556921409,0,0.8891206058036765,1,2,0,2,1,0,0.21917482274763403,Low
4,2025-04-01 03:00:00,133,0.062007549790333,0,0.9013700859552114,0.4813522143949248,0.5645576474633722,0.5296087137424144,0.182780812973877,0,0.5963471312996593,1,0,0,4,0,1,0.4923571918735147,Medium
2,2025-04-01 04:00:00,144,0.3916642925187632,2,0.6744722507764787,0.4995152548404916,0.9526052147212272,0.0279009812148438,0.8081310665829644,0,0.567336412149243,0,1,2,0,2,2,0.6551428218178663,High
3,2025-04-01 05:00:00,160,0.8505533248457546,3,0.6335222650430232,0.2153415262865343,0.793220253229228,0.0393899851469403,0.6119489744752531,1,0.1617570278334896,1,0,0,4,1,0,0.6771617429418445,High
4,2025-04-01 06:00:00,182,0.272730611372762,2,0.0993327331739808,0.2721986430601469,0.5788233658034929,0.6129106413144294,0.1930467844600636,1,0.0684637014291986,0,2,1,2,2,0,0.2923424734220746,Low
3,2025-04-01 07:00:00,115,0.3608185468434219,0,0.6044045646485894,0.1698962996808795,0.6469613940152911,0.806811299531808,0.4732567768513807,1,0.5521148927631543,0,0,1,3,2,2,0.4013075519817012,Low
2,2025-04-01 08:00:00,165,0.1244591394307386,2,0.1208139315184064,0.7194401132620053,0.930855318475409,0.4376281889280167,0.6818761134438844,0,0.4673875861808138,0,1,1,2,1,2,0.42919035982179615,Low
4,2025-04-01 09:00:00,139,0.2340134525155581,0,0.0785179399138018,0.7711431863559717,0.4283926229339522,0.5546854422840768,0.633808099455837,0,0.1186705428308992,1,0,0,3,0,2,0.3634175624760156,Low
3,2025-04-01 10:00:00,116,0.2533664675350112,0,0.5274814972315425,0.4629402248157879,0.3313969692319929,0.8005140821304979,0.4271346828766815,1,0.8354199016452694,0,1,3,1,2,0,0.36743246922002026,Low
2,2025-04-01 11:00:00,133,0.4648674335164395,2,0.4028588896706977,0.7150606709003265,0.9775574854772726,0.6107431730213342,0.8994087456107216,0,0.4165787051993714,1,1,1,2,0,0,0.5649658618452403,High
1,2025-04-01 12:00:00,115,0.1468659021910417,1,0.5890288986367744,0.736940448743809,0.8637038874403671,0.2240851929280118,0.5191810580710972,0,0.2596114046656984,0,2,2,4,0,1,0.5773045941325692,High
2,2025-04-01 13:00:00,159,0.0863818876256443,3,0.089050651699488,0.1384214057487094,0.3230423667744309,0.6132950441687783,0.5057805517354428,1,0.7880484462853319,0,2,3,3,1,0,0.17800451437187284,Low
1,2025-04-01 14:00:00,165,0.9301165855004851,1,0.4310784388523871,0.9675140718679708,0.4638476051934752,0.628558480555631,0.0620184544118258,1,0.9129877475275658,0,0,1,4,2,2,0.6590949391574888,High
3,2025-04-01 15:00:00,165,0.7466891765564766,1,0.1746820188662881,0.8221593362778226,0.4151215271388467,0.7346362171283247,0.9221700637247644,0,0.3051699970416425,0,0,0,3,1,1,0.49684746261283397,Medium
4,2025-04-01 16:00:00,189,0.0937591812750955,2,0.9876297520677292,0.2047245178992532,0.1490101353654191,0.6211357002916742,0.1769220787540129,1,0.7757117000163751,1,1,2,2,1,1,0.3904733021766185,Low
4,2025-04-01 17:00:00,112,0.8161419057878758,3,0.5613472402637052,0.186379758404745,0.9581258288881024,0.9703273117302392,0.5282653132730581,0,0.6521358407913627,1,1,1,2,2,1,0.5298180157675237,Medium
3,2025-04-01 18:00:00,155,0.4172605746031463,3,0.6877325101814253,0.1257888895753885,0.4043506104179707,0.1965483103532128,0.8035784214254855,0,0.9897418271265528,0,1,2,4,2,1,0.4825763941209342,Medium
4,2025-04-01 19:00:00,130,0.3304435501820675,1,0.32543121766508,0.1385245887327943,0.8755955985697558,0.9521329442067046,0.2152713513136144,1,0.2030796905789587,0,1,3,2,1,2,0.3301930078628034,Low
4,2025-04-01 20:00:00,133,0.34228016132335,2,0.0945717066311941,0.7491844321683759,0.189290201651221,0.5384058610383475,0.5272935914443986,1,0.960658764270268,0,2,1,4,1,1,0.35668250451424227,Low
1,2025-04-01 21:00:00,138,0.9262749174241685,3,0.9763917596561678,0.4702765156105524,0.547978583238008,0.6723384295478065,0.2405112528711319,0,0.3144903343297193,1,1,0,0,1,2,0.7010679954457247,High
3,2025-04-01 22:00:00,166,0.9608265595925964,1,0.2862413916185133,0.7840067936499507,0.0238151799376859,0.0984903011580247,0.7596914392359226,0,0.4112866475467857,0,2,2,3,2,0,0.6073670783497167,High
2,2025-04-01 23:00:00,107,0.7992839718307352,3,0.4238979580799142,0.7472747861782324,0.7644331371889346,0.3802693016495118,0.564273585015372,1,0.3580954792577913,0,0,1,4,2,2,0.6628750150442223,High
1,2025-04-02 00:00:00,186,0.3304880654552578,2,0.6501302289947517,0.6054289845832131,0.5810376892843578,0.769991778940206,0.856003856442781,0,0.2676137318909465,1,0,3,3,1,1,0.48789725708076775,Medium
3,2025-04-02 01:00:00,177,0.6211616705691723,2,0.0244753917273841,0.687300404716242,0.6257350321286533,0.7073759501904322,0.8945986436447384,0,0.6928867891115071,0,2,3,0,2,0,0.43662320880812067,Low
1,2025-04-02 02:00:00,154,0.1804370954674549,2,0.8106506957220212,0.0183292091689867,0.0515881344570101,0.0390278325897868,0.6486935579055739,0,0.5886867314370342,0,1,1,3,2,0,0.40332183491124984,Low
2,2025-04-02 03:00:00,126,0.8404060683220413,3,0.5367560287538313,0.3121729465624475,0.2109828151036889,0.5466801514720048,0.7253764450537983,0,0.3048989200877875,0,0,3,4,2,0,0.5063705131262103,Medium
2,2025-04-02 04:00:00,192,0.5419745639728991,0,0.2781932631593751,0.6386861913160058,0.07420908499629,0.0872804550380337,0.5491475613253778,0,0.1312147487817931,0,2,2,2,0,1,0.48081848954000816,Medium
3,2025-04-02 05:00:00,152,0.9687981321391368,3,0.0614149041079656,0.0093054846494458,0.2888965529696933,0.9970045363336016,0.3843021866019456,1,0.3165963972916858,1,0,2,3,0,2,0.30319815848707854,Low
2,2025-04-02 06:00:00,138,0.4383730557954434,0,0.1623841229568499,0.0329714475193299,0.6275853528942467,0.8982116643738913,0.6480777967406224,0,0.3805274122267754,1,1,2,3,1,2,0.26618963746999263,Low
1,2025-04-02 07:00:00,164,0.0727112472289242,2,0.8954916274415978,0.8530597294061418,0.5663026356423476,0.0199240430878511,0.9083337642600756,0,0.379948861857921,1,2,2,0,0,1,0.6446194534320334,High
2,2025-04-02 08:00:00,116,0.531712680620721,1,0.6863187700015865,0.6849552934041292,0.6122887550221106,0.8594732791544477,0.4165644039606957,1,0.3565273508776578,0,0,3,1,1,1,0.5544212427165521,Medium
1,2025-04-02 09:00:00,129,0.6838647715031028,0,0.2498556852459084,0.2656983181877268,0.5493597131904726,0.9203970068904082,0.3142605323252478,1,0.0476262917345131,0,1,1,2,1,0,0.3809141837698078,Low
1,2025-04-02 10:00:00,152,0.1782436053810062,2,0.0654108018539418,0.6888989329559768,0.2730033319509822,0.3531776794761356,0.3883117057164915,1,0.4634269032686456,1,2,3,4,2,2,0.33666723627115935,Low
2,2025-04-02 11:00:00,112,0.7059421212417981,2,0.6909134437848361,0.7935429793179496,0.2444682072291637,0.7199963589919451,0.4352877880393215,0,0.8360410083299398,0,2,3,0,1,1,0.5865932643558313,High
3,2025-04-02 12:00:00,120,0.1523946991212685,0,0.5726135451601784,0.3071824189263393,0.136968305490315,0.4419425805908001,0.0733326002751924,0,0.179425399078874,0,2,1,4,1,1,0.34694240359055684,Low
4,2025-04-02 13:00:00,118,0.6930171116710143,1,0.4045942342127822,0.0360362809280895,0.8493246615329528,0.6555752328233466,0.4983526600589993,1,0.1446754988234501,1,2,1,4,1,2,0.460672506963008,Medium
2,2025-04-02 14:00:00,152,0.4654427934224232,2,0.3636542124784248,0.9340671584170972,0.6166203907978872,0.3399155787437269,0.4942237149174406,1,0.4712540747233266,1,0,0,3,1,0,0.5855934049667555,High
1,2025-04-02 15:00:00,118,0.9600486551935972,0,0.2167424004596918,0.3456231560886693,0.1864436071876245,0.3221154243108353,0.5883841440687252,1,0.3698865727493372,0,2,2,0,2,0,0.4929716225625745,Medium
1,2025-04-02 16:00:00,156,0.7375624326706494,1,0.6698929851752462,0.1065819355488089,0.1771374653129999,0.424230945270339,0.3626864020770475,1,0.5607891749034617,1,2,1,0,2,0,0.4861162195776348,Medium
2,2025-04-02 17:00:00,124,0.83093321818716,1,0.9711848616009338,0.4925110478958877,0.8733010056374488,0.1447054740947244,0.6130559955647008,1,0.9470380277545588,0,2,3,2,1,2,0.8083210592576097,High
3,2025-04-02 18:00:00,185,0.8465157895674006,2,0.1756112747782983,0.7695196201240859,0.7429330994959584,0.8318976195874968,0.8782515952964032,0,0.7606302919130437,1,2,2,1,0,1,0.5460910120975112,Medium
3,2025-04-02 19:00:00,130,0.7029718396381799,3,0.5973417351988186,0.221913045586002,0.6595609185368106,0.3483158843364846,0.9555315945824934,1,0.6867150876780926,1,2,2,4,0,1,0.566147757956499,High
1,2025-04-02 20:00:00,180,0.8127565192617587,3,0.4242751229629853,0.2698245584506961,0.4069035237244301,0.3998891933172499,0.5835509490809003,0,0.4152739928488637,0,1,3,2,1,1,0.5142749718074022,Medium
1,2025-04-02 21:00:00,154,0.6251246427649326,2,0.4467963628172069,0.2430110040502887,0.2619447422319212,0.8949620233325939,0.0423523752892516,0,0.286545181389098,0,0,1,2,2,1,0.37162986004049176,Low
3,2025-04-02 22:00:00,122,0.1237758299872686,1,0.2541045592335873,0.9930457507885304,0.9797677545519572,0.4965915537185073,0.9693011126293792,1,0.5397478408385912,1,1,2,4,1,2,0.5155556775879375,Medium
4,2025-04-02 23:00:00,131,0.3472180180019765,2,0.8255380578265243,0.1976346128201574,0.7974682351738674,0.5443342638771071,0.7058408593929442,1,0.8853345298373982,0,0,2,3,1,0,0.5206860372156707,Medium
2,2025-04-03 00:00:00,161,0.0436605799449791,0,0.4853933633711873,0.5762946655027628,0.3017676968776803,0.9575531745841844,0.3358212183821689,1,0.8766232466741921,0,2,2,3,2,0,0.2991545972736185,Low
1,2025-04-03 01:00:00,173,0.3872016363814425,3,0.5435890228702167,0.9265418727803396,0.8478178527998526,0.887616467175091,0.1469533924688808,1,0.4448868952146845,0,0,2,4,0,0,0.562036247212697,High
1,2025-04-03 02:00:00,109,0.7589509085567259,0,0.3047577177594005,0.147054840311058,0.7591420382157246,0.168660930142364,0.143213078311067,1,0.2453571592658947,1,2,2,0,1,0,0.5339102908522473,Medium
3,2025-04-03 03:00:00,199,0.9818655905841296,2,0.1817092530049,0.9721969672338084,0.2970667458237002,0.473127422692678,0.1675468446292489,0,0.2244566255624785,0,2,3,1,2,1,0.6089240028136724,High
2,2025-04-03 04:00:00,171,0.5319697563233946,2,0.085736285566873,0.948786397707326,0.4266018150237558,0.9723862653331716,0.0453349200969273,1,0.0328748180551222,0,1,1,3,2,1,0.41231612246761973,Low
3,2025-04-03 05:00:00,153,0.1419258197487558,1,0.7144356272385872,0.885790719584674,0.1858857697804246,0.3720402479173097,0.9021973189564588,1,0.8425047747557493,1,1,1,1,1,2,0.5133253339432378,Medium
2,2025-04-03 06:00:00,151,0.5127892379875535,1,0.196146334621674,0.2148120587767206,0.1109484586925538,0.3712451828159011,0.5406929242929255,0,0.2639968061860358,1,1,2,2,2,0,0.33115179628914887,Low
2,2025-04-03 07:00:00,119,0.0053173493825731,1,0.690373063915819,0.6349136525588883,0.7229545881977378,0.1942848945100559,0.6999362767059318,1,0.3582690106204745,1,0,2,2,1,1,0.5302057878895279,Medium
2,2025-04-03 08:00:00,131,0.6260405445108217,0,0.3904401110047644,0.7619324059162602,0.2674837191594727,0.1133869558562996,0.8281273722087195,1,0.8090172051923338,1,0,2,4,0,1,0.5796211595576245,High
1,2025-04-03 09:00:00,113,0.9275447155919196,1,0.4158583003611329,0.9873925108834846,0.8202990883437552,0.7408486808802035,0.7915478848218509,1,0.1190119633814981,0,1,3,4,1,1,0.6952468172844928,High
4,2025-04-03 10:00:00,149,0.1974018660802521,2,0.4693026993914651,0.1806302913354058,0.9959335359105242,0.7706446411412424,0.8826423472828293,0,0.4606245717089322,0,1,3,4,0,0,0.3865955338504027,Low
3,2025-04-03 11:00:00,127,0.925227695622368,1,0.3677544709444555,0.7670742135791576,0.0764991361922444,0.970097602941159,0.9673190885213064,1,0.1213320256610194,1,2,0,3,2,1,0.49262061434520027,Medium
4,2025-04-03 12:00:00,152,0.7567551927066177,3,0.100457361790212,0.3392353179288532,0.4731066192727863,0.7740403931999644,0.4389619763353656,1,0.441216190149437,1,0,2,1,1,0,0.38701013612090135,Low
3,2025-04-03 13:00:00,123,0.4070120458329253,1,0.3096324188093169,0.1758260382794569,0.8022935575203559,0.2427214081598729,0.950394387664652,1,0.0460414914955819,0,2,0,2,2,0,0.44826214622052435,Medium
2,2025-04-03 14:00:00,178,0.3579439730771628,0,0.6640114998697304,0.4219297977837903,0.7891755385545874,0.0390049687820459,0.723274458568762,1,0.517079849937562,0,0,0,1,1,2,0.6024004132593626,High
1,2025-04-03 15:00:00,121,0.4061807231060977,3,0.6660631415891676,0.7949242050876243,0.7602077643182297,0.9865608571132009,0.0704388135209794,0,0.7954948475943268,1,1,0,3,2,2,0.5430928432720954,Medium
4,2025-04-03 16:00:00,129,0.391870175657268,3,0.2862066363549713,0.4654651556183379,0.3490062980037363,0.3400491851381304,0.6817540281969547,1,0.6759409122114624,0,0,1,1,0,0,0.41395580105656826,Low
1,2025-04-03 17:00:00,162,0.78955515887501,3,0.4602207429912368,0.5382429251708583,0.4539154509982062,0.3115026969495784,0.6866891834828233,0,0.5086160591513327,0,0,0,1,1,0,0.5914544736080276,High
3,2025-04-03 18:00:00,103,0.3471434549193829,0,0.1933571044435509,0.9965371200446614,0.5950989616191097,0.906890757720144,0.905904908805051,1,0.8285828339755759,1,2,2,4,2,0,0.43766379443451064,Low
1,2025-04-03 19:00:00,176,0.2137590032140027,2,0.210295175138182,0.3996301448022848,0.9742549038193572,0.5852768278475866,0.3728018181658847,1,0.2269030332966204,1,1,3,1,1,1,0.3942862849442687,Low
1,2025-04-03 20:00:00,158,0.4194752094443603,1,0.0228238937449869,0.616232534366867,0.327548236365381,0.2141727477742923,0.5848506590325953,1,0.830622810868691,1,1,2,1,1,1,0.4008276059593735,Low
4,2025-04-03 21:00:00,186,0.9564429180651882,3,0.8972056559928789,0.3657163633635361,0.9234335830339316,0.8899919299564143,0.011939008070426,0,0.2755358503946812,1,1,3,1,0,1,0.6915716641488516,High
2,2025-04-03 22:00:00,107,0.0010728180838845,3,0.2106300199705859,0.3932974008704574,0.2693296744240383,0.9945030617651792,0.3319315376428642,1,0.3617603252355959,0,2,1,0,2,2,0.17280918158653794,Low
1,2025-04-03 23:00:00,181,0.3434264296079985,3,0.2274703727572837,0.6965878838313848,0.989396122235722,0.0856770411089655,0.0620115883796505,1,0.12742803137923,1,2,1,2,1,0,0.567599639526611,High
2,2025-04-04 00:00:00,111,0.578951175648365,2,0.2795785897387435,0.93918235272541,0.6704307923404658,0.8630838451093459,0.5217914715918164,0,0.1007211126944117,0,2,2,2,1,1,0.5235709539765271,Medium
3,2025-04-04 01:00:00,130,0.0871319699788997,2,0.1272663759701908,0.5430857273402638,0.4635783577301162,0.3902325591553355,0.8174630195104728,1,0.93205758282505,0,0,1,1,1,1,0.3232186017415425,Low
1,2025-04-04 02:00:00,177,0.172675857586738,0,0.639520911772661,0.7694516558454821,0.6135299628863595,0.5241050847136928,0.2062578134027295,1,0.1890486952014117,0,0,3,4,1,2,0.5203532552348462,Medium
4,2025-04-04 03:00:00,133,0.3365632873638946,2,0.0749604418962386,0.0892818967409726,0.2725054640787615,0.915772473809744,0.5273613692372154,1,0.3325356986590913,1,2,1,4,1,2,0.17424726020358047,Low
3,2025-04-04 04:00:00,181,0.9861958137837094,1,0.1340660365368973,0.2114086893153465,0.274148948883057,0.9744741585746032,0.2038229600591306,1,0.5286223253714041,0,2,0,4,2,0,0.367298418989489,Low
3,2025-04-04 05:00:00,197,0.4726876541341334,0,0.6450190455050386,0.5028005881372174,0.1134517711112753,0.2615773015661167,0.1204754844564233,0,0.3471238679660838,1,1,0,2,1,0,0.5077679629690103,Medium
4,2025-04-04 06:00:00,174,0.2518295777281185,0,0.3396846797771455,0.0199875890358007,0.113947765301876,0.2121475679177114,0.5109117262557845,0,0.870006221555175,1,0,1,3,1,1,0.28714611179110083,Low
1,2025-04-04 07:00:00,175,0.8000830209844998,1,0.7082594936318929,0.2531655729768381,0.3476824627204676,0.0795004693341421,0.0789220234968399,0,0.900623783597903,1,0,2,1,1,1,0.6179460422574146,High
1,2025-04-04 08:00:00,148,0.7348581298243427,1,0.5576188631579326,0.5180921882534018,0.7630674695232939,0.5619196874520536,0.5872945905983404,1,0.3252213812640158,0,1,0,2,2,1,0.6069098532069352,High
3,2025-04-04 09:00:00,178,0.0429973023744446,1,0.2559799155521276,0.0149298031724313,0.6081080753031078,0.0124301015000516,0.0310951938316752,1,0.0909825758947839,1,1,3,4,1,1,0.3170819611865877,Low
1,2025-04-04 10:00:00,156,0.5636034223342029,0,0.651095010623403,0.2648736875297093,0.1024764696335123,0.4116657153251131,0.1064974088744006,1,0.2092524916552265,1,1,2,2,1,1,0.46027095889160324,Medium
2,2025-04-04 11:00:00,194,0.4420600332974244,0,0.1161232893538952,0.5147168726124834,0.8524918462309422,0.0723510634710016,0.549925201702367,1,0.4737989392681115,0,2,1,2,0,2,0.5095103225993176,Medium
4,2025-04-04 12:00:00,192,0.7335326875651036,0,0.5365880907592564,0.5739202880806511,0.6015013334687104,0.4049774243926498,0.5913487005978268,0,0.2876677101111481,1,2,2,2,0,0,0.6117928385586293,High
2,2025-04-04 13:00:00,125,0.0354441733958921,1,0.4372482955350989,0.9270296243498476,0.9611635537568136,0.0388201437964172,0.0287438928974901,1,0.4528535725122889,0,2,2,4,1,2,0.5919305535967768,High
1,2025-04-04 14:00:00,117,0.9098042663437824,1,0.2678415812460335,0.6462204507952113,0.6703525350053244,0.8359855583365343,0.5733121664330358,0,0.7584449659531476,0,2,2,3,1,0,0.5488105985568147,Medium
3,2025-04-04 15:00:00,195,0.6174190489757035,3,0.6042354922843374,0.4152791119888086,0.1751019629149612,0.2090284335235628,0.8385247947472378,1,0.4199810293469949,1,2,2,0,0,0,0.5333804871214817,Medium
4,2025-04-04 16:00:00,185,0.304297504473785,2,0.8717728526080741,0.931635720514434,0.4738552192230311,0.3278784918827593,0.7223003683810134,1,0.1960761859335009,1,0,1,1,2,0,0.6522412424743923,High
1,2025-04-04 17:00:00,137,0.5329468665699202,3,0.9994435845192584,0.7859584058523544,0.6486541514209475,0.8708986468638829,0.1309755606463458,0,0.3572362931694543,1,0,1,1,2,2,0.6569526196263251,High
1,2025-04-04 18:00:00,180,0.1710299053605292,1,0.6079961978556674,0.2002435453452682,0.0281205820000502,0.7468240460685065,0.5924162850327153,1,0.7427041342332938,1,0,0,2,0,1,0.27699971526283435,Low
3,2025-04-04 19:00:00,186,0.8523851283375327,0,0.4047807296104819,0.1309775537122991,0.0147596712180422,0.2183497883149905,0.672220283540395,0,0.423408755268042,0,1,0,3,1,0,0.45994845766492126,Medium
3,2025-04-04 20:00:00,187,0.4571073085175524,1,0.2251417789802838,0.6767302603559584,0.1293079107897402,0.0708629553468012,0.0369908664926634,0,0.2486785731975296,1,0,3,4,0,0,0.46467506726209157,Medium
2,2025-04-04 21:00:00,149,0.454971688286251,2,0.2570556713233696,0.5606351347355645,0.2516286144291592,0.716159430303065,0.8553754588508293,1,0.4267622262370867,1,1,3,0,2,2,0.37045424446843217,Low
4,2025-04-04 22:00:00,107,0.4203399186260806,3,0.4795882074734152,0.7907559231306356,0.4295995368169187,0.3904198539475201,0.9063118756359436,0,0.4541895971325441,0,0,0,0,0,2,0.5390101685814108,Medium
4,2025-04-04 23:00:00,140,0.0303649807248867,3,0.3673233276663357,0.7398142322235586,0.4875189512906601,0.7666848312108523,0.8504784591369208,0,0.2955731890491216,1,2,0,2,2,1,0.3555100415544885,Low
3,2025-04-05 00:00:00,105,0.4879330223199579,0,0.9142869576533176,0.6260574172107833,0.1379367001169198,0.4451411515048404,0.8246491913812888,1,0.9957061613732574,1,0,2,2,1,1,0.5796858107272875,High
2,2025-04-05 01:00:00,168,0.9428412763419132,3,0.3683418888486909,0.9877472635661788,0.6735602009502747,0.345614028846263,0.7449568124256396,0,0.7673780124763928,1,2,0,4,1,0,0.7245371698264885,High
4,2025-04-05 02:00:00,143,0.8200013799734689,3,0.3734950334589015,0.5343039005778171,0.5962692330167001,0.4510657622351646,0.6333870919205424,0,0.6921182889785354,1,2,3,4,1,2,0.5770154040908864,High
3,2025-04-05 03:00:00,163,0.0221886379216709,1,0.3835928343000045,0.1132154512291101,0.2944490263988301,0.7491223917141752,0.678596877603008,1,0.8547219105964846,1,0,0,4,2,1,0.2058874535039391,Low
1,2025-04-05 04:00:00,128,0.5297829435279244,3,0.8370323618097193,0.8294113643399962,0.0135086843461781,0.9031470037940754,0.8064070400938663,0,0.6660517791079353,0,0,2,2,0,1,0.5241403512852255,Medium
4,2025-04-05 05:00:00,127,0.7955046251368845,3,0.6510553500328811,0.2521625166648609,0.0775277360129605,0.0486784046542205,0.6624630450863089,1,0.7907598915595045,1,2,3,3,1,1,0.5663998968292245,High
2,2025-04-05 06:00:00,110,0.9021131400183404,3,0.6144072821516764,0.7783666726164464,0.3917268379947441,0.5241442718680831,0.3275818270581101,0,0.411858668105405,0,1,1,2,2,2,0.6649408249847927,High
2,2025-04-05 07:00:00,164,0.3455141959206204,0,0.3341627728050973,0.958430102925505,0.1538911729143619,0.0317066042921396,0.3758317805566269,1,0.4998084399405192,0,1,0,2,1,2,0.5299329480598638,Medium
2,2025-04-05 08:00:00,118,0.6972093375237044,0,0.8183017123061731,0.6977443044010286,0.376844457533129,0.4683105758846277,0.897098928302053,1,0.0458981322246472,0,0,1,0,0,2,0.6547067055849503,High
1,2025-04-05 09:00:00,108,0.6403232699139075,1,0.0381526280676212,0.5968340939955897,0.6283293101990294,0.8861695000401337,0.0168751600757635,1,0.2798238154670196,0,2,3,4,1,2,0.4003097648183345,Low
4,2025-04-05 10:00:00,126,0.5126801755682375,3,0.8712360136978199,0.4609951108052743,0.5473448934324342,0.361238737649995,0.6987970720014078,1,0.3672929132745948,1,1,0,1,2,2,0.616093992844935,High
4,2025-04-05 11:00:00,133,0.1045218614506637,0,0.5129091302208213,0.3648808283265314,0.2311301301991456,0.9334486133687367,0.9548379292485962,1,0.625054494562828,1,0,1,4,2,0,0.27198614110773883,Low
1,2025-04-05 12:00:00,143,0.2472278113620783,0,0.3983200487227916,0.3534593176356463,0.3438313464930091,0.6308929997739667,0.7062070884414269,0,0.4636052903854593,0,0,0,3,1,0,0.33901958055620307,Low
4,2025-04-05 13:00:00,167,0.3956406192964806,1,0.4973143421630217,0.6372346340444474,0.614171043900374,0.9351575671385648,0.9939851907807516,1,0.607401728255711,1,2,1,3,1,2,0.45253768868803645,Medium
1,2025-04-05 14:00:00,199,0.1367598222950294,2,0.6676955444566512,0.752300222819108,0.8611145273266523,0.7577503830474333,0.6875177008515101,1,0.7130152630611618,1,1,1,4,2,0,0.5170785078936246,Medium
1,2025-04-05 15:00:00,181,0.9786248786958806,3,0.0125342025671522,0.6794395833518462,0.7534207561537092,0.1024732653175801,0.0341217539566136,0,0.0416153694685596,0,0,3,4,1,2,0.6313198106115467,High
1,2025-04-05 16:00:00,114,0.8997004122114297,0,0.8719912871756927,0.1986424270082732,0.5535104798557169,0.2304914337877628,0.8270283845285764,1,0.2574287791128191,1,1,0,2,1,0,0.6811042671586284,High
2,2025-04-05 17:00:00,150,0.1276920611461792,1,0.446847206058117,0.4946444191171916,0.3623108075765454,0.3938959572291902,0.2844706579040013,0,0.1699518154011052,0,0,1,1,1,0,0.38782592817661565,Low
4,2025-04-05 18:00:00,112,0.948336686817247,1,0.3429931606815952,0.7927252084453092,0.365070423944547,0.1693026168681308,0.4459508770150244,0,0.1865225902405393,0,0,0,2,0,1,0.6607426746252347,High
1,2025-04-05 19:00:00,182,0.1151955110798515,1,0.1381123332655371,0.4763350338980487,0.8796858080636358,0.4948752961464198,0.3119416621325255,1,0.5025653145659024,1,1,0,0,0,2,0.3663155446535393,Low
4,2025-04-05 20:00:00,148,0.1347900214563616,0,0.439567374480597,0.5373418111471228,0.0391047792662683,0.4712761817936075,0.268389583569649,0,0.739698150113116,1,1,2,0,0,0,0.33623200083456334,Low
2,2025-04-05 21:00:00,169,0.4948384540735926,3,0.4964691732244246,0.7721917084343002,0.9883037718955698,0.95731368292472,0.4312945532033325,0,0.2719451732152422,1,2,3,3,1,0,0.5569137618569918,Medium
1,2025-04-05 22:00:00,155,0.255810356033155,2,0.4037207226262971,0.6621630194908981,0.664539661879995,0.4335469136913741,0.3786230413301752,0,0.82426827537067,0,2,0,3,2,1,0.4819642857913358,Medium
3,2025-04-05 23:00:00,175,0.8242592658541146,3,0.6789488890003301,0.4098804805638608,0.6813100760261576,0.7862778521382832,0.6332936118545165,1,0.892355793755685,0,2,0,1,1,0,0.5920329684095645,High
2,2025-04-06 00:00:00,150,0.0763448064030768,1,0.4209840278569703,0.8966470280357429,0.03785843662843,0.9429311043133276,0.8131651618940077,0,0.3497937537720391,1,2,0,3,1,1,0.3179007140194257,Low
3,2025-04-06 01:00:00,136,0.1952417624486961,1,0.9619271876719528,0.1627478675592742,0.6056649988295653,0.8778558918886794,0.2969334823178897,1,0.6810067463240127,0,1,3,0,0,0,0.43101317708314996,Low
4,2025-04-06 02:00:00,116,0.9646915981873382,2,0.5995043205233277,0.996894671703048,0.4848552469517871,0.2079545309895483,0.2135386595022295,1,0.1160336958854231,1,2,3,1,2,1,0.7819630214126119,High
4,2025-04-06 03:00:00,157,0.7419004460430374,3,0.8078673289297766,0.1189705346706127,0.105672364733448,0.4959962296664093,0.6668612985848366,0,0.7437524369672059,1,1,0,0,0,1,0.5026874709373819,Medium
2,2025-04-06 04:00:00,186,0.1327957372174393,1,0.1092001098499633,0.0149185598805366,0.277898919149052,0.3473555059429689,0.6702872159705635,1,0.1640648807385658,1,0,3,4,2,2,0.20306418572387042,Low
4,2025-04-06 05:00:00,189,0.8883723880663456,1,0.3973603579358902,0.891245464003161,0.8905882366684077,0.39959764685269,0.9011740343333754,0,0.6870731602467229,1,1,2,4,1,2,0.7233308677735487,High
3,2025-04-06 06:00:00,128,0.4400234595489712,3,0.3368695640415389,0.2452527436522738,0.5500972150271815,0.360453445137884,0.0156983751846353,0,0.4212440875116225,0,2,3,1,1,0,0.4217203701114769,Low
1,2025-04-06 07:00:00,132,0.0583083305882248,1,0.5696859228361391,0.7306957198963155,0.413459167826479,0.8271065642493909,0.8530676961968444,1,0.928398073023974,1,1,2,2,1,2,0.3910905978719173,Low
1,2025-04-06 08:00:00,159,0.0242330018429323,3,0.8615447991374516,0.8121283645756626,0.0725595692282459,0.4520016166261287,0.5209203863836702,1,0.4638548815604509,0,1,2,3,2,2,0.4769538160505461,Medium
1,2025-04-06 09:00:00,190,0.7215091122764221,1,0.0781582017682354,0.8601683424371006,0.7143098940659924,0.5237260764520209,0.62125317440371,1,0.0297855781770964,0,1,2,1,0,2,0.5505380696406802,Medium
2,2025-04-06 10:00:00,188,0.7548733095325006,3,0.0723902812062551,0.9929668203157122,0.7030337263128842,0.9835637602783897,0.0911488489547092,0,0.4800824597390966,0,1,1,3,0,0,0.5133297566530055,Medium
4,2025-04-06 11:00:00,154,0.4354283704739096,2,0.8507405564277832,0.2944095102466084,0.6141834584396195,0.0589146253185726,0.4325041787123647,0,0.7952836234609616,0,1,3,0,0,0,0.613714458742902,High
3,2025-04-06 12:00:00,109,0.245447200434469,1,0.2127751148022132,0.7112114645769908,0.5103521873525604,0.4879048894577473,0.2271243649715926,0,0.6466941017263309,0,2,0,2,2,2,0.41016496640879063,Low
4,2025-04-06 13:00:00,146,0.379196677380009,2,0.6690343130453928,0.1155128509433543,0.4338368686575721,0.7746854106994321,0.2540558113022493,1,0.966301616328118,0,1,2,3,2,2,0.3840330364887423,Low
4,2025-04-06 14:00:00,122,0.0881791917806999,1,0.543060890918919,0.4073412058897981,0.5934008744756147,0.1503129003530654,0.5040077870760491,0,0.8431137361692226,1,2,0,4,1,0,0.4557414579712467,Medium
4,2025-04-06 15:00:00,184,0.5150060985924271,1,0.8333028360922616,0.8491378103030115,0.2333507747798086,0.6117710180615241,0.8124696834516365,0,0.5260192216311737,0,0,2,4,0,2,0.6001417592395172,High
1,2025-04-06 16:00:00,120,0.5879321320144942,0,0.1249454030011236,0.3681336778810398,0.941557541265408,0.2388245016894923,0.7437721559833876,0,0.2056105313009628,1,1,0,0,2,1,0.5072560752664997,Medium
3,2025-04-06 17:00:00,112,0.0033965153444146,3,0.1296431246305045,0.5918922194821506,0.5889221405450874,0.8682485123800203,0.5909411132479783,0,0.0026253829708708,0,0,1,1,0,0,0.25973939811492,Low
3,2025-04-06 18:00:00,132,0.0387460937847775,2,0.5570120052205121,0.5044447511510972,0.3111854813828308,0.326666588302851,0.5393424417636286,1,0.980505555675934,1,2,2,3,0,0,0.3975063089435388,Low
4,2025-04-06 19:00:00,123,0.3684551419592062,2,0.946876518791244,0.6468272296924689,0.4497400230392205,0.328634381407934,0.4271935491656915,0,0.938273087147087,1,1,1,0,2,1,0.6263642073707992,High
1,2025-04-06 20:00:00,110,0.0454345135816098,2,0.4150806509240075,0.9742400916748089,0.8059175430499872,0.59840176675214,0.97277622746739,1,0.2733137461915619,0,0,1,4,2,2,0.49110417590604316,Medium
1,2025-04-06 21:00:00,116,0.7273395001825127,3,0.3269562272381661,0.0557627474261957,0.1615365869828313,0.1827904579163686,0.5601236117304289,0,0.6378150933903002,1,2,3,4,1,1,0.4215384007003782,Low
3,2025-04-06 22:00:00,167,0.1892244103952066,0,0.6069219140210722,0.5747337252964771,0.2928197605745497,0.2843557595847548,0.2537970947692707,0,0.7289462656922605,1,0,0,4,1,2,0.46525292631183435,Medium
1,2025-04-06 23:00:00,146,0.9937589586987297,2,0.9309340256738756,0.8642165418770106,0.6796796096652346,0.4164104596745699,0.2299136636244918,0,0.5775417376678894,0,1,2,2,1,2,0.8435069269671531,High
1,2025-04-07 00:00:00,124,0.0215965847882408,3,0.8373402245192307,0.482021830898689,0.3154843264702222,0.353267531995721,0.6113008553517767,1,0.8428025542230068,0,1,1,2,0,0,0.4554710876777809,Medium
1,2025-04-07 01:00:00,193,0.5813427587005102,1,0.996019823848062,0.0785871715044288,0.792728045204033,0.5249117589851331,0.5227463389788132,1,0.0767627705012534,0,1,0,4,0,0,0.6002305228708638,High
2,2025-04-07 02:00:00,172,0.3089972044408436,2,0.0223450148602493,0.5612922648907939,0.1303589066173535,0.5998514518010609,0.0074477885656711,1,0.8963980744165414,0,2,3,1,1,2,0.27467012602587587,Low
4,2025-04-07 03:00:00,120,0.6209313040304129,2,0.1127050864693093,0.3324983678814355,0.7628980800056464,0.5668008020483903,0.8300848764687261,0,0.3913278397232127,0,0,0,2,0,1,0.429323362894806,Low
3,2025-04-07 04:00:00,183,0.6786987740493764,0,0.6097025239654412,0.1551116223444079,0.0682270289518126,0.6545085441478482,0.7041005825663027,0,0.4801034698278165,0,2,0,3,0,0,0.4151804216931807,Low
3,2025-04-07 05:00:00,182,0.5574157993607607,2,0.820976061665571,0.8502021581535012,0.0124408961930182,0.3072706887201486,0.6617936570930878,1,0.444104675061693,0,0,3,2,0,2,0.6204139280082137,High
2,2025-04-07 06:00:00,182,0.3620950223021518,2,0.2852259061347826,0.5222964466651656,0.8985011333966447,0.125518685053978,0.0685506622999985,0,0.5307593678379896,0,2,3,3,0,0,0.5322368886936667,Medium
4,2025-04-07 07:00:00,111,0.8689615031917451,1,0.2391567029746026,0.9345651609949982,0.5814632141539159,0.7613999075158571,0.3619219713295525,0,0.5977205286844267,1,1,3,2,2,0,0.5869520797362955,High
3,2025-04-07 08:00:00,136,0.7018901184996572,3,0.7873491818641629,0.807122308013581,0.3518396326507253,0.8515854772400586,0.9354362810396148,1,0.7100278409297073,0,0,1,4,2,0,0.6087724100052713,High
1,2025-04-07 09:00:00,141,0.9674771414072167,3,0.0561846914101935,0.693915087339518,0.2325495718008929,0.2564074287523898,0.8626194048256204,0,0.5244059966665118,1,0,0,3,1,1,0.5411197971295316,Medium
3,2025-04-07 10:00:00,116,0.2977971617061814,0,0.3694299177902547,0.0049798250105005,0.6170270125416886,0.4068480099336766,0.2853839830647982,0,0.6844274946387139,0,0,3,1,1,1,0.3493295852674109,Low
1,2025-04-07 11:00:00,147,0.4341285244967549,1,0.5059630328153111,0.4283855805344719,0.5090911136288246,0.4985415562589963,0.1568578205688722,0,0.3375428880260618,0,2,0,2,0,2,0.4722824390403851,Medium
2,2025-04-07 12:00:00,127,0.4759216887314037,3,0.5605450762313082,0.1977172794101792,0.9919206555276876,0.5333813617189769,0.4489826017960483,1,0.9366323255088702,0,1,0,2,0,1,0.5174410411940205,Medium
1,2025-04-07 13:00:00,140,0.7290867246552293,1,0.7289429635236937,0.9120543452138836,0.983534803376215,0.6598429860543187,0.3556944595196163,0,0.0634534572006614,0,0,1,4,2,2,0.7454720636857919,High
3,2025-04-07 14:00:00,198,0.8695413146250479,3,0.3548816412744526,0.1747820587470865,0.6351745886369526,0.040495138842207,0.6821974289609543,1,0.545030571660227,1,2,0,3,0,2,0.5802640681935043,High
3,2025-04-07 15:00:00,146,0.6888393532821111,1,0.6129216172079361,0.2864183805371226,0.4429273772650943,0.7219764573078167,0.9664990073994176,0,0.0863455911878188,1,0,1,4,0,0,0.49086655672352797,Medium
3,2025-04-07 16:00:00,117,0.802287639889246,0,0.5855913688858299,0.5175268546221156,0.4912212405703229,0.0609110692920067,0.362867881045807,1,0.4421357403402512,0,1,3,3,1,0,0.6650216488099395,High
2,2025-04-07 17:00:00,177,0.1959239590103364,2,0.5478025592476818,0.263689320133149,0.6826520934508608,0.468189312498672,0.0619920284647423,1,0.2567325692974614,1,0,3,2,0,1,0.4208389107339627,Low
2,2025-04-07 18:00:00,198,0.0624827503316388,0,0.6407422747919298,0.2101134698649585,0.1014659639080996,0.8284215915124311,0.8976556506697915,1,0.9368551674467712,0,1,0,2,2,2,0.2587856061132341,Low
4,2025-04-07 19:00:00,170,0.2530926986048913,3,0.2594105905954782,0.5999076702911887,0.3283534293852974,0.4510756907203435,0.0377096304671995,1,0.011937113158682,1,2,1,2,0,2,0.37969901715807325,Low
3,2025-04-07 20:00:00,112,0.8170834038158492,0,0.0844736656965667,0.0890044624199097,0.0751509099975744,0.1482357914762433,0.952825614686808,0,0.3905114976609775,0,2,1,2,0,0,0.3822274276402856,Low
1,2025-04-07 21:00:00,181,0.743743378353113,2,0.1191236223314646,0.0581984761532265,0.0732385018739278,0.9861563636356552,0.6645446967406992,1,0.78181175307041,1,1,2,0,0,0,0.24041876613753058,Low
2,2025-04-07 22:00:00,112,0.2526152722999261,0,0.2245165735554195,0.3727275215062114,0.1957763586630011,0.8901815966978297,0.94174529575649,0,0.1875300710100682,1,1,2,2,0,0,0.23966768005985437,Low
3,2025-04-07 23:00:00,199,0.5632050106391503,3,0.5003473637064881,0.7216475582511299,0.4853306718166153,0.77193083953243,0.1994725848941179,0,0.8153967870904868,1,2,3,2,0,1,0.5172275800792634,Medium
3,2025-04-08 00:00:00,130,0.0972491786932096,3,0.8408578871358732,0.5555514297345099,0.7849969384800379,0.4112781063274289,0.040460596773783,1,0.8595857457502909,0,1,3,3,2,2,0.551694877227064,Medium
2,2025-04-08 01:00:00,101,0.6535943857337453,0,0.7015998123124165,0.4234314807142258,0.4855734260132182,0.1830739453722052,0.4881174445608205,0,0.7076846462042202,1,1,2,2,1,2,0.6188597677505375,High
4,2025-04-08 02:00:00,115,0.8209439908832721,2,0.7894155991592442,0.5665119696252979,0.335481419927253,0.942430560203548,0.4505185624207777,0,0.2081621551419167,0,0,1,2,0,2,0.5748499203942444,High
2,2025-04-08 03:00:00,108,0.6284644011360297,0,0.3510085194814465,0.3659239443856075,0.0822350918955214,0.532403338535077,0.3313483776570711,0,0.2712059246868866,1,2,0,3,1,0,0.4005277820355572,Low
2,2025-04-08 04:00:00,172,0.585923380311785,2,0.4047285562177312,0.9374392097673826,0.5504044712220707,0.85316427905362,0.9577177947356612,0,0.1659779885034397,0,2,0,2,1,1,0.5397368549111232,Medium
1,2025-04-08 05:00:00,137,0.0922311945228407,1,0.3937481322755742,0.0549309177375884,0.2712422694542468,0.3416973831014254,0.8226007844388397,1,0.1831272069028761,0,1,1,2,2,1,0.27191274820004463,Low
1,2025-04-08 06:00:00,174,0.6137932799743592,2,0.1917818316135093,0.6743066244949556,0.6150744611100457,0.3348746009334689,0.6615463077520922,0,0.0353816520076224,0,1,3,4,1,0,0.5282850818224448,Medium
4,2025-04-08 07:00:00,153,0.3190832524639204,1,0.0610232713587817,0.8925110444326844,0.9775036335158483,0.9866641971747449,0.1626591287765793,0,0.8571728956446732,1,1,0,0,0,1,0.4221547552933779,Low
3,2025-04-08 08:00:00,155,0.6483571638429145,0,0.5911363658142066,0.8049874475369678,0.1112104627432633,0.521860391950348,0.7343115344958009,0,0.5279721476322995,1,2,1,3,0,1,0.5592733825406112,High
2,2025-04-08 09:00:00,185,0.7540976308971609,2,0.989748002485044,0.1842527040771114,0.2120704105998129,0.1398216193311889,0.7269981849214113,0,0.3269922346607244,0,0,0,4,0,2,0.6336492678512671,High
4,2025-04-08 10:00:00,196,0.5866211572190418,1,0.1667187948795812,0.2962988613651047,0.4731660610903596,0.2189876091509601,0.424954946118937,0,0.2887649570168438,0,2,1,1,0,0,0.43572152808858655,Low
1,2025-04-08 11:00:00,199,0.6120004273466226,1,0.0464800847223614,0.7180258434506431,0.9689255533120736,0.4818773112883532,0.9248364572253972,1,0.5441852633736021,0,0,2,1,2,0,0.5312825330109328,Medium
2,2025-04-08 12:00:00,186,0.1286825259746619,1,0.7798992509497944,0.0843388012528035,0.7720261087100005,0.0413648674796607,0.1667800695019179,0,0.3259165649157109,1,1,2,0,1,0,0.5036123906662258,Medium
3,2025-04-08 13:00:00,144,0.6496458810017718,3,0.252542066540534,0.8129759061286603,0.8985068104780821,0.4624211242783063,0.2671726410676127,1,0.8635833439980078,1,2,0,1,2,0,0.6035550210412749,High
1,2025-04-08 14:00:00,133,0.0483146517570178,0,0.8300505086900509,0.7198875218020634,0.3337188037853211,0.4187249109321866,0.0629925228527665,0,0.210052635633153,1,0,0,0,1,2,0.50081787840015,Medium
1,2025-04-08 15:00:00,108,0.8351911040678057,1,0.7042452015182434,0.7306026080221184,0.99236156741545,0.7799724400474406,0.7954591180944328,1,0.8821890867687727,1,2,0,1,2,1,0.7128379671061373,High
1,2025-04-08 16:00:00,187,0.7166825437807712,2,0.94617085183508,0.1003325715210877,0.1027248457146303,0.3545747167148141,0.6217106211992307,0,0.6637222911068597,1,0,0,1,2,1,0.5480023825581528,Medium
