UE1: web-rtc,UE1-Jitter,UE1-CQI
16360.0,0.0269812483038724,15.0
1905.0,0.0059161862166826,13.0
20021.0,0.0159447238526043,12.0
33617.0,0.0308718149641509,11.0
50102.0,0.0359985220012034,15.0
32697.0,0.0262174542355708,12.0
23418.0,0.0345078734925368,12.0
567.0,0.0382755444289187,15.0
2104.0,0.0387375319819294,12.0
7119.0,0.0422723765456989,12.0
9198.0,0.0291757811765809,11.0
2143.0,0.0419426367970687,13.0
5150.0,0.0407458533008148,15.0
6837.0,0.0339706062816581,7.0
22179.0,0.0182565568223131,9.0
13304.0,0.0390492038065383,8.0
19378.0,0.0260486186596552,14.0
11454.0,0.036245491290194,14.0
20081.0,0.0356366835973468,12.0
8470.0,0.009875798967818,12.0
42088.0,0.0359976377127924,10.0
35035.0,0.0326385454222896,9.0
17207.0,0.0354510814728532,15.0
27844.0,0.0362694409256921,13.0
28578.0,0.0339940496889486,10.0
28425.0,0.0280216454377961,13.0
34218.0,0.0311187158839616,12.0
31055.0,0.018692779016105,11.0
28430.0,0.0086224642116804,14.0
23481.0,0.0159789747710094,12.0
62986.0,0.0346315252980598,10.0
49118.0,0.0318986725290696,10.0
34604.0,0.0042899675392574,11.0
53739.0,0.0246985232886784,6.0
42239.0,0.0074746712470832,6.0
30323.0,0.0131707751939346,11.0
11174.0,0.0395277262222704,11.0
10717.0,0.0058100148580483,8.0
17054.0,0.0229416517420511,10.0
32001.0,0.036859848784912,10.0
26299.0,0.0216171601524514,11.0
8367.0,0.041910248067945,6.0
11447.0,0.0282423560980398,6.0
3020.0,0.0159327087975827,7.0
11959.0,0.0243749286819702,4.0
11414.0,0.0392004232494575,10.0
25093.0,0.0243530925610022,7.0
18396.0,0.0433232080710939,8.0
12249.0,0.0342486400055392,2.0
30615.0,0.0183221328816214,9.0
26373.0,0.0520188031671869,9.0
15062.0,0.0319244080627585,8.0
35987.0,0.0190374799791505,8.0
21800.0,0.0465082964731505,4.0
14998.0,0.036883994219661,7.0
2451.0,0.0329875673221475,6.0
25524.0,0.0141743281910245,7.0
15480.0,0.0319294717391982,9.0
16005.0,0.0227868087136761,11.0
16561.0,0.0252987903651922,5.0
10787.0,0.0357440027285719,9.0
4760.0,0.0165770811556606,12.0
12519.0,0.0069688063443266,13.0
16800.0,0.0151974532918211,12.0
9563.0,0.0268854213253634,11.0
8597.0,0.0270767188202426,15.0
20714.0,0.0345429344959838,8.0
21673.0,0.0120859354316805,9.0
39627.0,0.0339910620083583,6.0
22880.0,0.043197826624082,7.0
22306.0,0.0154734254210001,7.0
9161.0,0.0297551277761888,11.0
13212.0,0.0308817130582371,9.0
15696.0,0.0177276030439649,5.0
20424.0,0.0204393082326558,11.0
17499.0,0.0021746522909,11.0
2216.0,0.0226924012061779,3.0
8877.0,0.0243352625145237,8.0
5733.0,0.0295323163213274,12.0
4408.0,0.0133169926872683,5.0
0.0,0.0386953682809625,9.0
9666.0,0.0265059813016125,11.0
0.0,0.0249273420430262,3.0
9157.0,0.020859667966084,8.0
11948.0,0.0068347742946642,6.0
10308.0,0.0190083602813616,11.0
7857.0,0.0198953749486892,8.0
204.0,0.0170443118898827,9.0
1831.0,0.0161888763901847,7.0
0.0,0.0317559891139655,5.0
0.0,0.0447039124047833,6.0
0.0,0.0,7.0
0.0,0.0150118265310571,10.0
0.0,0.0102845981428518,10.0
0.0,0.023808222399731,8.0
0.0,0.0,6.0
0.0,0.0,9.0
0.0,0.0,9.0
0.0,0.0,10.0
0.0,0.0,5.0
0.0,0.0,10.0
0.0,0.0,8.0
0.0,0.0,5.0
0.0,0.0,9.0
0.0,0.0,7.0
0.0,0.0,15.0
0.0,0.0,5.0
0.0,0.0,3.0
0.0,0.0,11.0
0.0,0.0,7.0
0.0,0.0,5.0
0.0,0.0,6.0
0.0,0.0,7.0
0.0,0.0,5.0
0.0,0.0,6.0
0.0,0.0,6.0
0.0,0.0,4.0
0.0,0.0,6.0
0.0,0.0,9.0
0.0,0.0,13.0
0.0,0.0,8.0
0.0,0.0,12.0
0.0,0.0139582421039053,11.0
0.0,0.0007720997793531,3.0
0.0,0.0270910858790104,5.0
0.0,0.0176513776145811,13.0
0.0,0.0095142210969983,8.0
0.0,0.0064294661974671,6.0
0.0,0.0134064345825445,9.0
0.0,0.016445106650869,1.0
0.0,0.0318797052803836,13.0
0.0,0.0073867833296142,14.0
0.0,0.0158723414010817,15.0
0.0,0.0256770077679142,11.0
0.0,0.0090399673574641,13.0
0.0,0.0238567686376477,12.0
0.0,0.0149106810310378,12.0
0.0,0.0081383400732935,13.0
0.0,0.0179877776505632,12.0
0.0,0.0085822309575426,12.0
0.0,0.0136506908831334,12.0
0.0,0.0139887899536017,12.0
0.0,0.0008122769950358,15.0
0.0,0.028742529854394,10.0
0.0,0.0473439758992966,11.0
0.0,0.016397214510215,12.0
0.0,0.0263461364364623,14.0
0.0,0.0,13.0
0.0,0.0,10.0
0.0,0.0,15.0
0.0,0.0,13.0
0.0,0.0,13.0
0.0,0.0,15.0
0.0,0.0,11.0
0.0,0.0,12.0
0.0,0.0,13.0
0.0,0.0,11.0
0.0,0.0,14.0
0.0,0.0,11.0
0.0,0.0,15.0
0.0,0.0,12.0
0.0,0.0,15.0
20196.0,0.0,14.0
15427.0,0.0131170426248658,13.0
24833.0,0.0302986385561837,14.0
48735.0,0.0204531236847595,10.0
55910.0,0.0007732910576025,10.0
26131.0,0.0167719452872514,12.0
8467.0,0.0194041781080511,15.0
7591.0,0.0135293888752704,14.0
9909.0,0.0248505439236083,15.0
3110.0,0.0291767408611734,14.0
16361.0,0.0207539674007526,15.0
5890.0,0.0388086549494508,15.0
5894.0,0.0392971231165792,13.0
18820.0,0.0369931477164406,9.0
20142.0,0.023840149444025,9.0
28404.0,0.0313924318028045,10.0
17787.0,0.0417487844273564,10.0
1134.0,0.0396032695324673,10.0
19129.0,0.0326238412455654,10.0
24220.0,0.0264724090960826,15.0
30684.0,0.0316385936112829,12.0
30561.0,0.0014613418203942,12.0
18125.0,0.0395202288465955,13.0
23789.0,0.0259244362924281,11.0
26477.0,0.007051668337931,11.0
18973.0,0.0446269044983998,13.0
47658.0,0.0403824251101421,9.0
31058.0,0.028647155099146,11.0
30785.0,0.015192708915611,13.0
30298.0,0.0375930729009243,15.0
49419.0,0.0147210890992841,11.0
61298.0,0.0052550847302095,13.0
53231.0,0.0333458419037643,13.0
57003.0,0.019448544182378,9.0
43203.0,0.0352322621141139,7.0
27582.0,0.0144793133126192,9.0
14372.0,0.0427867804828227,11.0
15528.0,0.026951832958852,6.0
20752.0,0.0193657884082047,13.0
34973.0,0.0252144342731453,13.0
13133.0,0.0132360761677941,6.0
8223.0,0.0063308662917459,13.0
1015.0,0.0357658362219625,7.0
15040.0,0.0282224026822831,9.0
11113.0,0.018334585210329,2.0
12493.0,0.0298083878575813,9.0
17189.0,0.0162601861050847,7.0
9928.0,0.0191308681978285,7.0
10580.0,0.0292581952082472,9.0
10149.0,0.0160071172994817,5.0
15592.0,0.0185556612853805,6.0
16057.0,0.0310149440231154,9.0
23411.0,0.0236213630566286,9.0
19814.0,0.0141322086813979,8.0
20534.0,0.0317788479819906,7.0
6802.0,0.0162571257858649,5.0
21672.0,0.0257170886553816,6.0
1243.0,0.0319897164822614,8.0
2930.0,0.018970421158437,7.0
21989.0,0.0505068946895798,7.0
9980.0,0.0303321806115806,6.0
1983.0,0.0226170587415604,11.0
27658.0,0.0150005465569844,11.0
6156.0,0.0100756171476825,10.0
6530.0,0.0270004050191315,13.0
8381.0,0.023930214394689,13.0
21036.0,0.0140118106536342,7.0
25474.0,0.0258060223368813,15.0
30552.0,0.0318817688826839,9.0
22616.0,0.0357650482023272,6.0
14671.0,0.0328240615720591,8.0
12573.0,0.0284603734779195,9.0
23202.0,0.0271628977913453,10.0
12671.0,0.0306895318103365,7.0
21620.0,0.0141703684484881,4.0
8863.0,0.0140585474035738,6.0
7187.0,0.0360454034123967,4.0
4399.0,0.0415451393818931,9.0
11817.0,0.037629641912116,11.0
0.0,0.0217170507244023,8.0
0.0,0.0264087928937997,5.0
2717.0,0.026321354262553,6.0
4555.0,0.0166210824208768,7.0
7144.0,0.0280745321484238,7.0
7497.0,0.0347719886888778,7.0
0.0,0.0277005829015325,3.0
10834.0,0.0512842779816431,6.0
3721.0,0.0161122003497595,9.0
0.0,0.0155584440095165,8.0
0.0,0.0172541725831832,7.0
0.0,0.0245825777360407,9.0
0.0,0.0102918400809668,6.0
0.0,0.0386855009394414,10.0
0.0,0.0140967710312389,6.0
0.0,0.0122419068000347,10.0
0.0,0.0281238299135979,8.0
0.0,0.0,9.0
0.0,0.0,6.0
0.0,0.0,8.0
0.0,0.0,7.0
0.0,0.0,7.0
0.0,0.0,6.0
0.0,0.0,3.0
0.0,0.0,7.0
0.0,0.0,5.0
0.0,0.0,13.0
0.0,0.0,8.0
0.0,0.0,5.0
0.0,0.0,9.0
0.0,0.0,10.0
0.0,0.0,5.0
0.0,0.0,8.0
0.0,0.0,6.0
0.0,0.0,6.0
0.0,0.0,4.0
0.0,0.0,4.0
0.0,0.0,1.0
0.0,0.0,10.0
0.0,0.0,13.0
0.0,0.0,13.0
0.0,0.0,8.0
0.0,0.0,15.0
0.0,0.0171159466894769,8.0
0.0,0.0138159030094374,2.0
0.0,0.0111747221621604,0.0
0.0,0.0168816095038995,7.0
0.0,0.019116171159814,10.0
0.0,0.021486696174064,9.0
0.0,0.0060143259592133,5.0
0.0,0.029337158315507,9.0
0.0,0.0,12.0
0.0,0.0047429198578608,13.0
0.0,0.0315851910590789,12.0
0.0,0.0448173500067981,13.0
0.0,0.0346949925489853,13.0
0.0,0.0189412722917138,15.0
0.0,0.012802193554275,13.0
0.0,0.0296362135970718,12.0
0.0,0.0274469716949725,12.0
0.0,0.0212794751866134,12.0
0.0,0.0175123250373422,12.0
0.0,0.00942706739018,14.0
0.0,0.0153650790746063,12.0
0.0,0.0014847852565002,11.0
0.0,0.01877539733971,13.0
0.0,0.0030573536250973,10.0
0.0,0.0034900919037687,15.0
0.0,0.0,13.0
0.0,0.0,12.0
0.0,0.0,14.0
0.0,0.0,15.0
0.0,0.0,12.0
0.0,0.0,15.0
0.0,0.0,14.0
0.0,0.0,11.0
0.0,0.0,15.0
0.0,0.0,10.0
0.0,0.0,15.0
0.0,0.0,12.0
0.0,0.0,11.0
0.0,0.0,10.0
0.0,0.0,12.0
18332.0,0.0351075829743273,12.0
7565.0,0.0096351343792859,15.0
39297.0,0.0202511644702111,14.0
39365.0,0.0144531946597931,9.0
55971.0,0.0141518630061979,15.0
35543.0,0.0175483528641316,11.0
11162.0,0.0195634896551518,12.0
14601.0,0.0420776734675579,13.0
5779.0,0.0130901654533594,12.0
10884.0,0.026624610674051,15.0
12750.0,0.0338655879962023,12.0
6936.0,0.0287217291141833,14.0
6604.0,0.0292584979889603,12.0
17181.0,0.0118358484498634,6.0
12420.0,0.0329619942519816,10.0
19735.0,0.0192739033400084,9.0
26329.0,0.0252451829131523,10.0
14635.0,0.0229138455904545,10.0
39016.0,0.0217532188807409,12.0
15884.0,0.0284768423485241,13.0
33428.0,0.0366248767876872,15.0
26723.0,0.0297966061735503,15.0
14970.0,0.0343416018956029,12.0
18164.0,0.0283136277377345,10.0
20720.0,0.030669590138574,9.0
33828.0,0.0201750412677742,9.0
53436.0,0.0249290904332832,10.0
28422.0,0.0253782253638783,10.0
27887.0,0.0402551102357756,11.0
28541.0,0.0109284592706454,10.0
53762.0,0.0196378844010222,12.0
54124.0,0.0439627671828249,12.0
35091.0,0.0364349601438632,13.0
56126.0,0.0384278695029519,11.0
52135.0,0.0190392892610186,4.0
17631.0,0.038163458456333,8.0
16030.0,0.004246497053668,5.0
12491.0,0.0206220415529185,7.0
15721.0,0.0268335856803424,10.0
33343.0,0.0285378919672536,10.0
22812.0,0.0130368556538983,8.0
14599.0,0.0273718258566402,7.0
6121.0,0.0340266276942275,10.0
8206.0,0.0264470457180224,8.0
16011.0,0.0383593703088237,7.0
18879.0,0.0394922107052974,9.0
16319.0,0.0400778791517774,9.0
1458.0,0.0453154383262056,9.0
14946.0,0.0291697344361186,6.0
12573.0,0.0174908108781122,8.0
22462.0,0.0080678497389843,8.0
13304.0,0.0303922521514864,9.0
33178.0,0.0207605967568036,7.0
21280.0,0.0420713194820696,3.0
23493.0,0.0325963562892492,6.0
15009.0,0.0572006138483347,9.0
28322.0,0.0323758102175574,6.0
16355.0,0.0338913251509296,10.0
17636.0,0.0370603984983588,8.0
11211.0,0.0382680639566966,11.0
12963.0,0.0474061964015485,6.0
16461.0,0.0280844158005951,12.0
11331.0,0.0291250954600393,6.0
6282.0,0.0110222603003705,14.0
3127.0,0.0542650263329085,11.0
6735.0,0.0305273505857133,15.0
25646.0,0.0299006692651745,4.0
25021.0,0.0215913528981128,15.0
20585.0,0.0091561194709162,10.0
23867.0,0.0234921472463196,12.0
13422.0,0.0171453798504424,7.0
22062.0,0.0075703697944502,9.0
19568.0,0.0258611944723256,2.0
15032.0,0.0156104845853394,4.0
7191.0,0.0297946567281589,5.0
14498.0,0.0328324396990599,8.0
10776.0,0.0309058999101011,2.0
16964.0,0.0297757291939988,7.0
8612.0,0.0411882110467512,14.0
0.0,0.0165998824778219,13.0
6412.0,0.0298854607224193,7.0
7304.0,0.0256420716747233,10.0
0.0,0.0,5.0
0.0,0.0212273856854832,9.0
7553.0,0.0219112446874933,8.0
0.0,0.0290074469775982,11.0
2258.0,0.0086283632217939,6.0
10024.0,0.0122627902413861,6.0
10675.0,0.0104343918829624,3.0
0.0,0.0091360101800089,4.0
0.0,0.0221689793453414,9.0
0.0,0.022165739348065,3.0
0.0,0.0149254062668817,7.0
0.0,0.020683548617383,6.0
0.0,0.0019903327099853,4.0
0.0,0.0480260392908998,8.0
0.0,0.0,8.0
0.0,0.0,10.0
0.0,0.0,9.0
0.0,0.0,9.0
0.0,0.0,8.0
0.0,0.0,11.0
0.0,0.0,6.0
0.0,0.0,8.0
0.0,0.0,6.0
0.0,0.0,12.0
0.0,0.0,6.0
0.0,0.0,8.0
0.0,0.0,12.0
0.0,0.0,9.0
0.0,0.0,5.0
0.0,0.0,5.0
0.0,0.0,7.0
0.0,0.0,5.0
0.0,0.0,5.0
0.0,0.0,7.0
0.0,0.0,5.0
0.0,0.0,4.0
0.0,0.0,12.0
0.0,0.0,9.0
0.0,0.0,11.0
0.0,0.0,11.0
0.0,0.0169144427767313,11.0
0.0,0.0365401780837868,5.0
0.0,0.0005875433658605,8.0
0.0,0.0151873583510101,11.0
0.0,0.0277242311436311,10.0
0.0,0.0132225803770613,5.0
0.0,0.0229142905615974,7.0
0.0,0.0220282637235709,6.0
0.0,0.0192273579990912,14.0
0.0,0.0043954038542816,11.0
0.0,0.0231527592795707,15.0
0.0,0.0311558130826328,14.0
0.0,0.0008534136958126,11.0
0.0,0.0,13.0
0.0,0.0227575155640151,15.0
0.0,0.0,14.0
0.0,0.0101111818873337,14.0
0.0,0.0034774708818541,13.0
0.0,0.0031950379511131,13.0
0.0,0.0162674743593882,13.0
0.0,0.0109169411328558,15.0
0.0,0.0091736957384563,13.0
0.0,0.0005455521960304,11.0
0.0,0.0105388835778728,13.0
0.0,0.0194427036875075,13.0
0.0,0.0,13.0
0.0,0.0,15.0
0.0,0.0,12.0
0.0,0.0,15.0
0.0,0.0,12.0
0.0,0.0,14.0
0.0,0.0,11.0
0.0,0.0,14.0
0.0,0.0,13.0
0.0,0.0,10.0
0.0,0.0,12.0
0.0,0.0,11.0
0.0,0.0,12.0
0.0,0.0,10.0
0.0,0.0,15.0
15938.0,0.000109030621174,14.0
8945.0,0.0133668823202174,15.0
32482.0,0.0305319818198609,15.0
46591.0,0.0285418923055552,11.0
50179.0,0.0425326199210626,12.0
22620.0,0.033791298433704,12.0
12190.0,0.0320322603104747,13.0
20113.0,0.0254993540650632,14.0
7592.0,0.0252347461518307,15.0
13627.0,0.0423834385848097,11.0
2072.0,0.0151406411603676,12.0
4515.0,0.0472597749415312,15.0
8964.0,0.0449390994315779,14.0
14937.0,0.0299134112474026,8.0
21541.0,0.0287736321338434,11.0
13545.0,0.0285827861029397,12.0
18192.0,0.0328005923680426,13.0
11073.0,0.0499084915807637,10.0
34247.0,0.0304320262519929,15.0
17095.0,0.0240534719075036,15.0
34072.0,0.0305237857923421,15.0
33786.0,0.0252416668901337,12.0
12982.0,0.0378153996509722,8.0
29066.0,0.0283427067863326,10.0
27093.0,0.0314481021922375,12.0
20927.0,0.0406299650268019,10.0
39050.0,0.0352454119246853,10.0
21877.0,0.02677811001554,9.0
25839.0,0.0381441876793089,15.0
34436.0,0.0299186012275487,10.0
50222.0,0.035096737395854,8.0
44510.0,0.0082105928488353,12.0
44851.0,0.0254956571837398,14.0
57922.0,0.0285565675556803,10.0
46106.0,0.034383422093473,8.0
24867.0,0.0209959342187418,7.0
16542.0,0.0214089436342784,8.0
12190.0,0.0319875709931667,4.0
17095.0,0.030362088989122,11.0
24034.0,0.0139320688631064,9.0
21961.0,0.028958278763173,8.0
13978.0,0.0238038768911034,6.0
25963.0,0.0091639869781188,10.0
8425.0,0.0323087034448368,7.0
11152.0,0.0327814961513193,3.0
20451.0,0.0479361168679175,7.0
5966.0,0.036196494672835,8.0
7927.0,0.0241552156923534,7.0
17900.0,0.0323520488660714,2.0
16124.0,0.0590289887816683,6.0
35511.0,0.0172731063498437,10.0
3276.0,0.0320691543614453,12.0
32412.0,0.0419970132698243,6.0
21959.0,0.0160850759464276,4.0
18946.0,0.0287007077760698,8.0
7697.0,0.0223006548516801,7.0
14227.0,0.0237128744899875,4.0
6682.0,0.0181511388598079,7.0
17123.0,0.0122421391672218,8.0
20485.0,0.0378296736185222,7.0
9802.0,0.0221905177502892,9.0
15027.0,0.0227923542609379,10.0
9637.0,0.0158972319201924,13.0
10036.0,0.0320949856545074,11.0
14286.0,0.0131664114132755,11.0
7242.0,0.028657000784069,14.0
24639.0,0.0282673463003669,4.0
24822.0,0.0224624976455322,13.0
27757.0,0.0310275066817924,10.0
33659.0,0.0476430601860988,8.0
26781.0,0.0303156635518617,6.0
15878.0,0.0048607361612034,7.0
8515.0,0.0107869782670791,9.0
9574.0,0.0160575650449701,4.0
28846.0,0.046172220231936,5.0
10761.0,0.0129160797765732,11.0
11200.0,0.0209720823268601,5.0
12462.0,0.0475266360152922,9.0
4122.0,0.0282882235786668,8.0
13840.0,0.0168561525827534,9.0
9130.0,0.0271492732419897,9.0
0.0,0.0222531094725193,9.0
5136.0,0.0302279931464696,4.0
0.0,0.0198587202281091,5.0
8650.0,0.0153365550413627,8.0
2746.0,0.0437194721279771,9.0
0.0,0.0161227029768734,8.0
0.0,0.0314539848142932,9.0
1498.0,0.0158523102071857,7.0
0.0,0.0193114101628378,6.0
0.0,0.0206156611835707,6.0
0.0,0.0253482671349752,8.0
0.0,0.0224912887483495,10.0
0.0,0.0130113882134474,9.0
0.0,0.0274966834799833,8.0
0.0,0.0195980268848689,6.0
0.0,0.0,6.0
0.0,0.0,9.0
0.0,0.0,6.0
0.0,0.0,8.0
0.0,0.0,5.0
0.0,0.0,7.0
0.0,0.0,2.0
0.0,0.0,8.0
0.0,0.0,6.0
0.0,0.0,15.0
0.0,0.0,6.0
0.0,0.0,6.0
0.0,0.0,7.0
0.0,0.0,7.0
0.0,0.0,8.0
0.0,0.0,5.0
0.0,0.0,2.0
0.0,0.0,4.0
0.0,0.0,6.0
0.0,0.0,9.0
0.0,0.0,6.0
0.0,0.0,9.0
0.0,0.0,14.0
0.0,0.0,9.0
0.0,0.0,11.0
0.0,0.0,11.0
0.0,0.0280571349844096,12.0
0.0,0.0353232516810174,4.0
0.0,0.0234343790660901,5.0
0.0,0.0270721308841329,9.0
0.0,0.0122251297668777,9.0
0.0,0.0083032887750493,6.0
0.0,0.0220914147967246,7.0
0.0,0.0115859374903884,3.0
0.0,0.0329284239661042,11.0
0.0,0.0279563477512581,15.0
0.0,0.0157976613867403,15.0
0.0,0.0209382307890863,11.0
0.0,0.0169547503650332,14.0
0.0,0.0072213268366021,13.0
0.0,0.002549164754713,11.0
0.0,0.0069965186956129,12.0
0.0,0.0,13.0
0.0,0.0148938572910786,13.0
0.0,0.0,15.0
0.0,0.002558191391686,8.0
0.0,0.0233825170740846,14.0
0.0,0.0221314271908095,13.0
0.0,0.0172042959491457,12.0
0.0,0.0075116297851831,13.0
0.0,0.0263066861447219,10.0
0.0,0.0,15.0
0.0,0.0,15.0
0.0,0.0,15.0
0.0,0.0,11.0
0.0,0.0,9.0
0.0,0.0,12.0
0.0,0.0,14.0
0.0,0.0,14.0
0.0,0.0,15.0
0.0,0.0,13.0
0.0,0.0,11.0
0.0,0.0,11.0
0.0,0.0,14.0
0.0,0.0,12.0
0.0,0.0,12.0
9675.0,0.0,13.0
15130.0,0.0413524762567899,14.0
25179.0,0.0414705019697879,10.0
44187.0,0.0137754474079953,14.0
58890.0,0.0107487014650511,11.0
28488.0,0.0214924682537301,12.0
16491.0,0.0259777218351503,15.0
14246.0,0.0031857040997219,13.0
13756.0,0.012223974154551,12.0
16180.0,0.0385057953045411,14.0
12376.0,0.0298637186179618,13.0
2973.0,0.0265068093128722,12.0
0.0,0.0177476315436948,12.0
12317.0,0.0245392174228102,8.0
8096.0,0.0375233697486516,8.0
19987.0,0.0441832338932955,9.0
18272.0,0.0372941823200306,12.0
6516.0,0.054735122739354,13.0
31314.0,0.0295515778925077,15.0
18307.0,0.0308377721622465,14.0
30383.0,0.0371483349152156,15.0
21136.0,0.0278036362262268,15.0
7636.0,0.0317523190523071,12.0
30573.0,0.023497097164675,12.0
22475.0,0.0256806991146948,10.0
31967.0,0.0363675854296977,9.0
48594.0,0.0253718540103785,11.0
25999.0,0.0281964949784884,11.0
28044.0,0.0371071981059209,13.0
43466.0,0.0277949143487765,14.0
55268.0,0.0139176842810917,14.0
67273.0,0.0139097318126662,11.0
43856.0,0.0292445696974538,13.0
59915.0,0.0,10.0
45746.0,0.0107515584032752,10.0
11183.0,0.0126273967079919,15.0
18832.0,0.0149246065849284,9.0
6297.0,0.0188621811188195,4.0
36106.0,0.0239528335778851,7.0
37971.0,0.0172255904033746,10.0
12273.0,0.046753598686536,7.0
0.0,0.0185279717164004,6.0
854.0,0.0270309163119478,7.0
17933.0,0.0186571377568872,10.0
12291.0,0.0203132524557484,0.0
3955.0,0.018059536232219,6.0
13066.0,0.0120250813760341,9.0
1328.0,0.012334240623739,6.0
6105.0,0.0433994296788271,4.0
22110.0,0.0243343500315667,7.0
14950.0,0.0401421649610516,3.0
19853.0,0.0179724043358191,14.0
23656.0,0.023949676504933,9.0
22143.0,0.0056474212276569,7.0
9986.0,0.0100892269111918,5.0
8571.0,0.0274850105382313,5.0
24287.0,0.027398207376384,4.0
22317.0,0.0224498784822483,5.0
21899.0,0.0288647958285511,11.0
2405.0,0.0344336353193742,6.0
14968.0,0.0466461210037324,8.0
7373.0,0.0183543302554599,9.0
20101.0,0.0374664953577928,8.0
21274.0,0.0402478142981778,9.0
0.0,0.0247724509124824,11.0
12267.0,0.0111319266492664,11.0
33049.0,0.0279215824491144,4.0
17625.0,0.0353256525105175,12.0
26856.0,0.0214639124478512,10.0
11873.0,0.0401378879151264,10.0
8212.0,0.0210337293422618,13.0
13217.0,0.0223342796848646,7.0
25222.0,0.0130240239487895,9.0
13348.0,0.0239268789353157,9.0
18654.0,0.0211962978433211,3.0
17534.0,0.0335022932239333,9.0
7261.0,0.0238803412710508,9.0
6825.0,0.0176108134609001,10.0
7923.0,0.0491687869683353,13.0
3764.0,0.0223460700911015,10.0
8377.0,0.0209887873502402,8.0
9287.0,0.0226871364232998,7.0
15476.0,0.0059963053580304,4.0
0.0,0.0313352414335544,7.0
3893.0,0.024047245746081,7.0
1254.0,0.0,6.0
2024.0,0.0196020336873777,9.0
5794.0,0.0107948438731276,11.0
0.0,0.0195988941334165,8.0
0.0,0.0161761042863029,1.0
0.0,0.0015929405214437,3.0
0.0,0.0308201435605579,8.0
0.0,0.0131396350719608,7.0
0.0,0.0308852295638628,6.0
0.0,0.0052159940321695,11.0
0.0,0.0084905788470125,7.0
0.0,0.0,5.0
0.0,0.0,6.0
0.0,0.0,8.0
0.0,0.0,7.0
0.0,0.0,6.0
0.0,0.0,8.0
0.0,0.0,5.0
0.0,0.0,8.0
0.0,0.0,7.0
0.0,0.0,15.0
0.0,0.0,6.0
0.0,0.0,6.0
0.0,0.0,11.0
0.0,0.0,7.0
0.0,0.0,8.0
0.0,0.0,7.0
0.0,0.0,3.0
0.0,0.0,4.0
0.0,0.0,3.0
0.0,0.0,6.0
0.0,0.0,3.0
0.0,0.0,10.0
0.0,0.0,13.0
0.0,0.0,11.0
0.0,0.0,11.0
0.0,0.0,11.0
0.0,0.0156846461793054,11.0
0.0,0.0273108508133051,3.0
0.0,0.0183531386754806,8.0
0.0,0.0169330504645946,13.0
0.0,0.0167449419402593,8.0
0.0,0.0301172294163955,7.0
0.0,0.0133989052838615,5.0
0.0,0.0253298067535244,6.0
0.0,0.028670697887195,14.0
0.0,0.0142562976418221,14.0
0.0,0.0100294371136483,15.0
0.0,0.0170799183374617,14.0
0.0,0.0296379500345453,11.0
0.0,0.0385980415118972,13.0
0.0,0.0149839804255056,10.0
0.0,0.0174742643137987,14.0
0.0,0.011948826180478,15.0
0.0,0.0235206829764684,14.0
0.0,0.0158237889015672,14.0
0.0,0.0176765103071989,15.0
0.0,0.0229080337208161,15.0
0.0,0.0041997493767789,12.0
0.0,0.0107648926685028,12.0
0.0,0.0198078648747657,13.0
0.0,0.0086994762209319,14.0
0.0,0.0,12.0
0.0,0.0,12.0
0.0,0.0,12.0
0.0,0.0,15.0
0.0,0.0,13.0
0.0,0.0,15.0
0.0,0.0,15.0
0.0,0.0,15.0
0.0,0.0,11.0
0.0,0.0,14.0
0.0,0.0,14.0
0.0,0.0,11.0
0.0,0.0,13.0
0.0,0.0,15.0
0.0,0.0,13.0
4499.0,0.0073708528685781,15.0
2374.0,0.0122187456715042,14.0
28436.0,0.0232204674055009,14.0
25682.0,0.0302842504813891,12.0
48264.0,0.0224905309014528,11.0
40036.0,0.0154781248867203,12.0
14897.0,0.0375282494031927,15.0
26473.0,0.0,13.0
47.0,0.021733700889955,14.0
1747.0,0.0380288985699981,12.0
11256.0,0.0169823459789194,13.0
1343.0,0.0405415712152921,13.0
0.0,0.0435930870442055,14.0
9004.0,0.0322025043951689,9.0
14785.0,0.0133489694445028,10.0
19408.0,0.0451196030658427,9.0
24456.0,0.0251989291056266,11.0
10737.0,0.02614993096766,11.0
34776.0,0.034032841488491,14.0
14163.0,0.0416378203910052,13.0
44924.0,0.040178026405798,13.0
33957.0,0.0568276269383772,14.0
23619.0,0.0235125246502516,9.0
31007.0,0.0524059097735623,13.0
27750.0,0.0324743924640975,9.0
27935.0,0.014355821749659,15.0
39949.0,0.0165783930499547,14.0
34888.0,0.0331227387550215,15.0
22559.0,0.0288324607456118,12.0
30932.0,0.0264401919071713,10.0
44661.0,0.0329016787294949,11.0
54532.0,0.0242797133977297,8.0
48352.0,0.0302552883784172,12.0
48743.0,0.0352406339061309,9.0
47189.0,0.0379616026381247,6.0
27148.0,0.0352911543944398,9.0
12971.0,0.0124090027967768,8.0
14774.0,0.0,7.0
26682.0,0.0239578486348994,7.0
20632.0,0.0368059254553033,7.0
28622.0,0.0297791828299327,10.0
8058.0,0.0383760005735521,9.0
8357.0,0.0335446234744709,10.0
15252.0,0.0165649916763483,5.0
10360.0,0.0100193606559536,5.0
7863.0,0.0443576074414935,6.0
20264.0,0.0259248750808666,7.0
8708.0,0.0152930394048997,9.0
6028.0,0.0272824139163943,2.0
17872.0,0.0334203805174558,6.0
16690.0,0.0275973454987043,8.0
7420.0,0.0322348303091769,9.0
26254.0,0.0303027648771177,7.0
16368.0,0.0209798243696731,8.0
13160.0,0.0239140484804601,3.0
6866.0,0.0332623757475349,6.0
23441.0,0.0161322475716607,6.0
13670.0,0.0312438059670701,5.0
4132.0,0.0099475871570218,3.0
12021.0,0.0439014013297083,7.0
14261.0,0.0347159271488904,11.0
18266.0,0.0249345872780744,12.0
25522.0,0.0367615925186039,8.0
13114.0,0.0277575561195348,11.0
6212.0,0.021097135346883,8.0
607.0,0.0228274061157315,12.0
27707.0,0.0225195109492666,7.0
24947.0,0.0290399038897045,13.0
22482.0,0.0284132740230616,6.0
27876.0,0.0325331845369549,8.0
14739.0,0.0322345826199954,10.0
20966.0,0.0443236662634065,6.0
29007.0,0.045690378279377,4.0
9714.0,0.0381360988083868,7.0
12920.0,0.0391800716889756,3.0
19541.0,0.0242625920970636,13.0
11822.0,0.0177092091120194,10.0
993.0,0.035713967504818,9.0
2257.0,0.0132135988214787,15.0
0.0,0.0111153215966733,11.0
2265.0,0.0345958008193701,9.0
0.0,0.0117749459766209,6.0
6695.0,0.0228785535499501,2.0
0.0,0.0294540143803659,4.0
12394.0,0.0153470707270622,2.0
0.0,0.0419590369175279,9.0
1211.0,0.0082321638229337,6.0
0.0,0.0200499988941965,6.0
4525.0,0.0289767447340914,5.0
0.0,0.0193547992729786,7.0
0.0,0.0308005480100247,5.0
0.0,0.0435398441294262,3.0
0.0,0.0067364309057018,10.0
0.0,0.030134883395999,6.0
0.0,0.0153377958516682,10.0
0.0,0.0105264793401021,8.0
0.0,0.0,7.0
0.0,0.0,10.0
0.0,0.0,6.0
0.0,0.0,8.0
0.0,0.0,9.0
0.0,0.0,5.0
0.0,0.0,6.0
0.0,0.0,9.0
0.0,0.0,4.0
0.0,0.0,9.0
0.0,0.0,8.0
0.0,0.0,7.0
0.0,0.0,7.0
0.0,0.0,5.0
0.0,0.0,3.0
0.0,0.0,5.0
0.0,0.0,7.0
0.0,0.0,7.0
0.0,0.0,5.0
0.0,0.0,6.0
0.0,0.0,5.0
0.0,0.0,9.0
0.0,0.0,11.0
0.0,0.0,12.0
0.0,0.0,14.0
0.0,0.0,9.0
0.0,0.0254834359353925,9.0
0.0,0.0,6.0
0.0,0.0269072101377247,7.0
0.0,0.0,11.0
0.0,0.0155758978197844,8.0
0.0,0.0189659732232898,6.0
0.0,0.0094617203753933,5.0
0.0,0.0023823903109065,6.0
0.0,0.010114437530448,10.0
0.0,0.0329976018931984,13.0
0.0,0.0301359030173531,15.0
0.0,0.0083007455557581,15.0
0.0,0.0245998092068701,15.0
0.0,0.0101644534956075,11.0
0.0,0.0187763803729002,14.0
0.0,0.0170680732347103,12.0
0.0,0.0043043551329756,15.0
0.0,0.0109932234697655,13.0
0.0,0.0176376252265478,11.0
0.0,0.0220192146732754,15.0
0.0,0.0193175679302338,12.0
0.0,0.0231325222827095,12.0
0.0,0.0189915349216797,15.0
0.0,0.0267991915318874,12.0
0.0,0.0166155742063996,15.0
0.0,0.0,13.0
0.0,0.0,13.0
0.0,0.0,15.0
0.0,0.0,11.0
0.0,0.0,11.0
0.0,0.0,14.0
0.0,0.0,15.0
0.0,0.0,11.0
0.0,0.0,13.0
0.0,0.0,11.0
0.0,0.0,11.0
0.0,0.0,11.0
0.0,0.0,12.0
0.0,0.0,14.0
0.0,0.0,13.0
23552.0,0.0262331406598729,10.0
6463.0,0.0236331112122025,13.0
38676.0,0.0063766487990657,14.0
43656.0,0.0154173000916457,12.0
58824.0,0.01819166559681,13.0
16389.0,0.0520115324779408,15.0
14718.0,0.0338476364926832,15.0
10058.0,0.0113818255052622,12.0
14897.0,0.0223294562256047,10.0
4615.0,0.0416884102905821,14.0
22035.0,0.0214098536098154,14.0
6421.0,0.0218278394172626,15.0
13631.0,0.0570091395998319,13.0
22612.0,0.035785353713056,10.0
19080.0,0.0146395403581977,12.0
16944.0,0.0220852377317544,13.0
27004.0,0.0310524132110994,10.0
6206.0,0.0408014682853903,15.0
22871.0,0.0199081891743733,14.0
19170.0,0.0318477854753484,15.0
36244.0,0.0295183759368716,13.0
37290.0,0.0160946525545701,12.0
15314.0,0.0213632829778687,12.0
21895.0,0.0071005726108353,9.0
25643.0,0.0265235694663219,8.0
31866.0,0.0206304776633537,13.0
37071.0,0.0176497951305251,12.0
36404.0,0.0161376875399293,11.0
24433.0,0.0228492440874525,9.0
35862.0,0.028730760155056,14.0
57808.0,0.0362882974181533,12.0
50429.0,0.0235229697122226,10.0
47987.0,0.0275779396601392,12.0
58798.0,0.0202532337550976,10.0
38824.0,0.0201563991433779,10.0
9777.0,0.0243346224126346,5.0
11069.0,0.0086849193052592,4.0
12491.0,0.0430860066676917,3.0
34183.0,0.0103530146222961,14.0
34150.0,0.0,8.0
20100.0,0.0119255352367416,8.0
3495.0,0.0039941909709466,6.0
22895.0,0.0086590869923196,9.0
7786.0,0.0356484576538247,9.0
8122.0,0.0358481801705638,3.0
21847.0,0.0201584375068832,9.0
15170.0,0.0053138829624498,11.0
11914.0,0.0389186412347963,8.0
12243.0,0.0257179048852262,6.0
25315.0,0.015265930362079,10.0
30387.0,0.0201406587533581,9.0
11627.0,0.034315299909201,14.0
14002.0,0.0313744868051729,7.0
24019.0,0.0086209210470967,5.0
17394.0,0.0500714201858148,9.0
7357.0,0.024662522570231,5.0
23146.0,0.0315427483495012,5.0
15467.0,0.0237039774804288,8.0
16210.0,0.0265465779762721,7.0
6595.0,0.0244332098380604,7.0
21726.0,0.0353810733854424,7.0
16391.0,0.0179367329527047,10.0
25543.0,0.0293088137889827,12.0
3130.0,0.0325013639054206,8.0
5532.0,0.0212283443657819,13.0
0.0,0.0362397442165756,11.0
22200.0,0.0333523756127606,7.0
28092.0,0.0190306145219092,12.0
30215.0,0.0120522364448226,6.0
31530.0,0.0279270866296886,9.0
18054.0,0.0131289095289928,11.0
10077.0,0.0230060300349777,9.0
20559.0,0.0219866064678848,8.0
21248.0,0.0371421859775952,5.0
38342.0,0.0339726563436447,6.0
18043.0,0.0291674582594689,9.0
24129.0,0.0211033857146594,8.0
12531.0,0.0172037575080755,8.0
6852.0,0.0157799628046379,12.0
2144.0,0.0149057655006359,9.0
2953.0,0.0288234424357686,6.0
6202.0,0.0364963332427786,11.0
2933.0,0.0254061155123878,6.0
1229.0,0.0077367619678734,5.0
4183.0,0.0,7.0
0.0,0.0173915762552982,8.0
9842.0,0.0087344956647995,6.0
4194.0,0.0165554471210327,6.0
0.0,0.0312750302909634,5.0
0.0,0.0031165962856271,7.0
0.0,0.0136731640723743,9.0
0.0,0.0008739091272669,7.0
0.0,0.0280618104748287,7.0
0.0,0.0153778750510736,7.0
0.0,0.0260575401223224,12.0
0.0,0.0316330376328149,8.0
0.0,0.0,8.0
0.0,0.0,11.0
0.0,0.0,9.0
0.0,0.0,8.0
0.0,0.0,8.0
0.0,0.0,8.0
0.0,0.0,6.0
0.0,0.0,8.0
0.0,0.0,6.0
0.0,0.0,12.0
0.0,0.0,4.0
0.0,0.0,5.0
0.0,0.0,9.0
0.0,0.0,5.0
0.0,0.0,4.0
0.0,0.0,5.0
0.0,0.0,3.0
0.0,0.0,7.0
0.0,0.0,5.0
0.0,0.0,8.0
0.0,0.0,5.0
0.0,0.0,6.0
0.0,0.0,14.0
0.0,0.0,6.0
0.0,0.0,11.0
0.0,0.0,15.0
0.0,0.0098713646448213,13.0
0.0,0.0222087093097317,5.0
0.0,0.0,6.0
0.0,0.0176162902012294,15.0
0.0,0.0049888074488925,7.0
0.0,0.0072390789325709,6.0
0.0,0.0,5.0
0.0,0.0229428078683947,8.0
0.0,0.0,12.0
0.0,0.009498189904802,12.0
0.0,0.0224393358817852,15.0
0.0,0.0199468453365887,10.0
0.0,0.0305611796651743,14.0
0.0,0.0247204495343249,13.0
0.0,0.0192139674028945,13.0
0.0,0.0021920643810267,15.0
0.0,0.002660837653792,12.0
0.0,0.015717761501596,15.0
0.0,0.0250651465319085,11.0
0.0,0.022432842143096,11.0
0.0,0.0219612130689388,14.0
0.0,0.0254380623299996,12.0
0.0,0.0192840655263796,15.0
0.0,0.0110602836187888,13.0
0.0,0.024064548637751,13.0
0.0,0.0,13.0
0.0,0.0,14.0
0.0,0.0,15.0
0.0,0.0,10.0
0.0,0.0,11.0
0.0,0.0,14.0
0.0,0.0,10.0
0.0,0.0,13.0
0.0,0.0,15.0
0.0,0.0,13.0
0.0,0.0,15.0
0.0,0.0,12.0
0.0,0.0,13.0
0.0,0.0,14.0
0.0,0.0,15.0
10496.0,0.0214201021952738,14.0
9860.0,0.0008076620825856,10.0
38817.0,0.0243058788126443,10.0
38343.0,0.0221250222551079,15.0
52150.0,0.0189706745131491,12.0
39140.0,0.040524173886085,14.0
9224.0,0.02098047541381,15.0
8328.0,0.0142299083735691,15.0
7317.0,0.0394278272627175,8.0
4774.0,0.0272511069217843,12.0
14189.0,0.0338362078009845,15.0
17383.0,0.0560098880685254,13.0
0.0,0.0258873800820886,14.0
11583.0,0.0405068035216988,8.0
22432.0,0.0183240440930923,7.0
20010.0,0.0371426714232714,14.0
22901.0,0.03073759785412,15.0
10580.0,0.0344021266421375,11.0
36825.0,0.0333128239417355,13.0
17197.0,0.014426476157517,11.0
30961.0,0.016156567154163,12.0
29136.0,0.0441317460043356,13.0
10172.0,0.0351727125270196,13.0
18309.0,0.0125233384361593,13.0
23585.0,0.0354192122944686,13.0
30458.0,0.0173617859265487,8.0
38499.0,0.0323566697547957,9.0
27147.0,0.0192584506206021,10.0
30505.0,0.0211613722411474,12.0
27356.0,0.0517903797400039,11.0
43577.0,0.0164641058156392,11.0
49097.0,0.0427572507713683,11.0
46391.0,0.0253428201038378,14.0
52011.0,0.047186140659521,9.0
38614.0,0.0208620361635424,8.0
19506.0,0.0467352464568001,8.0
12236.0,0.0092310766643335,8.0
14580.0,0.0214955459799224,9.0
28862.0,0.0212476065534225,9.0
36967.0,0.0183864815049728,9.0
24296.0,0.0345549385746476,9.0
1883.0,0.0397548265719927,6.0
5714.0,0.0355389760717559,7.0
10346.0,0.0320569449930426,8.0
15757.0,0.0223780246916113,2.0
10949.0,0.0268970350374043,11.0
13905.0,0.0318978928740283,10.0
22158.0,0.0440691844431196,7.0
15711.0,0.0153657495621862,1.0
27605.0,0.0297164067112328,6.0
29181.0,0.0439272063778162,9.0
5339.0,0.0332213587587326,10.0
29156.0,0.0165995371233798,9.0
21297.0,0.0217595323425076,6.0
18126.0,0.0405364950133989,6.0
7226.0,0.0488899821585326,6.0
30312.0,0.0349713837169991,7.0
16062.0,0.012356442321908,6.0
16910.0,0.0105149412972073,5.0
14711.0,0.0315232565417646,6.0
12927.0,0.0441978008195863,9.0
10682.0,0.010915405496896,10.0
25506.0,0.0239068554799344,6.0
11214.0,0.0160349811092609,10.0
8074.0,0.02698662555798,13.0
11097.0,0.0259946587350515,13.0
21735.0,0.0159876047764304,6.0
21283.0,0.0185164509966682,12.0
28425.0,0.0235488618055606,7.0
27461.0,0.032056144155342,6.0
12092.0,0.0228755251062335,7.0
12193.0,0.0216996451937362,11.0
16055.0,0.0217879602102746,9.0
2822.0,0.0289844576269534,6.0
15359.0,0.0351099966470151,3.0
10277.0,0.0187333441917799,11.0
12882.0,0.0184776262500283,7.0
0.0,0.0124126429215121,11.0
9061.0,0.0363968405784918,13.0
839.0,0.0180378565889691,10.0
263.0,0.0124462848085428,13.0
5126.0,0.0422711850274324,10.0
0.0,0.0224085818696007,4.0
0.0,0.029453263126932,6.0
7139.0,0.0364636328416232,7.0
11325.0,0.0127302230080283,9.0
3251.0,0.0145588389094793,5.0
4701.0,0.015879901349351,6.0
5271.0,0.0283826021192342,5.0
0.0,0.0090007153451564,6.0
0.0,0.0203214629426057,7.0
0.0,0.0093201083192537,7.0
0.0,0.032624652592852,3.0
0.0,0.03084388079414,6.0
0.0,0.0173384658458699,8.0
0.0,0.0200995175006307,11.0
0.0,0.0,7.0
0.0,0.0,10.0
0.0,0.0,7.0
0.0,0.0,8.0
0.0,0.0,10.0
0.0,0.0,10.0
0.0,0.0,11.0
0.0,0.0,10.0
0.0,0.0,8.0
0.0,0.0,11.0
0.0,0.0,7.0
0.0,0.0,3.0
0.0,0.0,7.0
0.0,0.0,8.0
0.0,0.0,3.0
0.0,0.0,8.0
0.0,0.0,4.0
0.0,0.0,5.0
0.0,0.0,0.0
0.0,0.0,6.0
0.0,0.0,3.0
0.0,0.0,9.0
0.0,0.0,10.0
0.0,0.0,10.0
0.0,0.0,12.0
0.0,0.0,12.0
0.0,0.0119346881700316,7.0
0.0,0.0180016031001209,3.0
0.0,0.0033403533294826,4.0
0.0,0.0101715227868722,10.0
0.0,0.0212943976830878,4.0
0.0,0.0311817348146438,5.0
0.0,0.0241686030673452,4.0
0.0,0.0278368028683423,9.0
0.0,0.0172491359785671,13.0
0.0,0.0233166022553687,12.0
0.0,0.0117539247991536,12.0
0.0,0.0045048195491839,12.0
0.0,0.0114727550421765,12.0
0.0,0.037339248328508,15.0
0.0,0.0126122225988711,13.0
0.0,0.0306042507488479,15.0
0.0,0.024543854208949,14.0
0.0,0.0219927149227453,15.0
0.0,0.0080178056604173,12.0
0.0,0.0058568621923471,14.0
0.0,0.011330700348709,9.0
0.0,0.0,15.0
0.0,0.0,13.0
0.0,0.0107017477733898,12.0
0.0,0.0213681847932134,13.0
0.0,0.0,11.0
0.0,0.0,13.0
0.0,0.0,12.0
0.0,0.0,15.0
0.0,0.0,13.0
0.0,0.0,15.0
0.0,0.0,12.0
0.0,0.0,13.0
0.0,0.0,15.0
0.0,0.0,14.0
0.0,0.0,12.0
0.0,0.0,12.0
0.0,0.0,15.0
0.0,0.0,14.0
0.0,0.0,11.0
23229.0,0.0159872868987489,15.0
8974.0,0.0244062218299582,13.0
28283.0,0.0317659709308078,15.0
42143.0,0.0003540982768242,13.0
47809.0,0.0236465910995198,10.0
35557.0,0.0122099810708216,10.0
12979.0,0.0145260488923251,10.0
14050.0,0.0222731937683823,12.0
3642.0,0.0335520740497593,15.0
10626.0,0.0509959384271709,12.0
14817.0,0.0367660708027108,12.0
7667.0,0.0439297260002366,14.0
10684.0,0.0268371650768798,14.0
18158.0,0.0356620341377181,9.0
20601.0,0.0150625606590933,7.0
22511.0,0.0330754958289738,12.0
28198.0,0.0166997520580733,14.0
4692.0,0.0324035061306448,10.0
23028.0,0.0410606209511665,11.0
15150.0,0.0325428548021087,11.0
33368.0,0.023511890003874,9.0
29067.0,0.0395360377865642,14.0
20770.0,0.037827425593736,6.0
29159.0,0.0314291749354972,12.0
32348.0,0.0139077702430293,7.0
36158.0,0.0304885460208602,11.0
37763.0,0.0371381336720435,9.0
29215.0,0.0229477678589261,15.0
35698.0,0.0472377197394914,14.0
36696.0,0.0052606673518487,12.0
52629.0,0.020989136974896,13.0
56521.0,0.0359341850144878,10.0
36792.0,0.0379511353854552,14.0
53142.0,0.0121641647249115,12.0
46808.0,0.0104765022423081,8.0
21408.0,0.011538546178507,7.0
20637.0,0.0088291027154916,7.0
5360.0,0.0234660682346984,1.0
18444.0,0.0207061507480255,10.0
47288.0,0.0153424711716201,12.0
23739.0,0.0061149146218365,9.0
3761.0,0.0407255933501628,6.0
7108.0,0.0173174878529013,14.0
9845.0,0.0274871570161646,10.0
10372.0,0.0397953244627519,5.0
24964.0,0.0048564954781209,6.0
7081.0,0.0259185255685656,10.0
2871.0,0.0447435125652634,12.0
17826.0,0.0280823148130517,6.0
23068.0,0.004783539509861,8.0
19404.0,0.0068778759118735,7.0
9664.0,0.0238624837961057,6.0
24365.0,0.0355831768341278,11.0
7991.0,0.0096982561559759,6.0
12673.0,0.0316938483288905,6.0
10185.0,0.0215505514737587,7.0
31766.0,0.0182143001555818,4.0
18174.0,0.029676893489679,9.0
15322.0,0.0326437246062868,12.0
5302.0,0.022373239869694,4.0
24074.0,0.0155702194338766,4.0
12948.0,0.0341792749622205,6.0
20946.0,0.0148025620973589,9.0
2600.0,0.0256200532618786,10.0
2018.0,0.0285756161568681,13.0
5631.0,0.0199510574832894,14.0
19747.0,0.0145601971655145,6.0
15551.0,0.0193326037368822,13.0
24935.0,0.0295475452760731,9.0
35517.0,0.0422956203406627,9.0
7655.0,0.0284876615567424,6.0
3669.0,0.0295782345192277,6.0
21501.0,0.0159424376445459,7.0
16595.0,0.0265458978346335,3.0
21066.0,0.0231386203588346,6.0
6268.0,0.0285086751173811,12.0
16407.0,0.025073038008931,5.0
6871.0,0.0288658019613966,11.0
11711.0,0.0263566539234215,13.0
12725.0,0.0134677011935598,13.0
5905.0,0.0279319489582866,9.0
0.0,0.0061071903813788,10.0
4697.0,0.0276527484681933,3.0
5130.0,0.0,6.0
6410.0,0.0217234496946945,8.0
564.0,0.0052432482232994,9.0
0.0,0.0023004956429364,9.0
8677.0,0.0259946349597403,8.0
311.0,0.0076796543261705,4.0
0.0,0.004324775275419,5.0
0.0,0.0196991882283923,7.0
0.0,0.0059319343898858,5.0
0.0,0.0359724846985617,9.0
0.0,0.0213013364608331,3.0
0.0,0.0135134499906105,8.0
0.0,0.0214703785224296,6.0
0.0,0.0,8.0
0.0,0.0,6.0
0.0,0.0,12.0
0.0,0.0,7.0
0.0,0.0,7.0
0.0,0.0,8.0
0.0,0.0,4.0
0.0,0.0,10.0
0.0,0.0,7.0
0.0,0.0,14.0
0.0,0.0,6.0
0.0,0.0,5.0
0.0,0.0,14.0
0.0,0.0,10.0
0.0,0.0,7.0
0.0,0.0,4.0
0.0,0.0,5.0
0.0,0.0,7.0
0.0,0.0,6.0
0.0,0.0,7.0
0.0,0.0,7.0
0.0,0.0,6.0
0.0,0.0,13.0
0.0,0.0,11.0
0.0,0.0,14.0
0.0,0.0,12.0
0.0,0.0137443248460233,12.0
0.0,0.0178215248016648,5.0
0.0,0.0150134199130692,7.0
0.0,0.0064512452107113,12.0
0.0,0.0297375070926455,7.0
0.0,0.0089118769397997,5.0
0.0,0.0150727084373884,5.0
0.0,0.0217104949112499,8.0
0.0,0.0172965044802212,12.0
0.0,0.0058024877806788,9.0
0.0,0.0069716714859312,12.0
0.0,0.0163990309174413,15.0
0.0,0.0250491819346185,13.0
0.0,0.0244271141353126,13.0
0.0,0.0132436516886787,13.0
0.0,0.0237671930352053,13.0
0.0,0.016531237748895,12.0
0.0,0.0122338027412509,12.0
0.0,0.0038863905381339,11.0
0.0,0.0156274086238414,11.0
0.0,0.0209519835246783,15.0
0.0,0.0299310656382759,12.0
0.0,0.0091750446077289,15.0
0.0,0.0026878407404939,11.0
0.0,0.0160573345130016,15.0
0.0,0.0,12.0
0.0,0.0,12.0
0.0,0.0,10.0
0.0,0.0,8.0
0.0,0.0,14.0
0.0,0.0,13.0
0.0,0.0,14.0
0.0,0.0,13.0
0.0,0.0,11.0
0.0,0.0,15.0
0.0,0.0,15.0
0.0,0.0,12.0
0.0,0.0,12.0
0.0,0.0,13.0
0.0,0.0,14.0
6093.0,0.0272333932146355,15.0
5368.0,0.0159969174264891,15.0
31974.0,0.0186355719566262,14.0
36057.0,0.0094468966884482,11.0
49129.0,0.0219876780267425,14.0
27210.0,0.0345455331500325,13.0
10086.0,0.0280720800555306,14.0
10881.0,0.0361605436126646,15.0
13500.0,0.0434199632892908,14.0
11029.0,0.0242816103424635,15.0
9654.0,0.0361994229377981,15.0
12961.0,0.0069626394926937,14.0
1294.0,0.0513360995454537,8.0
15033.0,0.0636521446407231,8.0
13380.0,0.0201525331905324,9.0
20966.0,0.0309140657322558,13.0
28454.0,0.0256906133653791,11.0
2586.0,0.0215959327288038,9.0
20949.0,0.0106026257162085,15.0
18313.0,0.0307456376697323,10.0
31779.0,0.0409586029210305,11.0
43433.0,0.0341059301543355,13.0
7995.0,0.007759035259894,12.0
23648.0,0.040166219732558,13.0
25314.0,0.0505591630629297,12.0
24117.0,0.0334272920113193,8.0
27992.0,0.0352087268209572,14.0
46770.0,0.0161015526757166,11.0
25684.0,0.0418148398253,13.0
27683.0,0.0297914964128132,15.0
50962.0,0.0269922592974581,11.0
57574.0,0.0197537829521666,12.0
45023.0,0.0475616297916069,12.0
51467.0,0.0369079866945947,8.0
52190.0,0.0183689270343439,8.0
11218.0,0.0207038435468174,9.0
16515.0,0.037750890160621,11.0
5572.0,0.0264793228711239,5.0
21527.0,0.0127039618004845,11.0
41662.0,0.0239536604643406,11.0
6547.0,0.0309911206635845,10.0
9262.0,0.0247083848231224,7.0
9776.0,0.0148635364759908,7.0
13512.0,0.0558822102869207,8.0
13140.0,0.0226657456090536,3.0
13975.0,0.0157144358516904,5.0
15161.0,0.022315870679525,10.0
11010.0,0.0385180235449625,9.0
19733.0,0.0258269472922307,3.0
24238.0,0.0237401153484737,4.0
30085.0,0.0300889829309107,9.0
23004.0,0.0296482050095231,13.0
23377.0,0.0247803750057495,8.0
6415.0,0.0365711976694758,10.0
20186.0,0.0341105399851174,10.0
3681.0,0.0361945797636477,5.0
27269.0,0.028871524345147,5.0
9542.0,0.0284478093263459,7.0
6947.0,0.0208443612651742,8.0
9651.0,0.0164137605440266,9.0
2783.0,0.0026168579523289,7.0
15651.0,0.0343042105731238,11.0
15623.0,0.0190844605719267,8.0
15999.0,0.0195115297710559,8.0
17940.0,0.0285973273918226,13.0
2758.0,0.0456658972483962,12.0
29743.0,0.0407598216865199,9.0
18600.0,0.0073148407896545,11.0
20938.0,0.0382665251055414,10.0
23801.0,0.0320719110285244,6.0
21806.0,0.010501694375357,10.0
0.0,0.0534565606428043,6.0
17747.0,0.0174797569354552,7.0
17223.0,0.0168407064237081,6.0
25896.0,0.0402347240962671,7.0
15844.0,0.027200789871548,12.0
13748.0,0.0245976857421115,7.0
14996.0,0.0495442557476216,8.0
3365.0,0.0296737097475303,12.0
5178.0,0.024938549686725,10.0
7060.0,0.0243728819759201,4.0
3354.0,0.0056029395810225,7.0
1228.0,0.0283517173176466,4.0
4711.0,0.0316891981357782,6.0
8904.0,0.0185531057161479,4.0
10701.0,0.0229031613296462,8.0
9383.0,0.0059402178036128,6.0
0.0,0.0253306715128036,6.0
5049.0,0.0188404346855875,7.0
0.0,0.0184083089375137,6.0
0.0,0.0246337486291756,4.0
0.0,0.0112392879573711,4.0
0.0,0.0122956043037344,8.0
0.0,0.002836785087315,8.0
0.0,0.0192632787164857,10.0
0.0,0.0167069382494662,9.0
0.0,0.0,6.0
0.0,0.0,6.0
0.0,0.0,8.0
0.0,0.0,5.0
0.0,0.0,7.0
0.0,0.0,9.0
0.0,0.0,4.0
0.0,0.0,8.0
0.0,0.0,8.0
0.0,0.0,12.0
0.0,0.0,7.0
0.0,0.0,5.0
0.0,0.0,8.0
0.0,0.0,9.0
0.0,0.0,3.0
0.0,0.0,5.0
0.0,0.0,3.0
0.0,0.0,3.0
0.0,0.0,0.0
0.0,0.0,8.0
0.0,0.0,3.0
0.0,0.0,7.0
0.0,0.0,12.0
0.0,0.0,9.0
0.0,0.0,14.0
0.0,0.0,11.0
0.0,0.0311435109381904,9.0
0.0,0.024762403547997,3.0
0.0,0.0118337620944051,3.0
0.0,0.0066987120960094,8.0
0.0,0.0418001409629288,7.0
0.0,0.0334900123131122,7.0
0.0,0.0272900498678151,6.0
0.0,0.0018684278279976,5.0
0.0,0.0202227926059483,12.0
0.0,0.0061818370180382,11.0
0.0,0.0423168977949728,14.0
0.0,0.0069006087909382,13.0
0.0,0.0,10.0
0.0,0.0111617793225682,14.0
0.0,0.0,13.0
0.0,0.0117540283354588,15.0
0.0,0.0081078951507151,11.0
0.0,0.0221685599333176,15.0
0.0,0.0,15.0
0.0,0.0246508789660851,10.0
0.0,0.0159721431332877,12.0
0.0,0.0107700302795313,12.0
0.0,0.0163156802658379,11.0
0.0,0.039080613571787,12.0
0.0,0.0114370903384084,11.0
0.0,0.0,11.0
0.0,0.0,15.0
0.0,0.0,14.0
0.0,0.0,12.0
0.0,0.0,12.0
0.0,0.0,12.0
0.0,0.0,15.0
0.0,0.0,11.0
0.0,0.0,15.0
0.0,0.0,13.0
0.0,0.0,12.0
0.0,0.0,11.0
0.0,0.0,13.0
0.0,0.0,14.0
0.0,0.0,10.0
16785.0,0.0101695775036592,14.0
9903.0,0.0335327116515915,13.0
17366.0,0.019572124800065,13.0
40316.0,0.017676093644533,12.0
47074.0,0.0487289366564324,14.0
27487.0,0.032204156877802,15.0
11088.0,0.0126298384250195,14.0
0.0,0.050424265818064,12.0
3189.0,0.0338049379242926,11.0
17460.0,0.0332604587727666,15.0
4636.0,0.0289819210659326,15.0
15808.0,0.0498290258650143,14.0
6571.0,0.051951375265973,14.0
16396.0,0.0353236340709798,7.0
24925.0,0.0122960319026455,8.0
13121.0,0.0596131698833667,10.0
36240.0,0.0398228598165286,11.0
13789.0,0.0242737611749686,9.0
36164.0,0.0434777954024678,10.0
17758.0,0.0390192248513293,14.0
39360.0,0.0275021670097042,11.0
32452.0,0.0241909281261087,12.0
18211.0,0.0071794824563439,7.0
16272.0,0.0088627176494922,14.0
26818.0,0.0174615795023238,8.0
19132.0,0.0109400858772351,11.0
39845.0,0.028297973666969,12.0
16281.0,0.0327281169104588,10.0
25725.0,0.0484137062110529,10.0
37624.0,0.0121661358805666,11.0
58006.0,0.0084228534872813,14.0
61530.0,0.0187441913740734,8.0
44796.0,0.0090515566076701,15.0
53323.0,0.0141437375701241,9.0
50625.0,0.0024943851245865,9.0
19351.0,0.0292600277312544,11.0
17208.0,0.0307231110275581,8.0
8253.0,0.0347130884411481,3.0
28451.0,0.023580436528274,11.0
32922.0,0.0297757943659027,8.0
22860.0,0.0021644738038085,9.0
0.0,0.0392371995034925,11.0
11837.0,0.0253448742387344,8.0
16416.0,0.0383123685331896,10.0
8531.0,0.0168093242064238,6.0
17859.0,0.0456318646841216,7.0
7868.0,0.0137466089760429,8.0
6156.0,0.0144559146747338,6.0
11574.0,0.036563031857713,5.0
18315.0,0.0076932381677242,12.0
35159.0,0.029379228971465,9.0
15612.0,0.0540887906770799,12.0
23118.0,0.040386941552586,5.0
12817.0,0.0092317469942162,6.0
621.0,0.0325769762508215,8.0
17985.0,0.0198657396281552,7.0
23909.0,0.0338631030707384,5.0
13052.0,0.0250425882071381,5.0
3237.0,0.016131448620109,6.0
16177.0,0.0353042357024525,9.0
17680.0,0.0167357295355564,5.0
16370.0,0.0171645749567007,9.0
18892.0,0.0271081531428213,9.0
13902.0,0.020798271925866,7.0
3305.0,0.0347376884384973,13.0
17742.0,0.0190842843516064,14.0
22653.0,0.0335479564342417,5.0
20159.0,0.0210781450627799,13.0
21539.0,0.0209199758419526,9.0
31015.0,0.028566305886022,8.0
13680.0,0.026819282670807,9.0
20352.0,0.0390901738344785,12.0
21901.0,0.0335877089667762,6.0
23312.0,0.0321125207812908,7.0
20563.0,0.0499925736217344,3.0
21332.0,0.0370313933506436,7.0
7556.0,0.0259486633556458,4.0
1772.0,0.0355302802884719,11.0
5187.0,0.0196064725618099,7.0
0.0,0.017426542959973,11.0
13385.0,0.0247447908884699,10.0
1735.0,0.0261403752985994,7.0
0.0,0.0194058376566557,6.0
0.0,0.0147475894940356,5.0
0.0,0.0301526238303027,9.0
5841.0,0.0158269757545285,9.0
2591.0,0.0285567800000199,9.0
3050.0,0.023775751158433,4.0
0.0,0.0232093715372729,3.0
0.0,0.0332148230674078,1.0
0.0,0.0143766817075481,6.0
0.0,0.023534538295567,8.0
0.0,0.036634041946726,8.0
0.0,0.030040559737576,4.0
0.0,0.0438393755796524,3.0
0.0,0.0287188303039625,7.0
0.0,0.0,9.0
0.0,0.0,8.0
0.0,0.0,8.0
0.0,0.0,12.0
0.0,0.0,10.0
0.0,0.0,7.0
0.0,0.0,6.0
0.0,0.0,13.0
0.0,0.0,6.0
0.0,0.0,15.0
0.0,0.0,3.0
0.0,0.0,8.0
0.0,0.0,6.0
0.0,0.0,7.0
0.0,0.0,6.0
0.0,0.0,10.0
0.0,0.0,4.0
0.0,0.0,7.0
0.0,0.0,6.0
0.0,0.0,10.0
0.0,0.0,6.0
0.0,0.0,9.0
0.0,0.0,11.0
0.0,0.0,9.0
0.0,0.0,12.0
0.0,0.0,14.0
0.0,0.0153146349782878,11.0
0.0,0.0018352381569157,1.0
0.0,0.0171141947009066,5.0
0.0,0.0,10.0
0.0,0.020103055710534,5.0
0.0,0.0370143449107881,5.0
0.0,0.0036055628965328,6.0
0.0,0.0164128040954048,8.0
0.0,0.0286026719447199,14.0
0.0,0.0224033713178285,15.0
0.0,0.0151164830654039,14.0
0.0,0.0114655051673017,13.0
0.0,0.0341014170667717,15.0
0.0,0.0186224024999696,13.0
0.0,0.0,10.0
0.0,0.0162587315294342,12.0
0.0,0.023638991527607,13.0
0.0,0.00946703292103,15.0
0.0,0.0276205100733858,14.0
0.0,0.0,15.0
0.0,0.0237988674880456,12.0
0.0,0.0011775998115471,13.0
0.0,0.0221881835609707,14.0
0.0,0.0141893835516534,11.0
0.0,0.0026451883685241,15.0
0.0,0.0,14.0
0.0,0.0,13.0
0.0,0.0,12.0
0.0,0.0,10.0
0.0,0.0,15.0
0.0,0.0,11.0
0.0,0.0,15.0
0.0,0.0,13.0
0.0,0.0,15.0
0.0,0.0,15.0
0.0,0.0,12.0
0.0,0.0,14.0
0.0,0.0,11.0
0.0,0.0,13.0
0.0,0.0,10.0
12584.0,0.0,10.0
7713.0,0.0255805495703983,13.0
25853.0,0.0317056300732796,13.0
43813.0,0.011624084135931,12.0
54069.0,0.0142311945491245,5.0
25399.0,0.009546398321948,13.0
11119.0,0.0167392166239454,15.0
8054.0,0.0146011541975019,11.0
5025.0,0.0371583051552276,12.0
3688.0,0.0382449641666401,13.0
18154.0,0.0178165098007883,11.0
8842.0,0.0427967164816995,11.0
1613.0,0.0382854439686157,14.0
23017.0,0.016053322922953,9.0
21247.0,0.0368344315539549,7.0
29058.0,0.04139831181721,7.0
20657.0,0.0350599903081253,8.0
8608.0,0.0448679903755865,6.0
22145.0,0.0209030156411916,15.0
25757.0,0.0260991977510156,15.0
33497.0,0.0225741018263421,14.0
22821.0,0.0455025846304662,15.0
12133.0,0.0337554054764232,12.0
17260.0,0.0399511344548689,11.0
16086.0,0.0212085438304802,12.0
25137.0,0.0330912084791119,7.0
42782.0,0.0227198260034117,10.0
35603.0,0.0208137485179059,12.0
26350.0,0.0267587974260896,14.0
20745.0,0.0289631147885656,11.0
57193.0,0.0378127309834607,12.0
60179.0,0.0287888150457846,12.0
41300.0,0.0222552223411497,15.0
56814.0,0.0358418120799765,10.0
45049.0,0.0121664184630227,8.0
2387.0,0.0302642782473186,11.0
3527.0,0.0230975719441322,8.0
3357.0,0.0265642298792993,8.0
19460.0,0.0125674530588211,10.0
25545.0,0.0237155898791282,13.0
17779.0,0.0163138592339324,9.0
6437.0,0.0355427563947087,5.0
14946.0,0.0277072686130705,6.0
15530.0,0.0271181896060623,9.0
3374.0,0.0407109963313519,7.0
33223.0,0.033185840961748,9.0
11474.0,0.0248322767326675,8.0
18883.0,0.0260843516541536,9.0
8211.0,0.0317106813630116,3.0
22882.0,0.0209411163689391,7.0
25623.0,0.0352376724612062,7.0
1596.0,0.022216663508372,10.0
27952.0,0.0157667293239022,7.0
13301.0,0.016337223027919,6.0
0.0,0.0372032076430624,7.0
8368.0,0.0269443182028268,6.0
28171.0,0.0118402339103097,8.0
8048.0,0.0012210736800225,12.0
15224.0,0.0316614295060948,10.0
26511.0,0.0282941281578419,6.0
9897.0,0.0243826712121828,6.0
8265.0,0.0256406583830414,11.0
23724.0,0.0023553144850319,12.0
10100.0,0.0315021200918958,10.0
9515.0,0.0299185577255719,10.0
2123.0,0.0432571836746762,13.0
23671.0,0.0194344599649905,9.0
25986.0,0.0196880374668172,12.0
30915.0,0.0321911652916147,8.0
35603.0,0.0191291547014204,7.0
7531.0,0.0478445437505595,7.0
6656.0,0.0348443625631485,9.0
12368.0,0.0364859085434127,8.0
16589.0,0.0055506391811581,8.0
19070.0,0.0316235797704176,2.0
8233.0,0.0216787061447863,7.0
4763.0,0.0122970056697796,8.0
0.0,0.0047280299410297,9.0
0.0,0.034451609324605,9.0
6171.0,0.021099275068688,11.0
7256.0,0.0,12.0
0.0,0.0207417829799244,9.0
3769.0,0.0177212482774014,4.0
2817.0,0.0378722769688375,7.0
0.0,0.0276381053344845,7.0
8546.0,0.030266955835386,6.0
6021.0,0.0202192324039352,11.0
0.0,0.0314479608257743,2.0
0.0,0.0273171588758266,7.0
0.0,0.0151997081954858,4.0
0.0,0.0266506901445172,5.0
0.0,0.0343719668459044,4.0
0.0,0.0059802439631533,4.0
0.0,0.0287144805578757,7.0
0.0,0.0336410280101958,11.0
0.0,0.0218024002413542,6.0
0.0,0.0,6.0
0.0,0.0,8.0
0.0,0.0,12.0
0.0,0.0,8.0
0.0,0.0,6.0
0.0,0.0,8.0
0.0,0.0,6.0
0.0,0.0,10.0
0.0,0.0,6.0
0.0,0.0,13.0
0.0,0.0,4.0
0.0,0.0,2.0
0.0,0.0,8.0
0.0,0.0,11.0
0.0,0.0,1.0
0.0,0.0,6.0
0.0,0.0,2.0
0.0,0.0,5.0
0.0,0.0,3.0
0.0,0.0,5.0
0.0,0.0,2.0
0.0,0.0,9.0
0.0,0.0,15.0
0.0,0.0,12.0
0.0,0.0,14.0
0.0,0.0,14.0
0.0,0.0027405743284698,8.0
0.0,0.0061824039531542,4.0
0.0,0.0181913074273887,4.0
0.0,0.0219320943185605,7.0
0.0,0.0048423941953686,5.0
0.0,0.0151077556621763,9.0
0.0,0.0122429971929491,9.0
0.0,0.0232324639645888,8.0
0.0,0.0198636380431472,14.0
0.0,0.0080343838474524,13.0
0.0,0.030816463258952,14.0
0.0,0.0149755818216986,13.0
0.0,0.0098142556705438,11.0
0.0,0.0244982747380242,15.0
0.0,0.0253977057925756,14.0
0.0,0.0182782231588792,14.0
0.0,0.0273366964897361,14.0
0.0,0.0229699596391789,14.0
0.0,0.005230817551047,15.0
0.0,0.0241774439614169,12.0
0.0,0.0033217718673299,13.0
0.0,0.0191188464985722,13.0
0.0,0.0105985064235214,12.0
0.0,0.0205742816244046,14.0
0.0,0.0131988568350004,13.0
0.0,0.0,10.0
0.0,0.0,12.0
0.0,0.0,12.0
0.0,0.0,13.0
0.0,0.0,13.0
0.0,0.0,15.0
0.0,0.0,15.0
0.0,0.0,15.0
0.0,0.0,14.0
0.0,0.0,15.0
0.0,0.0,11.0
0.0,0.0,13.0
0.0,0.0,14.0
0.0,0.0,15.0
0.0,0.0,12.0
20718.0,0.0261368931877521,13.0
9857.0,0.0210535914111781,11.0
24443.0,0.0372276900828761,12.0
39102.0,0.0192370704346537,12.0
50767.0,0.0026416276677828,13.0
30316.0,0.019618130501566,11.0
7606.0,0.022760601942113,15.0
15514.0,0.0226659216583097,15.0
1164.0,0.0167988676042397,11.0
12337.0,0.0327152147410484,13.0
18216.0,0.0329224320652857,13.0
11511.0,0.0284970896995161,14.0
11518.0,0.0374044218200048,13.0
21535.0,0.0409008931015707,6.0
13488.0,0.0302252682135293,10.0
14562.0,0.0309169522176964,11.0
26659.0,0.0318661644301038,14.0
4497.0,0.0202707385464448,11.0
36998.0,0.0375657089576307,14.0
25296.0,0.0388725749689211,13.0
24511.0,0.027666097732181,12.0
25065.0,0.0373169152231596,15.0
21800.0,0.040639232147865,13.0
29651.0,0.0229911711525262,11.0
23497.0,0.0222020775607791,11.0
33088.0,0.0353135925189785,8.0
35197.0,0.0031763002741419,12.0
33725.0,0.0371301007023574,10.0
23338.0,0.0253661031864254,12.0
31576.0,0.0289148317119898,15.0
50270.0,0.0300206762656282,11.0
48190.0,0.0174715072830533,14.0
42532.0,0.0224084180562404,11.0
42718.0,0.03119785036867,11.0
52400.0,0.0349695373518546,7.0
8743.0,0.0334052996706784,11.0
12592.0,0.0145443345274912,7.0
5135.0,0.0277031861860937,7.0
28344.0,0.038371276709248,10.0
27516.0,0.0217944201744902,14.0
13366.0,0.0250031513516295,8.0
7008.0,0.0300134282708318,10.0
0.0,0.0367611577223434,9.0
14616.0,0.0431393774952484,9.0
2486.0,0.026399487976929,7.0
23842.0,0.0288818417074219,7.0
0.0,0.0318712081972683,8.0
10548.0,0.0373255067112519,8.0
13026.0,0.0276381365213688,0.0
21891.0,0.0331786182700837,6.0
27213.0,0.0231124701595631,6.0
12793.0,0.0338922907657935,11.0
24948.0,0.0418503006281878,8.0
21553.0,0.0325802582205518,6.0
17878.0,0.0125327364834087,5.0
10097.0,0.0410112495498872,6.0
26534.0,0.0268032083780511,5.0
17197.0,0.0271806444608241,6.0
0.0,0.0334529154639289,9.0
12939.0,0.0278655062183791,10.0
25686.0,0.0267936306846089,7.0
3311.0,0.0209479888147348,10.0
24508.0,0.0195710172619143,14.0
21014.0,0.0256520287970391,9.0
14681.0,0.0054258051914017,10.0
9788.0,0.0309434146415177,11.0
22411.0,0.0329661941162651,8.0
31398.0,0.0355211520430408,13.0
26471.0,0.0316989229488563,13.0
33795.0,0.0052382897899981,7.0
11477.0,0.0079142922419539,8.0
12194.0,0.0194836844720899,10.0
7859.0,0.0443599034053322,7.0
11018.0,0.0114823405020101,8.0
21778.0,0.0183168655022239,3.0
9465.0,0.0208056403761414,9.0
18044.0,0.0213954664689704,5.0
4535.0,0.0286032385742155,9.0
3935.0,0.0354772357092785,12.0
2862.0,0.0219936638951776,12.0
474.0,0.0226454839184489,8.0
1294.0,0.0,11.0
6099.0,0.0305521679356254,3.0
2243.0,0.0272910372228778,4.0
375.0,0.0255501666047058,8.0
3204.0,0.0224418798524716,10.0
6710.0,0.0325794832249282,8.0
6331.0,0.0102143324466385,3.0
0.0,0.0179146990338054,6.0
0.0,0.0337695699141028,5.0
0.0,0.0227880293574387,5.0
0.0,0.0234237311221125,3.0
0.0,0.0364353401882331,9.0
0.0,0.0097900591071012,5.0
0.0,0.0186199088410859,7.0
0.0,0.0082264267880604,7.0
0.0,0.0,7.0
0.0,0.0,8.0
0.0,0.0,8.0
0.0,0.0,8.0
0.0,0.0,6.0
0.0,0.0,10.0
0.0,0.0,4.0
0.0,0.0,13.0
0.0,0.0,4.0
0.0,0.0,13.0
0.0,0.0,7.0
0.0,0.0,6.0
0.0,0.0,9.0
0.0,0.0,9.0
0.0,0.0,3.0
0.0,0.0,5.0
0.0,0.0,3.0
0.0,0.0,3.0
0.0,0.0,3.0
0.0,0.0,4.0
0.0,0.0,2.0
0.0,0.0,7.0
0.0,0.0,14.0
0.0,0.0,9.0
0.0,0.0,12.0
0.0,0.0,12.0
0.0,0.0206499508091863,10.0
0.0,0.0047157475659989,6.0
0.0,0.0206794684169294,0.0
0.0,0.0252885786954714,11.0
0.0,0.0179832074115843,11.0
0.0,0.013065606630567,8.0
0.0,0.0136728824803643,5.0
0.0,0.0052427306699577,7.0
0.0,0.0257271820969918,12.0
0.0,0.0248683271660314,14.0
0.0,0.0166959604329292,10.0
0.0,0.0169344319897588,14.0
0.0,0.0196300220854904,12.0
0.0,0.0195181346811642,13.0
0.0,0.006909684080256,13.0
0.0,0.0312008635926643,15.0
0.0,0.0318332817174476,15.0
0.0,0.0098099743520916,10.0
0.0,0.01778827384209,12.0
0.0,0.0011078164312846,12.0
0.0,0.0093130543594219,13.0
0.0,0.0172113577231395,15.0
0.0,0.0,14.0
0.0,0.0186462584030676,13.0
0.0,0.0107322536057596,12.0
0.0,0.0,12.0
0.0,0.0,14.0
0.0,0.0,14.0
0.0,0.0,13.0
0.0,0.0,13.0
0.0,0.0,11.0
0.0,0.0,12.0
0.0,0.0,13.0
0.0,0.0,14.0
0.0,0.0,11.0
0.0,0.0,12.0
0.0,0.0,14.0
0.0,0.0,15.0
0.0,0.0,12.0
0.0,0.0,11.0
19359.0,0.0121330651986571,15.0
7885.0,0.0122093233524678,13.0
19688.0,0.040604291256576,10.0
41179.0,0.0110149692820534,15.0
50515.0,0.0291982344873069,10.0
29835.0,0.0103088752864219,13.0
9363.0,0.0162534746942072,15.0
9228.0,0.0285918082109937,15.0
9666.0,0.0294770171679145,11.0
10309.0,0.0245615598798441,15.0
8999.0,0.033031694881936,12.0
10001.0,0.0467905606148574,14.0
835.0,0.0320162577143357,14.0
19353.0,0.0417352849207776,7.0
1725.0,0.0233457644320543,11.0
20720.0,0.0386659333240163,9.0
21808.0,0.0298867913542241,12.0
10439.0,0.0375738198784196,11.0
25282.0,0.053123272920504,12.0
22752.0,0.0176418017376865,15.0
32492.0,0.0484044475415499,10.0
29653.0,0.0352789919160796,11.0
24589.0,0.0146453434186092,10.0
22137.0,0.0320922569840069,12.0
19105.0,0.0381829088369855,11.0
29223.0,0.0261727876234445,10.0
42011.0,0.017986437898192,12.0
34229.0,0.0163177878160078,10.0
19189.0,0.0182164950697325,13.0
30903.0,0.0269734430419524,13.0
51972.0,0.0261400393283385,10.0
52784.0,0.0545696574571679,11.0
42989.0,0.0402505099913805,12.0
57427.0,0.0231475163371027,11.0
41125.0,0.0183588406228499,13.0
11450.0,0.0279712506197883,10.0
6919.0,0.0227461672206174,7.0
6086.0,0.0206206955849016,4.0
26303.0,0.0441637250736597,8.0
38836.0,0.0292941959028251,10.0
18580.0,0.0154220395699649,8.0
11660.0,0.019646017545599,9.0
10911.0,0.0270567314014392,9.0
9202.0,0.0209023167801267,9.0
3875.0,0.0285776013525272,5.0
21748.0,0.0087808001242709,9.0
15284.0,0.0407861538056119,8.0
6802.0,0.0115480279883888,8.0
15457.0,0.0339925134548783,3.0
15538.0,0.0267922810620378,3.0
33128.0,0.0388677674327494,9.0
8231.0,0.0254881297827401,7.0
22461.0,0.0343764006297821,6.0
18526.0,0.023624082026668,5.0
9765.0,0.0332428604759353,6.0
5664.0,0.0262375431709503,8.0
29716.0,0.014901394985488,5.0
19740.0,0.029418796843919,7.0
16660.0,0.02147588517171,7.0
4585.0,0.0424877749187304,9.0
11337.0,0.0364717290021862,9.0
10637.0,0.021193823316912,11.0
6397.0,0.0243475939726721,11.0
5807.0,0.0223365335729042,7.0
16081.0,0.0390306541593694,12.0
782.0,0.0532407017025127,12.0
28250.0,0.0304325636749722,3.0
16507.0,0.0197559981836013,11.0
30272.0,0.018583179575491,8.0
10931.0,0.0471079125188639,11.0
22083.0,0.022071671929813,10.0
12830.0,0.01829849479316,9.0
17769.0,0.0297389090465173,12.0
26206.0,0.022356847395627,5.0
24925.0,0.0314728352094839,5.0
16552.0,0.0211597972766154,11.0
17094.0,0.0463494673204943,4.0
12395.0,0.0315551921643402,10.0
0.0,0.0154851694051088,12.0
0.0,0.0121267325918359,12.0
6820.0,0.0108674090249754,9.0
0.0,0.0249269335943003,7.0
8469.0,0.0254640405222315,7.0
0.0,0.0119735504831672,8.0
3214.0,0.0319620332995399,8.0
6266.0,0.0210623606390821,9.0
7383.0,0.0154300356539812,7.0
11434.0,0.0221764211500936,4.0
1192.0,0.0,7.0
0.0,0.0181589989372083,5.0
0.0,0.0003955046820198,3.0
0.0,0.0335013369447378,5.0
0.0,0.0222726951903419,10.0
0.0,0.0149256315396452,6.0
0.0,0.0,10.0
0.0,0.0332613376473144,9.0
0.0,0.0,10.0
0.0,0.0,8.0
0.0,0.0,8.0
0.0,0.0,8.0
0.0,0.0,6.0
0.0,0.0,7.0
0.0,0.0,3.0
0.0,0.0,10.0
0.0,0.0,6.0
0.0,0.0,15.0
0.0,0.0,8.0
0.0,0.0,6.0
0.0,0.0,9.0
0.0,0.0,7.0
0.0,0.0,2.0
0.0,0.0,6.0
0.0,0.0,3.0
0.0,0.0,3.0
0.0,0.0,5.0
0.0,0.0,8.0
0.0,0.0,6.0
0.0,0.0,9.0
0.0,0.0,14.0
0.0,0.0,11.0
0.0,0.0,15.0
0.0,0.0,13.0
0.0,0.0135863198281392,9.0
0.0,0.017442832292222,4.0
0.0,0.0,2.0
0.0,0.0338386538525038,11.0
0.0,0.0245556062811985,7.0
0.0,0.0144441569422731,5.0
0.0,0.0227345929429785,7.0
0.0,0.0153580771933251,2.0
0.0,0.0231671160488193,13.0
0.0,0.0179647863176596,15.0
0.0,0.0086169657935279,11.0
0.0,0.0346263753343231,12.0
0.0,0.0392485104425119,11.0
0.0,0.00944347662309,12.0
0.0,0.0092774907989336,11.0
0.0,0.0084025654574903,14.0
0.0,0.0241955761157822,14.0
0.0,0.0283267059556359,12.0
0.0,0.0102506944808936,13.0
0.0,0.0311645033779523,13.0
0.0,0.0101944950031117,12.0
0.0,0.0086206483520759,15.0
0.0,0.0235377324701942,14.0
0.0,0.0158974729404413,12.0
0.0,0.0185604930700681,14.0
0.0,0.0,14.0
0.0,0.0,14.0
0.0,0.0,12.0
0.0,0.0,15.0
0.0,0.0,15.0
0.0,0.0,14.0
0.0,0.0,13.0
0.0,0.0,10.0
0.0,0.0,15.0
0.0,0.0,15.0
0.0,0.0,11.0
0.0,0.0,12.0
0.0,0.0,15.0
0.0,0.0,14.0
0.0,0.0,15.0
26778.0,0.0316373976183653,9.0
0.0,0.0320939265703945,15.0
29153.0,0.0304737401816744,14.0
32890.0,0.019560570190076,15.0
43929.0,0.0307832023338643,11.0
30837.0,0.0187605021319253,13.0
8391.0,0.025103346073803,9.0
201.0,0.0400390697362452,15.0
4195.0,0.0153269039375616,11.0
15967.0,0.0199209137917946,12.0
13646.0,0.0160882309129784,11.0
5135.0,0.0366392836313106,14.0
15035.0,0.0422136242260563,15.0
5869.0,0.0393235315134819,7.0
17282.0,0.0314657662631984,9.0
22876.0,0.0326549336827869,8.0
23609.0,0.0183954627169194,13.0
15470.0,0.0252337324709053,13.0
17595.0,0.0348632096199103,15.0
13023.0,0.0248535259011011,14.0
30302.0,0.0222015479863293,14.0
32731.0,0.0299227037216365,11.0
24723.0,0.0126432954115206,12.0
23307.0,0.0320025113948222,13.0
28809.0,0.0458357263586895,13.0
25268.0,0.0308168489582182,11.0
41290.0,0.0168076291377806,12.0
25346.0,0.0235121167056669,9.0
21162.0,0.0179983484723589,15.0
19904.0,0.0278608756476987,14.0
56948.0,0.0216070315362606,13.0
60011.0,0.0228423034175375,10.0
43537.0,0.0220974531145648,14.0
56786.0,0.0281390830114264,11.0
49089.0,0.0268213670891566,5.0
7866.0,0.0107457427990535,9.0
10826.0,0.033740642240067,10.0
33820.0,0.0197895590762468,5.0
17495.0,0.0049629297400816,13.0
25552.0,0.0258049846594116,8.0
18139.0,0.0083764346149843,6.0
6936.0,0.0412978391690348,9.0
3049.0,0.0342557607597549,7.0
11161.0,0.0336941578190311,8.0
3871.0,0.0,8.0
21822.0,0.0412350786275637,9.0
5885.0,0.0176266220195455,8.0
22123.0,0.0445926132756039,9.0
7852.0,0.0374913745195226,2.0
17356.0,0.012687100856361,7.0
17115.0,0.0200066509909696,8.0
12292.0,0.0254730088223899,8.0
17641.0,0.0356968897366189,7.0
20002.0,0.0316991632632116,7.0
23968.0,0.0277851473570997,5.0
2883.0,0.0464327197585154,5.0
25618.0,0.0229657762089883,9.0
7749.0,0.0345414816255027,6.0
8730.0,0.0368705470872712,6.0
5772.0,0.0158230525146899,5.0
16639.0,0.0187231634919981,8.0
9582.0,0.0269159878733905,12.0
12173.0,0.0346426092062409,10.0
6838.0,0.0457907114660903,10.0
0.0,0.0473738997011894,13.0
17121.0,0.0295738976647226,13.0
19931.0,0.0273742947086684,5.0
22212.0,0.0038352879666889,14.0
28246.0,0.0261878154468397,9.0
20335.0,0.0208309905007348,6.0
6874.0,0.0137508585082955,4.0
19015.0,0.0197255591069862,10.0
23068.0,0.0370929217293671,9.0
18526.0,0.015383933026578,8.0
26735.0,0.0,5.0
14812.0,0.0201867824308584,10.0
7187.0,0.0199362109766343,4.0
5081.0,0.0061726380908621,5.0
12485.0,0.0281897133259364,13.0
0.0,0.0233317113267157,14.0
19237.0,0.0241019170973488,7.0
5418.0,0.0146314064115476,7.0
7503.0,0.00144289540769,3.0
977.0,0.0075106776265404,7.0
11238.0,0.0194666934947746,8.0
9189.0,0.0340067670467492,8.0
0.0,0.0131812536569232,6.0
7156.0,0.0151872310345767,8.0
4841.0,0.0117387421670566,8.0
0.0,0.0319863073987231,9.0
0.0,0.0209193613555959,7.0
0.0,0.0162525648697905,7.0
0.0,0.0195584726710578,10.0
0.0,0.0198059737624014,9.0
0.0,0.005185673357464,6.0
0.0,0.0114760280017549,10.0
0.0,0.0,9.0
0.0,0.0,7.0
0.0,0.0,10.0
0.0,0.0,10.0
0.0,0.0,8.0
0.0,0.0,5.0
0.0,0.0,3.0
0.0,0.0,13.0
0.0,0.0,7.0
0.0,0.0,11.0
0.0,0.0,6.0
0.0,0.0,8.0
0.0,0.0,9.0
0.0,0.0,7.0
0.0,0.0,5.0
0.0,0.0,4.0
0.0,0.0,6.0
0.0,0.0,4.0
0.0,0.0,4.0
0.0,0.0,2.0
0.0,0.0,7.0
0.0,0.0,8.0
0.0,0.0,15.0
0.0,0.0,10.0
0.0,0.0,10.0
0.0,0.0,12.0
0.0,0.0071926568104191,10.0
0.0,0.0173213095515187,7.0
0.0,0.0166755325508256,7.0
0.0,0.0208015112260523,11.0
0.0,0.0045365967401024,6.0
0.0,0.0147627037795435,4.0
0.0,0.0132343224286586,7.0
0.0,0.0205869572769898,5.0
0.0,0.0136800387925626,11.0
0.0,0.0192471038119317,13.0
0.0,0.0322869348724141,13.0
0.0,0.0186319037863186,14.0
0.0,0.0007121276177954,9.0
0.0,0.0,12.0
0.0,0.0,13.0
0.0,0.0150674103508868,12.0
0.0,0.0188103128421844,12.0
0.0,0.0,14.0
0.0,0.0217063112514858,15.0
0.0,0.0127243735848413,8.0
0.0,0.0101290194576121,15.0
0.0,0.0308643372265216,15.0
0.0,0.0094299266534586,15.0
0.0,0.0138329612396942,13.0
0.0,0.0206703353874962,14.0
0.0,0.0,11.0
0.0,0.0,13.0
0.0,0.0,10.0
0.0,0.0,13.0
0.0,0.0,15.0
0.0,0.0,12.0
0.0,0.0,13.0
0.0,0.0,13.0
0.0,0.0,11.0
0.0,0.0,15.0
0.0,0.0,14.0
0.0,0.0,11.0
0.0,0.0,12.0
0.0,0.0,10.0
0.0,0.0,13.0
22405.0,0.0,15.0
13238.0,0.0,12.0
23527.0,0.022471485317299,14.0
35412.0,0.0154746022853325,10.0
50346.0,0.0311684231625027,10.0
20833.0,0.0126900428329225,12.0
15009.0,0.0273490489947434,10.0
11598.0,0.0356213319731583,14.0
6011.0,0.0126679147058382,13.0
2487.0,0.032766384628302,13.0
3401.0,0.029782071799637,10.0
11927.0,0.0507157891019535,13.0
8275.0,0.0439405900311499,13.0
9655.0,0.0496909095963041,6.0
11582.0,0.0507470642163566,10.0
30715.0,0.0271192811158336,4.0
24584.0,0.0032248507805517,13.0
7231.0,0.050244961050913,12.0
20767.0,0.0203588128978761,13.0
17497.0,0.0356567158989161,12.0
30172.0,0.0247756120404333,12.0
31658.0,0.0485623481528947,15.0
17368.0,0.0372101331714263,13.0
26053.0,0.0316622832700907,15.0
18407.0,0.0256531610823507,11.0
22606.0,0.0287819068902274,11.0
40085.0,0.0321236682435431,11.0
25347.0,0.0117711533069848,12.0
28567.0,0.042018193091687,13.0
19590.0,0.0219536475719726,12.0
58716.0,0.0352381855999538,9.0
42749.0,0.0172571271059076,8.0
44764.0,0.0464069421907216,11.0
47226.0,0.0292146327815973,14.0
37655.0,0.0090133035706108,4.0
19449.0,0.0051004880569229,5.0
18547.0,0.0244678090553277,8.0
6145.0,0.0403931491200667,3.0
28630.0,0.0365460658884215,12.0
31005.0,0.0273975865315806,12.0
30150.0,0.0294244358703308,9.0
6934.0,0.0228416151604647,8.0
5131.0,0.0247895059797543,9.0
13867.0,0.0293454515594127,9.0
3139.0,0.0129373973124175,0.0
22714.0,0.0270738300152357,8.0
10118.0,0.0292739090774651,8.0
0.0,0.0267153079353951,11.0
10329.0,0.0134424527885939,9.0
31228.0,0.0419096506286039,7.0
21322.0,0.0387175748183095,9.0
12549.0,0.0341583523318639,11.0
33396.0,0.0253425078531609,7.0
5869.0,0.0295006475139232,5.0
22617.0,0.0282108599402668,5.0
0.0,0.0,5.0
19465.0,0.011392697772735,6.0
10679.0,0.0360369399614853,9.0
18018.0,0.0,10.0
11105.0,0.0028485192790684,10.0
19067.0,0.0287395165174569,8.0
6040.0,0.0357824314544026,11.0
27817.0,0.0133010473477053,9.0
15948.0,0.0269637550247987,8.0
11946.0,0.0297919932042194,13.0
9293.0,0.0384444839203131,11.0
17146.0,0.0536604737069386,9.0
28356.0,0.0244045526535631,13.0
28821.0,0.0467988645033996,8.0
24445.0,0.0,12.0
13615.0,0.0265111652139609,6.0
19147.0,0.0251917315980842,9.0
3975.0,0.0117492455624754,8.0
14052.0,0.0205443407618766,8.0
22147.0,0.0359991832853321,6.0
9920.0,0.0374408642928094,8.0
18675.0,0.0270178058684808,1.0
2995.0,0.0362105806754158,6.0
2093.0,0.0220167895453812,9.0
4778.0,0.0302754491079187,5.0
4955.0,0.0204305513174358,7.0
6287.0,0.0178530385099397,8.0
426.0,0.0131785982849978,5.0
0.0,0.0245669210299769,6.0
10314.0,0.0198516273858396,4.0
14860.0,0.0264839158410099,11.0
15386.0,0.0230379487582302,10.0
8699.0,0.026242403331724,8.0
7485.0,0.0187501354798945,11.0
0.0,0.0344100385477643,4.0
0.0,0.0147886530956702,5.0
0.0,0.0251111701323962,7.0
0.0,0.0173013995066034,6.0
0.0,0.0086210850429787,6.0
0.0,0.0161374915676378,4.0
0.0,0.0123785365127689,8.0
0.0,0.0,9.0
0.0,0.0,8.0
0.0,0.0,8.0
0.0,0.0,12.0
0.0,0.0,7.0
0.0,0.0,7.0
0.0,0.0,6.0
0.0,0.0,11.0
0.0,0.0,5.0
0.0,0.0,11.0
0.0,0.0,3.0
0.0,0.0,2.0
0.0,0.0,8.0
0.0,0.0,10.0
0.0,0.0,4.0
0.0,0.0,5.0
0.0,0.0,6.0
0.0,0.0,0.0
0.0,0.0,6.0
0.0,0.0,6.0
0.0,0.0,5.0
0.0,0.0,11.0
0.0,0.0,14.0
0.0,0.0,9.0
0.0,0.0,11.0
0.0,0.0,11.0
0.0,0.0294227838682134,12.0
0.0,0.0304971489220957,4.0
0.0,0.019171670234041,7.0
0.0,0.0253527060608833,11.0
0.0,0.0043647939678333,7.0
0.0,0.016493988039224,5.0
0.0,0.0225263362403946,8.0
0.0,0.0158623019743295,6.0
0.0,0.02720923828592,12.0
0.0,0.0350427580599313,9.0
0.0,0.0462820614271588,14.0
0.0,0.0158175464693001,14.0
0.0,0.009886472555825,14.0
0.0,0.0097917096266422,15.0
0.0,0.0334160053226693,8.0
0.0,0.0383680951681693,15.0
0.0,0.0179175189484286,14.0
0.0,0.0,15.0
0.0,0.0103411950469057,12.0
0.0,0.0086264037128567,12.0
0.0,0.0079655830497682,11.0
0.0,0.0207617307865261,13.0
0.0,0.0108585329532884,9.0
0.0,0.0025140850953015,13.0
0.0,0.0148474452685083,11.0
0.0,0.0,15.0
0.0,0.0,14.0
0.0,0.0,15.0
0.0,0.0,11.0
0.0,0.0,11.0
0.0,0.0,15.0
0.0,0.0,15.0
0.0,0.0,13.0
0.0,0.0,14.0
0.0,0.0,15.0
0.0,0.0,9.0
0.0,0.0,11.0
0.0,0.0,13.0
0.0,0.0,14.0
0.0,0.0,10.0
12100.0,0.0323954599348446,13.0
7355.0,0.0281200330069146,9.0
24572.0,0.0244715589880518,15.0
40752.0,0.0046027906486371,10.0
49358.0,0.0241988563848489,14.0
31401.0,0.0112017688359191,15.0
5266.0,0.0353763548621058,11.0
12009.0,0.0029802678146817,12.0
19680.0,0.022840586967085,15.0
18146.0,0.0100615881993542,11.0
8427.0,0.0230438367815515,12.0
10287.0,0.0311787036250926,15.0
13061.0,0.0174615232774563,13.0
8343.0,0.0401400823138554,6.0
12958.0,0.0384654648819388,7.0
22444.0,0.0453452705637709,10.0
18597.0,0.0292353573308397,13.0
16962.0,0.0478637882056069,13.0
23487.0,0.0328077778531381,12.0
19745.0,0.0263722404036605,12.0
30138.0,0.0123528255358804,12.0
47691.0,0.034739756247908,13.0
17653.0,0.0105584707660027,11.0
22914.0,0.0364939101942295,13.0
20377.0,0.0495274961588299,13.0
23517.0,0.0242638319448908,11.0
49438.0,0.0021256759550266,13.0
38210.0,0.0272890733893971,9.0
28885.0,0.0240685934977413,11.0
27197.0,0.0003198440403092,15.0
51803.0,0.0285197740253327,12.0
50197.0,0.017901390355357,11.0
39541.0,0.0164705047742252,12.0
50251.0,0.0229769572528876,11.0
39443.0,0.0257780030503489,9.0
22462.0,0.0201342782397562,10.0
16327.0,0.0324359121576829,7.0
13527.0,0.0244946165214637,4.0
27605.0,0.0245831362729788,7.0
29786.0,0.015394453166305,5.0
8019.0,0.0349485043812494,8.0
13074.0,0.0351704958715616,7.0
10824.0,0.0138007398108854,7.0
7217.0,0.0456786344574823,9.0
2845.0,0.020517071406362,8.0
13590.0,0.0334645606817088,8.0
11120.0,0.0439781680130438,7.0
15531.0,0.0175574348576353,7.0
18168.0,0.0342064868124402,4.0
15846.0,0.014832928869897,7.0
20334.0,0.0373635970462676,8.0
21437.0,0.0267591725068039,12.0
25889.0,0.0145984060558589,10.0
7534.0,0.011265836452059,5.0
10770.0,0.0314381625355607,5.0
1666.0,0.0262116474632717,4.0
13261.0,0.0211337711305554,4.0
13348.0,0.0214684426300713,11.0
2910.0,0.0233716389984479,9.0
13851.0,0.0134714556146972,11.0
6806.0,0.0187856891513423,8.0
2152.0,0.0367055890394489,10.0
21861.0,0.0212107601293725,9.0
15288.0,0.0228185273214911,7.0
0.0,0.039996977745937,14.0
2008.0,0.0272573220088392,14.0
29102.0,0.0443174896088978,5.0
19060.0,0.0068831269566256,12.0
27334.0,0.0258077935606773,7.0
27644.0,0.0299812418178178,7.0
11026.0,0.0,7.0
6404.0,0.0167861471295836,9.0
18409.0,0.0388618517957377,9.0
9046.0,0.0378799190729404,3.0
29296.0,0.0,1.0
15544.0,0.0199551931437751,10.0
4684.0,0.0248333715477822,5.0
15651.0,0.0280803756768834,4.0
0.0,0.011675576441382,13.0
3985.0,0.0255616961557092,6.0
0.0,0.0490744117901369,14.0
11042.0,0.0250592631184891,8.0
5794.0,0.00698381178945,4.0
0.0,0.0280421301904816,4.0
0.0,0.025317559353776,3.0
4010.0,0.0190173158778663,8.0
0.0,0.0135624691436563,9.0
11118.0,0.0197325099403341,3.0
1500.0,0.0087707275423171,6.0
0.0,0.0167606724635683,6.0
0.0,0.0223616266434566,6.0
0.0,0.012624800825282,3.0
0.0,0.0,11.0
0.0,0.025019363494051,7.0
0.0,0.0261415776280263,9.0
0.0,0.022198694116802,10.0
0.0,0.0,11.0
0.0,0.0,9.0
0.0,0.0,11.0
0.0,0.0,8.0
0.0,0.0,7.0
0.0,0.0,6.0
0.0,0.0,6.0
0.0,0.0,10.0
0.0,0.0,5.0
0.0,0.0,14.0
0.0,0.0,7.0
0.0,0.0,5.0
0.0,0.0,11.0
0.0,0.0,11.0
0.0,0.0,6.0
0.0,0.0,8.0
0.0,0.0,6.0
0.0,0.0,5.0
0.0,0.0,5.0
0.0,0.0,8.0
0.0,0.0,7.0
0.0,0.0,9.0
0.0,0.0,13.0
0.0,0.0,9.0
0.0,0.0,11.0
0.0,0.0,9.0
0.0,0.0018092398170323,11.0
0.0,0.0360387728005462,6.0
0.0,0.0373653707483088,4.0
0.0,0.0097216595722495,12.0
0.0,0.014478804034356,11.0
0.0,0.0211182704993168,6.0
0.0,0.0261218984202918,7.0
0.0,0.0217476414596919,5.0
0.0,0.0149692757283104,7.0
0.0,0.0181459351355736,15.0
0.0,0.01184957085157,15.0
0.0,0.003180226052846,13.0
0.0,0.026091115477167,14.0
0.0,0.0111023012121361,12.0
0.0,0.0123516861717498,14.0
0.0,0.0068261508386506,14.0
0.0,0.0165966897639051,13.0
0.0,0.030194379008753,11.0
0.0,0.0131615029171847,13.0
0.0,0.0089421920245708,13.0
0.0,0.029263904977097,11.0
0.0,0.0176545383745298,13.0
0.0,0.0147505746190615,11.0
0.0,0.0205866778171968,10.0
0.0,0.0099291283479037,15.0
0.0,0.0,12.0
0.0,0.0,12.0
0.0,0.0,12.0
0.0,0.0,14.0
0.0,0.0,14.0
0.0,0.0,14.0
0.0,0.0,13.0
0.0,0.0,10.0
0.0,0.0,14.0
0.0,0.0,14.0
0.0,0.0,14.0
0.0,0.0,15.0
0.0,0.0,12.0
0.0,0.0,14.0
0.0,0.0,11.0
23496.0,0.0309293612577035,13.0
2209.0,0.0128276280539896,15.0
21214.0,0.0192280129301159,12.0
36821.0,0.0311973781044286,13.0
48590.0,0.0220201993389293,12.0
20515.0,0.0373696136047516,15.0
9392.0,0.0149573787152451,15.0
8554.0,0.0083745028362587,13.0
11834.0,0.0209631205621463,15.0
6434.0,0.0203922943512,10.0
8066.0,0.0341411203631641,12.0
9009.0,0.0188729825459338,14.0
1337.0,0.0613736272908101,11.0
27186.0,0.041778681709019,5.0
23733.0,0.0274104957036273,7.0
17228.0,0.0192214996021659,13.0
26141.0,0.0311818942126196,8.0
10176.0,0.0148973499746862,10.0
22115.0,0.0442750596361554,13.0
14235.0,0.047690328314875,11.0
23195.0,0.0261052150975202,13.0
38647.0,0.0039203546406645,14.0
12843.0,0.0304632244970558,12.0
27311.0,0.057546510690266,9.0
11175.0,0.0149037091893146,8.0
34273.0,0.0361303613884362,8.0
37634.0,0.0152513648647752,9.0
28713.0,0.0439805493694997,9.0
25622.0,0.0400794808928268,13.0
24976.0,0.0168284477887929,15.0
52491.0,0.0191815296633462,9.0
48620.0,0.0428613524892219,10.0
50680.0,0.0216501899395119,8.0
57444.0,0.040716675030694,13.0
35940.0,0.0325887146392416,9.0
22348.0,0.0234789462426518,10.0
20864.0,0.0214401364143071,7.0
12596.0,0.0132477994538852,6.0
15829.0,0.020969530303854,11.0
39553.0,0.014208448680426,10.0
19033.0,0.0254144338304504,7.0
5530.0,0.0319307746848706,8.0
0.0,0.0227732403082657,5.0
0.0,0.0246644670848216,12.0
9834.0,0.0265511088816078,7.0
6468.0,0.0294277559917456,6.0
11542.0,0.0164326771577657,6.0
3621.0,0.0169068985480713,6.0
13482.0,0.0143568112223774,2.0
34871.0,0.0206603611188415,3.0
19195.0,0.0327623603983692,9.0
19668.0,0.0098962574070778,10.0
34399.0,0.0138559813752154,7.0
15395.0,0.0410464623350305,6.0
12767.0,0.0305002536259115,8.0
0.0,0.0302271471056678,7.0
24568.0,0.0307807650655674,1.0
14639.0,0.0283006040852937,6.0
10725.0,0.0260999610310433,6.0
14728.0,0.0219133522075555,10.0
18973.0,0.0165312081226333,9.0
8417.0,0.0275737537343911,12.0
15036.0,0.0,9.0
15683.0,0.0267222526573986,7.0
0.0,0.015048080456832,14.0
12509.0,0.0184797563988332,13.0
27911.0,0.0255058180171752,6.0
28909.0,0.0160019406977611,12.0
28723.0,0.0294699127374144,8.0
27346.0,0.0347482873896082,7.0
12763.0,0.0231769977921633,7.0
12379.0,0.0274477399541344,8.0
12964.0,0.0231395427415879,11.0
6504.0,0.0033415674477299,7.0
21767.0,0.0082659152563514,1.0
11027.0,0.0109912755541939,9.0
8308.0,0.0238506790872255,4.0
0.0,0.0306534910551038,10.0
2630.0,0.0180511670686049,10.0
0.0,0.0303031331935395,10.0
14658.0,0.0127060520355347,8.0
12226.0,0.0227423673175079,10.0
0.0,0.0148053832074155,8.0
4945.0,0.0235014139985942,6.0
9895.0,0.0248768440589898,6.0
8825.0,0.0286783010025588,12.0
10441.0,0.0144876784058321,9.0
199.0,0.027910628342499,7.0
3301.0,0.0322446244035674,6.0
0.0,0.0287793082594198,10.0
0.0,0.0336455394207722,3.0
0.0,0.0175891809803336,2.0
0.0,0.0184081945322951,7.0
0.0,0.0308542711653988,11.0
0.0,0.0029484220000096,8.0
0.0,0.0123505808400742,5.0
0.0,0.0,8.0
0.0,0.0,9.0
0.0,0.0,9.0
0.0,0.0,9.0
0.0,0.0,6.0
0.0,0.0,8.0
0.0,0.0,7.0
0.0,0.0,9.0
0.0,0.0,7.0
0.0,0.0,14.0
0.0,0.0,5.0
0.0,0.0,5.0
0.0,0.0,9.0
0.0,0.0,8.0
0.0,0.0,6.0
0.0,0.0,7.0
0.0,0.0,4.0
0.0,0.0,3.0
0.0,0.0,9.0
0.0,0.0,8.0
0.0,0.0,7.0
0.0,0.0,9.0
0.0,0.0,14.0
0.0,0.0,7.0
0.0,0.0,13.0
0.0,0.0,11.0
0.0,0.0258275959246005,10.0
0.0,0.0109846986814185,5.0
0.0,0.0190998844000688,3.0
0.0,0.0300083784519299,8.0
0.0,0.0392843279427965,8.0
0.0,0.0261454601513519,3.0
0.0,0.0240216534106597,6.0
0.0,0.0164951306433474,8.0
0.0,0.0276464246383778,11.0
0.0,0.0357329320051382,12.0
0.0,0.0131185436305276,12.0
0.0,0.0,11.0
0.0,0.0104801558812761,12.0
0.0,0.0,13.0
0.0,0.0351582044317217,14.0
0.0,0.0057228730429275,15.0
0.0,0.0204669660129477,12.0
0.0,0.0201537313152263,13.0
0.0,0.0112576118407024,11.0
0.0,0.0096359467344286,15.0
0.0,0.0292458474245333,14.0
0.0,0.016090913105744,14.0
0.0,0.0,13.0
0.0,0.0203736411334686,7.0
0.0,0.013154626106388,12.0
0.0,0.0,14.0
0.0,0.0,11.0
0.0,0.0,12.0
0.0,0.0,12.0
0.0,0.0,12.0
0.0,0.0,13.0
0.0,0.0,15.0
0.0,0.0,12.0
0.0,0.0,14.0
0.0,0.0,15.0
0.0,0.0,14.0
0.0,0.0,13.0
0.0,0.0,13.0
0.0,0.0,11.0
0.0,0.0,15.0
19582.0,0.0130695916119474,13.0
823.0,0.0444915555719181,12.0
32506.0,0.008844821707703,15.0
44384.0,0.0003504562052723,12.0
49453.0,0.0058178569649011,14.0
32230.0,0.0376337732977471,11.0
15021.0,0.0071934963610586,14.0
9233.0,0.0235754943217687,15.0
1794.0,0.0228097950160461,11.0
8117.0,0.0405997156217061,13.0
13764.0,0.0223735276725189,12.0
16459.0,0.0443017597653748,12.0
0.0,0.0200771773590568,15.0
17614.0,0.0241495859248956,10.0
4993.0,0.0379047580189242,9.0
19520.0,0.0310332933102363,13.0
11728.0,0.0439069179799154,9.0
6046.0,0.0230036267412204,13.0
28541.0,0.0171903343256418,12.0
18009.0,0.0336195527387422,9.0
35399.0,0.0283155196596615,11.0
32359.0,0.037982070945729,9.0
10099.0,0.0225033739044508,11.0
14019.0,0.0334182603686647,11.0
32129.0,0.0302116841501343,10.0
25833.0,0.032673125195606,10.0
31578.0,0.0337790284485584,12.0
28314.0,0.034661034249145,10.0
33043.0,0.02651747220997,12.0
29037.0,0.0443834904563199,14.0
67826.0,0.0209741009327537,10.0
55696.0,0.0198802167277199,11.0
48326.0,0.0346547851108131,15.0
51133.0,0.0303382118598229,7.0
38761.0,0.036037892005833,9.0
18525.0,0.0124533740744688,9.0
14427.0,0.008390591393545,11.0
13515.0,0.0346854322542012,6.0
19635.0,0.0267805288946661,12.0
41490.0,0.0289781915989994,12.0
13583.0,0.0176553653773163,11.0
19630.0,0.0384868763417147,9.0
8977.0,0.0364649006776417,7.0
18585.0,0.0340661585793802,7.0
1950.0,0.0225371904325031,7.0
27494.0,0.0306227357247262,9.0
10096.0,0.0452258646622646,6.0
0.0,0.0199309359891937,8.0
9114.0,0.0325238551306001,3.0
20735.0,0.0379014770512618,6.0
23227.0,0.0239241411985804,7.0
13776.0,0.0145696734651082,10.0
28849.0,0.0253061464146523,8.0
18877.0,0.0338681837676558,5.0
20876.0,0.0381398667851181,7.0
868.0,0.0349950259734739,4.0
27231.0,0.032233911063027,6.0
15651.0,0.0353927543210164,7.0
9590.0,0.0155040724328045,9.0
20609.0,0.0260204584451383,12.0
11242.0,0.0277519259807314,6.0
8781.0,0.0163442359985082,12.0
22407.0,0.0339347653604126,10.0
11421.0,0.0423928484286342,6.0
5275.0,0.0328569917442542,15.0
13883.0,0.0218783537559326,13.0
23317.0,0.0426030176332963,11.0
26450.0,0.0242960994598006,8.0
36080.0,0.0532487677004276,9.0
28275.0,0.0397358625462783,9.0
13123.0,0.0279723002183869,5.0
12240.0,0.0506318245278791,7.0
21384.0,0.0328704060189399,8.0
17180.0,0.0397179234164948,9.0
25618.0,0.0417187149129506,4.0
10446.0,0.0387837020141632,10.0
8284.0,0.0228591101434481,4.0
12424.0,0.0234250961029987,6.0
10270.0,0.0186872596911343,10.0
486.0,0.0149750605963713,7.0
12710.0,0.030274161218995,8.0
14832.0,0.040771223020158,9.0
7397.0,0.0027632020756076,7.0
4804.0,0.0,3.0
12402.0,0.0110406488893851,8.0
5868.0,0.0312948850681948,5.0
7605.0,0.0135128937722176,5.0
7162.0,0.0326068331842437,8.0
8926.0,0.0379591665418802,7.0
0.0,0.0266274280173659,8.0
0.0,0.0174627027229886,4.0
0.0,0.0308329409729363,4.0
0.0,0.0007912938067616,10.0
0.0,0.0159779026406246,8.0
0.0,0.0179694859830185,8.0
0.0,0.0339608636304536,9.0
0.0,0.0,4.0
0.0,0.0,6.0
0.0,0.0,5.0
0.0,0.0,4.0
0.0,0.0,7.0
0.0,0.0,6.0
0.0,0.0,5.0
0.0,0.0,9.0
0.0,0.0,8.0
0.0,0.0,8.0
0.0,0.0,5.0
0.0,0.0,4.0
0.0,0.0,11.0
0.0,0.0,8.0
0.0,0.0,6.0
0.0,0.0,7.0
0.0,0.0,6.0
0.0,0.0,6.0
0.0,0.0,6.0
0.0,0.0,5.0
0.0,0.0,7.0
0.0,0.0,12.0
0.0,0.0,11.0
0.0,0.0,9.0
0.0,0.0,11.0
0.0,0.0,12.0
0.0,0.0316096591519559,10.0
0.0,0.0099462330035844,5.0
0.0,0.0198715659679077,8.0
0.0,0.0038203232002477,9.0
0.0,0.0321305458113501,5.0
0.0,0.0087306522184006,7.0
0.0,0.0207390131533482,9.0
0.0,0.0123169103715745,4.0
0.0,0.0145601912805977,15.0
0.0,0.03396544069709,13.0
0.0,0.0218270254521586,12.0
0.0,0.0085433309373089,14.0
0.0,0.0256482257293983,12.0
0.0,0.0238352369829592,13.0
0.0,0.0127362961752443,14.0
0.0,0.018960758949599,14.0
0.0,0.0115806300192324,15.0
0.0,0.0,15.0
0.0,0.0124916975117703,11.0
0.0,0.0052516736013608,15.0
0.0,0.0309418110824415,11.0
0.0,0.0202963273881585,15.0
0.0,0.0057633207173902,13.0
0.0,0.0200209682690522,14.0
0.0,0.0202019065581341,11.0
0.0,0.0,15.0
0.0,0.0,15.0
0.0,0.0,12.0
0.0,0.0,11.0
0.0,0.0,13.0
0.0,0.0,11.0
0.0,0.0,10.0
0.0,0.0,15.0
0.0,0.0,13.0
0.0,0.0,14.0
0.0,0.0,14.0
0.0,0.0,12.0
0.0,0.0,12.0
0.0,0.0,12.0
0.0,0.0,12.0
14889.0,0.0103931132201652,12.0
9802.0,0.0190663029729012,13.0
23713.0,0.0193839913611888,15.0
28883.0,0.0315433014631574,8.0
50696.0,0.0280741693881228,14.0
21383.0,0.0164952590484592,14.0
16526.0,0.0033542097667413,15.0
5999.0,0.0442475578177245,11.0
916.0,0.0215256791204505,15.0
1360.0,0.0510340839168129,13.0
5251.0,0.0419193111922083,14.0
2809.0,0.0277975999612605,12.0
3764.0,0.0373488970578704,11.0
22207.0,0.0510268124691127,7.0
18394.0,0.0235241061858163,7.0
15826.0,0.0600357898100591,9.0
29701.0,0.0257361903193846,13.0
13822.0,0.041927463368942,11.0
19485.0,0.0185261450987266,13.0
16144.0,0.0289880160359473,11.0
28677.0,0.0337840132743899,15.0
21537.0,0.0398338620713733,13.0
19331.0,0.0312960571523194,13.0
30533.0,0.008122679028004,14.0
25076.0,0.0294800102326932,11.0
27090.0,0.0361641970953205,12.0
31613.0,0.0141908173032432,13.0
25082.0,0.0244958368459201,12.0
31129.0,0.0309992973757317,14.0
45375.0,0.0202612209407556,13.0
55111.0,0.0322136325194496,12.0
50201.0,0.0187728407309319,10.0
47862.0,0.0424125139000666,15.0
48745.0,0.024298479355341,11.0
42828.0,0.0286286211848316,9.0
23482.0,0.0091589939448667,9.0
16740.0,0.0264715889592121,9.0
11067.0,0.0280231252467253,7.0
19789.0,0.0251136543327278,7.0
36622.0,0.0419288329346465,9.0
23781.0,0.027415904930285,7.0
4691.0,0.0149862357767954,11.0
3434.0,0.0272226202388371,7.0
5973.0,0.014810617765082,10.0
4203.0,0.0377326676744571,0.0
19894.0,0.0289086628394146,7.0
17612.0,0.0534073510881925,6.0
2271.0,0.0464375708178509,8.0
6678.0,0.0294316077362917,5.0
9968.0,0.0189174535451633,5.0
37330.0,0.0245973080436083,10.0
16341.0,0.028227355867414,8.0
20553.0,0.0264299375779063,7.0
9446.0,0.0125249266163997,3.0
8368.0,0.0225446478145258,7.0
9890.0,0.0250682129115467,6.0
19931.0,0.0314970275381915,5.0
11584.0,0.0285854989206529,6.0
2987.0,0.0226279627767887,7.0
9547.0,0.0382068728083051,6.0
16886.0,0.0166729032583446,10.0
10700.0,0.0425745019200046,9.0
10136.0,0.0259592965832705,10.0
8615.0,0.0245530096545155,11.0
1374.0,0.0303702739403081,12.0
1708.0,0.0404236013419007,9.0
27109.0,0.0417564163126758,4.0
25612.0,0.0153233028371151,12.0
31471.0,0.0109213945221161,4.0
30738.0,0.015342775632306,10.0
21402.0,0.0430108668082492,7.0
17729.0,0.039343155965945,9.0
16439.0,0.011679430434426,10.0
3148.0,0.0130527183702043,4.0
24868.0,0.0360752733264083,9.0
21197.0,0.0352860967456249,9.0
4972.0,0.0229650208302589,4.0
6081.0,0.0209254723536658,9.0
13405.0,0.013888392198038,12.0
7135.0,0.0397116565773613,10.0
11632.0,0.0032279382270123,11.0
11146.0,0.0358827941751572,7.0
2019.0,0.0160856605938568,5.0
6937.0,0.0141939864084179,7.0
8538.0,0.0224425368569745,8.0
2825.0,0.0278175466091248,8.0
0.0,0.0209606205158944,8.0
139.0,0.0186756840207743,6.0
5278.0,0.0175938847499126,12.0
0.0,0.0252171889974443,6.0
0.0,0.0096754345717421,4.0
0.0,0.022265998507974,4.0
0.0,0.0198062795594256,7.0
0.0,0.032633078798368,7.0
0.0,0.0128286554878633,5.0
0.0,0.0032680555531933,11.0
0.0,0.0,7.0
0.0,0.0,10.0
0.0,0.0,7.0
0.0,0.0,9.0
0.0,0.0,11.0
0.0,0.0,9.0
0.0,0.0,4.0
0.0,0.0,12.0
0.0,0.0,5.0
0.0,0.0,9.0
0.0,0.0,6.0
0.0,0.0,7.0
0.0,0.0,9.0
0.0,0.0,7.0
0.0,0.0,10.0
0.0,0.0,8.0
0.0,0.0,6.0
0.0,0.0,7.0
0.0,0.0,4.0
0.0,0.0,6.0
0.0,0.0,7.0
0.0,0.0,7.0
0.0,0.0,9.0
0.0,0.0,12.0
0.0,0.0,13.0
0.0,0.0,12.0
0.0,0.0356285672661081,15.0
0.0,0.0280371190320035,4.0
0.0,0.0045217155827024,8.0
0.0,0.0056599247143574,7.0
0.0,0.0049682574320684,8.0
0.0,0.0,4.0
0.0,0.0170167424909969,10.0
0.0,0.0275651039015024,7.0
0.0,0.0120558697306482,11.0
0.0,0.0195445032665677,10.0
0.0,0.0264475562958762,13.0
0.0,0.0,15.0
0.0,0.0209091985017078,12.0
0.0,0.009964719336339,13.0
0.0,0.0227324672241331,15.0
0.0,0.0158178461745294,13.0
0.0,0.0237684348704085,15.0
0.0,0.0254587928510404,10.0
0.0,0.0202975122418989,11.0
0.0,0.0218873387861998,13.0
0.0,0.0151788517715159,12.0
0.0,0.0171053847557128,13.0
0.0,9.106941510251056e-05,11.0
0.0,0.0246954200901756,10.0
0.0,0.0153261731899325,12.0
0.0,0.0,12.0
0.0,0.0,15.0
0.0,0.0,10.0
0.0,0.0,14.0
0.0,0.0,12.0
0.0,0.0,12.0
0.0,0.0,9.0
0.0,0.0,14.0
0.0,0.0,14.0
0.0,0.0,13.0
0.0,0.0,13.0
0.0,0.0,11.0
0.0,0.0,14.0
0.0,0.0,12.0
0.0,0.0,15.0
20837.0,0.0006221174530606,12.0
2562.0,0.0327149880620453,11.0
25847.0,0.0238087398841818,15.0
49334.0,0.0343438219490882,13.0
41724.0,0.0313832795479992,11.0
22129.0,0.0092455812458427,14.0
3757.0,0.0178904599589624,9.0
602.0,0.0307918669708855,13.0
13203.0,0.0684432679968675,13.0
5563.0,0.0308912598626307,15.0
6892.0,0.0454219105792217,13.0
13677.0,0.0381834197067798,10.0
0.0,0.0271693372671129,14.0
17065.0,0.0330522438892175,8.0
16514.0,0.0293158451906619,9.0
21335.0,0.0214436678751334,12.0
19706.0,0.0383524011040647,13.0
11323.0,0.0204690883096834,12.0
24524.0,0.0401874253312685,15.0
20095.0,0.0342559873958955,11.0
24986.0,0.0346841741959652,14.0
26164.0,0.032860532587615,15.0
13531.0,0.0217531371637278,9.0
18217.0,0.0372862260555616,12.0
17553.0,0.0263613904460309,9.0
37259.0,0.0142160978376188,9.0
40742.0,0.0285341669833955,11.0
22679.0,0.0142808510975258,7.0
24947.0,0.0273366599532084,14.0
39012.0,0.0326381091096665,10.0
47029.0,0.0382526133845198,8.0
52085.0,0.008984416823099,12.0
36394.0,0.0223343908646808,12.0
51066.0,0.0356367044600561,7.0
32914.0,0.013831342247916,7.0
3287.0,0.0509700414857276,8.0
9186.0,0.0333887877798879,8.0
13521.0,0.0191088327500194,6.0
14045.0,0.0327894739793267,11.0
30206.0,0.0226511902289087,10.0
16461.0,0.0244069700947033,10.0
18913.0,0.0373565860132264,8.0
7591.0,0.017035046765422,8.0
7403.0,0.0357592336396504,7.0
3037.0,0.0143148968314872,6.0
18363.0,0.0135178161026944,5.0
10041.0,0.0398030244151307,10.0
0.0,0.0194793479239113,9.0
10934.0,0.0238025029757689,5.0
20663.0,0.0330458220685901,4.0
34730.0,0.0103121104402008,7.0
15840.0,0.0276688155188402,11.0
15715.0,0.0173563103123806,9.0
8808.0,0.0332947730357739,5.0
18202.0,0.0,6.0
0.0,0.0335160949653429,2.0
31866.0,0.0272878070045572,6.0
21911.0,0.0156288144478986,4.0
1721.0,0.0151077348452358,6.0
14277.0,0.0366298696566304,8.0
16484.0,0.0296208434314291,9.0
6274.0,0.0255783923216794,6.0
8639.0,0.0237263714996759,10.0
5762.0,0.0100779379262642,10.0
7731.0,0.0271452853313156,12.0
10204.0,0.0413224719539883,13.0
17207.0,0.0189276205659118,7.0
29382.0,0.0186330027302457,10.0
39867.0,0.0432362902486459,5.0
21228.0,0.037085521856184,8.0
10116.0,0.0241988971928768,7.0
17493.0,0.0064773447092772,9.0
13491.0,0.0318745003544216,7.0
17111.0,0.027574120749078,6.0
18820.0,0.0387267065935246,5.0
15743.0,0.0311665381936392,8.0
6851.0,0.0308658828413677,4.0
9176.0,0.0096727435650471,9.0
4522.0,0.0282262426945477,11.0
0.0,0.025218463455765,8.0
4752.0,0.0278461176085241,7.0
0.0,0.0088614292602549,9.0
7572.0,0.0189832211115877,6.0
10311.0,0.0363318821169103,12.0
0.0,0.005541343947127,8.0
0.0,0.0384693146143366,7.0
0.0,0.0198830707867632,10.0
7810.0,0.049995973916961,3.0
0.0,0.012243112927158,6.0
0.0,0.0063298895585726,3.0
0.0,0.0287642717361699,5.0
0.0,0.0365268058410594,4.0
0.0,0.0045429940544977,8.0
0.0,0.0003649057605718,5.0
0.0,0.0351436235549886,6.0
0.0,0.0355437682664224,10.0
0.0,0.0,8.0
0.0,0.0,8.0
0.0,0.0,10.0
0.0,0.0,9.0
0.0,0.0,9.0
0.0,0.0,11.0
0.0,0.0,9.0
0.0,0.0,7.0
0.0,0.0,3.0
0.0,0.0,15.0
0.0,0.0,8.0
0.0,0.0,6.0
0.0,0.0,8.0
0.0,0.0,7.0
0.0,0.0,6.0
0.0,0.0,8.0
0.0,0.0,9.0
0.0,0.0,3.0
0.0,0.0,7.0
0.0,0.0,4.0
0.0,0.0,5.0
0.0,0.0,4.0
0.0,0.0,12.0
0.0,0.0,12.0
0.0,0.0,15.0
0.0,0.0,15.0
0.0,0.0129094630042695,11.0
0.0,0.0364785253868254,4.0
0.0,0.0260151450326616,5.0
0.0,0.0166975687866183,9.0
0.0,0.0198004037725245,9.0
0.0,0.0140384241931179,9.0
0.0,0.022409691724906,6.0
0.0,0.0047691237517823,4.0
0.0,0.0025554752804937,12.0
0.0,0.0265538224673509,13.0
0.0,0.0304658697368467,11.0
0.0,0.0104831277327856,12.0
0.0,0.0,15.0
0.0,0.0192768831188794,14.0
0.0,0.0112359280870512,10.0
0.0,0.0090791599927509,15.0
0.0,0.0134747512907425,15.0
0.0,0.0143617506849265,13.0
0.0,0.0261134133049088,14.0
0.0,0.0083532873565886,14.0
0.0,0.018348611086812,11.0
0.0,0.0162121662149733,12.0
0.0,0.0111997049208691,10.0
0.0,0.0091527884501113,13.0
0.0,0.0148664560814468,14.0
0.0,0.0,13.0
0.0,0.0,14.0
0.0,0.0,13.0
0.0,0.0,11.0
0.0,0.0,9.0
0.0,0.0,11.0
0.0,0.0,14.0
0.0,0.0,14.0
0.0,0.0,8.0
0.0,0.0,15.0
0.0,0.0,13.0
0.0,0.0,15.0
0.0,0.0,11.0
0.0,0.0,15.0
0.0,0.0,15.0
4225.0,0.0105650191956523,10.0
819.0,0.0191840122996865,14.0
24890.0,0.0150768114193515,12.0
42269.0,0.0190244972864474,15.0
48473.0,0.0304765120763424,12.0
30702.0,0.0290029526846401,15.0
8119.0,0.032019231291769,11.0
11686.0,0.0313503186923927,12.0
12364.0,0.0258343362842229,12.0
10673.0,0.0214425768089565,15.0
0.0,0.0418868596048417,15.0
17823.0,0.0183142163893398,10.0
3977.0,0.0247978339053759,12.0
17565.0,0.0308591016105258,10.0
9925.0,0.0412025151373921,7.0
23338.0,0.0366523255401067,9.0
20677.0,0.0452462997742601,12.0
4928.0,0.0267718036624306,14.0
28898.0,0.0295406405232443,15.0
19416.0,0.0517251412412892,13.0
32433.0,0.0222616013297974,11.0
32391.0,0.0320955038265655,10.0
23819.0,0.0327373632743347,10.0
17141.0,0.0362690913323181,11.0
28877.0,0.0278001813819142,11.0
34229.0,0.0167406323421512,11.0
31873.0,0.0188567029968261,11.0
30364.0,0.0260080551028037,14.0
29403.0,0.0038067506903215,11.0
38173.0,0.0082877908513226,11.0
61984.0,0.0262211346549202,13.0
60578.0,0.0279464016053925,12.0
47306.0,0.031211498442803,12.0
62276.0,0.0153774145435277,9.0
45343.0,0.0316057980060658,11.0
11314.0,0.0488062402540582,7.0
16870.0,0.0246702718644947,8.0
13109.0,0.0123532814605047,9.0
29839.0,0.0233395897518405,10.0
35471.0,0.0248691953604926,10.0
19536.0,0.0221433090345149,9.0
6417.0,0.0132186460702498,9.0
6901.0,0.0206699946734893,8.0
13690.0,0.0320950408598221,8.0
12602.0,0.027034546343324,2.0
29028.0,0.0310883885823536,4.0
6648.0,0.009683850882738,6.0
9385.0,0.0365076145029285,7.0
5364.0,0.0233614030193036,3.0
19833.0,0.0273027847836443,5.0
36453.0,0.0371591194432941,5.0
11362.0,0.016812068916058,9.0
20952.0,0.0263726342226569,7.0
17010.0,0.0340396308094019,4.0
16082.0,0.0168160274790094,6.0
0.0,0.0378108998104165,6.0
22051.0,0.0259227336275323,5.0
27051.0,0.0237329237349501,8.0
9445.0,0.0239334119071114,7.0
10825.0,0.0131741032035708,8.0
22582.0,0.035248028169743,10.0
12986.0,0.0202743403919416,11.0
20583.0,0.0272505868589031,12.0
18775.0,0.0540408331445612,8.0
8020.0,0.0333338930297292,9.0
5875.0,0.0224680034518475,13.0
20574.0,0.0337557486655197,3.0
18668.0,0.0035024478322249,12.0
28531.0,0.0208791386435208,7.0
21388.0,0.0279126319938993,8.0
15742.0,0.0259340628037047,7.0
11804.0,0.0280909935050402,7.0
19073.0,0.025655415476028,6.0
13060.0,0.0017722150787321,3.0
17634.0,0.0257587727807159,7.0
15670.0,0.0095898969230942,8.0
11218.0,0.0172315846412094,4.0
7477.0,0.0138607145566994,9.0
13221.0,0.0222260639071612,8.0
6587.0,0.0382034376876059,9.0
0.0,0.0076135622613749,6.0
5692.0,0.0236656877860495,6.0
5370.0,0.0188196855755079,5.0
3943.0,0.0036623031912151,5.0
0.0,0.013534032195405,9.0
11419.0,0.0037837586451323,7.0
11960.0,0.0086478206263489,9.0
0.0,0.0072080883917987,8.0
10627.0,0.0211404781133983,6.0
0.0,0.0253130170834119,5.0
0.0,0.0218567567421083,10.0
0.0,0.0229582955225714,3.0
0.0,0.0254672504758601,5.0
0.0,0.0194117642649383,7.0
0.0,0.0319017899302971,8.0
0.0,0.0087191799274965,10.0
0.0,0.0,8.0
0.0,0.0,9.0
0.0,0.0,9.0
0.0,0.0,11.0
0.0,0.0,9.0
0.0,0.0,10.0
0.0,0.0,5.0
0.0,0.0,13.0
0.0,0.0,3.0
0.0,0.0,13.0
0.0,0.0,3.0
0.0,0.0,6.0
0.0,0.0,6.0
0.0,0.0,8.0
0.0,0.0,1.0
0.0,0.0,5.0
0.0,0.0,5.0
0.0,0.0,4.0
0.0,0.0,7.0
0.0,0.0,4.0
0.0,0.0,10.0
0.0,0.0,6.0
0.0,0.0,13.0
0.0,0.0,6.0
0.0,0.0,13.0
0.0,0.0,12.0
0.0,0.0210511760449246,9.0
0.0,0.008509112333332,4.0
0.0,0.0164573600415017,3.0
0.0,0.0317808834681495,15.0
0.0,0.0273366590522641,4.0
0.0,0.0142437846533607,6.0
0.0,0.0333918476742872,7.0
0.0,0.0054380085336948,4.0
0.0,0.0211194733748716,15.0
0.0,0.0,12.0
0.0,0.0181059887214786,13.0
0.0,0.0045865393615687,13.0
0.0,0.0,15.0
0.0,0.0269639426351552,14.0
0.0,0.0039714020104588,11.0
0.0,0.0166221935954907,15.0
0.0,0.0,13.0
0.0,0.0163917569455678,15.0
0.0,0.0210229659236091,14.0
0.0,0.0209931199586524,13.0
0.0,0.0120459318106382,15.0
0.0,0.0108814373093331,11.0
0.0,0.0191054499148671,15.0
0.0,0.0130883111745367,13.0
0.0,0.0149069432560023,12.0
0.0,0.0,14.0
0.0,0.0,12.0
0.0,0.0,10.0
0.0,0.0,15.0
0.0,0.0,15.0
0.0,0.0,11.0
0.0,0.0,13.0
0.0,0.0,15.0
0.0,0.0,14.0
0.0,0.0,15.0
0.0,0.0,15.0
0.0,0.0,12.0
0.0,0.0,11.0
0.0,0.0,14.0
0.0,0.0,12.0
14458.0,0.0214979418700929,13.0
9199.0,0.0082977181658022,12.0
27424.0,0.0110146379328729,12.0
45921.0,0.033230800728887,13.0
50401.0,0.0123431632182561,12.0
25247.0,0.0361558083956532,15.0
21681.0,0.0081375173747028,14.0
17553.0,0.0336485762332871,10.0
7422.0,0.0171239182720971,12.0
22394.0,0.0235219233900458,13.0
8384.0,0.0264913260776713,14.0
10530.0,0.0326016196107011,12.0
5334.0,0.0407049486467303,10.0
16565.0,0.0272719563297084,7.0
20155.0,0.0228781638645871,7.0
31153.0,0.0232698989853967,11.0
32483.0,0.0180898111384246,9.0
14551.0,0.0278124293451765,14.0
20173.0,0.0321208250537645,11.0
16246.0,0.0432013777361683,13.0
40028.0,0.0215275777651204,9.0
20273.0,0.003539739407355,13.0
20808.0,0.0266465460419186,11.0
21999.0,0.0389391799957035,13.0
9079.0,0.0315410642689679,13.0
35055.0,0.0326656207553039,11.0
40234.0,0.0377765068221095,13.0
26937.0,0.0269826772059877,15.0
34172.0,0.0281855134423323,14.0
37929.0,0.0316434544848477,14.0
64824.0,0.026721491934155,14.0
59386.0,0.0183898771209576,13.0
31962.0,0.0368010802685681,15.0
58764.0,0.0142570699931601,11.0
43800.0,0.036746547734171,9.0
9685.0,0.0141938969598954,9.0
9249.0,0.0083796179737638,5.0
9758.0,0.0201575060632898,5.0
20638.0,0.0154355315082936,15.0
32920.0,0.0270824630882921,11.0
16864.0,0.0228385636949723,7.0
10994.0,0.0244581213435293,8.0
3740.0,0.0245919503070063,5.0
14334.0,0.0275860888731409,9.0
10803.0,0.0260119068320559,5.0
22045.0,0.0331519931401106,8.0
18634.0,0.0222133095948984,7.0
0.0,0.031836161094895,7.0
11023.0,0.0421946172356252,2.0
31442.0,0.0425625572415649,4.0
21837.0,0.0289671182382406,10.0
6455.0,0.0268849227003692,7.0
12100.0,0.0241091140706447,7.0
11193.0,0.0247533253195061,7.0
15644.0,0.0521402444820614,5.0
13038.0,0.026448290947048,5.0
28330.0,0.0418432876973133,8.0
15615.0,0.023031324295986,7.0
20130.0,0.0340202460644829,6.0
14824.0,0.0239202826566015,7.0
12519.0,0.0289700243920479,9.0
8221.0,0.0292168862099249,10.0
22227.0,0.0373162383102434,11.0
15146.0,0.0325686391877103,10.0
2116.0,0.0311260379847387,10.0
0.0,0.0258481323093805,10.0
23552.0,0.0196214542306669,5.0
13329.0,0.0036202684584647,10.0
19437.0,0.0208555951754127,7.0
30631.0,0.0196037091626065,8.0
19115.0,0.0519873432216875,10.0
5259.0,0.0308747809818143,6.0
22303.0,0.0273726467265841,8.0
18350.0,0.029895431451539,7.0
22059.0,0.024391675145194,4.0
14628.0,0.0257584276592364,11.0
3738.0,0.0127126780572789,6.0
8720.0,0.0290376861597199,9.0
1559.0,0.0185577675103329,12.0
12736.0,0.005225293054414,10.0
0.0,0.0284797212575756,12.0
10721.0,0.0299338544347074,10.0
0.0,0.0231272649284945,8.0
3246.0,0.0143401771782007,4.0
10048.0,0.0099282822402066,9.0
3042.0,0.0067784687637479,5.0
0.0,0.0228533275126558,9.0
0.0,0.0014134688237539,2.0
15438.0,0.0137780108517734,5.0
0.0,0.015182616866019,4.0
0.0,0.0323683914122353,5.0
0.0,0.0302034253376243,3.0
0.0,0.0150158563323562,9.0
0.0,0.0342777684835996,6.0
0.0,0.0188199139690164,7.0
0.0,0.0066526310186529,10.0
0.0,0.0,10.0
0.0,0.0,7.0
0.0,0.0,6.0
0.0,0.0,8.0
0.0,0.0,7.0
0.0,0.0,4.0
0.0,0.0,3.0
0.0,0.0,10.0
0.0,0.0,6.0
0.0,0.0,11.0
0.0,0.0,4.0
0.0,0.0,6.0
0.0,0.0,7.0
0.0,0.0,6.0
0.0,0.0,2.0
0.0,0.0,6.0
0.0,0.0,5.0
0.0,0.0,5.0
0.0,0.0,6.0
0.0,0.0,4.0
0.0,0.0,6.0
0.0,0.0,7.0
0.0,0.0,15.0
0.0,0.0,7.0
0.0,0.0,13.0
0.0,0.0,13.0
0.0,0.022846935652367,12.0
0.0,0.0047783898286165,7.0
0.0,0.0051805210706529,2.0
0.0,0.0261082329788683,13.0
0.0,0.0176334881004468,6.0
0.0,0.0021146670019505,10.0
0.0,0.0177314843555222,6.0
0.0,0.0074500327305516,5.0
0.0,0.0025996580791975,12.0
0.0,0.0039406837684327,15.0
0.0,0.0172412480534591,15.0
0.0,0.0267263052518547,12.0
0.0,0.0359344648067783,11.0
0.0,0.034328261761883,11.0
0.0,0.0182098459794099,15.0
0.0,0.0269258783639008,15.0
0.0,0.0235209914974591,13.0
0.0,0.0127226484212501,14.0
0.0,0.0140216446123396,15.0
0.0,0.004953176452915,15.0
0.0,0.011723922854647,14.0
0.0,0.0180995825681657,15.0
0.0,0.0195809985191846,12.0
0.0,0.0086157905442358,15.0
0.0,0.0048290417614668,10.0
0.0,0.0,11.0
0.0,0.0,10.0
0.0,0.0,15.0
0.0,0.0,12.0
0.0,0.0,12.0
0.0,0.0,13.0
0.0,0.0,15.0
0.0,0.0,14.0
0.0,0.0,11.0
0.0,0.0,15.0
0.0,0.0,15.0
0.0,0.0,14.0
0.0,0.0,14.0
0.0,0.0,14.0
0.0,0.0,15.0
5810.0,0.0203347963926988,15.0
3121.0,0.0194693158628712,15.0
26445.0,0.022920924163122,12.0
37360.0,0.0257312350571357,15.0
36018.0,0.0317021209115559,11.0
37540.0,0.020851919127717,11.0
9450.0,0.0,13.0
12946.0,0.0073576981679584,13.0
6662.0,0.0075459882504508,12.0
8647.0,0.0295855751054631,14.0
17061.0,0.030969645309337,13.0
9669.0,0.0295583149090523,9.0
853.0,0.0460709797004903,12.0
5273.0,0.0408214865913607,8.0
8176.0,0.0297638972170292,11.0
28366.0,0.0238213413715793,10.0
26038.0,0.0263427722157308,11.0
2613.0,0.0377002762640725,13.0
19482.0,0.0276360534153132,9.0
14930.0,0.0238586959511053,14.0
30004.0,0.012959824675573,12.0
27495.0,0.0063900734984857,15.0
18216.0,0.0453414570482946,11.0
10640.0,0.0322084502004136,15.0
22288.0,0.0323183280316962,8.0
27653.0,0.0319300382228018,9.0
49163.0,0.0331312655572413,7.0
32420.0,0.0157059995855898,14.0
20172.0,0.0274284579520492,12.0
26283.0,0.0112200097957844,11.0
55621.0,0.046069811514288,8.0
57250.0,0.0200754773199974,10.0
41434.0,0.0292094502776902,14.0
46116.0,0.0315565697918341,11.0
48990.0,0.0273561021023645,7.0
16889.0,0.0201577821717005,8.0
14323.0,0.0245780676055107,5.0
15806.0,0.0257925739297342,6.0
18227.0,0.0311640817035835,7.0
28132.0,0.024513581837499,9.0
23222.0,0.0453188042303192,6.0
5187.0,0.0228831704482994,5.0
6118.0,0.03876037993729,9.0
8388.0,0.0135121009885147,11.0
9352.0,0.0028780266274764,5.0
20251.0,0.0271940205778172,13.0
14970.0,0.0275681740406633,8.0
2856.0,0.0236557579789453,6.0
10455.0,0.0147965562886018,5.0
19929.0,0.0342332588417896,5.0
33471.0,0.0329266313322801,8.0
22281.0,0.0146647808928704,8.0
26090.0,0.0328911780455164,13.0
12040.0,0.0292783190813553,5.0
25235.0,0.018595212784882,7.0
7851.0,0.0382381359650414,6.0
19538.0,0.015919271187529,5.0
13616.0,0.0200703540827401,6.0
6582.0,0.0079581676523212,7.0
13868.0,0.0259899169319117,10.0
16343.0,0.0308321634137328,7.0
7120.0,0.035547260386336,12.0
4962.0,0.0469933680269523,12.0
1729.0,0.0460475388551434,10.0
13521.0,0.043745925018377,11.0
10215.0,0.0477502930768743,11.0
12999.0,0.0421520611778701,9.0
16378.0,0.0265351353083885,12.0
32555.0,0.0278471986845455,8.0
24832.0,0.0259567740027363,5.0
10536.0,0.0517991289345057,7.0
9208.0,0.0468718423930147,9.0
23903.0,0.0283850187708937,9.0
10333.0,0.0273324736110771,8.0
25452.0,0.0176162751107476,6.0
4612.0,0.0317045101255576,11.0
13647.0,0.0285242798709985,5.0
8276.0,0.0156846247408814,9.0
5947.0,0.0257221954747752,12.0
14981.0,0.0282934444214652,5.0
11775.0,0.0388609676212191,5.0
10735.0,0.000983890188302,10.0
6244.0,0.0305473071695385,4.0
9889.0,0.0275474756654837,4.0
3387.0,0.0231677766887739,5.0
1672.0,0.0257425057147541,9.0
0.0,0.0315097603218512,8.0
0.0,0.0099064125727306,8.0
386.0,0.0205192331080594,5.0
0.0,0.0170819923918186,4.0
0.0,0.0279348120827095,8.0
0.0,0.0,7.0
0.0,0.0284018015039367,9.0
0.0,0.02307495626332,7.0
0.0,0.0105981022974649,11.0
0.0,0.0130337081157812,7.0
0.0,0.0,8.0
0.0,0.0,7.0
0.0,0.0,11.0
0.0,0.0,9.0
0.0,0.0,6.0
0.0,0.0,11.0
0.0,0.0,6.0
0.0,0.0,12.0
0.0,0.0,6.0
0.0,0.0,11.0
0.0,0.0,5.0
0.0,0.0,8.0
0.0,0.0,10.0
0.0,0.0,9.0
0.0,0.0,7.0
0.0,0.0,6.0
0.0,0.0,7.0
0.0,0.0,5.0
0.0,0.0,6.0
0.0,0.0,8.0
0.0,0.0,4.0
0.0,0.0,6.0
0.0,0.0,15.0
0.0,0.0,9.0
0.0,0.0,11.0
0.0,0.0,11.0
0.0,0.0285234588524753,7.0
0.0,0.0181464803332184,10.0
0.0,0.0084177591000762,8.0
0.0,0.0091959225288286,9.0
0.0,0.0320915161688126,4.0
0.0,0.0185475994822817,10.0
0.0,0.0023576477422914,3.0
0.0,0.0250541520967731,7.0
0.0,0.0228088808925962,13.0
0.0,0.0121130297024211,13.0
0.0,0.0054073464982933,13.0
0.0,0.01675841723508,15.0
0.0,0.0124100260632349,13.0
0.0,0.0232141732774612,11.0
0.0,0.0076241246903326,11.0
0.0,0.0171559833066138,14.0
0.0,0.014573831183277,11.0
0.0,0.0365105768554458,13.0
0.0,0.0306748044669098,13.0
0.0,0.0112302976004469,12.0
0.0,0.0066365212413509,11.0
0.0,0.0129360550716819,15.0
0.0,0.0247798302666058,15.0
0.0,0.024428613413337,9.0
0.0,0.0424057870946891,13.0
0.0,0.0,13.0
0.0,0.0,15.0
0.0,0.0,11.0
0.0,0.0,14.0
0.0,0.0,12.0
0.0,0.0,15.0
0.0,0.0,13.0
0.0,0.0,11.0
0.0,0.0,9.0
0.0,0.0,11.0
0.0,0.0,14.0
0.0,0.0,15.0
0.0,0.0,13.0
0.0,0.0,14.0
0.0,0.0,15.0
21652.0,0.0277410390894765,15.0
12796.0,0.005754291659639,14.0
19177.0,0.02092094978268,15.0
36687.0,0.0249830779617001,12.0
52573.0,0.0181192565585084,14.0
30825.0,0.0128241150806036,12.0
4640.0,0.0512507620291731,13.0
7672.0,0.0238131624391817,11.0
15131.0,0.0380421959967029,10.0
8345.0,0.0423253544082831,15.0
21528.0,0.016763651100172,11.0
5851.0,0.034825663757544,13.0
6572.0,0.0497663164163553,13.0
28419.0,0.043306729393027,6.0
24622.0,0.0068929723830858,9.0
12916.0,0.026049911672429,7.0
18160.0,0.0377769806070823,13.0
15813.0,0.0315226111636771,13.0
38899.0,0.0199904757465666,12.0
19958.0,0.027549162217081,13.0
43700.0,0.0379083449631571,14.0
35535.0,0.0405693076069374,15.0
18653.0,0.0268298927497407,12.0
35689.0,0.0349949585557637,13.0
12899.0,0.0299579972820375,15.0
24848.0,0.012711326652316,11.0
39486.0,0.0289349368632548,13.0
38068.0,0.0179917457719905,10.0
27853.0,0.0411530571952542,14.0
35243.0,0.0442063230774345,11.0
52580.0,0.0156750731518246,11.0
55418.0,0.0112335521943821,14.0
39232.0,0.0199508060452579,15.0
55552.0,0.0053492641279639,10.0
46229.0,0.0023817774391011,10.0
12703.0,0.0118245538840428,9.0
15450.0,0.0144993280652661,9.0
21271.0,0.0262361084988963,8.0
17861.0,0.0299334246859667,8.0
26468.0,0.032101773076153,11.0
27374.0,0.0,7.0
8244.0,0.0228962991429177,8.0
3881.0,0.0424305141239622,11.0
16394.0,0.0224952575314803,5.0
0.0,0.0241194421351607,7.0
25423.0,0.0302070863514101,5.0
6548.0,0.0226396996579003,12.0
5409.0,0.0474532992435413,7.0
6838.0,0.0453869286969326,2.0
17563.0,0.0251513270408978,4.0
25319.0,0.0286180408166566,5.0
4190.0,0.0191400212391696,8.0
20566.0,0.0156372366704973,7.0
8799.0,0.0234789362910329,5.0
8784.0,0.0236105554103853,4.0
4860.0,0.0242154227875897,5.0
16966.0,0.0293870730578473,2.0
7084.0,0.0163002462829848,11.0
10148.0,0.0156970928480654,5.0
10032.0,0.0310118454562367,12.0
26651.0,0.0267968753476249,8.0
10014.0,0.0052705959497547,12.0
16833.0,0.0326758474986596,13.0
12439.0,0.0164410722000845,12.0
12159.0,0.0248839941961067,10.0
7094.0,0.0466302269834799,15.0
21540.0,0.0292927862613642,7.0
23183.0,0.0307334458266424,15.0
36957.0,0.0177901242678812,9.0
30401.0,0.0260901396679847,7.0
12170.0,0.0062205673086202,11.0
16747.0,0.0273486743183296,3.0
18049.0,0.0331824956086591,6.0
12903.0,0.0292306317971739,8.0
17394.0,0.0211124565960349,2.0
23159.0,0.0403875344805256,11.0
10376.0,0.0304458677150466,2.0
1052.0,0.0126707195456363,10.0
11120.0,0.0170621445549644,12.0
3618.0,0.011036123873217,9.0
8432.0,0.0177517330106224,12.0
6480.0,0.0323115410792877,7.0
0.0,0.0222299444838026,3.0
0.0,0.0042138137988847,5.0
3414.0,0.0352241542310388,9.0
11885.0,0.0168747798917391,8.0
10555.0,0.022804313081782,8.0
13011.0,0.0076819782502315,6.0
10253.0,0.0313404456128474,10.0
0.0,0.0276136776586025,5.0
0.0,0.0339358726052732,8.0
0.0,0.0067956944112321,5.0
0.0,0.015742164452044,5.0
0.0,0.0352226429551831,6.0
0.0,0.0143711643257726,8.0
0.0,0.0101941342385878,7.0
0.0,0.0,8.0
0.0,0.0,10.0
0.0,0.0,7.0
0.0,0.0,7.0
0.0,0.0,7.0
0.0,0.0,11.0
0.0,0.0,9.0
0.0,0.0,11.0
0.0,0.0,7.0
0.0,0.0,11.0
0.0,0.0,6.0
0.0,0.0,4.0
0.0,0.0,9.0
0.0,0.0,8.0
0.0,0.0,7.0
0.0,0.0,7.0
0.0,0.0,3.0
0.0,0.0,4.0
0.0,0.0,4.0
0.0,0.0,6.0
0.0,0.0,6.0
0.0,0.0,9.0
0.0,0.0,9.0
0.0,0.0,12.0
0.0,0.0,13.0
0.0,0.0,14.0
0.0,0.022763537791912,11.0
0.0,0.0113282937808154,6.0
0.0,0.0240001849832405,9.0
0.0,0.0,6.0
0.0,0.0046325488049135,7.0
0.0,0.0154813502075854,5.0
0.0,0.0187771693634848,2.0
0.0,0.0112500919051034,6.0
0.0,0.015384474785497,14.0
0.0,0.0243669371931144,10.0
0.0,0.0059089063492013,14.0
0.0,0.0346435415749942,14.0
0.0,0.012360518156828,10.0
0.0,0.0399664107163693,14.0
0.0,0.0114339391545062,10.0
0.0,0.0228945215771428,11.0
0.0,0.0157280703903169,15.0
0.0,0.0061791800776815,15.0
0.0,0.0201657932970232,11.0
0.0,0.0331903822715643,13.0
0.0,0.0297747670697649,13.0
0.0,0.0101384205734223,13.0
0.0,0.029098482865687,15.0
0.0,0.0082481884287142,14.0
0.0,0.0169496045710966,13.0
0.0,0.0,13.0
0.0,0.0,15.0
0.0,0.0,15.0
0.0,0.0,13.0
0.0,0.0,12.0
0.0,0.0,13.0
0.0,0.0,14.0
0.0,0.0,13.0
0.0,0.0,14.0
0.0,0.0,10.0
0.0,0.0,14.0
0.0,0.0,15.0
0.0,0.0,15.0
0.0,0.0,14.0
0.0,0.0,14.0
16637.0,0.0067708539469789,13.0
5626.0,0.0035806076837646,14.0
27522.0,0.0277640213876387,12.0
39404.0,0.0434144276708698,14.0
49956.0,0.0181463317168889,15.0
23475.0,0.0264459773443687,13.0
11745.0,0.0263464376340388,15.0
325.0,0.0365519717376847,11.0
8046.0,0.0506277519711193,14.0
0.0,0.0381233553270363,12.0
10714.0,0.0242251721399145,11.0
0.0,0.0179768404343534,15.0
19820.0,0.0383861643806024,11.0
22892.0,0.0252053989645459,8.0
19840.0,0.0177918094114954,10.0
21937.0,0.0383694446534246,12.0
23094.0,0.0400966202767495,9.0
9084.0,0.0353070089139012,15.0
21205.0,0.0362007706721119,15.0
21610.0,0.0462697431382787,12.0
34739.0,0.0405973192314363,9.0
32730.0,0.0305640737301413,14.0
20024.0,0.02025466087714,10.0
28169.0,0.0209451370619331,13.0
19549.0,0.0349393163575116,14.0
23114.0,0.0382922189899482,11.0
40057.0,0.0346016897022045,14.0
28300.0,0.0219038345742672,8.0
33765.0,0.017468610983699,13.0
26533.0,0.0189328668228649,15.0
56442.0,0.029540954572178,11.0
54011.0,0.040826507296167,9.0
39890.0,0.0237815659277255,13.0
58782.0,0.0269681421857212,8.0
41844.0,0.043592412836674,10.0
16268.0,0.0300001865670837,12.0
11328.0,0.0360129399049856,7.0
4430.0,0.0140742532459618,6.0
22892.0,0.02603536737274,10.0
33643.0,0.0121318106048759,9.0
26377.0,0.02006725040128,10.0
10553.0,0.0103039175297126,7.0
7292.0,0.0218912465834654,8.0
8633.0,0.0230341406759436,6.0
5838.0,0.0211228754637487,5.0
15728.0,0.0151536643240042,9.0
21742.0,0.023045836124799,13.0
9634.0,0.0272425933601658,11.0
24535.0,0.0347730535857735,2.0
27766.0,0.0275008331619563,7.0
27666.0,0.017197546031355,12.0
9427.0,0.0499866107839595,11.0
25434.0,0.0310763808064533,8.0
13339.0,0.0342831205140386,4.0
9433.0,0.0193698516908561,8.0
9042.0,0.0214948165284716,4.0
27182.0,0.0303889263360023,9.0
15305.0,0.0256609858410184,8.0
32321.0,0.005612829563535,10.0
9564.0,0.0409789418421439,9.0
12630.0,0.0144948941121022,6.0
9465.0,0.0402835156914359,11.0
15961.0,0.0137126279145719,8.0
19285.0,0.020401470680641,11.0
6689.0,0.0385151311422152,11.0
10663.0,0.0222160702086936,12.0
16615.0,0.0436249269034656,6.0
25862.0,0.021002745987932,12.0
21487.0,0.0255438017058517,10.0
26506.0,0.0103311475526068,8.0
8508.0,0.0388268666538676,7.0
19963.0,0.0413721645033274,9.0
20794.0,0.0456163468820416,9.0
17276.0,0.0247061284139884,4.0
21519.0,0.0216509930960285,9.0
24068.0,0.0212359879897882,14.0
5752.0,0.020745823510161,4.0
2802.0,0.0384442078491208,10.0
7523.0,0.0056107204775929,10.0
13362.0,0.0271846516647669,7.0
11187.0,0.023306410332512,10.0
0.0,0.0049192207056497,11.0
8916.0,0.0176394178834241,4.0
12518.0,0.009741905871521,9.0
0.0,0.0236263982570725,5.0
0.0,0.0295724208648542,9.0
4.0,0.0224818591681438,8.0
12590.0,0.0334443153646445,6.0
3626.0,0.0386671468416034,7.0
0.0,0.0242298793561288,7.0
0.0,0.0193972039940341,2.0
0.0,0.0251188900397122,7.0
0.0,0.00815493795484,12.0
0.0,0.0166217757849357,3.0
0.0,0.0219656892868328,7.0
0.0,0.0112901369655556,8.0
0.0,0.0,6.0
0.0,0.0,7.0
0.0,0.0,7.0
0.0,0.0,8.0
0.0,0.0,4.0
0.0,0.0,7.0
0.0,0.0,7.0
0.0,0.0,10.0
0.0,0.0,7.0
0.0,0.0,13.0
0.0,0.0,3.0
0.0,0.0,6.0
0.0,0.0,8.0
0.0,0.0,10.0
0.0,0.0,5.0
0.0,0.0,6.0
0.0,0.0,7.0
0.0,0.0,4.0
0.0,0.0,7.0
0.0,0.0,11.0
0.0,0.0,7.0
0.0,0.0,7.0
0.0,0.0,13.0
0.0,0.0,9.0
0.0,0.0,13.0
0.0,0.0,13.0
0.0,0.036673726466799,11.0
0.0,0.0134261608851602,7.0
0.0,0.033021746321884,6.0
0.0,0.0281024715654266,13.0
0.0,0.0389400053353624,8.0
0.0,0.020971774444507,7.0
0.0,0.0308113998827671,5.0
0.0,0.0062140205773217,6.0
0.0,0.0064296935217492,14.0
0.0,0.0049766938354892,15.0
0.0,0.0021499500742181,11.0
0.0,0.0095981738450153,11.0
0.0,0.019556351706375,9.0
0.0,0.0228315105775669,13.0
0.0,0.0310713883806251,13.0
0.0,0.0192506413340685,12.0
0.0,0.0370505754510408,15.0
0.0,0.0181247428970045,13.0
0.0,0.0281582061990876,14.0
0.0,0.0244034676479028,15.0
0.0,0.0,14.0
0.0,0.0154931538405067,13.0
0.0,0.0315106341960389,14.0
0.0,0.0125808765676131,15.0
0.0,0.0,12.0
0.0,0.0,13.0
0.0,0.0,15.0
0.0,0.0,13.0
0.0,0.0,11.0
0.0,0.0,10.0
0.0,0.0,15.0
0.0,0.0,12.0
0.0,0.0,11.0
0.0,0.0,14.0
0.0,0.0,15.0
0.0,0.0,10.0
0.0,0.0,12.0
0.0,0.0,12.0
0.0,0.0,15.0
0.0,0.0,15.0
18818.0,0.0187979361483168,12.0
13047.0,0.0229666596050595,10.0
28058.0,0.0158328288975204,12.0
38420.0,0.0208784844511955,10.0
45226.0,0.0268135201051638,10.0
30534.0,0.0149040307722792,11.0
1965.0,0.0363498577950381,11.0
0.0,0.0314266884651914,13.0
22260.0,0.0220050899510842,13.0
8586.0,0.0255885666893393,15.0
3960.0,0.0393813000427233,13.0
18456.0,0.0150040039471668,15.0
11519.0,0.0310838222810182,14.0
15196.0,0.0308092245352022,8.0
18729.0,0.0496250827382841,11.0
20283.0,0.0380777688200734,11.0
18941.0,0.0164435547047948,14.0
14748.0,0.0554055768942476,13.0
28678.0,0.0215170919188938,15.0
17964.0,0.0355094721849201,15.0
25309.0,0.0325763376830677,12.0
35389.0,0.0272344084383724,9.0
23443.0,0.0292705704512528,11.0
24987.0,0.0208582949040715,10.0
26670.0,0.0449990314153374,7.0
25152.0,0.0389272924868268,12.0
54133.0,0.034945425858794,12.0
28300.0,0.0289660099685388,12.0
31912.0,0.0315899635491075,14.0
23531.0,0.0180664298406323,14.0
52000.0,0.0352804133006193,10.0
53777.0,0.0204329921358274,11.0
39109.0,0.0084771467464677,14.0
58273.0,0.0314945290282206,9.0
45471.0,0.01498630936978,8.0
10012.0,0.0356247658521591,11.0
19076.0,0.0087571023142443,10.0
9649.0,0.020663486428407,2.0
25989.0,0.0240300118400839,9.0
29610.0,0.0359969263091001,11.0
30445.0,0.0092866041364911,7.0
10739.0,0.0281222541410645,7.0
5751.0,0.0332924515164819,8.0
10509.0,0.0411751140982982,10.0
8732.0,0.0233058406945775,3.0
29579.0,0.0334330886967016,4.0
15769.0,0.0248756252393668,9.0
5858.0,0.0256951222260503,8.0
13151.0,0.0381753828197717,5.0
25300.0,0.0414783340086884,4.0
30384.0,0.0134585335102027,4.0
4494.0,0.0267225062982875,11.0
18517.0,0.0362200853283047,10.0
8596.0,0.0205777363626315,3.0
9530.0,0.0169514116186131,8.0
14143.0,0.0201124501836932,4.0
25918.0,0.0243160029970942,8.0
15166.0,0.0300781165624173,9.0
14258.0,0.0226844855653451,9.0
23920.0,0.0400254768957902,10.0
10161.0,0.0285984493634625,10.0
4144.0,0.0205729142159401,12.0
22321.0,0.0359362541571695,10.0
6482.0,0.0429883523521535,9.0
10211.0,0.0357191633983274,13.0
9194.0,0.0205401992327892,12.0
15219.0,0.0384544087798724,5.0
25427.0,0.0430384073668214,12.0
17428.0,0.0239793964178235,9.0
26454.0,0.0368173401042297,11.0
9611.0,0.0106062026465187,8.0
0.0,0.03097343808595,8.0
17609.0,0.0278612771279219,8.0
12642.0,0.0151221939868539,6.0
20682.0,0.0186545149959299,4.0
17369.0,0.0413660776496599,9.0
3358.0,0.0284646634783622,6.0
7992.0,0.0273984807462031,11.0
6331.0,0.0273062537251715,11.0
8593.0,0.0205913397895133,12.0
3169.0,0.0095251822062858,10.0
5382.0,0.0266429063925061,8.0
9000.0,0.0228578695600412,6.0
0.0,0.0164948837799734,6.0
0.0,0.0325025175171895,6.0
0.0,0.0254622877278913,8.0
11538.0,0.0184735375837675,10.0
3097.0,0.0279550822323254,6.0
0.0,0.022686350357575,5.0
0.0,0.0209346602698332,6.0
0.0,0.0242207670170324,5.0
0.0,0.0324377965894547,6.0
0.0,0.0,7.0
0.0,0.0180698876615823,7.0
0.0,0.0182959438530169,6.0
0.0,0.0206336135255259,10.0
0.0,0.0,5.0
0.0,0.0,5.0
0.0,0.0,4.0
0.0,0.0,5.0
0.0,0.0,8.0
0.0,0.0,5.0
0.0,0.0,6.0
0.0,0.0,10.0
0.0,0.0,6.0
0.0,0.0,15.0
0.0,0.0,7.0
0.0,0.0,2.0
0.0,0.0,5.0
0.0,0.0,8.0
0.0,0.0,8.0
0.0,0.0,5.0
0.0,0.0,4.0
0.0,0.0,0.0
0.0,0.0,6.0
0.0,0.0,3.0
0.0,0.0,3.0
0.0,0.0,8.0
0.0,0.0,13.0
0.0,0.0,11.0
0.0,0.0,10.0
0.0,0.0,14.0
0.0,0.0022283672851727,11.0
0.0,0.0020155412565508,5.0
0.0,0.0043683078946651,5.0
0.0,0.013009164072265,11.0
0.0,0.0159995192123745,6.0
0.0,0.0161879747628592,8.0
0.0,0.0144476947027351,6.0
0.0,0.0194198582878103,7.0
0.0,0.0269017850708411,12.0
0.0,0.0126242212699614,15.0
0.0,0.0132613008857199,15.0
0.0,0.0192124783909897,11.0
0.0,0.0108566812893872,12.0
0.0,0.0097220387685618,15.0
0.0,0.020961751493822,10.0
0.0,0.0156377003115137,15.0
0.0,0.0314691208793008,13.0
0.0,0.0294341716267577,10.0
0.0,0.0088769543155816,12.0
0.0,0.0032577538483613,13.0
0.0,0.0344630787047035,12.0
0.0,0.0177706795008251,13.0
0.0,0.016413956690185,12.0
0.0,0.0058728396313907,14.0
0.0,0.0180583159009552,15.0
0.0,0.0,13.0
0.0,0.0,14.0
0.0,0.0,13.0
0.0,0.0,15.0
0.0,0.0,13.0
0.0,0.0,10.0
0.0,0.0,14.0
0.0,0.0,13.0
0.0,0.0,14.0
0.0,0.0,15.0
0.0,0.0,13.0
0.0,0.0,15.0
0.0,0.0,12.0
0.0,0.0,12.0
0.0,0.0,11.0
23792.0,0.0135093895366492,15.0
9022.0,0.0208221479405974,14.0
33222.0,0.0515412433215778,12.0
41859.0,0.0134847490203396,13.0
50357.0,0.0075485692445347,15.0
37649.0,0.0254703314713318,15.0
12298.0,0.032547215784687,15.0
7703.0,0.0318152752388186,12.0
9314.0,0.0270637149456552,15.0
8086.0,0.0376307237075541,12.0
4054.0,0.0488208529258074,15.0
8731.0,0.05342226122497,11.0
7350.0,0.0431692824515884,15.0
15673.0,0.0183113957597398,6.0
17843.0,0.0537866154599303,9.0
15785.0,0.028676929041941,7.0
17991.0,0.0494397899367962,10.0
6328.0,0.0165025685469468,13.0
34321.0,0.0408061845233281,12.0
9220.0,0.0378505174163271,13.0
26052.0,0.0133217581609022,13.0
26382.0,0.0317056980907577,13.0
19197.0,0.027779261257555,12.0
20286.0,0.0417107622220886,10.0
21753.0,0.0203199865322755,8.0
30562.0,0.0229157508552168,10.0
42363.0,0.0146564048033137,9.0
34703.0,0.0120254976602986,8.0
27743.0,0.0375832197978118,13.0
30672.0,0.0095616517651147,14.0
63242.0,0.0383480307234213,10.0
48175.0,0.0131609669233615,14.0
53390.0,0.0206422163754249,13.0
68205.0,0.0145331475149803,8.0
46173.0,0.0281786120496764,5.0
21198.0,0.0219543174651317,7.0
13602.0,0.0272252724758634,10.0
10359.0,0.0313326730787703,5.0
30570.0,0.0198717393590142,10.0
34945.0,0.0334472903406958,9.0
27762.0,0.0255996633478439,9.0
13476.0,0.0257245912782315,11.0
15264.0,0.0276328379884321,7.0
14474.0,0.0180056106121484,7.0
20358.0,0.0340351581943522,5.0
19998.0,0.0006063327686273,7.0
16129.0,0.0172141794171439,6.0
9536.0,0.0469223571197574,11.0
8546.0,0.0285038469971192,2.0
26583.0,0.0183302762514281,7.0
28261.0,0.0343030211457157,7.0
12340.0,0.0386593060837288,11.0
21399.0,0.0246725051520719,7.0
13078.0,0.0350719916709189,5.0
20123.0,0.0303776499072404,8.0
13555.0,0.0221880093276912,5.0
20845.0,0.0216366529569497,6.0
9460.0,0.0443289054313384,9.0
9485.0,0.0250241464851209,4.0
15427.0,0.0258492165304817,9.0
16291.0,0.0445043284190718,8.0
12140.0,0.0263029074173125,6.0
9293.0,0.0223086207689206,9.0
10024.0,0.019525392490679,13.0
9639.0,0.0374887014912943,8.0
1053.0,0.031910784118479,10.0
27956.0,0.0322587839405146,1.0
14553.0,0.029835099514793,10.0
26116.0,0.0447742737426868,10.0
21316.0,0.0264927735950896,9.0
10444.0,0.0143360571982644,6.0
11951.0,0.0350785763064086,10.0
12460.0,0.0415553514939226,6.0
11410.0,0.0444940074057687,4.0
23909.0,0.011234837714706,5.0
6724.0,0.0296369951231934,11.0
20362.0,0.0147049853135336,5.0
8264.0,0.0233556542852508,10.0
0.0,0.0341022897121887,11.0
3315.0,0.0181105163186404,8.0
8053.0,0.0124259287936358,7.0
139.0,0.013237209940813,10.0
5186.0,0.0278824716976073,5.0
0.0,0.018715110899952,4.0
0.0,0.0136532378608367,9.0
15307.0,0.0295524553660977,10.0
2465.0,0.0204660474867608,10.0
2619.0,0.0276710356097449,5.0
0.0,0.0148598131430989,6.0
0.0,0.0194933618280523,9.0
0.0,0.0171292457907887,3.0
0.0,0.029922109815049,4.0
0.0,0.0296054585953656,8.0
0.0,0.0148306532109169,9.0
0.0,0.0114606451555666,8.0
0.0,0.0201444843537153,10.0
0.0,0.0,7.0
0.0,0.0,7.0
0.0,0.0,8.0
0.0,0.0,9.0
0.0,0.0,2.0
0.0,0.0,9.0
0.0,0.0,6.0
0.0,0.0,10.0
0.0,0.0,7.0
0.0,0.0,10.0
0.0,0.0,6.0
0.0,0.0,5.0
0.0,0.0,9.0
0.0,0.0,5.0
0.0,0.0,4.0
0.0,0.0,5.0
0.0,0.0,8.0
0.0,0.0,5.0
0.0,0.0,4.0
0.0,0.0,8.0
0.0,0.0,5.0
0.0,0.0,7.0
0.0,0.0,14.0
0.0,0.0,11.0
0.0,0.0,13.0
0.0,0.0,10.0
0.0,0.0325308206354566,10.0
0.0,0.0119788626509923,6.0
0.0,0.0100364723264788,4.0
0.0,0.0153958292665887,11.0
0.0,0.0222791562059442,7.0
0.0,0.0063402244841429,9.0
0.0,0.0010413412892866,8.0
0.0,0.0060029806970634,7.0
0.0,0.0271164086761827,14.0
0.0,0.0089520998079431,12.0
0.0,0.0169892223069988,11.0
0.0,0.0195230392105754,12.0
0.0,0.0266959853014748,15.0
0.0,0.0040014195185057,11.0
0.0,0.0065817822196964,15.0
0.0,0.0111626261270011,14.0
0.0,0.0099106142254376,12.0
0.0,0.0165725504020811,14.0
0.0,0.0132802579854965,13.0
0.0,0.0166149838363158,13.0
0.0,0.0249826385412173,15.0
0.0,0.0405512526998272,15.0
0.0,0.0,14.0
0.0,0.0199627679864688,12.0
0.0,0.0086798788401053,15.0
0.0,0.0,11.0
0.0,0.0,8.0
0.0,0.0,10.0
0.0,0.0,11.0
0.0,0.0,14.0
0.0,0.0,11.0
0.0,0.0,15.0
0.0,0.0,12.0
0.0,0.0,13.0
0.0,0.0,12.0
0.0,0.0,14.0
0.0,0.0,12.0
0.0,0.0,13.0
0.0,0.0,9.0
0.0,0.0,15.0
14588.0,0.0310595065508923,15.0
11692.0,0.0172212097626041,12.0
28125.0,0.008935953048548,14.0
37202.0,0.0317682201038464,15.0
57625.0,0.0163786600542277,14.0
26438.0,0.0160936741846854,12.0
10359.0,0.0171690947415705,12.0
14477.0,0.0372720996621266,14.0
988.0,0.0471230739370746,14.0
6612.0,0.022773327320954,14.0
23144.0,0.021091215820883,15.0
20156.0,0.0279732144722856,13.0
0.0,0.0501783022983052,13.0
17119.0,0.0252705228856368,12.0
9748.0,0.0320969288662581,7.0
22503.0,0.0449421810034007,7.0
23006.0,0.0465646399550628,12.0
13437.0,0.0441147784402106,10.0
31699.0,0.0141703221874799,13.0
16240.0,0.0417159476424056,11.0
41407.0,0.0453504111040187,14.0
29961.0,0.0275567354830712,13.0
12737.0,0.0326608278607729,10.0
28581.0,0.0262432502347786,13.0
24896.0,0.043000362925881,12.0
29019.0,0.0311827838847703,12.0
38113.0,0.0422667128382665,12.0
22515.0,0.0138214200152747,8.0
26965.0,0.0103123793207716,13.0
30864.0,0.025450193246617,11.0
48747.0,0.0142736560108655,13.0
49922.0,0.0132331682662179,14.0
48687.0,0.0091253822748704,14.0
63644.0,0.0182712582584799,8.0
48228.0,0.0454076391807173,5.0
10352.0,0.02044903248629,5.0
16696.0,0.0164899379434864,9.0
6716.0,0.030592964146773,7.0
32201.0,0.0118081086730188,8.0
20461.0,0.0277662633419075,11.0
25616.0,0.0144676470676575,5.0
1228.0,0.0431638039909952,8.0
30.0,0.0165087072994939,10.0
12032.0,0.0141879633414593,8.0
7690.0,0.0376786746956056,4.0
12804.0,0.0114469619100599,6.0
12126.0,0.0254198099901594,10.0
5407.0,0.028691745196022,6.0
0.0,0.0367226611572129,3.0
21680.0,0.0375647410348128,2.0
19822.0,0.0305876788946897,6.0
11813.0,0.0,12.0
21129.0,0.0308237087584055,9.0
16324.0,0.0351761094054385,3.0
10623.0,0.0127351886252104,4.0
9233.0,0.0260513986667121,8.0
21882.0,0.0253240339568441,7.0
18914.0,0.0469839114873671,6.0
10529.0,0.0245972403542984,5.0
19447.0,0.0389085922450588,8.0
24562.0,0.0128344936508652,8.0
10031.0,0.0370505791929262,10.0
16293.0,0.0099574137293356,9.0
6030.0,0.038894551555618,12.0
0.0,0.0177656548500533,12.0
6136.0,0.025690852853704,15.0
31998.0,0.0235243491717533,6.0
21441.0,0.0229735617218043,13.0
32001.0,0.0195932954579698,5.0
29570.0,0.0141561764923607,10.0
12794.0,0.0046761630851463,12.0
20168.0,0.028575355820535,11.0
23693.0,0.022680674947091,10.0
14501.0,0.0192989936885339,6.0
29619.0,0.026896240172655,1.0
11324.0,0.0146258062012416,10.0
8713.0,0.0226903091365489,9.0
9650.0,0.0124855575809653,7.0
7327.0,0.0143938780157144,11.0
0.0,0.0251270087507127,8.0
1913.0,0.0175948044611604,8.0
0.0,0.0189023155620481,8.0
6267.0,0.0170078362454899,3.0
0.0,0.0270132147786721,5.0
0.0,0.0023329719973669,6.0
5145.0,0.0111142368381855,6.0
0.0,0.0098500334827923,6.0
4702.0,0.0219587250334935,9.0
0.0,0.0222649570267836,5.0
0.0,0.0296648479672392,4.0
0.0,0.0067770867661603,6.0
0.0,0.0226343588903416,1.0
0.0,0.0258954279347678,7.0
0.0,0.0020763908116223,5.0
0.0,0.0356166517944003,9.0
0.0,0.0227524177044103,8.0
0.0,0.0,10.0
0.0,0.0,10.0
0.0,0.0,7.0
0.0,0.0,9.0
0.0,0.0,9.0
0.0,0.0,10.0
0.0,0.0,9.0
0.0,0.0,9.0
0.0,0.0,5.0
0.0,0.0,12.0
0.0,0.0,7.0
0.0,0.0,6.0
0.0,0.0,5.0
0.0,0.0,10.0
0.0,0.0,3.0
0.0,0.0,7.0
0.0,0.0,5.0
0.0,0.0,7.0
0.0,0.0,5.0
0.0,0.0,4.0
0.0,0.0,3.0
0.0,0.0,8.0
0.0,0.0,15.0
0.0,0.0,7.0
0.0,0.0,12.0
0.0,0.0,13.0
0.0,0.0204970546939967,8.0
0.0,0.0229303799544598,4.0
0.0,0.0386657952803205,4.0
0.0,0.0185501723330981,10.0
0.0,0.0270446448549011,9.0
0.0,0.012704378543439,7.0
0.0,0.0002388551633168,3.0
0.0,0.004892653711484,9.0
0.0,0.0011363980042673,11.0
0.0,0.0202796730443877,14.0
0.0,0.0262108295999741,13.0
0.0,0.0283623113424288,14.0
0.0,0.0119523245988372,10.0
0.0,0.0133325705902263,11.0
0.0,0.023985655366779,12.0
0.0,0.0170430956098926,12.0
0.0,0.0217870875240512,13.0
0.0,0.0190915991319266,10.0
0.0,0.0097641378302616,15.0
0.0,0.0072449682511673,10.0
0.0,0.0483774809746496,12.0
0.0,0.0126896319028734,11.0
0.0,0.0364332956563625,15.0
0.0,0.0081171709141913,13.0
0.0,0.0213328521227059,14.0
0.0,0.0,13.0
0.0,0.0,15.0
0.0,0.0,12.0
0.0,0.0,14.0
0.0,0.0,11.0
0.0,0.0,13.0
0.0,0.0,10.0
0.0,0.0,15.0
0.0,0.0,15.0
0.0,0.0,12.0
0.0,0.0,14.0
0.0,0.0,12.0
0.0,0.0,13.0
0.0,0.0,12.0
0.0,0.0,14.0
18169.0,0.0217908712986273,14.0
8863.0,0.0234489143014987,15.0
27788.0,0.0223537152441676,11.0
40728.0,0.0356980219596317,9.0
56131.0,0.0003055181009856,12.0
33617.0,0.0250760506418536,13.0
14524.0,0.0129017960332317,12.0
9906.0,0.0352737427426172,13.0
0.0,0.02937218922243,15.0
5184.0,0.0282694159402563,12.0
9316.0,0.0444127136328806,14.0
0.0,0.0423623580249551,15.0
8045.0,0.0461433270063672,12.0
5027.0,0.0299917752993163,10.0
18824.0,0.0327690285746364,8.0
17458.0,0.0287691755344495,14.0
18761.0,0.021538243196082,11.0
12331.0,0.0416396984139351,9.0
23693.0,0.0507801755017609,11.0
8965.0,0.0306144751584453,11.0
27882.0,0.0277787304108533,15.0
31087.0,0.0217830437742693,12.0
10149.0,0.0431868679128737,14.0
24021.0,0.0371319435223176,10.0
22629.0,0.0512478400650829,8.0
32163.0,0.0479287802686489,12.0
34759.0,0.0467228260135205,10.0
26686.0,0.0501734066972954,13.0
29443.0,0.0104680027283306,14.0
34394.0,0.0515202976149904,11.0
50979.0,0.0228438976688464,8.0
61098.0,0.028776731690707,10.0
55699.0,0.0351165792136849,13.0
59857.0,0.0069466867608855,11.0
45632.0,0.0285387470332405,8.0
22315.0,0.0189351290672489,9.0
9633.0,0.0167426919946097,9.0
11988.0,0.029531359650644,6.0
19195.0,0.0196225084786962,9.0
25687.0,0.0368885363327247,9.0
18329.0,0.0003469630408915,3.0
11520.0,0.0291266519260788,6.0
4060.0,0.0066252919959282,8.0
6924.0,0.0428362131863225,10.0
0.0,0.0349700771976661,3.0
23379.0,0.0159007978979871,8.0
7364.0,0.0477828373687613,9.0
0.0,0.0211501329071078,9.0
9213.0,0.0369489164449377,2.0
27270.0,0.0261652461082494,7.0
19324.0,0.0293201822165088,13.0
21395.0,0.0274978998355799,13.0
24337.0,0.0233170921079411,8.0
4175.0,0.0108975075471504,6.0
16706.0,0.0197833852984263,6.0
3725.0,0.0168912595305739,6.0
19946.0,0.021734388989982,9.0
14618.0,0.0262942094461189,8.0
14719.0,0.0206473709623889,8.0
5644.0,0.0384785560876198,9.0
5589.0,0.0184007257707718,7.0
7237.0,0.0161966366031215,7.0
26494.0,0.0149142942115328,10.0
16366.0,0.0074404976673319,7.0
11573.0,0.0237978183555314,12.0
9554.0,0.0118930223679931,13.0
23432.0,0.0164626008769816,5.0
22643.0,0.0225115916601382,8.0
19826.0,0.0187105945393829,6.0
36996.0,0.0234839987917531,7.0
11515.0,0.0244763832853745,8.0
6811.0,0.0439353758200658,10.0
16521.0,0.0170484788997837,5.0
16887.0,0.0291018597010104,7.0
25065.0,0.0203327533573864,3.0
10207.0,0.0170050446742046,9.0
13521.0,0.0338657005286622,5.0
5161.0,0.0229529423888887,10.0
10420.0,0.0354445210753877,8.0
8192.0,0.0258566631507595,12.0
0.0,0.0178790329181956,11.0
5694.0,0.0415586388333052,7.0
6479.0,0.0305886678218985,3.0
10150.0,0.0189125525610181,7.0
0.0,0.0237227565895073,10.0
6300.0,0.0119342905315676,6.0
0.0,0.005154767304852,10.0
1649.0,0.0300415139308142,7.0
602.0,0.0298667330949023,5.0
0.0,0.0263878556202195,7.0
0.0,0.0082306404809293,6.0
0.0,0.0118117948751862,5.0
0.0,0.0123359703398051,7.0
0.0,0.0221202615484663,7.0
0.0,0.0183011033930864,4.0
0.0,0.0154984689355149,10.0
0.0,0.0,10.0
0.0,0.0,9.0
0.0,0.0,8.0
0.0,0.0,9.0
0.0,0.0,8.0
0.0,0.0,7.0
0.0,0.0,5.0
0.0,0.0,7.0
0.0,0.0,7.0
0.0,0.0,12.0
0.0,0.0,7.0
0.0,0.0,4.0
0.0,0.0,6.0
0.0,0.0,9.0
0.0,0.0,5.0
0.0,0.0,10.0
0.0,0.0,3.0
0.0,0.0,4.0
0.0,0.0,3.0
0.0,0.0,7.0
0.0,0.0,6.0
0.0,0.0,11.0
0.0,0.0,11.0
0.0,0.0,12.0
0.0,0.0,15.0
0.0,0.0,14.0
0.0,0.0112167593772589,13.0
0.0,0.025687873254811,7.0
0.0,0.0381063936398181,6.0
0.0,0.0003741292174153,9.0
0.0,0.023183023134669,10.0
0.0,0.0172125212129392,7.0
0.0,0.0138866501873449,6.0
0.0,0.0111327710106304,6.0
0.0,0.0006288670379332,11.0
0.0,0.0274061475324614,15.0
0.0,0.004201496939937,14.0
0.0,0.0334318526896118,13.0
0.0,0.0125729534629032,13.0
0.0,0.0230568026554232,12.0
0.0,0.0090359378733007,15.0
0.0,0.0224545056308567,11.0
0.0,0.0199221180297694,15.0
0.0,0.0325578822084087,14.0
0.0,0.0134474003070248,15.0
0.0,0.0243987714745577,13.0
0.0,0.0302510986186172,12.0
0.0,0.0054907005753929,13.0
0.0,0.0165729523725433,11.0
0.0,0.0,11.0
0.0,0.0139411065654362,10.0
0.0,0.0,13.0
0.0,0.0,14.0
0.0,0.0,13.0
0.0,0.0,14.0
0.0,0.0,12.0
0.0,0.0,15.0
0.0,0.0,11.0
0.0,0.0,11.0
0.0,0.0,12.0
0.0,0.0,15.0
0.0,0.0,13.0
0.0,0.0,10.0
0.0,0.0,11.0
0.0,0.0,14.0
0.0,0.0,13.0
10175.0,0.0332403664342621,13.0
9432.0,0.0392319775977925,11.0
35673.0,0.0356730559139237,15.0
44270.0,0.0297919221717311,12.0
51787.0,0.0136160635968251,12.0
26341.0,0.0453778772122008,15.0
7138.0,0.0211446217955271,14.0
8024.0,0.0329419744316134,14.0
7155.0,0.0263881662724338,12.0
16579.0,0.0422886464931523,10.0
10341.0,0.0307476812277527,11.0
10272.0,0.0302619097272906,12.0
7016.0,0.0378815002234943,13.0
20808.0,0.0219289903249142,8.0
19319.0,0.0388530303785169,8.0
22522.0,0.0495398204052674,10.0
12662.0,0.0199111152037998,10.0
10020.0,0.0365820254257878,11.0
27441.0,0.0229448274912776,15.0
25300.0,0.0378608156114829,15.0
33466.0,0.0416318379465657,9.0
30078.0,0.0324710761335082,13.0
21847.0,0.0114693779905984,6.0
26234.0,0.0267673710130467,14.0
35958.0,0.0239967415485204,11.0
26376.0,0.0407408867510612,11.0
47180.0,0.031534280779927,9.0
35012.0,0.0287704644524342,11.0
30462.0,0.0295825593993088,13.0
31868.0,0.04501622739914,15.0
56945.0,0.0370500107844256,14.0
50151.0,0.0342484073647015,11.0
39899.0,0.0409875951455912,11.0
45995.0,0.0227606408072835,10.0
40265.0,0.0122230989081994,7.0
15630.0,0.0255601542899805,8.0
7454.0,0.0121646981472202,7.0
13047.0,0.0186544029671789,4.0
29849.0,0.0426924408260474,8.0
31498.0,0.0140269592011512,8.0
8511.0,0.0178533517094058,7.0
1111.0,0.0283308706308583,9.0
15054.0,0.0248784471282443,10.0
14868.0,0.0135734370786943,5.0
5711.0,0.0191479068340659,4.0
12554.0,0.0469514242934869,4.0
14384.0,0.0211065674531183,4.0
4080.0,0.0249007401130268,11.0
10413.0,0.0210688984290911,2.0
36631.0,0.0088813984616695,7.0
24684.0,0.0344199449743933,9.0
21031.0,0.0492420395489291,10.0
21035.0,0.017377012033676,8.0
14585.0,0.0266152151931156,6.0
17586.0,0.0270459786858429,4.0
6148.0,0.0171322745576027,2.0
26902.0,0.0355388423397081,5.0
17551.0,0.0208007132471897,10.0
9024.0,0.0131954779956488,7.0
10712.0,0.029386089222553,5.0
16541.0,0.019710780719626,4.0
3972.0,0.0268775449460965,9.0
15858.0,0.032394473718734,12.0
7290.0,0.0396802288122449,6.0
18454.0,0.0080777724584739,11.0
0.0,0.0317221855406685,13.0
24657.0,0.0491509556037551,5.0
26112.0,0.0410236684723812,11.0
25871.0,0.0393068536611182,10.0
27457.0,0.0281531479883585,7.0
24755.0,0.0231079245889791,6.0
6285.0,0.0265691422934144,9.0
18555.0,0.0220755796797484,10.0
11245.0,0.0,5.0
28529.0,0.0332271955022311,9.0
17968.0,0.0305625209061525,7.0
10756.0,0.0250300628919681,6.0
0.0,0.0104082403436514,10.0
12465.0,0.0307371361419934,9.0
0.0,0.0179407764500716,10.0
0.0,0.0269187225813322,11.0
4009.0,0.01307895305995,9.0
7374.0,0.0150370960084591,6.0
0.0,0.0217758728110241,7.0
10441.0,0.0101661783982508,5.0
7273.0,0.0204353216029325,8.0
13688.0,0.0206872080080588,12.0
11900.0,0.0163137515721642,6.0
0.0,0.0453401603766423,6.0
0.0,0.0245135841686561,4.0
0.0,0.0037976267903845,8.0
0.0,0.0133471550216923,8.0
0.0,0.0,8.0
0.0,0.0287019975205775,6.0
0.0,0.0269754708804152,8.0
0.0,0.0250149108415588,11.0
0.0,0.0,10.0
0.0,0.0,11.0
0.0,0.0,10.0
0.0,0.0,6.0
0.0,0.0,9.0
0.0,0.0,9.0
0.0,0.0,5.0
0.0,0.0,9.0
0.0,0.0,6.0
0.0,0.0,14.0
0.0,0.0,4.0
0.0,0.0,5.0
0.0,0.0,11.0
0.0,0.0,6.0
0.0,0.0,8.0
0.0,0.0,6.0
0.0,0.0,7.0
0.0,0.0,5.0
0.0,0.0,3.0
0.0,0.0,4.0
0.0,0.0,7.0
0.0,0.0,10.0
0.0,0.0,15.0
0.0,0.0,9.0
0.0,0.0,13.0
0.0,0.0,15.0
0.0,0.000685390042151,11.0
0.0,0.0146769655596672,4.0
0.0,0.0132315924075408,5.0
0.0,0.0259457326122093,9.0
0.0,0.0047229341961162,8.0
0.0,0.0051757600234928,10.0
0.0,0.0060407305088439,7.0
0.0,0.0281350368793828,3.0
0.0,0.0113244571057886,12.0
0.0,0.0237266488027238,10.0
0.0,0.0088134079101629,12.0
0.0,0.0221760937256119,13.0
0.0,0.0203395239307802,13.0
0.0,0.0131572817428911,11.0
0.0,0.0214720590565481,13.0
0.0,0.0154938597110782,11.0
0.0,0.0116804791421963,9.0
0.0,0.0172037942648346,12.0
0.0,0.031162000357284,12.0
0.0,0.006763785945073,12.0
0.0,0.0163939059441281,10.0
0.0,0.0185429003091132,14.0
0.0,0.0225419027754116,14.0
0.0,0.0298207264630227,15.0
0.0,0.0050092600459785,14.0
0.0,0.0,12.0
0.0,0.0,12.0
0.0,0.0,15.0
0.0,0.0,12.0
0.0,0.0,11.0
0.0,0.0,10.0
0.0,0.0,14.0
0.0,0.0,12.0
0.0,0.0,13.0
0.0,0.0,14.0
0.0,0.0,15.0
0.0,0.0,11.0
0.0,0.0,12.0
0.0,0.0,15.0
0.0,0.0,15.0
19078.0,0.0126866660355781,13.0
14145.0,0.0258798091076161,12.0
22659.0,0.0187254646608137,13.0
38708.0,0.0123473358803775,15.0
44935.0,0.0125068647716035,10.0
30901.0,0.0361861980037998,15.0
7621.0,0.024616470061529,12.0
11469.0,0.023766983370142,15.0
5800.0,0.0417778718748085,14.0
839.0,0.0341691308423004,14.0
5220.0,0.0133228047792839,13.0
12990.0,0.0261208315279011,12.0
3095.0,0.0271462508726107,14.0
12954.0,0.0237123164036909,10.0
13939.0,0.037384450833464,10.0
20064.0,0.0132538820765684,11.0
13394.0,0.0253750369549393,14.0
14903.0,0.0500835693030375,11.0
28536.0,0.0485446811430055,11.0
12492.0,0.024864086410472,14.0
28357.0,0.031419054115486,12.0
25199.0,0.0218973456961024,13.0
8992.0,0.028886875046361,11.0
22047.0,0.0381661116604116,11.0
33569.0,0.0289625067839668,10.0
30219.0,0.0324558565030747,8.0
39031.0,0.0434958547868878,11.0
39725.0,0.0289763180727144,11.0
19059.0,0.0299575431976731,12.0
43868.0,0.0431641480590407,10.0
62999.0,0.0237062738390967,13.0
58373.0,0.0115405840648407,13.0
43258.0,0.0283335476946362,13.0
57028.0,0.0203450038747818,9.0
45511.0,0.0152407137002644,6.0
17163.0,0.022255786620268,5.0
19297.0,0.0260433888249212,9.0
20185.0,0.0322477833785081,9.0
25641.0,0.0333495833780905,14.0
41930.0,0.0257046250601785,11.0
19398.0,0.0307024472673655,9.0
6035.0,0.0274139035075837,7.0
16058.0,0.02351373694633,8.0
18583.0,0.0131408897139889,8.0
0.0,0.019555556267936,9.0
22738.0,0.0266485222383159,10.0
5588.0,0.0421041882257598,9.0
13993.0,0.0170544100877209,4.0
9571.0,0.0195872847689866,4.0
18641.0,0.0364451848596006,7.0
34458.0,0.0129640683639914,6.0
23497.0,0.0185277207643717,10.0
6077.0,0.0472106437641566,6.0
23206.0,0.0216934914697235,4.0
7134.0,0.0448333314389198,4.0
4249.0,0.0421917200479702,7.0
22666.0,0.0182257725833364,7.0
16543.0,0.0162987399740469,7.0
6565.0,0.0326943589154631,9.0
9880.0,0.0316312645217743,4.0
23508.0,0.0386058559553497,7.0
18724.0,0.0291400499938669,13.0
16104.0,0.0179051178878855,11.0
17209.0,0.018261949280951,12.0
7331.0,0.0133579812320293,12.0
647.0,0.0198379544239824,13.0
24683.0,0.0284012124264571,7.0
26415.0,0.0188187983727494,13.0
22979.0,0.0254210875660551,8.0
37043.0,0.0343220892739578,6.0
14457.0,0.0,8.0
22738.0,0.0263407776029365,9.0
13733.0,0.0288882580560935,8.0
13846.0,0.0206544519969217,3.0
16819.0,0.0325232559073502,6.0
15451.0,0.0285427176844272,10.0
3918.0,0.0180036668486083,2.0
11886.0,0.0289176239430169,8.0
4776.0,0.0,12.0
1854.0,0.0151281557463068,9.0
1222.0,0.0192798432494738,6.0
0.0,0.0084885553899052,11.0
8748.0,0.0370944504057814,4.0
0.0,0.0169654859280731,7.0
4749.0,0.0098554412974891,10.0
0.0,0.0295379816162767,7.0
1371.0,0.0398502506581295,8.0
0.0,0.01997216918011,8.0
1603.0,0.0117515413650241,6.0
0.0,0.0207381159160889,6.0
0.0,0.0177554112225023,6.0
0.0,0.017959422135719,6.0
0.0,0.0380656208400402,8.0
0.0,0.0307066171635623,5.0
0.0,0.0,11.0
0.0,0.0032389315031822,4.0
0.0,0.0,5.0
0.0,0.0,6.0
0.0,0.0,6.0
0.0,0.0,8.0
0.0,0.0,8.0
0.0,0.0,5.0
0.0,0.0,5.0
0.0,0.0,10.0
0.0,0.0,7.0
0.0,0.0,11.0
0.0,0.0,8.0
0.0,0.0,7.0
0.0,0.0,10.0
0.0,0.0,8.0
0.0,0.0,2.0
0.0,0.0,5.0
0.0,0.0,4.0
0.0,0.0,6.0
0.0,0.0,4.0
0.0,0.0,4.0
0.0,0.0,6.0
0.0,0.0,9.0
0.0,0.0,15.0
0.0,0.0,9.0
0.0,0.0,11.0
0.0,0.0,13.0
0.0,0.002922854509962,8.0
0.0,0.0172868518805949,4.0
0.0,0.0241908801175916,8.0
0.0,0.0075333674884266,8.0
0.0,0.0095070514482701,10.0
0.0,0.0184850414328576,5.0
0.0,0.0,6.0
0.0,0.0135732215770513,4.0
0.0,0.0258827781106431,15.0
0.0,0.0197960639027881,14.0
0.0,0.0414370715810094,15.0
0.0,0.0267441583015255,11.0
0.0,0.0157275265274112,12.0
0.0,0.0160504030347768,12.0
0.0,0.0153952134998774,13.0
0.0,0.0194415969278656,9.0
0.0,0.0305330154147772,15.0
0.0,0.0255485616788538,12.0
0.0,0.0161607461474984,14.0
0.0,0.0079834450943814,12.0
0.0,0.0449334083999769,15.0
0.0,0.0192187541506952,14.0
0.0,0.0116518360993252,15.0
0.0,0.0084726588693369,11.0
0.0,0.0312163046234211,8.0
0.0,0.0,13.0
0.0,0.0,14.0
0.0,0.0,11.0
0.0,0.0,8.0
0.0,0.0,14.0
0.0,0.0,15.0
0.0,0.0,10.0
0.0,0.0,9.0
0.0,0.0,15.0
0.0,0.0,11.0
0.0,0.0,14.0
0.0,0.0,15.0
0.0,0.0,14.0
0.0,0.0,12.0
0.0,0.0,14.0
7925.0,0.0230983734764961,14.0
13581.0,0.0214838580378143,15.0
25121.0,0.0194349669605265,11.0
30919.0,0.0257980868511913,13.0
45669.0,0.0217504899065943,11.0
37380.0,0.0156880866013246,14.0
20595.0,0.0047694376639073,11.0
11230.0,0.0296248281864767,13.0
1047.0,0.0105364923966133,10.0
8792.0,0.0210117722316774,13.0
17083.0,0.0265101071676923,13.0
10257.0,0.0215198097384787,13.0
10415.0,0.0435450648701021,12.0
19830.0,0.0383522286054647,7.0
21741.0,0.0473731084807706,9.0
22901.0,0.0407977721870763,13.0
27130.0,0.0539735685360498,11.0
6591.0,0.0256050824602222,11.0
21308.0,0.0351432746169614,14.0
19486.0,0.0242661656029587,14.0
25697.0,0.0266767951218715,8.0
28744.0,0.0149134382552373,14.0
23843.0,0.0339366761094341,13.0
32990.0,0.0182992937891132,15.0
23198.0,0.040821816309056,11.0
29640.0,0.0011524037611954,11.0
40479.0,0.0375796128290391,10.0
33305.0,0.034474137225661,9.0
18955.0,0.020401220338232,13.0
32066.0,0.0354160351269074,15.0
51095.0,0.0285143366865939,14.0
60439.0,0.026529986926986,11.0
34925.0,0.0461874284108318,15.0
51989.0,0.0206311462973158,10.0
41580.0,0.0241345463546227,5.0
16335.0,0.0234712729719978,10.0
8248.0,0.0302067113264978,7.0
18191.0,0.0173048461105223,5.0
34483.0,0.0220289025068275,9.0
24932.0,0.0071917447858866,13.0
25416.0,0.0083522413294115,9.0
2138.0,0.020069649709749,12.0
6492.0,0.0085617959194277,9.0
14461.0,0.0021963060390531,7.0
7978.0,0.0009600781390215,6.0
26119.0,0.0290443114871206,10.0
14081.0,0.0228141581248239,8.0
4087.0,0.015916402506353,8.0
5722.0,0.0158238489607949,2.0
12067.0,0.0252881384924881,4.0
21447.0,0.0384908814945136,11.0
7323.0,0.0282854832556795,14.0
19779.0,0.0216270591691262,7.0
8604.0,0.0347731790898393,4.0
26595.0,0.0220769149894348,7.0
0.0,0.0224334698291701,5.0
11385.0,0.0253003711705484,6.0
6608.0,0.0215846249060787,11.0
19225.0,0.0137677064940251,8.0
12184.0,0.0267212894170735,5.0
18383.0,0.0390736048328678,5.0
7675.0,0.0273501505285283,11.0
22315.0,0.0311666574500373,10.0
9630.0,0.0413177177125402,10.0
19542.0,0.0261779432592446,12.0
0.0,0.0412330892877803,14.0
26258.0,0.0342832971902491,8.0
24536.0,0.0389419099551326,13.0
28497.0,0.0111742066580705,8.0
23023.0,0.0178077608785819,8.0
1939.0,0.0318158310233704,5.0
968.0,0.0371068322480198,5.0
15798.0,0.0447040684044292,5.0
7337.0,0.0406106152367475,4.0
35637.0,0.0473555487434171,2.0
15794.0,0.0395531517315579,9.0
11525.0,0.0123099681050466,4.0
15706.0,0.019031100832743,9.0
0.0,0.0323751453371989,13.0
4442.0,0.0269813545956318,10.0
16888.0,0.0201709296763273,8.0
9543.0,0.0234306480152721,8.0
0.0,0.0235244125350071,4.0
7146.0,0.0228937501515053,5.0
10189.0,0.0189577738861147,6.0
5234.0,0.0416640828119086,9.0
3081.0,0.0333604037014361,4.0
0.0,0.0183313521348559,7.0
7097.0,0.0251523268160502,7.0
0.0,0.0088419453479892,5.0
0.0,0.0183830679426197,6.0
0.0,0.0281350367910368,6.0
0.0,0.0122560155538845,8.0
0.0,0.0022171871366153,6.0
0.0,0.0163836676662631,7.0
0.0,0.0306684190003439,8.0
0.0,0.0,7.0
0.0,0.0,8.0
0.0,0.0,6.0
0.0,0.0,7.0
0.0,0.0,10.0
0.0,0.0,7.0
0.0,0.0,5.0
0.0,0.0,10.0
0.0,0.0,4.0
0.0,0.0,13.0
0.0,0.0,2.0
0.0,0.0,6.0
0.0,0.0,8.0
0.0,0.0,8.0
0.0,0.0,4.0
0.0,0.0,3.0
0.0,0.0,6.0
0.0,0.0,6.0
0.0,0.0,4.0
0.0,0.0,9.0
0.0,0.0,5.0
0.0,0.0,11.0
0.0,0.0,14.0
0.0,0.0,11.0
0.0,0.0,11.0
0.0,0.0,12.0
0.0,0.020095552558875,8.0
0.0,0.0185118132963621,2.0
0.0,0.0055016904857444,6.0
0.0,0.0384503690274703,7.0
0.0,0.0117051385726449,8.0
0.0,0.0150724375829772,7.0
0.0,0.0225707815642249,7.0
0.0,0.0154780291077676,6.0
0.0,0.0282912421119704,12.0
0.0,0.0054224069948483,10.0
0.0,0.0239640248161443,10.0
0.0,0.0105082320421709,14.0
0.0,0.0183467826650893,14.0
0.0,0.0182275908214617,14.0
0.0,0.0178489063804498,13.0
0.0,0.009042808451139,15.0
0.0,0.0303119721650231,12.0
0.0,0.0199432965211129,10.0
0.0,0.0010825389314725,14.0
0.0,0.0170633652255379,14.0
0.0,0.0368857318022012,13.0
0.0,0.0188538405244482,10.0
0.0,0.0237470136310919,9.0
0.0,0.0146824007787609,15.0
0.0,0.0335998010850687,9.0
0.0,0.0,13.0
0.0,0.0,12.0
0.0,0.0,13.0
0.0,0.0,15.0
0.0,0.0,13.0
0.0,0.0,12.0
0.0,0.0,11.0
0.0,0.0,14.0
0.0,0.0,13.0
0.0,0.0,13.0
0.0,0.0,15.0
0.0,0.0,10.0
0.0,0.0,10.0
0.0,0.0,13.0
0.0,0.0,12.0
28785.0,0.0288196646980993,13.0
8488.0,0.015877473867602,15.0
27962.0,0.0288579210009286,15.0
40734.0,0.0320631236627814,15.0
44187.0,0.0437958329736705,11.0
20123.0,0.0285798327524039,15.0
15788.0,0.0123031791714088,13.0
14236.0,0.0346042485432709,14.0
0.0,0.0274333243559269,14.0
15013.0,0.0298820276270561,12.0
7843.0,0.0331524101629102,14.0
16817.0,0.0407000392651241,13.0
7155.0,0.0179113893272337,13.0
10043.0,0.0368887627193042,6.0
2472.0,0.042856643924911,10.0
16994.0,0.0252753694713661,10.0
28916.0,0.0259282654365125,12.0
19591.0,0.0134717431554928,13.0
29398.0,0.0396761120282822,13.0
8851.0,0.0432010294403275,13.0
33773.0,0.0291302454659372,10.0
33637.0,0.0266678099729023,11.0
11437.0,0.0182753598662624,14.0
28385.0,0.0,12.0
25918.0,0.0323705736981666,8.0
31536.0,0.038910133794972,11.0
52176.0,0.0095751018490562,11.0
39420.0,0.0171507727119541,12.0
16887.0,0.0289205068184147,14.0
31646.0,0.0176802994468929,10.0
35498.0,0.0084692350804168,7.0
60337.0,0.0168326899413827,11.0
46232.0,0.0269112052722339,12.0
47148.0,0.029417505965181,11.0
42236.0,0.0208345735421263,9.0
14226.0,0.0232172148531116,8.0
12370.0,0.0256871975425288,7.0
12900.0,0.0,5.0
23513.0,0.0235810059552078,11.0
32231.0,0.0273422053493527,10.0
23367.0,0.0293510549137196,9.0
5517.0,0.0238494248517097,13.0
8346.0,0.0316857763651607,8.0
18067.0,0.0204366300307626,11.0
19927.0,0.0303422302464141,5.0
21064.0,0.0411112482876979,9.0
16132.0,0.0282692569152202,6.0
12497.0,0.0293827583191011,4.0
9858.0,0.0291579904221197,5.0
21317.0,0.0380156959526482,7.0
24258.0,0.0190698037560137,7.0
9035.0,0.0173034191484123,14.0
28760.0,0.031267410017262,8.0
21874.0,0.0337166586511159,6.0
16281.0,0.0242122493071293,3.0
11155.0,0.0257751694936839,8.0
11587.0,0.018888016533123,9.0
12373.0,0.0253635162777041,10.0
22789.0,0.0289670579348151,8.0
11454.0,0.0236098581067318,10.0
0.0,0.0178797763135286,9.0
7662.0,0.0076465770174098,11.0
17263.0,0.026431066264917,10.0
2548.0,0.0209682718715352,10.0
4418.0,0.0404712345073049,8.0
0.0,0.0270589865024616,12.0
20657.0,0.01831480755539,4.0
22147.0,0.0453430893934023,9.0
35305.0,0.0285525683554111,6.0
25659.0,0.0308893156939853,6.0
13569.0,0.0454361374484539,7.0
14559.0,0.0353992222882642,7.0
12358.0,0.0228438067640515,6.0
9090.0,0.0210919660035732,6.0
30256.0,0.0,5.0
10223.0,0.0326909154111188,9.0
17598.0,0.0239374152143135,9.0
19010.0,0.0206822343344025,8.0
1829.0,0.0119644730978187,15.0
7901.0,0.0242939335213597,7.0
6451.0,0.0083865866144074,7.0
8711.0,0.0180652725049036,14.0
0.0,0.0263365213784793,4.0
5489.0,0.0225246318705392,6.0
0.0,0.0078207494141586,5.0
6643.0,0.0228033186024572,11.0
5523.0,0.0134048853035553,7.0
158.0,0.0196742441844014,13.0
0.0,0.0006113450016653,5.0
0.0,0.0281483217078691,3.0
0.0,0.0189743127697135,6.0
0.0,0.0215550384307946,4.0
0.0,0.0207560277035257,4.0
0.0,0.0,8.0
0.0,0.0200235184334741,9.0
0.0,0.0216324049232965,4.0
0.0,0.0,9.0
0.0,0.0,9.0
0.0,0.0,7.0
0.0,0.0,7.0
0.0,0.0,4.0
0.0,0.0,7.0
0.0,0.0,3.0
0.0,0.0,11.0
0.0,0.0,7.0
0.0,0.0,13.0
0.0,0.0,7.0
0.0,0.0,6.0
0.0,0.0,11.0
0.0,0.0,8.0
0.0,0.0,4.0
0.0,0.0,7.0
0.0,0.0,6.0
0.0,0.0,0.0
0.0,0.0,0.0
0.0,0.0,4.0
0.0,0.0,6.0
0.0,0.0,10.0
0.0,0.0,11.0
0.0,0.0,11.0
0.0,0.0,12.0
0.0,0.0,10.0
0.0,0.0327835780494359,7.0
0.0,0.0,6.0
0.0,0.0095662855142823,4.0
0.0,0.0250183091440602,8.0
0.0,0.0170817419074197,6.0
0.0,0.0274386574279704,5.0
0.0,0.0,4.0
0.0,0.0110850228443705,6.0
0.0,0.0020750162834228,10.0
0.0,0.0168268994707915,15.0
0.0,0.0126756578244859,12.0
0.0,0.0,13.0
0.0,0.0245221379064666,11.0
0.0,0.0,15.0
0.0,0.0014348963020104,15.0
0.0,0.0197853960749854,10.0
0.0,0.0067120357924608,12.0
0.0,0.0044169200751391,12.0
0.0,0.0055066478965868,13.0
0.0,0.0229674527989839,15.0
0.0,0.0207520935399017,11.0
0.0,0.0,15.0
0.0,0.0150145374466587,12.0
0.0,0.0163400299415933,14.0
0.0,0.0054672601991068,10.0
0.0,0.0,15.0
0.0,0.0,14.0
0.0,0.0,14.0
0.0,0.0,13.0
0.0,0.0,13.0
0.0,0.0,11.0
0.0,0.0,14.0
0.0,0.0,12.0
0.0,0.0,15.0
0.0,0.0,15.0
0.0,0.0,11.0
0.0,0.0,14.0
0.0,0.0,15.0
0.0,0.0,15.0
0.0,0.0,12.0
24783.0,0.0368155492470336,15.0
9532.0,0.0303229700135049,14.0
25500.0,0.0263335523713553,14.0
46172.0,0.0170927220271982,11.0
44566.0,0.0081524883251558,15.0
20849.0,0.0233862030126078,10.0
4548.0,0.0309634108951414,14.0
6363.0,0.0383497129029107,13.0
10648.0,0.0320111106704659,13.0
7049.0,0.0183218092216037,12.0
13795.0,0.0133598621671651,15.0
12681.0,0.022280796948848,14.0
2764.0,0.0398717191695249,15.0
21756.0,0.0361942052083963,6.0
21806.0,0.0330484338503903,9.0
20490.0,0.0255881420375835,8.0
27105.0,0.0412678404064707,13.0
10563.0,0.028858957540963,14.0
30266.0,0.0253863197714407,11.0
17507.0,0.0150746353913713,14.0
31360.0,0.02611931587911,13.0
29462.0,0.0384372368298606,13.0
28732.0,0.0319585958802322,13.0
22428.0,0.0296465925379796,10.0
10973.0,0.0255763839144157,9.0
31653.0,0.0232414997410203,8.0
38920.0,0.0369633047345666,13.0
33371.0,0.009240406538109,12.0
17382.0,0.0330975629786303,10.0
35596.0,0.0380736558163238,11.0
48081.0,0.0407985371987104,9.0
59183.0,0.0146796005237809,12.0
47880.0,0.023401598080065,15.0
56659.0,0.0,8.0
48527.0,0.0085225638586924,8.0
22478.0,0.0137236453017149,2.0
20156.0,0.0333464055747673,6.0
13049.0,0.0097209370251391,4.0
23904.0,0.017842733693632,11.0
30953.0,0.0179132973587217,13.0
16056.0,0.0261751379269864,6.0
17315.0,0.0234553119727577,11.0
15062.0,0.0316749641401824,9.0
19224.0,0.0352433579369289,7.0
6862.0,0.0354999595427731,5.0
22178.0,0.0240813686953804,5.0
1712.0,0.0348942497443,5.0
12350.0,0.020895996520927,11.0
13673.0,0.023534744168135,3.0
18038.0,0.0410087993638193,7.0
27407.0,0.0188027223857166,6.0
14166.0,0.0206426232805566,10.0
23597.0,0.0301459250900872,12.0
14413.0,0.0282619252555571,2.0
4710.0,0.0316533555668511,5.0
1840.0,0.0353134755429771,7.0
24058.0,0.0,7.0
16597.0,0.0261869695241895,5.0
8940.0,0.0285413464915312,9.0
18341.0,0.0173996461559416,8.0
19034.0,0.0291868739394739,10.0
11302.0,0.0263328010848128,9.0
14818.0,0.0310097880647991,10.0
12242.0,0.0103341359088772,7.0
4697.0,0.0382066057425618,12.0
3014.0,0.0398870172138916,11.0
31564.0,0.0253169404294302,5.0
22192.0,0.0204601147726798,12.0
33959.0,0.035851800663135,7.0
18244.0,0.0037869891150876,7.0
21816.0,0.0371291676333702,8.0
10667.0,0.0199969177144572,9.0
19905.0,0.0353591370665485,12.0
11511.0,0.028640936060254,6.0
15692.0,0.0170293131771621,2.0
24162.0,0.0436687114244935,7.0
13219.0,0.0135876423249753,3.0
10085.0,0.0124824354726304,5.0
6727.0,0.0101856960033957,9.0
0.0,0.0263255217047399,9.0
7373.0,0.0104685863981259,9.0
3558.0,0.0217875520358402,8.0
2299.0,0.026392571219226,8.0
4749.0,0.0,9.0
239.0,0.0334760092763718,6.0
0.0,0.0255777259788221,11.0
0.0,0.0287427119497519,7.0
7303.0,0.008403875870327,6.0
1992.0,0.0103397887164167,1.0
0.0,0.0099198231909568,4.0
0.0,0.0142124667810317,3.0
0.0,0.0,3.0
0.0,0.0107872398110459,7.0
0.0,0.0205809418751066,4.0
0.0,0.0323064715495673,7.0
0.0,0.0266627755504864,8.0
0.0,0.0,7.0
0.0,0.0,7.0
0.0,0.0,11.0
0.0,0.0,8.0
0.0,0.0,9.0
0.0,0.0,8.0
0.0,0.0,9.0
0.0,0.0,11.0
0.0,0.0,5.0
0.0,0.0,11.0
0.0,0.0,8.0
0.0,0.0,6.0
0.0,0.0,8.0
0.0,0.0,8.0
0.0,0.0,3.0
0.0,0.0,6.0
0.0,0.0,6.0
0.0,0.0,5.0
0.0,0.0,7.0
0.0,0.0,6.0
0.0,0.0,4.0
0.0,0.0,4.0
0.0,0.0,11.0
0.0,0.0,10.0
0.0,0.0,14.0
0.0,0.0,14.0
0.0,0.0186202721228775,12.0
0.0,0.0157546307371529,5.0
0.0,0.0207495059206297,8.0
0.0,0.0288619018515392,7.0
0.0,0.0128471265774535,9.0
0.0,0.0072686810386095,9.0
0.0,0.0286468888490549,5.0
0.0,0.0,4.0
0.0,0.0202042885722924,13.0
0.0,0.0053392984429997,9.0
0.0,0.01701169082044,13.0
0.0,0.0,14.0
0.0,0.0096448252010348,13.0
0.0,0.0236381632965652,14.0
0.0,0.0057796077294106,13.0
0.0,0.0003080010025408,15.0
0.0,0.0149725383099931,12.0
0.0,0.0,12.0
0.0,0.0119005139415195,15.0
0.0,0.0187064012450624,14.0
0.0,0.0281981304011465,12.0
0.0,0.0062021904609548,15.0
0.0,0.0141333878029635,15.0
0.0,0.0204094281091888,15.0
0.0,0.0169800637652389,14.0
0.0,0.0,11.0
0.0,0.0,14.0
0.0,0.0,14.0
0.0,0.0,13.0
0.0,0.0,10.0
0.0,0.0,12.0
0.0,0.0,12.0
0.0,0.0,11.0
0.0,0.0,11.0
0.0,0.0,13.0
0.0,0.0,12.0
0.0,0.0,12.0
0.0,0.0,15.0
0.0,0.0,13.0
0.0,0.0,14.0
6894.0,0.0153443547122487,13.0
11859.0,0.0103204913622361,12.0
17413.0,0.0205155429839084,13.0
40359.0,0.0225271289862893,12.0
56169.0,0.0038033797088167,12.0
24925.0,0.0149375631968892,13.0
2745.0,0.0236681794562992,15.0
11720.0,0.0216399472472276,13.0
15947.0,0.0381440843375364,13.0
13870.0,0.0280083008333972,10.0
4747.0,0.0090212110940443,14.0
7880.0,0.0300590758150989,15.0
9893.0,0.0310668880487076,11.0
20582.0,0.0499343218660346,12.0
15477.0,0.0427888750011714,10.0
22212.0,0.0215031802070378,10.0
18555.0,0.0161487925198999,10.0
16563.0,0.0292841380025004,14.0
20487.0,0.0248919626915288,11.0
24930.0,0.0327941728431155,10.0
37579.0,0.024269203268104,14.0
37808.0,0.0235777185623566,14.0
20785.0,0.0292584278410017,10.0
21920.0,0.0095370693481407,13.0
16900.0,0.0341488505759782,8.0
20718.0,0.0459465729640119,13.0
42128.0,0.0293299835548973,13.0
24701.0,0.0149581935842452,10.0
25765.0,0.0505390460944089,13.0
33651.0,0.0243282860805928,13.0
57615.0,0.0287391303675376,12.0
56868.0,0.0139669536347142,9.0
40742.0,0.0169712051857083,14.0
51447.0,0.0263035401571598,11.0
41212.0,0.018802675032028,8.0
19316.0,0.0326917574195506,6.0
9818.0,0.038356745007117,12.0
18822.0,0.0186348842232656,6.0
22798.0,0.0214217079667604,9.0
36185.0,0.0409487770403595,11.0
15904.0,0.0255409617530958,7.0
6932.0,0.0143739806211143,7.0
15334.0,0.0354682688926557,5.0
15551.0,0.0224485729284958,10.0
13001.0,0.0087801373917981,4.0
21326.0,0.0380607525314739,5.0
6919.0,0.0388118294005812,10.0
0.0,0.0385567531197325,8.0
15041.0,0.044188509835957,4.0
19304.0,0.0225883333269981,8.0
31116.0,0.021427294412426,10.0
12148.0,0.0332803865272051,9.0
23786.0,0.0272415807388575,5.0
16003.0,0.0266705691524356,6.0
20821.0,0.0273211212436446,3.0
11110.0,0.020111281058607,4.0
19747.0,0.0251945360787095,6.0
9684.0,0.0201198604434858,9.0
12760.0,0.022767465044748,12.0
12537.0,0.0291358085968416,10.0
13007.0,0.0230133344459795,10.0
15370.0,0.0340133987609156,10.0
20115.0,0.0424974502124604,9.0
6200.0,0.0234243236338057,12.0
8670.0,0.0275789775753292,13.0
12135.0,0.010862693871275,14.0
25835.0,0.0289520110105434,5.0
25080.0,0.0261042938480591,9.0
32292.0,0.0243874262428025,9.0
22833.0,0.0198719517037529,7.0
19374.0,0.0138074823566515,11.0
178.0,0.0198940353944093,8.0
15818.0,0.0367626228034775,7.0
14072.0,0.0190610484170669,7.0
29112.0,0.0230772943355481,5.0
7402.0,0.0231518273342499,10.0
0.0,0.0195691322570521,1.0
4544.0,0.0338444484056451,10.0
0.0,0.0238418155927071,11.0
0.0,0.0129190586490602,8.0
979.0,0.0256016577586122,11.0
2261.0,0.0180846872797483,4.0
0.0,0.0338344787784128,6.0
15162.0,0.0121973951365592,7.0
13826.0,0.0268310831956339,8.0
7306.0,0.011793197672473,10.0
1844.0,0.0221360361329046,10.0
7988.0,0.0111012839662069,7.0
0.0,0.0084346811694528,6.0
0.0,0.0026538141362262,7.0
0.0,0.0072035164169074,4.0
0.0,0.0211127332248452,2.0
0.0,0.0154483531291233,9.0
0.0,0.0035328361336792,6.0
0.0,0.0237116233514734,7.0
0.0,0.0169977430258151,10.0
0.0,0.0,9.0
0.0,0.0,9.0
0.0,0.0,9.0
0.0,0.0,7.0
0.0,0.0,11.0
0.0,0.0,7.0
0.0,0.0,6.0
0.0,0.0,6.0
0.0,0.0,6.0
0.0,0.0,14.0
0.0,0.0,5.0
0.0,0.0,10.0
0.0,0.0,10.0
0.0,0.0,7.0
0.0,0.0,0.0
0.0,0.0,3.0
0.0,0.0,4.0
0.0,0.0,6.0
0.0,0.0,6.0
0.0,0.0,4.0
0.0,0.0,6.0
0.0,0.0,9.0
0.0,0.0,11.0
0.0,0.0,11.0
0.0,0.0,8.0
0.0,0.0,14.0
0.0,0.0229683338715327,15.0
0.0,0.0185294564640028,5.0
0.0,0.0077482512992036,4.0
0.0,0.0247917805648596,14.0
0.0,0.018927549132505,10.0
0.0,0.0202387706537469,6.0
0.0,0.0074294539083968,6.0
0.0,0.0084173975535025,6.0
0.0,0.0090022894190743,14.0
0.0,0.0446904964130681,14.0
0.0,0.0065376272164251,12.0
0.0,0.0271782918714943,13.0
0.0,0.0228514177286855,10.0
0.0,0.0290270212926251,13.0
0.0,0.0124795114076881,11.0
0.0,0.0184889234352878,14.0
0.0,0.0141310731679174,11.0
0.0,0.0052372682227538,15.0
0.0,0.0195913385893646,14.0
0.0,0.0128680498614909,13.0
0.0,0.042063508941738,14.0
0.0,0.0254069351572468,13.0
0.0,0.0193037368074822,14.0
0.0,0.0109922599970779,13.0
0.0,0.0107312711838364,12.0
0.0,0.0,13.0
0.0,0.0,15.0
0.0,0.0,14.0
0.0,0.0,12.0
0.0,0.0,14.0
0.0,0.0,13.0
0.0,0.0,12.0
0.0,0.0,13.0
0.0,0.0,14.0
0.0,0.0,14.0
0.0,0.0,15.0
0.0,0.0,10.0
0.0,0.0,15.0
0.0,0.0,8.0
0.0,0.0,13.0
3025.0,0.0154067695059948,10.0
0.0,0.0098648728383993,13.0
36645.0,0.0100885084159243,12.0
37524.0,0.0276992398901885,13.0
54162.0,0.0247158321395747,12.0
30189.0,0.0150081903560065,12.0
8657.0,0.0366131312385577,14.0
13326.0,0.0127707941761162,14.0
0.0,0.0445911381906434,12.0
14012.0,0.0146998659167991,15.0
14359.0,0.0233970074770369,14.0
12333.0,0.0378926342866283,12.0
4464.0,0.0280976618038626,12.0
15233.0,0.0484032103364673,8.0
21102.0,0.0392406783835116,7.0
17970.0,0.0449888707512188,5.0
20104.0,0.0342803570439012,9.0
14551.0,0.0480189019085889,15.0
34418.0,0.0314603055750541,11.0
21317.0,0.0322263173469479,11.0
37314.0,0.029584878523355,12.0
36657.0,0.0163012871684255,14.0
17987.0,0.0243024454358642,9.0
31641.0,0.0123718732251181,10.0
20358.0,0.0207277598642151,9.0
32777.0,0.0261359706366498,10.0
43005.0,0.0508767383017461,10.0
43755.0,0.0217391751408667,10.0
28733.0,0.0224318003082404,13.0
23251.0,0.0132295137540353,13.0
54753.0,0.0219885775818679,12.0
64017.0,0.0403701239445491,10.0
53446.0,0.0345467651778944,12.0
46059.0,0.0394673067907354,10.0
40553.0,0.028208415926111,9.0
16573.0,0.0127277460788366,7.0
18232.0,0.0326043968671683,5.0
13236.0,0.0214147549531051,7.0
12179.0,0.0299784821871814,12.0
29133.0,0.0045747027608779,10.0
24754.0,0.0257384656921411,8.0
0.0,0.0340248045545159,8.0
669.0,0.0093944013631726,7.0
4050.0,0.0310377533617924,6.0
14502.0,0.0149284600392595,4.0
18967.0,0.0273664354583036,8.0
16577.0,0.0126517300662951,6.0
11131.0,0.0295725505686539,10.0
17190.0,0.0355045526898585,4.0
14384.0,0.0208951588246279,5.0
27084.0,0.0380019228425145,10.0
8407.0,0.0120937776530786,11.0
33409.0,0.0246527112994703,9.0
11633.0,0.0220376129154326,6.0
16264.0,0.0383608615733151,7.0
5221.0,0.0329245249768402,8.0
25330.0,0.0166758203616765,9.0
13055.0,0.0212228312715933,7.0
19162.0,0.0262121269252599,10.0
10041.0,0.0212989078449984,10.0
17071.0,0.0181475214735319,8.0
16103.0,0.0213004769094377,8.0
16553.0,0.0181533953934359,14.0
11874.0,0.0338826596447008,14.0
49.0,0.0295485941289597,11.0
8227.0,0.0122712782314783,10.0
21522.0,0.0420101485918276,6.0
26684.0,0.0475143923153186,12.0
15646.0,0.0139246430523336,10.0
28463.0,0.0282164845144936,9.0
17512.0,0.0159519498844795,10.0
11062.0,0.0386025182091568,5.0
14995.0,0.0314812737038538,5.0
9581.0,0.0397040462660316,2.0
19483.0,0.0126055062493142,3.0
15567.0,0.0373994272135121,11.0
12717.0,0.0374823348896311,5.0
15633.0,0.0294873177158004,10.0
7734.0,0.0243114775191322,12.0
9645.0,0.0060882271141227,10.0
0.0,0.0351975274474905,10.0
14421.0,0.0188883231701471,9.0
5358.0,0.0183985045138428,6.0
1067.0,0.038719935339501,6.0
5333.0,0.0,8.0
0.0,0.0190318767066242,3.0
3168.0,0.0202484376225848,8.0
0.0,0.0171196411686692,4.0
413.0,0.0172616762633532,10.0
0.0,0.0137099192414743,2.0
0.0,0.0246191947585182,2.0
0.0,0.0202089851626827,1.0
0.0,0.0176412271545998,8.0
0.0,0.0260502025416902,4.0
0.0,0.0115767342216056,7.0
0.0,0.0031497702950468,5.0
0.0,0.0,9.0
0.0,0.0,7.0
0.0,0.0,10.0
0.0,0.0,9.0
0.0,0.0,11.0
0.0,0.0,8.0
0.0,0.0,6.0
0.0,0.0,9.0
0.0,0.0,8.0
0.0,0.0,14.0
0.0,0.0,7.0
0.0,0.0,7.0
0.0,0.0,12.0
0.0,0.0,8.0
0.0,0.0,5.0
0.0,0.0,10.0
0.0,0.0,4.0
0.0,0.0,6.0
0.0,0.0,6.0
0.0,0.0,9.0
0.0,0.0,2.0
0.0,0.0,9.0
0.0,0.0,7.0
0.0,0.0,12.0
0.0,0.0,14.0
0.0,0.0,15.0
0.0,0.0156338010366852,9.0
0.0,0.0076367062491122,4.0
0.0,0.0076964506784624,7.0
0.0,0.0129168612723938,11.0
0.0,0.0291323229622162,9.0
0.0,0.0136970912568702,3.0
0.0,0.0269516474288726,7.0
0.0,0.0117793987129703,2.0
0.0,0.0216774433687658,12.0
0.0,0.0310593979485936,14.0
0.0,0.0169494601236657,14.0
0.0,0.0025335493176103,10.0
0.0,0.0120152832365226,14.0
0.0,0.0192098449294223,14.0
0.0,0.0216149285772184,13.0
0.0,0.0155477010744395,12.0
0.0,0.0359868474411409,14.0
0.0,0.0068195651111649,12.0
0.0,0.0297909355307973,15.0
0.0,0.0152358738838452,14.0
0.0,0.0314733416419167,11.0
0.0,0.0263382771107633,14.0
0.0,0.0218078183041044,12.0
0.0,0.0226378793075169,15.0
0.0,0.0243992761584007,13.0
0.0,0.0,13.0
0.0,0.0,14.0
0.0,0.0,14.0
0.0,0.0,13.0
0.0,0.0,15.0
0.0,0.0,14.0
0.0,0.0,13.0
0.0,0.0,13.0
0.0,0.0,10.0
0.0,0.0,13.0
0.0,0.0,14.0
0.0,0.0,14.0
0.0,0.0,14.0
0.0,0.0,12.0
0.0,0.0,13.0
14727.0,0.029274393946135,15.0
11752.0,0.020634799628152,14.0
25459.0,0.0286266444037157,10.0
49770.0,0.0096387300624206,14.0
57509.0,0.0061465890300404,14.0
32243.0,0.0252155817249434,12.0
9961.0,0.0247693503269203,12.0
7001.0,0.0249245094249583,13.0
3744.0,0.0404477808122711,13.0
8219.0,0.04179370621369,12.0
12817.0,0.0360534475774924,13.0
11925.0,0.0218741377856831,15.0
0.0,0.0247731672310638,12.0
17962.0,0.0304017179535767,10.0
6748.0,0.0245781652276268,9.0
31252.0,0.0398969029010422,10.0
19284.0,0.0362856884762271,9.0
2713.0,0.0347912182778322,13.0
21190.0,0.0377007272207772,15.0
17883.0,0.0291270727988362,12.0
31068.0,0.01981785555626,15.0
39830.0,0.0330357813790156,13.0
24187.0,0.0284518515822852,12.0
32995.0,0.0468165254016294,13.0
26410.0,0.0311290674552266,9.0
30987.0,0.0136954213911864,11.0
46913.0,0.026235423335396,9.0
36733.0,0.0277595449493338,8.0
25036.0,0.0292572470828245,13.0
34889.0,0.0167943316528008,13.0
58315.0,0.0118684831665289,10.0
62841.0,0.0123839659922571,9.0
43041.0,0.0340496609430343,12.0
52790.0,0.0535132792705191,11.0
48888.0,0.0372241912912435,7.0
16796.0,0.0373157339145006,13.0
13694.0,0.0207935502530718,7.0
13789.0,0.0298585775298563,4.0
24594.0,0.0237911310707653,11.0
29146.0,0.0268818195360073,11.0
28078.0,0.0207845214707298,6.0
8737.0,0.0154676384959508,7.0
6849.0,0.0386408226533029,7.0
15840.0,0.016896501762466,8.0
3554.0,0.0272542536414122,7.0
13944.0,0.0250788407756729,9.0
10831.0,0.0143516560648909,7.0
6751.0,0.0208438929634033,10.0
13830.0,0.0193248305917429,7.0
18456.0,0.0181269452207049,6.0
29953.0,0.0138864185946611,8.0
3884.0,0.0172343025357663,9.0
15805.0,0.00097108300074,7.0
21519.0,0.0215452523917532,7.0
10688.0,0.0292352078293377,9.0
15650.0,0.0386538251214866,7.0
17802.0,0.0289979372090689,2.0
16774.0,0.034296736666801,9.0
11201.0,0.0306408760197298,12.0
11482.0,0.0079074508521414,6.0
7593.0,0.025423896698184,6.0
15156.0,0.0143468323371895,8.0
10198.0,0.0330934497904897,9.0
23153.0,0.0250306265595002,11.0
9725.0,0.0391906562725438,10.0
8935.0,0.039262007433583,13.0
25171.0,0.0246959106629164,5.0
30850.0,0.0241540215048692,10.0
32290.0,0.0377692269229719,7.0
22946.0,0.0216720505575993,8.0
18771.0,0.0030246461081046,7.0
15591.0,0.0327778633187898,11.0
14869.0,0.0247169767544791,8.0
6366.0,0.0262008842594103,2.0
27802.0,0.0220243727354757,5.0
15164.0,0.0188595853953438,9.0
9019.0,0.0300254297757455,7.0
5147.0,0.0258272499330624,8.0
5457.0,0.0174613410199058,12.0
4402.0,0.0255272289276044,8.0
2471.0,0.0227553482839819,8.0
5991.0,0.0306340491859599,8.0
3623.0,0.0204679617998882,5.0
8045.0,0.0139961630154559,3.0
1139.0,0.0125949934792632,8.0
3137.0,0.0191495233483978,8.0
3660.0,0.0217736657975251,7.0
6535.0,0.0187991267815857,4.0
5675.0,0.0329751961704874,3.0
0.0,0.0223275612856842,6.0
0.0,0.0210944701158037,7.0
0.0,0.0200521223627588,4.0
0.0,0.006279795083411,9.0
0.0,0.024769948323889,6.0
0.0,0.022056864356426,5.0
0.0,0.0078809981076802,6.0
0.0,0.0,10.0
0.0,0.0,7.0
0.0,0.0,6.0
0.0,0.0,8.0
0.0,0.0,7.0
0.0,0.0,6.0
0.0,0.0,5.0
0.0,0.0,12.0
0.0,0.0,5.0
0.0,0.0,11.0
0.0,0.0,5.0
0.0,0.0,5.0
0.0,0.0,10.0
0.0,0.0,10.0
0.0,0.0,4.0
0.0,0.0,5.0
0.0,0.0,7.0
0.0,0.0,7.0
0.0,0.0,4.0
0.0,0.0,8.0
0.0,0.0,6.0
0.0,0.0,4.0
0.0,0.0,12.0
0.0,0.0,9.0
0.0,0.0,9.0
0.0,0.0,11.0
0.0,0.005652352657037,9.0
0.0,0.0076741837994244,2.0
0.0,0.0112147971299596,2.0
0.0,0.0231449833964889,12.0
0.0,0.0117883182259094,8.0
0.0,0.0104329831182749,2.0
0.0,0.0070263942520595,3.0
0.0,0.0165009763318547,7.0
0.0,0.0117046242327234,12.0
0.0,0.0174708443879891,12.0
0.0,0.0087209327438982,13.0
0.0,0.027608972986128,13.0
0.0,0.0281510004475731,15.0
0.0,0.0236473712150382,12.0
0.0,0.0220292126670581,15.0
0.0,0.0169459730958007,12.0
0.0,0.0243975421453446,11.0
0.0,0.0042882455564506,13.0
0.0,0.0154375614121991,12.0
0.0,0.0205657023293671,12.0
0.0,0.003201344139981,13.0
0.0,0.0055924337177852,14.0
0.0,0.0163722120844161,13.0
0.0,0.0093702054071127,12.0
0.0,0.0,14.0
0.0,0.0,14.0
0.0,0.0,11.0
0.0,0.0,15.0
0.0,0.0,12.0
0.0,0.0,9.0
0.0,0.0,13.0
0.0,0.0,15.0
0.0,0.0,15.0
0.0,0.0,13.0
0.0,0.0,12.0
0.0,0.0,12.0
0.0,0.0,12.0
0.0,0.0,12.0
0.0,0.0,12.0
0.0,0.0,14.0
22842.0,0.0092105146681016,14.0
8499.0,0.036532038174425,14.0
29398.0,0.0,12.0
31355.0,0.0328955982634375,15.0
48805.0,0.0202667030569454,12.0
19079.0,0.0292205010541639,14.0
9083.0,0.0286359150007639,15.0
16736.0,0.0247972482496194,15.0
7497.0,0.0235424618751617,12.0
6423.0,0.0276277608850195,13.0
6257.0,0.0408765155365239,14.0
5608.0,0.0275000972837626,12.0
4781.0,0.0329102850372969,13.0
21188.0,0.0532889097173258,8.0
10724.0,0.05818728810144,12.0
24788.0,0.0222736038428397,9.0
27332.0,0.0253611272054881,9.0
20775.0,0.0431206223841021,12.0
24974.0,0.0094847733280654,15.0
28987.0,0.023484270991192,15.0
36754.0,0.0193741010427927,9.0
34983.0,0.0257653341383024,15.0
8821.0,0.0067517220411247,11.0
32762.0,0.0295332871144454,14.0
24665.0,0.0345061306546544,12.0
27104.0,0.016086880347767,9.0
49090.0,0.0429953095181988,9.0
34911.0,0.0386041205123877,9.0
30841.0,0.0368240325188324,14.0
35618.0,0.0352381184261604,13.0
58952.0,0.0157937348951827,11.0
44790.0,0.0217045631788975,12.0
59848.0,0.0169584656478891,14.0
58854.0,0.0204607915534995,12.0
42180.0,0.0262499946907944,10.0
15396.0,0.0137593827006554,4.0
10265.0,0.0281001982912461,5.0
11316.0,0.0188053536446274,5.0
27233.0,0.0229903049300058,9.0
29312.0,0.0328525773333028,11.0
21421.0,0.0406871641633348,9.0
4850.0,0.0301586966986075,13.0
11805.0,0.0285552131988065,9.0
7446.0,0.0274607328351856,6.0
10219.0,0.0054958264693497,8.0
19888.0,0.0549187801957208,9.0
22014.0,0.0349109813480668,6.0
20255.0,0.0405124333052777,9.0
4225.0,0.0337618098428642,2.0
13208.0,0.0183979081747334,6.0
23053.0,0.040106459440826,6.0
6436.0,0.0273339263333012,12.0
25493.0,0.0221987627228297,9.0
14814.0,0.051182372005903,5.0
8988.0,0.0264847291407182,8.0
5947.0,0.0156451543299029,6.0
19089.0,0.0180021616862534,6.0
13372.0,0.0137862767864372,4.0
11547.0,0.0221778746911959,6.0
14913.0,0.0224876872373252,7.0
14771.0,0.0552247166974688,8.0
6862.0,0.0207977618618071,8.0
19802.0,0.0324643797738828,10.0
6248.0,0.0278949234714226,9.0
7836.0,0.0232454947987566,12.0
7454.0,0.0247187900619197,10.0
23243.0,0.0210783799064674,8.0
28563.0,0.0548443532242452,14.0
33323.0,0.0155257515294003,10.0
23619.0,0.0359006031370972,10.0
18302.0,0.039216864027591,13.0
9772.0,0.0124733604657174,11.0
22295.0,0.0174899907424483,11.0
9170.0,0.0332682267574764,7.0
22696.0,0.0136301872596277,6.0
7341.0,0.0148014679573924,12.0
17685.0,0.0153379668584566,4.0
2329.0,0.0307331416990265,8.0
3384.0,0.0115505734045042,10.0
7135.0,0.0344421139121851,9.0
19309.0,0.0027891046383994,9.0
11858.0,0.003601366312669,8.0
0.0,0.0118623608120006,4.0
7664.0,0.0030856619227112,4.0
6124.0,0.0344987951806633,7.0
5263.0,0.0061133392930926,8.0
0.0,0.0161775726832647,12.0
0.0,0.0187477891954931,9.0
14630.0,0.018869842383339,4.0
0.0,0.0332429585434125,4.0
0.0,0.003970605376122,5.0
0.0,0.0384464173475456,6.0
0.0,0.0166246544244442,9.0
0.0,0.0197931096837266,3.0
0.0,0.0059663783848221,10.0
0.0,0.0230825483267456,9.0
0.0,0.0,7.0
0.0,0.0,7.0
0.0,0.0,8.0
0.0,0.0,6.0
0.0,0.0,9.0
0.0,0.0,6.0
0.0,0.0,4.0
0.0,0.0,12.0
0.0,0.0,5.0
0.0,0.0,14.0
0.0,0.0,5.0
0.0,0.0,2.0
0.0,0.0,7.0
0.0,0.0,6.0
0.0,0.0,3.0
0.0,0.0,7.0
0.0,0.0,4.0
0.0,0.0,6.0
0.0,0.0,5.0
0.0,0.0,4.0
0.0,0.0,5.0
0.0,0.0,9.0
0.0,0.0,11.0
0.0,0.0,10.0
0.0,0.0,11.0
0.0,0.0,11.0
0.0,0.0161797457013288,9.0
0.0,0.0191336253960271,5.0
0.0,0.0211744826159785,3.0
0.0,0.0308233828663073,10.0
0.0,0.026113003022347,7.0
0.0,0.0220643540496252,4.0
0.0,0.0223597068966739,5.0
0.0,0.0315954209619862,4.0
0.0,0.0367826916151558,15.0
0.0,0.0199917577747467,15.0
0.0,0.0107572160127449,13.0
0.0,0.0,13.0
0.0,0.0056364701924132,12.0
0.0,0.0026756408743417,12.0
0.0,0.0010435010271875,15.0
0.0,0.0215121431669762,15.0
0.0,0.0058170090918574,13.0
0.0,0.0185774868292664,15.0
0.0,0.0054126954333846,11.0
0.0,0.0032438298441505,11.0
0.0,0.0121112756317397,11.0
0.0,0.0285952599335546,14.0
0.0,0.0,12.0
0.0,0.010771927192569,15.0
0.0,0.0,14.0
0.0,0.0,13.0
0.0,0.0,12.0
0.0,0.0,11.0
0.0,0.0,14.0
0.0,0.0,13.0
0.0,0.0,12.0
0.0,0.0,15.0
0.0,0.0,9.0
0.0,0.0,13.0
0.0,0.0,13.0
0.0,0.0,13.0
0.0,0.0,15.0
0.0,0.0,13.0
0.0,0.0,11.0
0.0,0.0,11.0
13319.0,0.0150035672758159,14.0
1935.0,0.0415196068651532,15.0
29894.0,0.005517774446605,15.0
39172.0,0.0041561377152892,12.0
49270.0,0.0,13.0
31862.0,0.0191798067600856,12.0
509.0,0.0262516087035695,13.0
2986.0,0.0336955912390078,14.0
7187.0,0.0356070684484328,14.0
13695.0,0.035306767633458,12.0
8026.0,0.0239511523508247,12.0
11413.0,0.0333639415373709,14.0
4414.0,0.0284720083088921,13.0
12948.0,0.0434678028921374,11.0
15930.0,0.0367872216159162,7.0
17670.0,0.0374696514582595,6.0
21127.0,0.0208076098889346,11.0
9961.0,0.0095067406256698,13.0
30525.0,0.0383186522289428,13.0
18966.0,0.032309015824839,12.0
42217.0,0.0320181221222555,14.0
32678.0,0.0163163401376056,11.0
16622.0,0.0226030767985024,9.0
17623.0,0.0262787431545851,13.0
24746.0,0.0117229762949509,9.0
36677.0,0.025029650453644,9.0
48966.0,0.0390866871628096,8.0
32139.0,0.0203063098578949,12.0
33935.0,0.0104800855444172,11.0
29209.0,0.012902720232681,15.0
50658.0,0.0259250694956466,12.0
43277.0,0.0251546865408094,10.0
39165.0,0.0341818736596928,14.0
48481.0,0.0220274899885848,9.0
36217.0,0.0164855453244136,8.0
12965.0,0.024183186250523,5.0
23503.0,0.0225926795367122,10.0
22793.0,0.0242174999293859,6.0
22851.0,0.0085423854679822,11.0
30070.0,0.0266252054332456,13.0
19955.0,0.0236366762041673,6.0
3885.0,0.0273209665025915,10.0
5636.0,0.016125942436956,12.0
8251.0,0.031028729872102,9.0
9681.0,0.0203424436925929,3.0
12958.0,0.031114009459744,9.0
13304.0,0.0090863481554916,7.0
7091.0,0.0184930456741104,8.0
7446.0,0.0136675701310583,3.0
19180.0,0.0187524877212104,6.0
31755.0,0.0543892589238255,10.0
12716.0,0.0,11.0
21255.0,0.0166402494942045,9.0
26958.0,0.0230585423550151,6.0
25016.0,0.0307171410490474,3.0
10387.0,0.0317879448466893,6.0
28900.0,0.0418970882121219,6.0
22145.0,0.0216635622715688,9.0
11420.0,0.0300119157772195,8.0
8943.0,0.029732568547709,7.0
432.0,0.0002359877557387,6.0
0.0,0.0248853306136678,9.0
27808.0,0.0203451076024475,10.0
2059.0,0.0230372869291785,8.0
5420.0,0.0190889534538683,14.0
11635.0,0.0234021363106087,11.0
20162.0,0.0255404313726312,5.0
29132.0,0.0307803995539952,12.0
22672.0,0.0343493862671878,15.0
26514.0,0.0365726779019555,9.0
21371.0,0.0452794166277733,10.0
11540.0,0.0226385216173412,4.0
22695.0,0.0245780066687723,9.0
11811.0,0.0,9.0
17766.0,0.0084827566976328,3.0
10943.0,0.0078537204626676,8.0
9672.0,0.0145325947404238,4.0
9639.0,0.0006246626131647,9.0
0.0,0.0381301480830467,13.0
0.0,0.0287832458899168,7.0
383.0,0.0028538426661175,10.0
5963.0,0.0309774890189577,8.0
9788.0,0.0266864742848231,7.0
3604.0,0.0,5.0
189.0,0.0418471113594587,8.0
3694.0,0.0201705904508183,7.0
0.0,0.0139100133476577,9.0
643.0,0.0198804413239646,8.0
6875.0,0.0282270305963611,4.0
0.0,0.0192809758563255,3.0
0.0,0.0192748005877908,5.0
0.0,0.0108703318432516,8.0
0.0,0.0287857842662391,11.0
0.0,0.0,6.0
0.0,0.0158060781428924,7.0
0.0,0.0200589969192664,7.0
0.0,0.0,5.0
0.0,0.0,7.0
0.0,0.0,10.0
0.0,0.0,6.0
0.0,0.0,6.0
0.0,0.0,9.0
0.0,0.0,4.0
0.0,0.0,11.0
0.0,0.0,3.0
0.0,0.0,14.0
0.0,0.0,6.0
0.0,0.0,8.0
0.0,0.0,11.0
0.0,0.0,10.0
0.0,0.0,4.0
0.0,0.0,6.0
0.0,0.0,8.0
0.0,0.0,6.0
0.0,0.0,2.0
0.0,0.0,6.0
0.0,0.0,5.0
0.0,0.0,8.0
0.0,0.0,8.0
0.0,0.0,12.0
0.0,0.0,12.0
0.0,0.0,13.0
0.0,0.0346802594634776,11.0
0.0,0.0280917101268407,6.0
0.0,0.0298013907307793,4.0
0.0,0.0336417353127356,12.0
0.0,0.0267031206006697,8.0
0.0,0.0446510780546404,7.0
0.0,0.0112218408746275,8.0
0.0,0.0171366863248831,8.0
0.0,0.0448813222172489,13.0
0.0,0.0333103169279795,15.0
0.0,0.0207736489583983,11.0
0.0,0.0476893806560786,15.0
0.0,0.0354294824462325,12.0
0.0,0.0104123924828861,15.0
0.0,0.0231196197073628,15.0
0.0,0.0231756165892728,15.0
0.0,0.0,14.0
0.0,0.0254703829417878,12.0
0.0,0.0108998347348704,12.0
0.0,0.0170262563851193,12.0
0.0,0.0066907905067353,15.0
0.0,0.0022513066901178,11.0
0.0,0.0192954868598593,11.0
0.0,0.0194759143091426,9.0
0.0,0.0305518570079959,13.0
0.0,0.0,13.0
0.0,0.0,12.0
0.0,0.0,13.0
0.0,0.0,14.0
0.0,0.0,12.0
0.0,0.0,10.0
0.0,0.0,10.0
0.0,0.0,10.0
0.0,0.0,11.0
0.0,0.0,13.0
0.0,0.0,12.0
0.0,0.0,11.0
0.0,0.0,11.0
0.0,0.0,12.0
0.0,0.0,10.0
18778.0,0.0187436156522355,12.0
9486.0,0.009412758574181,15.0
27418.0,0.0111440103154927,13.0
34182.0,0.0165933320704639,10.0
53617.0,0.0079642930326903,11.0
21206.0,0.0268890969133968,14.0
313.0,0.0152010181831389,15.0
6668.0,0.0365599259833542,13.0
10448.0,0.0086904466209908,12.0
8980.0,0.0408583537225854,13.0
3552.0,0.0310974858982723,11.0
10810.0,0.0182737539327663,15.0
7349.0,0.0300181943006341,13.0
11167.0,0.061380699048134,7.0
14275.0,0.0372367539769683,8.0
11679.0,0.0373759780620725,10.0
19402.0,0.0512356442586809,12.0
6459.0,0.0224824411411119,15.0
14101.0,0.0021507004888167,13.0
18510.0,0.038573713450191,13.0
36836.0,0.0126603453138816,15.0
25457.0,0.0109571619267183,11.0
11546.0,0.0250343299883339,10.0
17830.0,0.0011954644632358,15.0
14389.0,0.0286956497089336,8.0
25364.0,0.0420831957482564,10.0
47344.0,0.0201878405095617,11.0
37116.0,0.0317180735336173,12.0
40972.0,0.0269990325967249,13.0
27894.0,0.0441303526874939,15.0
55599.0,0.0176907842958879,8.0
51886.0,0.0200221109051151,10.0
52707.0,0.0368777381293456,11.0
46381.0,0.0076476863414714,14.0
36710.0,0.0051580578327485,9.0
17992.0,0.0185184840639972,6.0
14746.0,0.01445350827248,4.0
16775.0,0.014902872491271,7.0
18370.0,0.018542482966911,9.0
41622.0,0.0323581594365038,9.0
14746.0,0.0187227473094943,9.0
9977.0,0.0320121215522899,7.0
15636.0,0.0184469170311788,7.0
14046.0,0.0325743495084461,3.0
0.0,0.0221140389550402,7.0
15601.0,0.0218141465644554,7.0
20058.0,0.0209631860962005,9.0
10380.0,0.0440241426683037,12.0
9740.0,0.0444588006844695,4.0
11345.0,0.0299889319717878,6.0
21348.0,0.0240798224011275,5.0
14850.0,0.0329596875193451,7.0
27447.0,0.0565915668895143,10.0
9141.0,0.0195623676673142,2.0
11952.0,0.0309072864108724,8.0
0.0,0.0095334857639137,8.0
16770.0,0.0172131828802306,5.0
13766.0,0.0206165768591312,8.0
2819.0,0.043486259970211,10.0
26909.0,0.0126965147216323,9.0
22525.0,0.0135940998263044,11.0
13197.0,0.0264641517862052,11.0
8627.0,0.0264349111298039,8.0
20434.0,0.0323319492342936,9.0
2704.0,0.019967425976966,12.0
9088.0,0.0246844587514934,15.0
26619.0,0.0245114077350296,5.0
25331.0,0.0243241606883952,11.0
19671.0,0.0316159748716649,8.0
29895.0,0.0202297012202626,8.0
18143.0,0.0098444077094725,9.0
16264.0,0.0366144581068596,8.0
21417.0,0.0326871547448358,11.0
11785.0,0.0279268690075043,5.0
25271.0,0.0300172370681502,3.0
13988.0,0.0314113916897965,8.0
2376.0,0.0137779669947539,5.0
0.0,0.0243886550339273,10.0
0.0,0.0180633215301061,10.0
0.0,0.0190186198306391,9.0
0.0,0.0231987161756795,7.0
10707.0,0.013669875489612,6.0
12598.0,0.0332224854401622,5.0
2094.0,0.0352711871185459,5.0
1902.0,0.045944021400073,8.0
3799.0,0.0150150930507251,6.0
4792.0,0.0052154088445306,7.0
4291.0,0.0127087933612925,6.0
4478.0,0.034322822269887,4.0
0.0,0.0218827301416677,9.0
0.0,0.0,8.0
0.0,0.0241788858223954,8.0
0.0,0.012207396079597,8.0
0.0,0.0060150761773989,5.0
0.0,0.0213237668154169,7.0
0.0,0.0305101457823846,11.0
0.0,0.0,10.0
0.0,0.0,10.0
0.0,0.0,8.0
0.0,0.0,9.0
0.0,0.0,10.0
0.0,0.0,9.0
0.0,0.0,5.0
0.0,0.0,10.0
0.0,0.0,4.0
0.0,0.0,11.0
0.0,0.0,7.0
0.0,0.0,9.0
0.0,0.0,9.0
0.0,0.0,8.0
0.0,0.0,2.0
0.0,0.0,9.0
0.0,0.0,5.0
0.0,0.0,6.0
0.0,0.0,6.0
0.0,0.0,8.0
0.0,0.0,6.0
0.0,0.0,8.0
0.0,0.0,13.0
0.0,0.0,8.0
0.0,0.0,14.0
0.0,0.0,13.0
0.0,0.0,12.0
0.0,0.033277955110479,10.0
0.0,0.0398078981168195,7.0
0.0,0.0198058872215446,8.0
0.0,0.0275103546333491,10.0
0.0,0.0130553984509474,4.0
0.0,0.0130686018805329,9.0
0.0,0.0221274308773176,7.0
0.0,0.0065174435196157,13.0
0.0,0.0423548676311885,15.0
0.0,0.0155285056864175,14.0
0.0,0.016534965827239,15.0
0.0,0.0269533875013889,14.0
0.0,0.0,11.0
0.0,0.0114475240852389,13.0
0.0,0.0,15.0
0.0,0.0334141442988501,14.0
0.0,0.0,14.0
0.0,0.0062242671062097,10.0
0.0,0.0237048712264189,10.0
0.0,0.0011325981877454,12.0
0.0,0.0263529938624905,14.0
0.0,0.0289659523287461,15.0
0.0,0.0254861797119817,14.0
0.0,0.0167653988303372,10.0
0.0,0.0,10.0
0.0,0.0,14.0
0.0,0.0,15.0
0.0,0.0,14.0
0.0,0.0,12.0
0.0,0.0,12.0
0.0,0.0,8.0
0.0,0.0,15.0
0.0,0.0,14.0
0.0,0.0,11.0
0.0,0.0,9.0
0.0,0.0,11.0
0.0,0.0,15.0
0.0,0.0,13.0
0.0,0.0,9.0
4023.0,0.0005844540156925,11.0
10532.0,0.0107418020787325,12.0
27315.0,0.0211364716075835,12.0
23386.0,0.0102256423370604,12.0
48495.0,0.0,14.0
39041.0,0.0214499358893476,10.0
3796.0,0.0230699433493284,11.0
14574.0,0.0216261665418388,15.0
7515.0,0.0298580741582587,11.0
15308.0,0.0268056444439336,14.0
10195.0,0.0254881736432143,14.0
1448.0,0.0352459873840142,15.0
12150.0,0.0427539396443264,12.0
14350.0,0.0208769186807511,8.0
21838.0,0.0380155844412191,7.0
18990.0,0.0140475268977122,7.0
15860.0,0.0376988449833013,15.0
10910.0,0.0376397028425575,12.0
29695.0,0.019555847854812,14.0
10025.0,0.0307822215894528,14.0
33513.0,0.052306937188814,8.0
30323.0,0.0345451383391601,14.0
10152.0,0.0333910532468408,12.0
25629.0,0.0272977508649554,12.0
17555.0,0.0244407621007583,10.0
30184.0,0.0390464252193985,9.0
43548.0,0.0423543367636353,15.0
35747.0,0.0246370016074594,12.0
12190.0,0.0443934284420906,14.0
32436.0,0.0192454444216067,15.0
50013.0,0.0198674070663128,10.0
61031.0,0.0283827617764354,10.0
54591.0,0.0112478747941511,12.0
56334.0,0.0380257836726537,13.0
39851.0,0.0231759345237847,9.0
10945.0,0.033149047346016,6.0
21473.0,0.0501275216793603,7.0
13229.0,0.0049533900004903,6.0
35180.0,0.0312725146132535,9.0
30989.0,0.0288595435905275,9.0
25002.0,0.0211827158264149,9.0
0.0,0.0351557044972902,13.0
11958.0,0.0155250657675638,5.0
19406.0,0.0470661238547749,4.0
0.0,0.0083062042645446,4.0
7930.0,0.0359283061257845,9.0
16031.0,0.0126842787146439,5.0
9055.0,0.0130278883749971,8.0
10382.0,0.057676550525141,4.0
23761.0,0.0,7.0
24294.0,0.0344610309752836,9.0
12130.0,0.0184003115796246,12.0
21019.0,0.0053391177938876,9.0
20711.0,0.0365806929625968,3.0
15276.0,0.0250090425743847,7.0
8470.0,0.0228435241106821,7.0
17947.0,0.0040194816877843,6.0
24231.0,0.0216110773914674,9.0
11073.0,0.0311527560679116,6.0
13627.0,0.0438280209673435,7.0
16255.0,0.0298488204116633,8.0
10693.0,0.0448338914063895,6.0
16808.0,0.0331445149353749,7.0
9992.0,0.0438903827729578,10.0
6456.0,0.043004002892202,13.0
8683.0,0.0476031466171404,12.0
28119.0,0.0230330054114875,9.0
21473.0,0.0197941401991998,12.0
29790.0,0.0,10.0
30420.0,0.0330098697111857,7.0
17485.0,0.0257463524374278,7.0
9398.0,0.0364832811980993,9.0
15121.0,0.0035987647254126,9.0
22222.0,0.0275118397219815,4.0
17363.0,0.0365740850017121,4.0
2290.0,0.0364081985970648,9.0
3069.0,0.042158856549259,4.0
8640.0,0.0313801571268181,6.0
10358.0,0.0222589737676364,13.0
181.0,0.0280110204051802,11.0
3031.0,0.0475597334281147,6.0
0.0,0.0362741479564761,5.0
9645.0,0.0111028214235065,7.0
0.0,0.0100060349855616,7.0
7741.0,0.017949743062693,8.0
0.0,0.0295830509902142,8.0
11781.0,0.0268137360845326,10.0
1728.0,0.0183914151838908,7.0
3622.0,0.017263364411036,2.0
0.0,0.0,3.0
0.0,0.016083404500766,12.0
0.0,0.0,3.0
0.0,0.0041535796790786,10.0
0.0,0.0117787569268125,6.0
0.0,0.00835323186421,4.0
0.0,0.0085700873097462,7.0
0.0,0.0,10.0
0.0,0.0,9.0
0.0,0.0,9.0
0.0,0.0,10.0
0.0,0.0,7.0
0.0,0.0,7.0
0.0,0.0,4.0
0.0,0.0,11.0
0.0,0.0,5.0
0.0,0.0,14.0
0.0,0.0,5.0
0.0,0.0,5.0
0.0,0.0,6.0
0.0,0.0,6.0
0.0,0.0,4.0
0.0,0.0,9.0
0.0,0.0,7.0
0.0,0.0,7.0
0.0,0.0,3.0
0.0,0.0,7.0
0.0,0.0,6.0
0.0,0.0,9.0
0.0,0.0,13.0
0.0,0.0,10.0
0.0,0.0,10.0
0.0,0.0,10.0
0.0,0.0082305760543762,11.0
0.0,0.0176194613285098,5.0
0.0,0.0170622887135493,8.0
0.0,0.0,14.0
0.0,0.0146393870184461,10.0
0.0,0.0325641809074852,6.0
0.0,0.0,6.0
0.0,0.0086624487753825,7.0
0.0,0.0304482830225364,11.0
0.0,0.0181361411427048,12.0
0.0,0.0068256707855257,15.0
0.0,0.0110648409173373,10.0
0.0,0.0,14.0
0.0,0.0149600466313204,13.0
0.0,0.0097381804863983,14.0
0.0,0.0216202490137497,12.0
0.0,0.0213032410689225,15.0
0.0,0.0046115739009258,11.0
0.0,0.0146552033199233,12.0
0.0,0.0312785390657476,12.0
0.0,0.0187717736092363,15.0
0.0,0.0376052024744055,13.0
0.0,0.0253633211834127,14.0
0.0,0.0202900982938957,14.0
0.0,0.0163198385538456,15.0
0.0,0.0,11.0
0.0,0.0,14.0
0.0,0.0,14.0
0.0,0.0,12.0
0.0,0.0,15.0
0.0,0.0,15.0
0.0,0.0,14.0
0.0,0.0,9.0
0.0,0.0,14.0
0.0,0.0,13.0
0.0,0.0,14.0
0.0,0.0,13.0
0.0,0.0,10.0
0.0,0.0,12.0
0.0,0.0,13.0
14709.0,0.0183660506492879,10.0
5142.0,0.0353612097206737,14.0
30933.0,0.0088302042719629,11.0
36422.0,0.0043975303574688,14.0
38808.0,0.0334236516008371,14.0
37477.0,0.0176221666236685,13.0
10674.0,0.0397038621281364,11.0
8288.0,0.0239280171276711,12.0
6493.0,0.0341179620102512,15.0
2098.0,0.0312376348455152,15.0
16087.0,0.0411974888679494,12.0
15147.0,0.0265660992415731,13.0
0.0,0.0377649253063844,10.0
22289.0,0.0286196380268896,8.0
20113.0,0.0463306303043638,7.0
18408.0,0.0191420431039812,10.0
13259.0,0.0297474272058349,11.0
12539.0,0.0515728671114818,11.0
20049.0,0.0241975090240743,15.0
19398.0,0.0218289242142456,14.0
31931.0,0.0314293472549566,11.0
32283.0,0.0344632313689815,9.0
8292.0,0.0143314594490897,10.0
22387.0,0.0311267740360454,13.0
30162.0,0.0395091859766366,12.0
40439.0,0.0481458349593336,11.0
42477.0,0.0310771849121926,10.0
25448.0,0.0197682346304898,10.0
31228.0,0.0321641647695348,13.0
33195.0,0.0434642219406243,14.0
53842.0,0.0301660987580785,10.0
57421.0,0.017179367661407,12.0
45833.0,0.0145277836993873,14.0
39945.0,0.0325439301114477,11.0
57010.0,0.0230763818347964,9.0
10895.0,0.0334279275588695,4.0
23758.0,0.0330335664097525,6.0
14790.0,0.0227961498299914,6.0
27191.0,0.0150115515215544,12.0
36143.0,0.0133114143908548,9.0
28714.0,0.01078504695438,8.0
5436.0,0.0172084263927619,8.0
818.0,0.0043275629537148,4.0
15115.0,0.0230107190051893,9.0
7837.0,0.0212476815958312,3.0
5910.0,0.036342460195228,6.0
5576.0,0.0315698887834857,9.0
0.0,0.0287109468007729,9.0
13052.0,0.0316969546534153,2.0
20844.0,0.0142597377073144,6.0
20235.0,0.0348613117227075,11.0
26837.0,0.0248104210980363,14.0
28993.0,0.03182926682579,9.0
22410.0,0.0348948929134344,6.0
18580.0,0.0404061514374918,9.0
2075.0,0.0293768928064225,5.0
25988.0,0.0190707546372194,8.0
24775.0,0.0222662906464938,5.0
14932.0,0.0308875168410413,14.0
11794.0,0.0144542026467767,10.0
16161.0,0.0389648221484642,9.0
18894.0,0.0464417898619861,12.0
15311.0,0.0204319615273583,10.0
13413.0,0.0289724013327544,12.0
6785.0,0.0274698318978906,10.0
6098.0,0.0372739569580469,9.0
14329.0,0.0284638715674978,8.0
33523.0,0.0187755324175869,15.0
25512.0,0.0206613723154696,9.0
23644.0,0.0183406712670492,11.0
8233.0,0.0445590961139023,7.0
13036.0,0.0344100938126805,11.0
9598.0,0.0209558885903105,10.0
12198.0,0.0149942721692002,9.0
15706.0,0.0321769675810013,4.0
15651.0,0.0290110306812146,9.0
9941.0,0.0354332765851428,7.0
7783.0,0.0353373121295473,8.0
8577.0,0.030003767163248,9.0
0.0,0.0124930053645009,9.0
4165.0,0.0133314615005072,5.0
1103.0,0.0210207612644182,10.0
0.0,0.0165316834554096,3.0
7616.0,0.0062520549414324,2.0
1111.0,0.0324591805779773,7.0
0.0,0.0100085559390555,9.0
7774.0,0.0288698687054275,7.0
4493.0,0.0234434882516084,12.0
7063.0,0.0129710877851836,5.0
0.0,0.0315607804651577,5.0
0.0,0.0277443302335355,7.0
0.0,0.0225412347021779,3.0
0.0,0.0304275073118354,10.0
0.0,0.0147823214801027,7.0
0.0,0.0096692807518508,6.0
0.0,0.0347349665583932,9.0
0.0,0.0,8.0
0.0,0.0,6.0
0.0,0.0,9.0
0.0,0.0,11.0
0.0,0.0,9.0
0.0,0.0,8.0
0.0,0.0,3.0
0.0,0.0,11.0
0.0,0.0,4.0
0.0,0.0,13.0
0.0,0.0,7.0
0.0,0.0,5.0
0.0,0.0,11.0
0.0,0.0,9.0
0.0,0.0,7.0
0.0,0.0,3.0
0.0,0.0,4.0
0.0,0.0,5.0
0.0,0.0,4.0
0.0,0.0,6.0
0.0,0.0,5.0
0.0,0.0,11.0
0.0,0.0,13.0
0.0,0.0,9.0
0.0,0.0,12.0
0.0,0.0,14.0
0.0,0.0249038475221479,12.0
0.0,0.0251702828943235,3.0
0.0,0.0199025826415548,4.0
0.0,0.0073638178040982,9.0
0.0,0.0113774676071882,4.0
0.0,0.0380769009264425,7.0
0.0,0.0272634802042405,6.0
0.0,0.0105441482035677,5.0
0.0,0.0,15.0
0.0,0.0255948097773968,13.0
0.0,0.0103165049839943,12.0
0.0,0.0084260636069876,13.0
0.0,0.011354953483931,14.0
0.0,0.032723339505168,11.0
0.0,0.0013687400706786,13.0
0.0,0.0161461923330915,14.0
0.0,0.025782246803946,14.0
0.0,0.0168544330051746,14.0
0.0,0.0,8.0
0.0,0.0277503626974962,12.0
0.0,0.0164809176883195,14.0
0.0,0.0278944019987341,15.0
0.0,0.0115015042109665,14.0
0.0,0.0128944473401291,13.0
0.0,0.0273240129083833,12.0
0.0,0.0,11.0
0.0,0.0,12.0
0.0,0.0,11.0
0.0,0.0,14.0
0.0,0.0,11.0
0.0,0.0,14.0
0.0,0.0,13.0
0.0,0.0,15.0
0.0,0.0,15.0
0.0,0.0,11.0
0.0,0.0,9.0
0.0,0.0,12.0
0.0,0.0,15.0
0.0,0.0,15.0
0.0,0.0,13.0
10824.0,0.0227836762874824,12.0
16031.0,0.0279950400791442,12.0
22711.0,0.0369823413723604,12.0
33912.0,0.0119024634497126,15.0
54472.0,0.0223224151501223,14.0
29996.0,0.0045484479456615,15.0
6594.0,0.0210099857399929,15.0
13126.0,0.0281520809952111,14.0
0.0,0.0209163584174114,13.0
18255.0,0.0346440934443282,10.0
11361.0,0.0473480508847403,11.0
0.0,0.050261905094571,12.0
6003.0,0.0342908346951751,13.0
16932.0,0.0195373488732826,11.0
21134.0,0.0214251967580885,9.0
20977.0,0.0156907078860944,8.0
26065.0,0.0157461279819243,12.0
5408.0,0.0344481455344099,15.0
26116.0,0.025116488872395,13.0
26064.0,0.0409635573850116,10.0
35419.0,0.0385909111051265,9.0
36078.0,0.0286334443573371,12.0
9212.0,0.0159372475401892,13.0
24486.0,0.0175155371851766,13.0
24709.0,0.0334511881789192,8.0
34238.0,0.0282539907909633,7.0
55886.0,0.0235066527923088,12.0
23157.0,0.0302417605950301,12.0
23422.0,0.0298391335526422,11.0
34741.0,0.0249869877224002,12.0
58604.0,0.0403212056948724,9.0
52496.0,0.0291453102649764,13.0
52301.0,0.0129794673565007,8.0
53107.0,0.0145301723356736,11.0
34854.0,0.0296863820088787,10.0
28743.0,0.0197946752898194,8.0
20366.0,0.025747019253192,10.0
12448.0,0.0207502939969696,7.0
12582.0,0.0247442248625422,4.0
23806.0,0.0415831906794452,9.0
15381.0,0.012456379931304,9.0
4350.0,0.029610913752149,7.0
10819.0,0.0054935025085269,10.0
8509.0,0.0300169937839364,10.0
0.0,0.0443274059739391,4.0
21784.0,0.0251352662056892,10.0
14271.0,0.0270377145541007,5.0
2113.0,0.0140524582100088,7.0
13053.0,0.012500357722929,3.0
19771.0,0.0025182486222027,6.0
27394.0,0.0099902328828544,7.0
18625.0,0.016932191473771,9.0
23700.0,0.0593128219746887,7.0
14365.0,0.0293111228412107,6.0
16189.0,0.0294022096684736,4.0
12538.0,0.038518758760841,7.0
22946.0,0.0351990022514991,6.0
11513.0,0.0285336076297916,7.0
7830.0,0.0293691654226875,6.0
7515.0,0.0322518269702175,6.0
10088.0,0.034782601333595,5.0
14301.0,0.0182057299477163,7.0
23438.0,0.0026800357638507,11.0
18603.0,0.0417683405967624,13.0
12326.0,0.0178930959816325,8.0
15097.0,0.0375113645464646,15.0
25617.0,0.0191260245773387,4.0
27140.0,0.0388115318037192,11.0
24609.0,0.0125534599372113,7.0
26947.0,0.0279566688257661,8.0
21872.0,0.0303022032343654,7.0
9389.0,0.02299473106662,4.0
10193.0,0.0392032000954878,5.0
8435.0,0.0276065929777996,8.0
16746.0,0.0178092941023573,2.0
11554.0,0.0298167251400555,6.0
18878.0,0.0056883534207803,4.0
6476.0,0.0213281720931283,7.0
2094.0,0.0221601975818862,8.0
0.0,0.0385339657373418,8.0
3089.0,0.0175135454916022,9.0
0.0,0.0293821058607583,6.0
16372.0,0.0168150845992031,4.0
5455.0,0.025600549871738,7.0
0.0,0.0289541909458399,7.0
0.0,0.0077374670326659,4.0
11325.0,0.0221929380962893,9.0
0.0,0.0289392131973549,3.0
10820.0,0.0083352470404423,6.0
0.0,0.0316821014816048,8.0
0.0,0.0295555675080423,6.0
0.0,0.0127964035398474,5.0
0.0,0.0281531457588301,7.0
0.0,0.0254287486014779,9.0
0.0,0.0228598264147366,7.0
0.0,0.0008897646798485,8.0
0.0,0.0,7.0
0.0,0.0,7.0
0.0,0.0,8.0
0.0,0.0,4.0
0.0,0.0,8.0
0.0,0.0,8.0
0.0,0.0,2.0
0.0,0.0,9.0
0.0,0.0,9.0
0.0,0.0,12.0
0.0,0.0,5.0
0.0,0.0,5.0
0.0,0.0,6.0
0.0,0.0,6.0
0.0,0.0,4.0
0.0,0.0,6.0
0.0,0.0,3.0
0.0,0.0,4.0
0.0,0.0,7.0
0.0,0.0,5.0
0.0,0.0,7.0
0.0,0.0,7.0
0.0,0.0,13.0
0.0,0.0,11.0
0.0,0.0,10.0
0.0,0.0,11.0
0.0,0.0120203879770298,9.0
0.0,0.0,5.0
0.0,0.0099753973752069,6.0
0.0,0.0110564829911635,10.0
0.0,0.0142992108728717,8.0
0.0,0.0045512388854648,8.0
0.0,0.023321281980895,10.0
0.0,0.0227705009166574,8.0
0.0,0.0169709932773249,13.0
0.0,0.0389644892588049,11.0
0.0,0.0076515733226053,15.0
0.0,0.032106960815433,15.0
0.0,0.0088293979706607,11.0
0.0,0.0037532641008282,14.0
0.0,0.0030243939488353,14.0
0.0,0.0070855801641294,13.0
0.0,0.0198332925989498,12.0
0.0,0.0050230140922181,15.0
0.0,0.0073458397577696,15.0
0.0,0.0149703543274734,14.0
0.0,0.0008120286357632,12.0
0.0,0.0057326204411945,13.0
0.0,0.0033641052965073,15.0
0.0,0.0215030073327786,14.0
0.0,0.0183122634071573,10.0
0.0,0.0,12.0
0.0,0.0,13.0
0.0,0.0,11.0
0.0,0.0,10.0
0.0,0.0,11.0
0.0,0.0,11.0
0.0,0.0,10.0
0.0,0.0,15.0
0.0,0.0,12.0
0.0,0.0,15.0
0.0,0.0,10.0
0.0,0.0,13.0
0.0,0.0,12.0
0.0,0.0,13.0
0.0,0.0,15.0
27449.0,0.0020367096819116,15.0
12152.0,0.017064500713235,14.0
23371.0,0.0123532206496074,14.0
43297.0,0.0177552320729252,12.0
50968.0,0.0167673009410144,9.0
44539.0,0.0213515179691708,10.0
11357.0,0.0357860945399974,11.0
1027.0,0.0287594734242684,14.0
11714.0,0.0275067940775387,12.0
21868.0,0.019955144056938,13.0
12557.0,0.0373083687558465,13.0
4136.0,0.0264279347725842,13.0
0.0,0.0261938997888622,15.0
16017.0,0.0337906077196065,6.0
21716.0,0.0196191654012047,9.0
13541.0,0.0217220881035727,7.0
13002.0,0.0219376728420638,13.0
6566.0,0.0250177451335642,14.0
21990.0,0.0187903095358533,13.0
23514.0,0.0267263050073589,10.0
35151.0,0.0171189185758578,11.0
34925.0,0.0247399779316466,14.0
20007.0,0.0263357799943083,13.0
9982.0,0.0220426871228753,12.0
26573.0,0.0364654786734728,10.0
16452.0,0.0222485688220466,7.0
40258.0,0.0278246746103456,12.0
21245.0,0.0152739551983103,11.0
28570.0,0.0129619129101387,14.0
29818.0,0.0431170235443909,14.0
60690.0,0.027232186037553,8.0
49268.0,0.0236131658541005,10.0
38068.0,0.029727404538993,13.0
51089.0,0.0470190521879361,12.0
38946.0,0.0227599398625066,10.0
16314.0,0.0430459892134571,7.0
15355.0,0.0284542533840799,8.0
4580.0,0.0224766636094386,4.0
28855.0,0.0110526537825946,8.0
33376.0,0.0266799046884087,10.0
18014.0,0.0119377819071316,7.0
19154.0,0.0434483340940844,9.0
14269.0,0.0249712540774367,10.0
10066.0,0.0308028200647179,7.0
17192.0,0.0077134463535635,4.0
22401.0,0.0175452950765723,12.0
11564.0,0.0136206487503432,12.0
12740.0,0.0369480492097106,6.0
9695.0,0.0330970120509157,3.0
12827.0,0.0317086211920449,6.0
22551.0,0.0364235436954044,7.0
0.0,0.0416845130874199,10.0
29028.0,0.0332743074449351,11.0
17418.0,0.0310413010096902,4.0
21797.0,0.0284064991750296,3.0
0.0,0.0296148313954879,5.0
26439.0,0.0334730396446899,9.0
19502.0,0.046676737150457,13.0
11011.0,0.0277615193986598,6.0
11281.0,0.0332962856076176,7.0
13659.0,0.0278901534794601,8.0
6363.0,0.0269191888229432,8.0
22680.0,0.0307453739465156,8.0
5527.0,0.0365061705164007,10.0
13416.0,0.0370683856665454,10.0
8279.0,0.0440657092178308,10.0
24401.0,0.0,6.0
28557.0,0.0378872930808871,14.0
30264.0,0.0342046423842756,7.0
21832.0,0.0374092154134777,7.0
9077.0,0.0265593155769538,7.0
18381.0,0.0269751028704978,8.0
9695.0,0.0155494373861831,4.0
22254.0,0.0283270549142496,7.0
24667.0,0.0310203883251302,4.0
17129.0,0.0204038568215959,7.0
7384.0,0.0213152592294594,2.0
11547.0,0.0380799624372538,11.0
10156.0,0.0019110084232289,13.0
2846.0,0.0345176617957944,8.0
9267.0,0.0086332252307386,11.0
10483.0,0.0108129001170879,8.0
4963.0,0.0144694280723107,7.0
9780.0,0.026814818191483,5.0
9962.0,0.0223565915651495,7.0
0.0,0.0149114203537017,7.0
1971.0,0.018475853465296,6.0
0.0,0.020532690046915,6.0
0.0,0.0223991721326751,4.0
0.0,0.0340660543872775,7.0
0.0,0.0156400338839286,7.0
0.0,0.0134430724790713,6.0
0.0,0.0246412352438623,8.0
0.0,0.0242289113337922,9.0
0.0,0.014002782973958,7.0
0.0,0.0486655393084472,7.0
0.0,0.0,5.0
0.0,0.0,8.0
0.0,0.0,10.0
0.0,0.0,7.0
0.0,0.0,5.0
0.0,0.0,10.0
0.0,0.0,10.0
0.0,0.0,9.0
0.0,0.0,4.0
0.0,0.0,14.0
0.0,0.0,5.0
0.0,0.0,8.0
0.0,0.0,10.0
0.0,0.0,9.0
0.0,0.0,6.0
0.0,0.0,8.0
0.0,0.0,3.0
0.0,0.0,5.0
0.0,0.0,4.0
0.0,0.0,8.0
0.0,0.0,2.0
0.0,0.0,7.0
0.0,0.0,11.0
0.0,0.0,12.0
0.0,0.0,11.0
0.0,0.0,12.0
0.0,0.0082991997106237,11.0
0.0,0.0198188861022489,3.0
0.0,0.0337132570753399,7.0
0.0,0.0285656102549856,11.0
0.0,0.0239097121673277,9.0
0.0,0.0285221960285466,6.0
0.0,0.0016427092706849,8.0
0.0,0.0059906489092526,8.0
0.0,0.0018734917352056,14.0
0.0,0.0024097623194879,15.0
0.0,0.0,12.0
0.0,0.0128001356217423,14.0
0.0,0.0328488219884636,14.0
0.0,0.0,12.0
0.0,0.0156864843326226,14.0
0.0,0.0081852179350047,12.0
0.0,0.0223987282826357,15.0
0.0,0.0171331094038509,11.0
0.0,0.0132384004904899,15.0
0.0,0.0099751637579769,13.0
0.0,0.0097741562991074,12.0
0.0,0.0119135166103987,13.0
0.0,0.0194773547630893,11.0
0.0,0.0033497696423144,15.0
0.0,0.0035061539045239,12.0
0.0,0.0,12.0
0.0,0.0,12.0
0.0,0.0,13.0
0.0,0.0,12.0
0.0,0.0,14.0
0.0,0.0,14.0
0.0,0.0,13.0
0.0,0.0,14.0
0.0,0.0,13.0
0.0,0.0,15.0
0.0,0.0,12.0
0.0,0.0,14.0
0.0,0.0,14.0
0.0,0.0,12.0
0.0,0.0,14.0
14667.0,0.0127334675540358,10.0
13187.0,0.0295401595536962,14.0
34207.0,0.0103105741801782,14.0
50500.0,0.0099119141188421,12.0
50344.0,0.0295205148505264,11.0
27613.0,0.013412084418118,15.0
17803.0,0.0229546775307194,13.0
8123.0,0.0262842953032086,14.0
6411.0,0.0187172130035543,13.0
7921.0,0.0366880374542561,10.0
13817.0,0.0020657091992396,12.0
10869.0,0.0372128651992981,15.0
8630.0,0.0027395737048573,13.0
10572.0,0.050680352644027,9.0
19575.0,0.0393905793872388,8.0
13590.0,0.0451589326645311,11.0
17987.0,0.0309394864677843,15.0
10302.0,0.0320880639433291,13.0
31517.0,0.0304005461131298,15.0
19902.0,0.042364743210478,14.0
34716.0,0.0223461800242026,10.0
26457.0,0.044990216625077,12.0
19106.0,0.0394015789624957,11.0
26930.0,0.0379774622145815,10.0
31514.0,0.0220719065535679,5.0
32865.0,0.0197547483333219,9.0
36091.0,0.0234819503779042,12.0
33280.0,0.0148458109976729,11.0
26712.0,0.0242082280163596,13.0
29024.0,0.0303630337655014,15.0
60952.0,0.0444673924511647,12.0
69878.0,0.0301865557900107,11.0
41582.0,0.0184603187578527,12.0
46151.0,0.0310396493648113,11.0
36852.0,0.0355881819059158,10.0
11263.0,0.021099590006988,8.0
11030.0,0.025776231601786,3.0
8781.0,0.0366612394585012,6.0
29338.0,0.0254253986804113,10.0
30428.0,0.0111260227515567,11.0
19457.0,0.02844690155089,6.0
0.0,0.0178908706190304,8.0
17985.0,0.031943438554699,5.0
9779.0,0.0204630647559409,8.0
2034.0,0.0148246839580143,5.0
13141.0,0.0176083790696505,9.0
19399.0,0.0250878239655561,10.0
0.0,0.0132062205720439,10.0
17021.0,0.03335832506584,5.0
28606.0,0.0245948126263134,6.0
31173.0,0.0215429133052109,9.0
13507.0,0.0374229636187652,10.0
21502.0,0.0203030474942736,10.0
20432.0,0.0339953995365228,7.0
12306.0,0.0294542368121677,8.0
8297.0,0.0238820657091006,4.0
22862.0,0.0318855940357252,7.0
22891.0,0.026009907626785,3.0
18615.0,0.0268545771687453,4.0
9059.0,0.0245209524221811,10.0
15069.0,0.0281490067847134,8.0
6882.0,0.0306071570557526,8.0
21415.0,0.0261359213426704,11.0
23977.0,0.0225436311750217,6.0
14905.0,0.0277435602348747,11.0
7634.0,0.0270042716243735,10.0
19730.0,0.0198608927672697,12.0
24385.0,0.008501131070625,14.0
28996.0,0.0297249881173948,7.0
27525.0,0.0438145286047777,12.0
14299.0,0.0321514604652207,4.0
2661.0,0.0432647510679734,10.0
12347.0,0.0332623908814117,9.0
7892.0,0.0207048370771644,3.0
12864.0,0.0547528738127516,6.0
14145.0,0.0281074246598039,6.0
10489.0,0.0063614149234397,5.0
12419.0,0.0235510527943091,8.0
1766.0,0.0008888408730653,10.0
3641.0,0.0197810293644212,11.0
3284.0,0.0090392988299062,9.0
0.0,0.0246028771252004,7.0
3066.0,0.0061169900490643,6.0
0.0,0.0143197934757403,6.0
0.0,0.0212971197237101,3.0
1247.0,0.0197189287416043,9.0
12924.0,0.0266987610136329,6.0
0.0,0.0,6.0
7670.0,0.018194195182454,5.0
0.0,0.0100127600806601,2.0
0.0,0.0182708525166482,4.0
0.0,0.01486342447817,7.0
0.0,0.0483729860357569,6.0
0.0,0.0236876184018956,7.0
0.0,0.0144197967778306,6.0
0.0,0.0336020904072293,6.0
0.0,0.0,8.0
0.0,0.0,8.0
0.0,0.0,5.0
0.0,0.0,6.0
0.0,0.0,8.0
0.0,0.0,10.0
0.0,0.0,7.0
0.0,0.0,8.0
0.0,0.0,5.0
0.0,0.0,15.0
0.0,0.0,8.0
0.0,0.0,7.0
0.0,0.0,8.0
0.0,0.0,6.0
0.0,0.0,7.0
0.0,0.0,4.0
0.0,0.0,6.0
0.0,0.0,7.0
0.0,0.0,4.0
0.0,0.0,6.0
0.0,0.0,4.0
0.0,0.0,9.0
0.0,0.0,13.0
0.0,0.0,11.0
0.0,0.0,10.0
0.0,0.0,10.0
0.0,0.0285505586053519,12.0
0.0,0.02543310762225,5.0
0.0,0.0068535437711826,7.0
0.0,0.0,8.0
0.0,0.0081220157138364,10.0
0.0,0.0169428213557017,3.0
0.0,0.0258279154894811,6.0
0.0,0.0,8.0
0.0,0.0018581447497923,12.0
0.0,0.0106953420764998,15.0
0.0,0.0103997351360875,11.0
0.0,0.0143845837521915,8.0
0.0,0.0225031499314058,13.0
0.0,0.0280856764218237,14.0
0.0,0.0307068560696485,15.0
0.0,0.0181437716828633,13.0
0.0,0.0201212544813547,15.0
0.0,0.0201610591989932,12.0
0.0,0.0130074521351929,15.0
0.0,0.0128145145371648,12.0
0.0,0.0077115882130833,11.0
0.0,0.0139053112110825,13.0
0.0,0.0143197155466805,14.0
0.0,0.0040288460628917,13.0
0.0,0.0013910539673532,11.0
0.0,0.0,15.0
0.0,0.0,13.0
0.0,0.0,12.0
0.0,0.0,12.0
0.0,0.0,11.0
0.0,0.0,12.0
0.0,0.0,12.0
0.0,0.0,14.0
0.0,0.0,15.0
0.0,0.0,15.0
0.0,0.0,13.0
0.0,0.0,9.0
0.0,0.0,12.0
0.0,0.0,12.0
0.0,0.0,11.0
21961.0,0.0119738603689843,11.0
13445.0,0.0217140619610743,15.0
29989.0,0.0418991134644981,13.0
29767.0,0.0141015655405079,14.0
48888.0,0.0091251127299391,14.0
40417.0,0.0300716921919129,14.0
6174.0,0.04621108119047,15.0
11389.0,0.0255033428500139,11.0
9470.0,0.0304737107503216,15.0
12189.0,0.0182570809825081,14.0
6458.0,0.0296104276506884,15.0
10191.0,0.0288752410333409,13.0
7637.0,0.0228609175039234,13.0
19149.0,0.0425709644854459,7.0
17834.0,0.028364203151061,9.0
19811.0,0.0324410995376206,11.0
20375.0,0.0343200139986065,12.0
11758.0,0.0380316924251066,12.0
27549.0,0.0208390816215432,14.0
9966.0,0.0262699299392511,12.0
30636.0,0.017876812816264,11.0
22676.0,0.0461931858009197,11.0
16770.0,0.0359625314246284,13.0
26274.0,0.0177184689304643,12.0
25595.0,0.0,12.0
32551.0,0.0372349508903318,10.0
39587.0,0.0291648656457309,10.0
27659.0,0.0344753853825316,7.0
22825.0,0.027845563415128,12.0
29291.0,0.0335944116545021,10.0
57938.0,0.013965738603228,11.0
53395.0,0.0092399127108188,12.0
36483.0,0.0330389163572505,11.0
56168.0,0.0369463170604778,12.0
42298.0,0.0200009779272315,7.0
21916.0,0.0231476688470177,11.0
11398.0,0.0504727019756543,10.0
14279.0,0.0223147674568702,5.0
32216.0,0.0244100102722389,8.0
25607.0,0.0283666058164981,9.0
20001.0,0.0055505001458746,8.0
11010.0,0.0056264860491282,10.0
5173.0,0.0368105365938919,8.0
10428.0,0.0229410428720104,4.0
13962.0,0.0278772776907338,6.0
17099.0,0.0283120025954289,9.0
12492.0,0.0317074308936729,6.0
0.0,0.0273189319841195,9.0
9485.0,0.0281008262705048,5.0
26814.0,0.002778957253613,3.0
21534.0,0.0354361532909281,8.0
15426.0,0.0156135587759252,7.0
8237.0,0.0546764474839625,5.0
28981.0,0.0356438973510557,5.0
9751.0,0.0369860824650864,4.0
4788.0,0.0206772608721102,9.0
20895.0,0.0355565377393917,5.0
19984.0,0.0144803692232771,11.0
16658.0,0.0312081418628648,6.0
13064.0,0.0229720356437464,11.0
10519.0,0.0148564718344749,9.0
12411.0,0.0313888935269385,8.0
18613.0,0.0059333201399655,8.0
9339.0,0.0363325687675069,14.0
9260.0,0.0457019988500843,13.0
9794.0,0.0466509784138016,11.0
29496.0,0.0426212689284955,5.0
21824.0,0.019142924887456,15.0
15546.0,0.0248813737862113,7.0
33256.0,0.0185429517589464,7.0
16336.0,0.0145816755097733,5.0
11018.0,0.0068620352476782,9.0
20192.0,0.0423005588994212,9.0
7095.0,0.0295147980414938,7.0
25229.0,0.0454628229657591,5.0
13777.0,0.0233115812642102,8.0
16194.0,0.0079917113969215,4.0
15010.0,0.0371322175054625,8.0
7625.0,0.0213619104199906,9.0
0.0,0.01320574047577,7.0
0.0,0.0244263036064666,13.0
12074.0,0.0190184623925121,8.0
0.0,0.0099080507733169,5.0
5262.0,0.036390817185403,6.0
0.0,0.0257934197217301,8.0
8910.0,0.0102925060823027,8.0
8223.0,0.0020965276639984,10.0
17296.0,0.0209051716567299,5.0
0.0,0.0157546906278068,4.0
0.0,0.0190524485083377,8.0
0.0,0.0090836203629982,8.0
0.0,0.0198552280066516,4.0
0.0,0.0069654706999223,11.0
0.0,0.006694364599416,4.0
0.0,0.0300503447777264,10.0
0.0,0.0207305918238953,5.0
0.0,0.0,8.0
0.0,0.0,10.0
0.0,0.0,6.0
0.0,0.0,7.0
0.0,0.0,11.0
0.0,0.0,7.0
0.0,0.0,5.0
0.0,0.0,9.0
0.0,0.0,6.0
0.0,0.0,12.0
0.0,0.0,7.0
0.0,0.0,6.0
0.0,0.0,6.0
0.0,0.0,8.0
0.0,0.0,4.0
0.0,0.0,7.0
0.0,0.0,5.0
0.0,0.0,8.0
0.0,0.0,4.0
0.0,0.0,10.0
0.0,0.0,3.0
0.0,0.0,8.0
0.0,0.0,12.0
0.0,0.0,10.0
0.0,0.0,11.0
0.0,0.0,10.0
0.0,0.0234752972665213,11.0
0.0,0.0311857501470167,8.0
0.0,0.0094780873144348,5.0
0.0,0.0312060054700391,14.0
0.0,0.0130217374449722,6.0
0.0,0.0254809567482225,7.0
0.0,0.0082667809581117,4.0
0.0,0.0254555062101054,7.0
0.0,0.0173843159816757,12.0
0.0,0.0098925101227516,12.0
0.0,0.0129563344793898,15.0
0.0,0.0047361869560141,13.0
0.0,0.00074820883915,11.0
0.0,0.02046544841932,15.0
0.0,0.0266702327409162,12.0
0.0,0.0261674247922514,12.0
0.0,0.0303177378025521,11.0
0.0,0.0292039261583837,12.0
0.0,0.0036340246070176,13.0
0.0,0.0172404509366822,12.0
0.0,0.024117666651419,15.0
0.0,0.031238751461034,10.0
0.0,0.0,10.0
0.0,0.0320606645299803,13.0
0.0,0.0,15.0
0.0,0.0,14.0
0.0,0.0,15.0
0.0,0.0,12.0
0.0,0.0,15.0
0.0,0.0,15.0
0.0,0.0,11.0
0.0,0.0,13.0
0.0,0.0,12.0
0.0,0.0,13.0
0.0,0.0,9.0
0.0,0.0,12.0
0.0,0.0,15.0
0.0,0.0,10.0
0.0,0.0,14.0
0.0,0.0,15.0
13032.0,0.0207560436760633,14.0
9980.0,0.015055043009664,15.0
31483.0,0.0195788651712084,14.0
43882.0,0.0271481510225001,12.0
59715.0,0.0218627469588336,12.0
24083.0,0.0307688521460801,11.0
11604.0,0.0256829091328576,13.0
16732.0,0.0302340646463435,12.0
4569.0,0.0268753482485561,12.0
4764.0,0.0388108148137053,12.0
19539.0,0.0307275246573606,15.0
8605.0,0.0307767237777276,15.0
8093.0,0.0165794428608866,12.0
22981.0,0.018840587045872,7.0
18613.0,0.0392732064158388,9.0
5818.0,0.0417990257624015,8.0
15216.0,0.0274051168956346,10.0
8445.0,0.0469889187384169,14.0
31279.0,0.0517527074518223,14.0
20016.0,0.0,10.0
34025.0,0.0265219718140458,12.0
30438.0,0.0224764444833098,15.0
17139.0,0.0318015798441004,13.0
18079.0,0.0395888373602987,14.0
26540.0,0.0198510113340478,10.0
22855.0,0.0302392686204196,7.0
39574.0,0.0280514038846057,13.0
37846.0,0.0409646998392379,10.0
27673.0,0.0320349697990794,13.0
32966.0,0.0327102152524217,12.0
51971.0,0.0433655799797901,12.0
47579.0,0.0271358753498374,11.0
49359.0,0.0553417693004504,12.0
52031.0,0.0406107328923142,8.0
38410.0,0.022862165308262,8.0
12908.0,0.0194258359980592,7.0
14674.0,0.043984100160765,4.0
13601.0,0.0172210289001698,5.0
37478.0,0.0294228665044699,14.0
31637.0,0.0280823120305327,9.0
22529.0,0.0273880012285375,6.0
2613.0,0.0207344812804723,8.0
14163.0,0.0168867565604387,5.0
13290.0,0.0215272928024768,8.0
14027.0,0.0202358322684804,7.0
12172.0,0.0401493845507913,8.0
11342.0,0.0256599567852942,8.0
16630.0,0.0256262254064148,6.0
9260.0,0.0081312582468695,7.0
25471.0,0.0299877280686013,6.0
17294.0,0.0143118171526317,6.0
6102.0,0.0249376572353569,9.0
18339.0,0.021196513878144,11.0
22850.0,0.0137762953877381,7.0
21789.0,0.0049049262999125,4.0
5576.0,0.0273700671207536,8.0
27548.0,0.0316567985691272,9.0
9462.0,0.0425269901241019,7.0
9419.0,0.0407822361302754,5.0
10957.0,0.0382686642494929,9.0
12737.0,0.0411658747216092,7.0
10685.0,0.03237838176653,4.0
12855.0,0.022773524042612,9.0
31842.0,0.037490676872751,7.0
0.0,0.0345520210049675,7.0
13393.0,0.0310104960782972,15.0
24173.0,0.0411825713120039,10.0
24834.0,0.0339759049524194,10.0
16923.0,0.0275458405974157,7.0
26993.0,0.0293304661646673,9.0
11292.0,0.0375156084396223,6.0
16711.0,0.0191351299748662,7.0
20095.0,0.0125824918787197,10.0
13063.0,0.0208943117706136,7.0
23037.0,0.0363716032604379,6.0
16310.0,0.0122613412162305,12.0
0.0,0.0030360367564557,8.0
10789.0,0.0096182565203354,10.0
0.0,0.010462272873606,11.0
0.0,0.0312741992374977,11.0
3091.0,0.0055933369757049,10.0
12274.0,0.015950250636871,9.0
10811.0,0.017543895132975,7.0
11386.0,0.0123387544281769,4.0
8500.0,0.0121216307704262,7.0
5082.0,0.0190802183404281,8.0
4228.0,0.0150753693152683,10.0
0.0,0.0156221614173876,7.0
7898.0,0.0192990770246384,4.0
0.0,0.0042779426467779,6.0
0.0,0.0488949953008845,8.0
0.0,0.0088389632977093,7.0
0.0,0.0171888356234987,8.0
0.0,0.0264464490785834,6.0
0.0,0.0112467508316426,10.0
0.0,0.0379707102651478,11.0
0.0,0.0,9.0
0.0,0.0,9.0
0.0,0.0,7.0
0.0,0.0,10.0
0.0,0.0,10.0
0.0,0.0,7.0
0.0,0.0,4.0
0.0,0.0,7.0
0.0,0.0,7.0
0.0,0.0,11.0
0.0,0.0,7.0
0.0,0.0,5.0
0.0,0.0,9.0
0.0,0.0,9.0
0.0,0.0,8.0
0.0,0.0,5.0
0.0,0.0,5.0
0.0,0.0,7.0
0.0,0.0,4.0
0.0,0.0,6.0
0.0,0.0,8.0
0.0,0.0,10.0
0.0,0.0,9.0
0.0,0.0,8.0
0.0,0.0,10.0
0.0,0.0,14.0
0.0,0.008172968724087,11.0
0.0,0.0365234969945989,6.0
0.0,0.0163031317159254,7.0
0.0,0.0260981221959194,8.0
0.0,0.0433251882325038,8.0
0.0,0.0041090456264066,5.0
0.0,0.0188764929956148,4.0
0.0,0.0150067461875549,6.0
0.0,0.0086665305195873,15.0
0.0,0.0068192494083909,14.0
0.0,0.01249531802055,13.0
0.0,0.0101078617795639,14.0
0.0,0.0,10.0
0.0,0.0171314444991629,11.0
0.0,0.0136099647781804,15.0
0.0,0.0330953022918888,13.0
0.0,0.0111945451022979,12.0
0.0,0.017075008336762,12.0
0.0,0.0080838444393135,15.0
0.0,0.0,15.0
0.0,0.0004765908231259,15.0
0.0,0.0,13.0
0.0,0.0317493960203769,14.0
0.0,0.0073640824873105,14.0
0.0,0.0251827975796459,12.0
0.0,0.0,12.0
0.0,0.0,15.0
0.0,0.0,12.0
0.0,0.0,9.0
0.0,0.0,13.0
0.0,0.0,15.0
0.0,0.0,14.0
0.0,0.0,10.0
0.0,0.0,14.0
0.0,0.0,15.0
0.0,0.0,10.0
0.0,0.0,12.0
0.0,0.0,15.0
0.0,0.0,15.0
0.0,0.0,12.0
13711.0,0.0118440910793232,13.0
7518.0,0.0325390388502932,12.0
25679.0,0.0435250054007727,10.0
31252.0,0.0282060235791048,9.0
57042.0,0.0032009098270707,11.0
17102.0,0.0291304769201039,11.0
0.0,0.0233888959861725,11.0
7225.0,0.0309490078583859,15.0
0.0,0.0,14.0
10333.0,0.027975468885312,14.0
0.0,0.02334536291561,15.0
8639.0,0.0352119576151124,15.0
8507.0,0.03431823157998,13.0
24626.0,0.0394915049468406,12.0
8236.0,0.0251170569249392,9.0
20328.0,0.0580127803755891,7.0
20932.0,0.0167586678941649,15.0
3438.0,0.0220693840489005,11.0
33254.0,0.0080997910994901,14.0
18115.0,0.0406688632608498,13.0
26304.0,0.0268834686169633,14.0
24051.0,0.0235779370585302,10.0
13839.0,0.0216660526025138,10.0
21135.0,0.0464738166904431,11.0
17032.0,0.0343275638963492,9.0
34579.0,0.031583193226242,9.0
39811.0,0.0162917239407204,10.0
28060.0,0.0384160588806398,11.0
17429.0,0.0427784394322241,9.0
37214.0,0.0261139254633886,12.0
63835.0,0.0382630975740345,9.0
50281.0,0.0317512047523001,11.0
48519.0,0.0419099715322995,14.0
50967.0,0.0112525131602757,10.0
46376.0,0.0195121288861928,7.0
22694.0,0.0329555054724516,9.0
14002.0,0.0287498710253282,8.0
4473.0,0.0398124862155357,6.0
26433.0,0.0292980631547855,6.0
35257.0,0.0342378716560398,10.0
19548.0,0.0093182261398884,6.0
10430.0,0.0267626170737561,10.0
5582.0,0.0315038793919994,8.0
25331.0,0.021470905096434,9.0
2280.0,0.038743672948175,3.0
20750.0,0.0287817922857018,9.0
16355.0,0.0279986675001518,5.0
7571.0,0.0051268142362167,10.0
0.0,0.0378619596856917,3.0
26104.0,0.0146926374279239,5.0
25649.0,0.0207676339228896,10.0
12912.0,0.0,8.0
28158.0,0.0198578588815246,3.0
12294.0,0.0378543299202112,7.0
8357.0,0.0262487293712031,9.0
11178.0,0.037136629299234,8.0
20589.0,0.0314664444683717,7.0
21911.0,0.0206190073434678,9.0
13114.0,0.0189723572347513,4.0
6543.0,0.0290054998353017,10.0
7822.0,0.0273764812045674,10.0
12430.0,0.0406020488543194,11.0
10317.0,0.0331447789357248,7.0
9806.0,0.0317292084371473,6.0
5277.0,0.0112919685962601,12.0
0.0,0.0160816215363846,15.0
21810.0,0.0226494510492027,7.0
13995.0,0.0311809065656747,13.0
28415.0,0.0222511113035916,5.0
22278.0,0.0413743732948674,9.0
18178.0,0.0166504138939342,10.0
23692.0,0.0254918232416617,4.0
16687.0,0.0163425219763201,6.0
24671.0,0.018386485618919,8.0
17393.0,0.0335647367039357,5.0
9984.0,0.0277276557383021,10.0
20882.0,0.0089118877858532,4.0
4048.0,0.0165401513014269,5.0
3755.0,0.0024747236945514,12.0
0.0,0.0210641215223222,9.0
4841.0,0.0334766939582108,8.0
7036.0,0.0303582863552878,8.0
4544.0,0.0263251838682301,5.0
5431.0,0.0205597096338982,4.0
0.0,0.017724618765704,8.0
5821.0,0.0223092839974195,7.0
13522.0,0.0194652535108769,7.0
6939.0,0.0148173939973079,3.0
0.0,0.0198828237853711,7.0
0.0,0.0215393423665422,3.0
0.0,0.0216317374581478,4.0
0.0,0.0146833416414675,6.0
0.0,0.0142544583618859,8.0
0.0,0.0101168675583029,7.0
0.0,0.0187670200830193,10.0
0.0,0.0135663975903119,4.0
0.0,0.0,10.0
0.0,0.0,8.0
0.0,0.0,5.0
0.0,0.0,7.0
0.0,0.0,9.0
0.0,0.0,8.0
0.0,0.0,4.0
0.0,0.0,7.0
0.0,0.0,6.0
0.0,0.0,15.0
0.0,0.0,7.0
0.0,0.0,5.0
0.0,0.0,9.0
0.0,0.0,8.0
0.0,0.0,5.0
0.0,0.0,6.0
0.0,0.0,4.0
0.0,0.0,7.0
0.0,0.0,3.0
0.0,0.0,5.0
0.0,0.0,1.0
0.0,0.0,13.0
0.0,0.0,11.0
0.0,0.0,13.0
0.0,0.0,8.0
0.0,0.0,10.0
0.0,0.0219224511867714,13.0
0.0,0.0142594263226904,6.0
0.0,0.0422168566345257,5.0
0.0,0.0191906716559259,12.0
0.0,0.0110819571463017,8.0
0.0,0.0252657485021002,8.0
0.0,0.0083350478215145,3.0
0.0,0.0261537424087161,6.0
0.0,0.0204534101762734,10.0
0.0,0.0202506490873393,12.0
0.0,0.0250976608605928,13.0
0.0,0.0255272466580048,15.0
0.0,0.0159711502699049,12.0
0.0,0.0200690235283911,10.0
0.0,0.0046388105091084,12.0
0.0,0.0197510407493158,12.0
0.0,0.0279092023710624,14.0
0.0,0.0439996151372751,15.0
0.0,0.022561619133446,10.0
0.0,0.002470217993605,10.0
0.0,0.0165119934355365,15.0
0.0,0.0,12.0
0.0,0.0,13.0
0.0,0.0252664674418156,12.0
0.0,0.0083002488082378,11.0
0.0,0.0,13.0
0.0,0.0,11.0
0.0,0.0,12.0
0.0,0.0,15.0
0.0,0.0,13.0
0.0,0.0,14.0
0.0,0.0,14.0
0.0,0.0,14.0
0.0,0.0,12.0
0.0,0.0,13.0
0.0,0.0,12.0
0.0,0.0,14.0
0.0,0.0,11.0
0.0,0.0,14.0
0.0,0.0,15.0
16654.0,0.0252057850262928,15.0
12327.0,0.0254188539157299,14.0
27666.0,0.0170004635021331,13.0
28063.0,0.0229615315646036,14.0
54886.0,0.0228787523486994,11.0
24153.0,0.0321683259152946,15.0
12671.0,0.0315815950070347,13.0
706.0,0.0208836505575308,12.0
13782.0,0.0185754264530749,11.0
17289.0,0.0297051007314137,13.0
5902.0,0.0300661673608388,10.0
7430.0,0.0178387229213445,12.0
4517.0,0.0443127945757199,15.0
16118.0,0.026473141647528,12.0
12665.0,0.0245913396710411,12.0
1997.0,0.0376005623440634,10.0
17561.0,0.0283051440924391,15.0
5572.0,0.0424438238107738,15.0
37802.0,0.0129665377508998,14.0
15323.0,0.0354559895668499,15.0
38126.0,0.0331581997799507,13.0
30775.0,0.01507600475803,13.0
10564.0,0.03205771227139,12.0
28629.0,0.026728507035945,10.0
32896.0,0.0263286825950773,13.0
28537.0,0.0217186688459522,9.0
37866.0,0.0222002601638454,9.0
35746.0,0.0512352712924503,8.0
23563.0,0.0062168696294722,14.0
28963.0,0.0199267024445666,10.0
43816.0,0.0051292125600849,12.0
47841.0,0.0052623252780414,10.0
37416.0,0.0132718015604411,14.0
54807.0,0.0263104821535643,10.0
45862.0,0.0242588322028022,8.0
16309.0,0.0188280497666566,12.0
9082.0,0.0306763406832802,7.0
72.0,0.0161581149931913,6.0
16534.0,0.0267571265186805,9.0
28825.0,0.0209207327585338,7.0
14308.0,0.0238334246547622,6.0
8772.0,0.0356935629663324,9.0
20159.0,0.0220413247692167,8.0
8887.0,0.0465610573392385,8.0
13664.0,0.0261649849551583,5.0
15727.0,0.0211508242459589,6.0
15090.0,0.0275161649238865,6.0
2128.0,0.0163353990696783,8.0
12365.0,0.0272614361656968,6.0
26894.0,0.032042392765513,6.0
27285.0,0.0317625557808387,8.0
9366.0,0.0274864864485318,14.0
23460.0,0.040427132972987,8.0
20432.0,0.0212561611583057,6.0
8651.0,0.0226849058186276,6.0
1815.0,0.0385422923929069,7.0
28555.0,0.0273519145913666,3.0
11411.0,0.0245247124987357,6.0
14748.0,0.0119558750925773,9.0
14099.0,0.0217886522060615,8.0
11787.0,0.0351394510543303,6.0
9322.0,0.0273263790952287,10.0
15913.0,0.0255609293130769,11.0
11152.0,0.0091735814008402,11.0
8153.0,0.026920324199316,10.0
4167.0,0.0238805569723309,10.0
30439.0,0.0305618340246307,5.0
20251.0,0.0455532180944811,12.0
32022.0,0.0044537087355039,8.0
16688.0,0.0226295534909381,10.0
11703.0,0.0285156892690118,10.0
26442.0,0.0339417440032212,7.0
16935.0,0.0353623397471834,11.0
22565.0,0.0449296735159219,10.0
12462.0,0.0209318862270317,1.0
7156.0,0.0188818294072501,10.0
15037.0,0.0369092585023883,5.0
8643.0,0.0326282904271472,11.0
0.0,0.0172625138147664,11.0
7170.0,0.0161534467565272,8.0
2995.0,0.0346654819198902,8.0
3718.0,0.0279263178011401,9.0
8691.0,0.0110545855327518,2.0
2246.0,0.0164988738333632,6.0
0.0,0.0232283402868631,4.0
1661.0,0.0201280470241921,9.0
0.0,0.0247464954232516,10.0
7393.0,0.0,7.0
0.0,0.0135592913765505,9.0
0.0,0.0159619759966118,8.0
0.0,0.0309127307488633,5.0
0.0,0.0190407161201771,8.0
0.0,0.0151435903484337,9.0
0.0,0.0193025506594876,8.0
0.0,0.0213844293150106,8.0
0.0,0.0232149182231956,9.0
0.0,0.0,7.0
0.0,0.0,10.0
0.0,0.0,6.0
0.0,0.0,5.0
0.0,0.0,10.0
0.0,0.0,10.0
0.0,0.0,5.0
0.0,0.0,9.0
0.0,0.0,6.0
0.0,0.0,14.0
0.0,0.0,4.0
0.0,0.0,8.0
0.0,0.0,7.0
0.0,0.0,10.0
0.0,0.0,6.0
0.0,0.0,5.0
0.0,0.0,9.0
0.0,0.0,4.0
0.0,0.0,4.0
0.0,0.0,9.0
0.0,0.0,9.0
0.0,0.0,7.0
0.0,0.0,13.0
0.0,0.0,9.0
0.0,0.0,9.0
0.0,0.0,9.0
0.0,0.0294062741035846,9.0
0.0,0.0285837821312382,4.0
0.0,0.0265241903666258,5.0
0.0,0.0281921857238879,15.0
0.0,0.0,11.0
0.0,0.0256518060848339,7.0
0.0,0.0478265812162615,8.0
0.0,0.0339009314502186,6.0
0.0,0.029780741110943,10.0
0.0,0.0166610497365897,15.0
0.0,0.0283702217562236,13.0
0.0,0.0230819080477429,13.0
0.0,0.010897669296392,15.0
0.0,0.0127524475920365,12.0
0.0,0.0170877315780377,13.0
0.0,0.0188775592125538,14.0
0.0,0.0140811679856589,13.0
0.0,0.0084319081949806,10.0
0.0,0.0116435089900553,13.0
0.0,0.0049757224655231,11.0
0.0,0.0203810039033009,13.0
0.0,0.0159323903389099,15.0
0.0,0.0157344376010654,13.0
0.0,0.0123367752464487,14.0
0.0,0.0231475273693123,12.0
0.0,0.0,15.0
0.0,0.0,11.0
0.0,0.0,14.0
0.0,0.0,15.0
0.0,0.0,13.0
0.0,0.0,12.0
0.0,0.0,11.0
0.0,0.0,14.0
0.0,0.0,13.0
0.0,0.0,14.0
0.0,0.0,14.0
0.0,0.0,10.0
0.0,0.0,13.0
0.0,0.0,13.0
0.0,0.0,10.0
14286.0,0.0275701817166846,15.0
12467.0,0.0379782748022241,14.0
30729.0,0.0255087639166045,15.0
38529.0,0.031259661072277,9.0
52862.0,0.0079956412927698,13.0
21392.0,0.0083734526930409,13.0
12804.0,0.023027154201514,13.0
9230.0,0.0152386641054988,13.0
7576.0,0.0367082041608256,15.0
7022.0,0.0191445074331019,15.0
9877.0,0.0204997822772492,14.0
13319.0,0.021661417674857,13.0
10974.0,0.0324987078646678,12.0
19722.0,0.0267173246937559,7.0
0.0,0.0405580342668836,7.0
32174.0,0.0293533322977831,8.0
25606.0,0.0255508391485142,11.0
20400.0,0.026254237257783,11.0
8661.0,0.0343351824351336,11.0
6890.0,0.0219176603616264,10.0
27828.0,0.0355782021187713,12.0
24516.0,0.0260187231751078,13.0
7311.0,0.0367095093284,8.0
28746.0,0.0523197327274394,15.0
24082.0,0.0342536211354549,9.0
33359.0,0.0324757047220327,12.0
45497.0,0.0081198800658377,8.0
27383.0,0.0564655145063588,14.0
21383.0,0.0300043189802283,13.0
34538.0,0.039155520898389,10.0
58796.0,0.0324460126130478,9.0
57067.0,0.0255663774630489,12.0
43720.0,0.0060234570165426,11.0
53207.0,0.0310769527713684,9.0
39385.0,0.0318789377738847,6.0
18646.0,0.0260941081350476,10.0
5688.0,0.0255481802277719,4.0
11761.0,0.0086838482064978,3.0
30455.0,0.0372763860955432,13.0
34327.0,0.0303289591350575,8.0
20875.0,0.018639417938423,9.0
2905.0,0.030318499795228,9.0
14058.0,0.0288086488250137,4.0
12165.0,0.0111041694547565,10.0
6949.0,0.0474605173480813,7.0
19699.0,0.0069070350541977,9.0
14341.0,0.0309768462956359,8.0
6092.0,0.0418483146213906,7.0
5803.0,0.0182436988812335,6.0
23170.0,0.0299063092271343,7.0
24970.0,0.028477662141676,6.0
9354.0,0.0248776759968607,9.0
18569.0,0.0322342802465746,10.0
16891.0,0.0189776754562686,5.0
20874.0,0.0213188150143605,4.0
0.0,0.0238718131257675,10.0
21050.0,0.0040157761878023,8.0
19164.0,0.0334128666244952,9.0
11049.0,0.0458520508131992,7.0
5317.0,0.0272563258708381,6.0
13738.0,0.0080073725496093,7.0
3404.0,0.0317799164711948,9.0
7162.0,0.0215515965810336,11.0
7053.0,0.0377903567435,12.0
7306.0,0.0147838829031341,12.0
2646.0,0.0298173808054631,15.0
20481.0,0.0223562895338014,9.0
12522.0,0.0177178943740829,15.0
26300.0,0.0127310273334882,10.0
21388.0,0.0214403182696684,9.0
20813.0,0.0317188054658053,7.0
7105.0,0.0482285482252412,8.0
16928.0,0.0259875101229487,11.0
23433.0,0.0369896329891466,7.0
15413.0,0.0255600312443546,6.0
138.0,0.0295527215928094,8.0
17240.0,0.008395278439813,2.0
4662.0,0.0301025033319067,8.0
1318.0,0.051996138837401,11.0
2608.0,0.0268142373420553,6.0
275.0,0.0234769248355209,9.0
2952.0,0.0459857069073263,6.0
9053.0,0.0256392495565432,3.0
8638.0,0.0387568395721748,2.0
0.0,0.0,8.0
10381.0,0.0137637297215954,10.0
0.0,0.0026511765644209,8.0
7309.0,0.0172244699493148,7.0
0.0,0.0087825252816268,9.0
0.0,0.0256455599976642,10.0
0.0,0.0206726877057703,6.0
0.0,0.0200978889376778,5.0
0.0,0.0,8.0
0.0,0.0139391111338217,8.0
0.0,0.0083125363893733,8.0
0.0,0.0173214029382928,8.0
0.0,0.0,6.0
0.0,0.0,5.0
0.0,0.0,7.0
0.0,0.0,9.0
0.0,0.0,9.0
0.0,0.0,7.0
0.0,0.0,8.0
0.0,0.0,10.0
0.0,0.0,4.0
0.0,0.0,10.0
0.0,0.0,4.0
0.0,0.0,6.0
0.0,0.0,11.0
0.0,0.0,4.0
0.0,0.0,8.0
0.0,0.0,4.0
0.0,0.0,6.0
0.0,0.0,2.0
0.0,0.0,8.0
0.0,0.0,5.0
0.0,0.0,5.0
0.0,0.0,9.0
0.0,0.0,14.0
0.0,0.0,10.0
0.0,0.0,12.0
0.0,0.0,11.0
0.0,0.0161159002461369,11.0
0.0,0.0098445146371376,5.0
0.0,0.0096495764247333,4.0
0.0,0.0245131474324164,8.0
0.0,0.0195441972098977,8.0
0.0,0.0212857845297886,4.0
0.0,0.0181886771985705,4.0
0.0,0.0200486103731368,3.0
0.0,0.0236120699976213,12.0
0.0,0.0113262514641866,14.0
0.0,0.0037539826120012,12.0
0.0,0.03520457883996,13.0
0.0,0.0163941867163575,12.0
0.0,0.0019425457505228,11.0
0.0,0.020818861881069,13.0
0.0,0.0227502083100697,12.0
0.0,0.0134327659640673,13.0
0.0,0.012308784500615,12.0
0.0,0.0134362105342777,14.0
0.0,0.02019925570882,12.0
0.0,0.0256854164541137,15.0
0.0,0.0129515354666756,8.0
0.0,0.0076471489943136,13.0
0.0,0.006557928389213,13.0
0.0,0.0119049059009303,12.0
0.0,0.0,15.0
0.0,0.0,10.0
0.0,0.0,12.0
0.0,0.0,9.0
0.0,0.0,11.0
0.0,0.0,15.0
0.0,0.0,15.0
0.0,0.0,12.0
0.0,0.0,15.0
0.0,0.0,14.0
0.0,0.0,13.0
0.0,0.0,14.0
0.0,0.0,12.0
0.0,0.0,15.0
0.0,0.0,15.0
26453.0,0.0125849630403212,15.0
5837.0,0.0265132898740779,10.0
22128.0,0.0182163409905765,12.0
38518.0,0.0352466984072483,14.0
46410.0,0.0337110078050063,15.0
24968.0,0.0146734360637825,13.0
12909.0,0.013688770320328,12.0
20078.0,0.0106021748627512,12.0
8564.0,0.0228508014080328,11.0
11785.0,0.0235366215532086,12.0
10764.0,0.0360169946542115,13.0
5695.0,0.0248309177502206,13.0
12143.0,0.0339090927564483,10.0
28502.0,0.0292243152962905,7.0
34169.0,0.0430655294701184,10.0
20902.0,0.0405981584027463,7.0
22229.0,0.0195989535622357,11.0
10563.0,0.029758777791185,12.0
30545.0,0.0250072652022355,12.0
28766.0,0.0179878633310157,14.0
41818.0,0.028128984659864,14.0
36272.0,0.0382290931431324,12.0
18951.0,0.0562302738960086,7.0
21812.0,0.045447117000171,10.0
23787.0,0.050638438844746,13.0
34005.0,0.0306518468884721,9.0
48260.0,0.0448348226088419,9.0
30230.0,0.0188867013455384,12.0
34705.0,0.036406305366592,14.0
36024.0,0.039979173351935,14.0
54614.0,0.0330871884523498,13.0
50296.0,0.030240677775514,14.0
48660.0,0.0226966707588828,14.0
49012.0,0.0105810503921731,10.0
41792.0,0.0,7.0
16828.0,0.0418843314195275,11.0
10572.0,0.0288243742215447,7.0
4194.0,0.0272479097672968,2.0
19981.0,0.0459504774267329,13.0
34549.0,0.0158718097235148,9.0
17303.0,0.030169606924981,10.0
10744.0,0.0255883182997065,7.0
22128.0,0.0266122104716361,7.0
11066.0,0.0206658552810222,9.0
0.0,0.0157397180097666,5.0
12590.0,0.0370882456542875,9.0
14426.0,0.0234101659902393,9.0
9964.0,0.0401605976728755,7.0
10211.0,0.0251707120499453,4.0
18940.0,0.0367792280459922,7.0
34761.0,0.0332112867665665,6.0
14459.0,0.0266874872967066,13.0
13221.0,0.0233665819639157,11.0
7792.0,0.0349903182363163,6.0
11040.0,0.0399104004406498,7.0
0.0,0.0374856083764443,4.0
25014.0,0.0268637486170048,8.0
17962.0,0.0201829165187947,7.0
10093.0,0.0203183881375289,6.0
9110.0,0.0330801482839875,9.0
14995.0,0.0416485274814739,10.0
6735.0,0.0207172570828734,10.0
12061.0,0.02606164690543,12.0
12348.0,0.022242863810011,10.0
9052.0,0.0380336806148522,13.0
7155.0,0.0181570005484391,12.0
26459.0,0.0275714890294852,4.0
23150.0,0.0320770525897507,7.0
29395.0,0.0380306645546477,5.0
33528.0,0.0366453649738895,8.0
1408.0,0.0276753494118495,11.0
13332.0,0.042936649924179,11.0
26571.0,0.0258400128788416,10.0
7552.0,0.0322880484518268,2.0
28669.0,0.0359062884832137,6.0
7299.0,0.0146606261732489,8.0
6824.0,0.0176660257020037,7.0
13548.0,0.0215043133360878,13.0
0.0,0.0186122548379665,12.0
0.0,0.0248270409138885,9.0
0.0,0.0103343656138098,8.0
0.0,0.0147264014743083,6.0
1429.0,0.0434966060815216,3.0
0.0,0.020617629159085,7.0
0.0,0.0384752874623265,5.0
0.0,0.0272984479353169,9.0
861.0,0.03402647912965,7.0
0.0,0.010979233852449,1.0
0.0,0.0252909695008557,6.0
0.0,0.010888892768518,7.0
0.0,0.0044274155633522,8.0
0.0,0.0397690310054356,8.0
0.0,0.0152276769915525,6.0
0.0,0.0184071264051615,6.0
0.0,0.0216081533049708,9.0
0.0,0.0242337648455755,10.0
0.0,0.0,5.0
0.0,0.0,11.0
0.0,0.0,8.0
0.0,0.0,8.0
0.0,0.0,4.0
0.0,0.0,9.0
0.0,0.0,3.0
0.0,0.0,11.0
0.0,0.0,5.0
0.0,0.0,12.0
0.0,0.0,7.0
0.0,0.0,4.0
0.0,0.0,9.0
0.0,0.0,10.0
0.0,0.0,5.0
0.0,0.0,8.0
0.0,0.0,8.0
0.0,0.0,5.0
0.0,0.0,5.0
0.0,0.0,7.0
0.0,0.0,2.0
0.0,0.0,7.0
0.0,0.0,13.0
0.0,0.0,10.0
0.0,0.0,11.0
0.0,0.0,14.0
0.0,0.0,11.0
0.0,0.0245830256153812,2.0
0.0,0.0245449815719195,0.0
0.0,0.033151308554321,7.0
0.0,0.0114223664291183,10.0
0.0,0.0287392195937364,7.0
0.0,0.0246907400182836,5.0
0.0,0.0164706810407389,4.0
0.0,0.0028749890434548,9.0
0.0,0.0103577823361571,13.0
0.0,0.0275931634577101,14.0
0.0,0.0023999128730166,14.0
0.0,0.0058223484517187,10.0
0.0,0.0096330768106588,14.0
0.0,0.0180030184197848,10.0
0.0,0.0221068385477542,13.0
0.0,0.0167549717476149,12.0
0.0,0.0136679007988136,15.0
0.0,0.0268846980556197,15.0
0.0,0.0230027752278399,12.0
0.0,0.0248784565160651,11.0
0.0,0.0036328757094104,9.0
0.0,0.0334465659936963,15.0
0.0,0.0291750977442294,12.0
0.0,0.0171406030841137,15.0
0.0,0.0,14.0
0.0,0.0,14.0
0.0,0.0,15.0
0.0,0.0,12.0
0.0,0.0,10.0
0.0,0.0,14.0
0.0,0.0,10.0
0.0,0.0,11.0
0.0,0.0,12.0
0.0,0.0,13.0
0.0,0.0,12.0
0.0,0.0,15.0
0.0,0.0,13.0
0.0,0.0,15.0
0.0,0.0,13.0
13280.0,0.0364355693447655,12.0
19911.0,0.014502294520479,13.0
35330.0,0.0391749330266428,14.0
41082.0,0.033914391435586,13.0
51324.0,0.0223273055660579,13.0
29539.0,0.0175031719285199,15.0
12288.0,0.044357779217553,13.0
13340.0,0.0218612377422416,13.0
3854.0,0.0197004194702748,12.0
9157.0,0.0326336905139614,13.0
12142.0,0.0271920613780116,14.0
12433.0,0.0,13.0
23232.0,0.0364176251170566,12.0
15645.0,0.0348420849329413,9.0
15845.0,0.03131373702359,9.0
24631.0,0.026259866862979,12.0
19746.0,0.0398877011708616,9.0
13180.0,0.0221016868105126,14.0
38005.0,0.0354356385820096,15.0
19782.0,0.0367489984311243,10.0
35905.0,0.028296596007891,10.0
32359.0,0.0308125202488897,13.0
13204.0,0.0251524977166041,11.0
22996.0,0.034589981458763,12.0
24089.0,0.0072438027578929,8.0
23695.0,0.0384289622638023,11.0
43733.0,0.0283245120849392,14.0
34302.0,0.0226219655902019,9.0
31491.0,0.0258872944058998,13.0
20502.0,0.0321356272846146,10.0
65707.0,0.0313509914659827,8.0
54980.0,0.0220238624132285,10.0
42439.0,0.0301767147038567,15.0
53943.0,0.019882945406197,11.0
44930.0,0.0224572259022594,9.0
2947.0,0.0288188083008265,7.0
9617.0,0.0409121839031661,9.0
9185.0,0.0198041849835541,3.0
26851.0,0.0271636205461315,13.0
32947.0,0.0223516367871454,13.0
27175.0,0.0282402181590134,5.0
7073.0,0.0276065240520887,11.0
13149.0,0.0155355182285913,8.0
14552.0,0.0220556837247119,9.0
7281.0,0.0375887190311592,5.0
22084.0,0.0097577205486661,9.0
16204.0,0.0421511984208536,9.0
12280.0,0.0357207498547905,9.0
13878.0,0.0252720639194225,4.0
19750.0,0.0247190351876195,7.0
17387.0,0.0425571298151685,8.0
12081.0,0.0182433778573103,12.0
26223.0,0.0258523630321513,9.0
18948.0,0.0457179213200637,5.0
21931.0,0.0275857425583616,8.0
11575.0,0.0304993466169012,4.0
32088.0,0.0112061487623016,4.0
13174.0,0.0293605346768825,7.0
13382.0,0.0178263621383388,6.0
23902.0,0.0089403242409687,9.0
10828.0,0.0264638313116942,12.0
14999.0,0.0110067208368401,10.0
16668.0,0.0057769271976327,13.0
7480.0,0.040374250501504,10.0
0.0,0.0375645521501919,8.0
1750.0,0.0251841385478139,15.0
27315.0,0.0179735697377974,8.0
23567.0,0.0476475352436494,12.0
25907.0,0.0182327261518926,6.0
26378.0,0.0299532515924999,7.0
5034.0,0.0554557022346457,8.0
11459.0,0.0160869285882737,11.0
15535.0,0.0193969558139964,10.0
19206.0,0.021360401624294,5.0
22023.0,0.0207141391496593,6.0
14066.0,0.0340263912858432,8.0
21167.0,0.025592510710078,4.0
4999.0,0.0508331281131848,13.0
8876.0,0.0226587382349758,11.0
0.0,0.0192739669083485,8.0
6644.0,0.0088975216479263,12.0
14326.0,0.0226178014535308,4.0
0.0,0.027173038472602,6.0
17008.0,0.0206410624528002,5.0
0.0,0.021028020927096,7.0
2865.0,0.0087684408945495,8.0
0.0,0.0128804293857415,8.0
0.0,0.0012276562250717,7.0
0.0,0.0214772231103744,8.0
0.0,0.0353982520925592,7.0
0.0,0.0138660442884818,6.0
0.0,0.0337246207468436,5.0
0.0,0.0415670825460565,8.0
0.0,0.0279404903852228,2.0
0.0,0.0426181323415811,9.0
0.0,0.0015518579795313,7.0
0.0,0.0,9.0
0.0,0.0,6.0
0.0,0.0,6.0
0.0,0.0,10.0
0.0,0.0,11.0
0.0,0.0,5.0
0.0,0.0,4.0
0.0,0.0,10.0
0.0,0.0,9.0
0.0,0.0,15.0
0.0,0.0,4.0
0.0,0.0,6.0
0.0,0.0,9.0
0.0,0.0,7.0
0.0,0.0,5.0
0.0,0.0,5.0
0.0,0.0,1.0
0.0,0.0,8.0
0.0,0.0,8.0
0.0,0.0,6.0
0.0,0.0,6.0
0.0,0.0,7.0
0.0,0.0,12.0
0.0,0.0,9.0
0.0,0.0,11.0
0.0,0.0,14.0
0.0,0.018097499935538,6.0
0.0,0.0142871072013771,5.0
0.0,0.0238926704721342,5.0
0.0,0.0211603714579322,8.0
0.0,0.0182536236375345,5.0
0.0,0.0240582690130689,6.0
0.0,0.0015138053021576,3.0
0.0,0.0122364085560347,7.0
0.0,0.0286219076103161,12.0
0.0,0.0184093521032575,13.0
0.0,0.0057560542011486,15.0
0.0,0.0240707395707529,12.0
0.0,0.0154154969842123,11.0
0.0,0.0148978689645954,12.0
0.0,0.0099012329775035,12.0
0.0,0.0123894234643109,10.0
0.0,0.0254246015181181,10.0
0.0,0.0157372849907398,13.0
0.0,0.0071090817311835,15.0
0.0,0.0338832850618326,15.0
0.0,0.0033580857083655,12.0
0.0,0.0335332661673847,11.0
0.0,0.0058737688018212,14.0
0.0,0.0195970100042039,13.0
0.0,0.0077154599509614,12.0
0.0,0.0,13.0
0.0,0.0,11.0
0.0,0.0,14.0
0.0,0.0,12.0
0.0,0.0,14.0
0.0,0.0,12.0
0.0,0.0,14.0
0.0,0.0,13.0
0.0,0.0,15.0
0.0,0.0,15.0
0.0,0.0,12.0
0.0,0.0,14.0
0.0,0.0,14.0
0.0,0.0,13.0
0.0,0.0,13.0
29684.0,0.0187504168328862,12.0
14701.0,0.0282652894605002,13.0
26530.0,0.0303593426889369,12.0
45350.0,0.0197455375345168,15.0
46757.0,0.0154907590659472,13.0
29965.0,0.0316269164710642,14.0
13717.0,0.0180275295148406,15.0
12337.0,0.0390798785506437,15.0
0.0,0.0326684899074281,13.0
4859.0,0.0187548678458753,15.0
9768.0,0.0411616322435071,14.0
11959.0,0.0377440280841652,15.0
5982.0,0.0375538933027266,11.0
19718.0,0.0254776765076436,8.0
14282.0,0.0262090396942377,9.0
16429.0,0.039727419004105,8.0
7208.0,0.0430119113526526,14.0
7819.0,0.0463844572707824,13.0
29072.0,0.0319784641321991,13.0
16289.0,0.0187174508379641,12.0
30076.0,0.0362259284861117,13.0
32098.0,0.0567570891613494,15.0
18168.0,0.0305635018860117,11.0
21252.0,0.0146748593722907,8.0
27562.0,0.0397092153443361,8.0
25892.0,0.0257099517149953,9.0
42412.0,0.0240853101605084,10.0
25523.0,0.0164319428314451,12.0
22426.0,0.0239894659139382,15.0
42297.0,0.0351794023006396,12.0
55283.0,0.0227242861107773,12.0
45120.0,0.0002533280857291,10.0
45372.0,0.0,8.0
51712.0,0.0300466567787888,9.0
40699.0,0.038203012704706,10.0
26979.0,0.0290670492212222,6.0
6830.0,0.0170925891241689,7.0
7183.0,0.0173710903116075,5.0
14754.0,0.0308471725705654,7.0
33649.0,0.0318030730241768,13.0
20715.0,0.0255242192605489,8.0
2596.0,0.0310321686730135,7.0
20852.0,0.03609479599592,10.0
6366.0,0.0346795051709194,8.0
12597.0,0.0210931460807239,3.0
15642.0,0.0460783375165691,5.0
17866.0,0.0151507150960459,9.0
11035.0,0.0293620334999441,5.0
3965.0,0.0187304177289532,5.0
15187.0,0.0165469127131118,6.0
20319.0,0.0293900159118864,6.0
11437.0,0.0329620765373637,9.0
32270.0,0.037936682840831,8.0
19147.0,0.0317987940607781,3.0
18592.0,0.0350768617772122,5.0
17637.0,0.0245316940954275,8.0
14775.0,0.0124419197488937,8.0
13707.0,0.0353589649894657,5.0
17664.0,0.0117942797950237,6.0
19918.0,0.0319666203274774,8.0
2844.0,0.0364946138867784,9.0
13413.0,0.0158521904891816,9.0
18609.0,0.0357868055665358,10.0
428.0,0.0169144549362547,8.0
6186.0,0.0257476827578645,9.0
8539.0,0.0323122459013581,15.0
21226.0,0.0019216045340843,6.0
31619.0,0.004603661401273,11.0
27921.0,0.0185225707186484,7.0
26383.0,0.0212958179912814,8.0
7290.0,0.0205449276889184,6.0
0.0,0.0358534238023281,8.0
15736.0,0.0328815620545573,7.0
9475.0,0.0297296374027909,7.0
28823.0,0.0196490186755541,6.0
10539.0,0.0288543324461925,12.0
11708.0,0.028986905776425,1.0
16980.0,0.0327916584330985,9.0
1124.0,0.0301365126759468,7.0
12677.0,0.0202823160042338,10.0
1892.0,0.0254604875326824,9.0
0.0,0.013820929275479,8.0
0.0,0.008268862833701,5.0
814.0,0.0,8.0
680.0,0.027623766004136,6.0
4757.0,0.0,9.0
464.0,0.0252838575422273,8.0
4517.0,0.0346863857575859,5.0
5122.0,0.0136874872546412,2.0
0.0,0.0105237305486715,7.0
0.0,0.0248316894368382,9.0
0.0,0.0340754901800876,4.0
0.0,0.0174700224881056,11.0
0.0,0.0261187208551666,5.0
0.0,0.001642374757822,8.0
0.0,0.0162717167473164,7.0
0.0,0.0,10.0
0.0,0.0,10.0
0.0,0.0,8.0
0.0,0.0,7.0
0.0,0.0,11.0
0.0,0.0,9.0
0.0,0.0,4.0
0.0,0.0,12.0
0.0,0.0,3.0
0.0,0.0,14.0
0.0,0.0,4.0
0.0,0.0,10.0
0.0,0.0,12.0
0.0,0.0,10.0
0.0,0.0,8.0
0.0,0.0,5.0
0.0,0.0,5.0
0.0,0.0,6.0
0.0,0.0,4.0
0.0,0.0,4.0
0.0,0.0,5.0
0.0,0.0,8.0
0.0,0.0,12.0
0.0,0.0,9.0
0.0,0.0,12.0
0.0,0.0,13.0
0.0,0.0134725650509764,11.0
0.0,0.0193326782796856,2.0
0.0,0.020650533436849,4.0
0.0,0.0103424908112819,10.0
0.0,0.0075118800086724,9.0
0.0,0.0017195834936014,3.0
0.0,0.0193576340278747,5.0
0.0,0.021984489298584,5.0
0.0,0.0,13.0
0.0,0.0024569184711283,12.0
0.0,0.0119081616681067,14.0
0.0,0.0151076315824322,15.0
0.0,0.0013954429802815,12.0
0.0,0.0155571070499997,14.0
0.0,0.0227299592160644,11.0
0.0,0.0093039998349236,14.0
0.0,0.0307223277572536,14.0
0.0,0.0220380265224127,13.0
0.0,0.0253474209715699,14.0
0.0,0.0136362209641311,12.0
0.0,0.0104928730940535,14.0
0.0,0.0099541677877939,10.0
0.0,0.0018275235542679,14.0
0.0,0.0073498171559217,9.0
0.0,0.0013176904883106,11.0
0.0,0.0,12.0
0.0,0.0,10.0
0.0,0.0,11.0
0.0,0.0,12.0
0.0,0.0,11.0
0.0,0.0,13.0
0.0,0.0,13.0
0.0,0.0,11.0
0.0,0.0,12.0
0.0,0.0,15.0
0.0,0.0,12.0
0.0,0.0,12.0
0.0,0.0,14.0
0.0,0.0,11.0
0.0,0.0,12.0
15129.0,0.0037306402247516,12.0
8148.0,0.027782966772343,13.0
17611.0,0.0116133556111305,10.0
39822.0,0.0348876473475999,14.0
44204.0,0.028181685936026,13.0
33059.0,0.0151358822428515,12.0
18980.0,0.0291434631619894,15.0
5874.0,0.0069032412127993,13.0
6104.0,0.0336588573419411,12.0
6714.0,0.02975597787986,15.0
11173.0,0.0234402441159308,12.0
1493.0,0.0243868778349571,11.0
11456.0,0.033366910087076,11.0
18776.0,0.0320007498308832,7.0
14019.0,0.0336998657908903,9.0
27224.0,0.0246450381742031,11.0
29595.0,0.0217584163850956,9.0
1978.0,0.0240251122145028,9.0
35666.0,0.0161958760616801,8.0
16569.0,0.0374843266570259,14.0
21161.0,0.0251626741084678,9.0
9506.0,0.0264425963695491,14.0
4943.0,0.0344216147662744,12.0
22188.0,0.0409528930413518,15.0
29017.0,0.0205213758551157,9.0
26446.0,0.0191254766087497,10.0
46349.0,0.0354350257201605,11.0
45970.0,0.0102253914401992,12.0
29873.0,0.0361308123762494,11.0
39112.0,0.0090770903824541,10.0
60007.0,0.0316142039054266,11.0
50070.0,0.0322147415633156,10.0
45217.0,0.0172542615090518,9.0
43002.0,0.0219185074633533,11.0
35805.0,0.0396349062829503,9.0
9734.0,0.0350441971164546,7.0
10366.0,0.0290577969190117,6.0
16111.0,0.0327231477926683,5.0
20472.0,0.022315632339099,13.0
29860.0,0.0436216423464777,12.0
15574.0,0.0180339903697511,11.0
3146.0,0.0252103850040351,7.0
7887.0,0.0147843810764833,11.0
6668.0,0.0154520916005133,11.0
9770.0,0.0175992947109105,5.0
779.0,0.0140448532689664,8.0
8977.0,0.0283491076067218,9.0
13470.0,0.0,7.0
13938.0,0.032874246748284,5.0
17505.0,0.0268215748325632,6.0
31558.0,0.0372611964969458,9.0
15988.0,0.0121803247433183,12.0
19770.0,0.0452130834710354,5.0
13435.0,0.0270235016327176,4.0
10129.0,0.0211183120638414,6.0
12203.0,0.013182233614193,7.0
21589.0,0.0264458894137894,6.0
7876.0,0.0359018511721903,8.0
9765.0,0.0237932628221442,6.0
21092.0,0.0277183186065047,8.0
14783.0,0.020001787887621,8.0
14038.0,0.0334465918541082,7.0
18664.0,0.0309467088260136,10.0
10941.0,0.0308678376644136,9.0
37.0,0.0077712398955646,11.0
14879.0,0.0358466674524141,15.0
17731.0,0.0327666140282671,4.0
29577.0,0.0312449620924438,12.0
33811.0,0.0360446882556793,7.0
31578.0,0.0333538503612807,6.0
9692.0,0.02259400710524,6.0
12842.0,0.0284112307194232,6.0
9876.0,0.0162305741445262,8.0
1637.0,0.0323274160436015,4.0
16177.0,0.04187210244471,3.0
25658.0,0.0166484891943988,9.0
12850.0,0.0178126414572159,8.0
3312.0,0.0171881345933957,8.0
0.0,0.0156815964877556,14.0
0.0,0.0058512276753805,9.0
12655.0,0.0235257982569956,6.0
6803.0,0.0241942303290179,8.0
5681.0,0.0477886975960453,7.0
0.0,0.0088640392266859,7.0
3458.0,0.0202231745580363,3.0
0.0,0.0089878819734533,8.0
3721.0,0.0173763886790659,6.0
3935.0,0.0321271267097066,10.0
2266.0,0.0283923864967704,3.0
0.0,0.0333377318558277,7.0
0.0,0.0,3.0
0.0,0.0422483473926703,6.0
0.0,0.0203408144074092,6.0
0.0,0.0102585044835602,7.0
0.0,0.0241266589660533,7.0
0.0,0.0187130764725222,7.0
0.0,0.0,7.0
0.0,0.0,6.0
0.0,0.0,9.0
0.0,0.0,9.0
0.0,0.0,8.0
0.0,0.0,4.0
0.0,0.0,7.0
0.0,0.0,9.0
0.0,0.0,8.0
0.0,0.0,13.0
0.0,0.0,8.0
0.0,0.0,5.0
0.0,0.0,10.0
0.0,0.0,8.0
0.0,0.0,6.0
0.0,0.0,9.0
0.0,0.0,7.0
0.0,0.0,4.0
0.0,0.0,5.0
0.0,0.0,6.0
0.0,0.0,6.0
0.0,0.0,15.0
0.0,0.0,11.0
0.0,0.0,10.0
0.0,0.0,11.0
0.0,0.0,14.0
0.0,0.0060568506810817,11.0
0.0,0.0170947435298621,4.0
0.0,0.0187344611098743,3.0
0.0,0.0308270404479471,11.0
0.0,0.0075742325519018,10.0
0.0,0.0075379069675924,7.0
0.0,0.0194550684757193,4.0
0.0,0.0134129810035545,7.0
0.0,0.0,14.0
0.0,0.022779725575454,13.0
0.0,0.0093395687537677,15.0
0.0,0.0225146112860823,12.0
0.0,0.0127758233399873,11.0
0.0,0.01266118196438,14.0
0.0,0.0106315594435397,15.0
0.0,0.0107135651291543,14.0
0.0,0.0,15.0
0.0,0.0176567605711452,13.0
0.0,0.0215347903565395,15.0
0.0,0.0006590066596558,10.0
0.0,0.0203982873953907,11.0
0.0,0.027770818960095,11.0
0.0,0.0185339848929104,14.0
0.0,0.0088347023957418,15.0
0.0,0.0143599642809612,10.0
0.0,0.0,14.0
0.0,0.0,15.0
0.0,0.0,9.0
0.0,0.0,13.0
0.0,0.0,12.0
0.0,0.0,15.0
0.0,0.0,11.0
0.0,0.0,13.0
0.0,0.0,14.0
0.0,0.0,15.0
0.0,0.0,11.0
0.0,0.0,13.0
0.0,0.0,12.0
0.0,0.0,14.0
0.0,0.0,15.0
7961.0,0.0191609890727432,13.0
8970.0,0.0416923894225548,12.0
32061.0,0.0135511344497455,14.0
36501.0,0.0375930763447318,11.0
53000.0,0.0206921525101043,12.0
26147.0,0.0247429638322997,15.0
12685.0,0.03981798045961,9.0
9432.0,0.0292585742010922,12.0
2071.0,0.010617281356289,13.0
10450.0,0.0048059051914951,10.0
11008.0,0.0270424277524404,15.0
16139.0,0.038603253647273,12.0
11915.0,0.0531029274907132,13.0
14969.0,0.0479700870233389,10.0
13904.0,0.0390998170264084,11.0
13487.0,0.0549555236902486,12.0
22109.0,0.0222669145256081,14.0
22506.0,0.0281635480830407,14.0
30089.0,0.0396979366566095,12.0
14410.0,0.0198153945492859,15.0
42588.0,0.0334785675057879,13.0
28429.0,0.0432101393481846,14.0
26336.0,0.0542098882531322,15.0
23667.0,0.0393264976191689,10.0
21157.0,0.0342567523526405,8.0
25352.0,0.0192938237397882,8.0
37688.0,0.0266150515139438,12.0
26011.0,0.037661651606653,8.0
22234.0,0.034946305560996,13.0
23247.0,0.0153298745113668,13.0
46065.0,0.0177240123873614,15.0
54848.0,0.0105690586931302,13.0
50736.0,0.0178512562118355,9.0
60667.0,0.0,8.0
41220.0,0.0236938774404545,6.0
10624.0,0.0262944520849227,7.0
26233.0,0.0316225966548617,7.0
15944.0,0.0419712518085019,3.0
28389.0,0.0322688088740917,9.0
35819.0,0.0255396105266818,10.0
27268.0,0.0365747071306012,12.0
0.0,0.0113874735585572,9.0
6648.0,0.0199252320256581,8.0
8183.0,0.0115561295957903,7.0
6941.0,0.0221797741919543,6.0
17238.0,0.0225828115963569,9.0
20935.0,0.0128433621711032,12.0
1622.0,0.0451542908730902,9.0
8850.0,0.0303764593680839,3.0
14955.0,0.0438956341044855,8.0
25430.0,0.0037640210486323,13.0
11402.0,0.0100920724709483,10.0
32604.0,0.0206813572824311,8.0
13185.0,0.0416297601520904,4.0
12819.0,0.0283044798344965,4.0
3366.0,0.0343223177486218,6.0
20724.0,0.0244657862838029,5.0
16649.0,0.0084634212717221,5.0
14702.0,0.0150370499694908,8.0
11217.0,0.0363481470151554,7.0
21595.0,0.0134302125332487,8.0
1287.0,0.0102224329962809,9.0
13853.0,0.0444546583157828,9.0
7347.0,0.0130930899014385,10.0
14714.0,0.0334887579856052,10.0
12797.0,0.0241783405360413,10.0
33875.0,0.0205905840109151,5.0
29097.0,0.0163132455595173,8.0
32621.0,0.0372352626386656,10.0
28932.0,0.0331679366574392,9.0
12186.0,0.0462102592417815,5.0
18369.0,0.0199305979971366,9.0
6661.0,0.0257934009049219,6.0
20524.0,0.0296632331310962,7.0
20044.0,0.0300057162501214,3.0
11970.0,0.030929896292698,11.0
5173.0,0.0304284351935285,6.0
3245.0,0.0267514270563234,12.0
0.0,0.0144922908661993,13.0
8100.0,0.0110074669934658,10.0
0.0,0.027976974656485,9.0
2824.0,0.0264277759940896,9.0
7224.0,0.0223069774085378,4.0
3350.0,0.0345213750777713,6.0
0.0,0.0280141612824618,3.0
6146.0,0.011070081883688,9.0
7783.0,0.0047360898085449,8.0
1307.0,0.0327566249593645,5.0
13295.0,0.0318144503901557,6.0
0.0,0.0312967101646029,5.0
0.0,0.0340946203321051,6.0
0.0,0.0234794810468294,5.0
0.0,0.0056837825730686,12.0
0.0,0.0,5.0
0.0,0.038468517728611,10.0
0.0,0.0,11.0
0.0,0.0,11.0
0.0,0.0,10.0
0.0,0.0,8.0
0.0,0.0,7.0
0.0,0.0,6.0
0.0,0.0,6.0
0.0,0.0,3.0
0.0,0.0,9.0
0.0,0.0,5.0
0.0,0.0,13.0
0.0,0.0,4.0
0.0,0.0,7.0
0.0,0.0,9.0
0.0,0.0,11.0
0.0,0.0,6.0
0.0,0.0,7.0
0.0,0.0,4.0
0.0,0.0,7.0
0.0,0.0,4.0
0.0,0.0,5.0
0.0,0.0,4.0
0.0,0.0,12.0
0.0,0.0,13.0
0.0,0.0,11.0
0.0,0.0,14.0
0.0,0.0,15.0
0.0,0.0296501475914413,11.0
0.0,0.0205732525558346,2.0
0.0,0.0047423999226967,5.0
0.0,0.0217898192926466,7.0
0.0,0.0150778054809668,9.0
0.0,0.0177165459721262,4.0
0.0,0.0290537187257285,5.0
0.0,0.0226675717653229,8.0
0.0,0.0125741866928667,13.0
0.0,0.0179459191134958,10.0
0.0,0.0053497257857618,13.0
0.0,0.0,15.0
0.0,0.0283941480999881,15.0
0.0,0.0114690502085777,15.0
0.0,0.0097798421695158,13.0
0.0,0.0342665250380886,11.0
0.0,0.0136119716193202,15.0
0.0,0.0142584846706135,13.0
0.0,0.0222346929595748,13.0
0.0,0.0022060932329686,14.0
0.0,0.0053581258266493,13.0
0.0,0.0017114068463623,12.0
0.0,0.007739528468601,11.0
0.0,0.0188362741458026,12.0
0.0,0.0104284180538193,10.0
0.0,0.0,13.0
0.0,0.0,12.0
0.0,0.0,9.0
0.0,0.0,15.0
0.0,0.0,13.0
0.0,0.0,12.0
0.0,0.0,14.0
0.0,0.0,11.0
0.0,0.0,13.0
0.0,0.0,13.0
0.0,0.0,11.0
0.0,0.0,13.0
0.0,0.0,11.0
0.0,0.0,14.0
0.0,0.0,13.0
17222.0,0.0170107971130825,11.0
158.0,0.0108248673534805,10.0
33200.0,0.0238604868236307,15.0
37629.0,0.0278008818542397,14.0
56329.0,0.0068024178954302,11.0
30009.0,0.0152813787591794,15.0
1705.0,0.0266516537626635,15.0
4780.0,0.0379466457523669,15.0
0.0,0.0067760026329642,11.0
4098.0,0.0435259447853846,15.0
11663.0,0.0421691822754715,14.0
5840.0,0.0305911314711053,15.0
8600.0,0.0448455097930105,11.0
20554.0,0.0289234349129795,10.0
23827.0,0.0191044958384746,11.0
24686.0,0.0438487376762051,13.0
15807.0,0.0335732515677385,15.0
7528.0,0.0489969631864725,11.0
27655.0,0.0431849156309535,14.0
3132.0,0.0313324781143951,12.0
33595.0,0.0119640026703857,14.0
35241.0,0.0362799844213055,11.0
22660.0,0.0382781807614794,14.0
25111.0,0.0137924632146364,14.0
27545.0,0.035624735887777,7.0
24664.0,0.033948612075583,12.0
31743.0,0.0276476127621378,11.0
29486.0,0.0400176798493967,12.0
26582.0,0.0436494044595386,14.0
34821.0,0.0222404652839719,14.0
50887.0,0.0113121640183924,10.0
47160.0,0.0124934663581247,12.0
44116.0,0.0241629419470383,13.0
55653.0,0.0069897523157643,12.0
37162.0,0.0038045079117759,5.0
9028.0,0.0144492677703418,8.0
25417.0,0.007076379605179,8.0
0.0,0.0252397024160131,8.0
26538.0,0.0390445131269498,9.0
34744.0,0.0364189345238311,12.0
25895.0,0.035407740115452,6.0
16414.0,0.0395581308718775,10.0
11641.0,0.0309736707052688,8.0
14651.0,0.0322134288610409,6.0
11032.0,0.0216205045786216,3.0
21326.0,0.0306179390268852,6.0
9004.0,0.017458173247689,10.0
1181.0,0.0352223032301305,8.0
15140.0,0.033015226652893,5.0
15937.0,0.0203472233050795,0.0
18909.0,0.023989347566455,7.0
10136.0,0.0314804922351248,13.0
31927.0,0.0143915044723484,5.0
11731.0,0.0205679322745225,5.0
16475.0,0.0329520691648027,4.0
13080.0,0.0395249528911061,6.0
30884.0,0.0296941112324773,4.0
20940.0,0.0296491134576185,9.0
13158.0,0.0353615373480937,7.0
14596.0,0.0174666463063982,8.0
15456.0,0.0522892679416585,7.0
8203.0,0.0388312822283403,9.0
12202.0,0.0379825539023247,15.0
10881.0,0.0321829670567221,12.0
4081.0,0.0270270920684659,10.0
7457.0,0.032707994897237,13.0
25421.0,0.0374063375207649,4.0
25881.0,0.0248670797141178,15.0
34191.0,0.0224227566568849,1.0
29918.0,0.0279093683669609,10.0
6610.0,0.0068269869874288,11.0
13888.0,0.0326816275928778,8.0
16037.0,0.0140557779912933,7.0
18851.0,0.0275118153038847,8.0
22734.0,0.0186412658053174,4.0
18515.0,0.0372600265094626,8.0
24410.0,0.0191821647508543,6.0
11181.0,0.0242228326901348,9.0
14922.0,0.0299744834941957,12.0
0.0,0.0137632936376694,8.0
0.0,0.0256070435143343,8.0
0.0,0.0314301077432314,6.0
0.0,0.0110291609666588,6.0
0.0,0.0238118972719524,5.0
4142.0,0.0109488340074943,9.0
12369.0,0.0,11.0
3908.0,0.0123417244273862,8.0
3837.0,0.0116802703754646,6.0
0.0,0.0420231385350352,3.0
0.0,0.0311282597283426,6.0
0.0,0.0177129166321865,5.0
0.0,0.0193810737463401,7.0
0.0,0.0182530336457048,7.0
0.0,0.011170357660229,3.0
0.0,0.0364743220336708,7.0
0.0,0.0119310936617615,7.0
0.0,0.0,12.0
0.0,0.0,8.0
0.0,0.0,8.0
0.0,0.0,7.0
0.0,0.0,7.0
0.0,0.0,10.0
0.0,0.0,4.0
0.0,0.0,11.0
0.0,0.0,6.0
0.0,0.0,15.0
0.0,0.0,7.0
0.0,0.0,3.0
0.0,0.0,10.0
0.0,0.0,6.0
0.0,0.0,3.0
0.0,0.0,6.0
0.0,0.0,5.0
0.0,0.0,5.0
0.0,0.0,7.0
0.0,0.0,10.0
0.0,0.0,5.0
0.0,0.0,8.0
0.0,0.0,12.0
0.0,0.0,10.0
0.0,0.0,14.0
0.0,0.0,10.0
0.0,0.0214074528913776,9.0
0.0,0.0137169376796827,7.0
0.0,0.0214319234717895,4.0
0.0,0.022419571050794,6.0
0.0,0.0433237593546977,8.0
0.0,0.0130352508990388,10.0
0.0,0.0247736040394797,6.0
0.0,0.0197007099408942,6.0
0.0,0.0089391920580785,13.0
0.0,0.0314816202753472,12.0
0.0,0.0300790163145928,14.0
0.0,0.022486139514489,13.0
0.0,0.0123895353633687,14.0
0.0,0.0,14.0
0.0,0.0336050426957324,13.0
0.0,0.0153840198005371,15.0
0.0,0.041312515294199,14.0
0.0,0.0223567152161484,12.0
0.0,0.0171045008837206,13.0
0.0,0.0106527745075886,15.0
0.0,0.0188458219196268,11.0
0.0,0.0192711605061761,11.0
0.0,0.0133707736227372,14.0
0.0,0.0223521592305878,11.0
0.0,0.0018950954170831,11.0
0.0,0.0,13.0
0.0,0.0,15.0
0.0,0.0,13.0
0.0,0.0,11.0
0.0,0.0,15.0
0.0,0.0,10.0
0.0,0.0,13.0
0.0,0.0,11.0
0.0,0.0,15.0
0.0,0.0,12.0
0.0,0.0,12.0
0.0,0.0,12.0
0.0,0.0,13.0
0.0,0.0,13.0
0.0,0.0,13.0
21456.0,0.0088904180436674,14.0
8834.0,0.0278499228237348,12.0
25699.0,0.0325216255018968,12.0
45678.0,0.0219378879759185,11.0
48157.0,0.0373213469773379,13.0
13888.0,0.0093658152182389,12.0
14652.0,0.0185374608362287,15.0
19032.0,0.0315802410965844,10.0
3590.0,0.0487447490643771,12.0
10298.0,0.0292924195949468,14.0
16619.0,0.0478059021462979,13.0
23776.0,0.0396730656341689,14.0
10429.0,0.0562927864633445,13.0
13459.0,0.0247209556346118,4.0
19287.0,0.0283398957025301,9.0
18678.0,0.0297044029782469,9.0
25319.0,0.0345118571792301,11.0
16377.0,0.0120237685873494,12.0
30456.0,0.0292091997029293,9.0
20208.0,0.021695523473267,15.0
38673.0,0.021652755431768,13.0
36684.0,0.0196404191879517,14.0
22101.0,0.0305793636831278,9.0
29211.0,0.0253470728100816,15.0
23853.0,0.0058640734781293,8.0
21737.0,0.0458826592551122,12.0
41842.0,0.0342427269177997,13.0
36445.0,0.0020200108115397,10.0
30566.0,0.022636741698014,15.0
31337.0,0.0366312621492698,12.0
53689.0,0.0289325852293543,9.0
56052.0,0.0231235002266822,14.0
59594.0,0.0260609856096477,10.0
53607.0,0.0444270649854515,4.0
46674.0,0.0169081193946006,7.0
24105.0,0.0164871551417809,9.0
6708.0,0.0260634099702278,8.0
17861.0,0.0180702328175777,8.0
24860.0,0.0287284339944881,10.0
25592.0,0.024399111525855,8.0
17492.0,0.001238186078161,4.0
15065.0,0.0165220331538634,12.0
4224.0,0.032081097410827,8.0
16234.0,0.0414677605046162,13.0
11975.0,0.0146396138743887,5.0
16017.0,0.0140305888750295,6.0
7998.0,0.0430250597696351,10.0
3652.0,0.0289410078836818,5.0
6370.0,0.0138012929103685,6.0
26237.0,0.0367149733502967,5.0
32948.0,0.0369328371727475,6.0
11893.0,0.0258524685991643,11.0
30245.0,0.0,8.0
22452.0,0.0186553154602762,5.0
17121.0,0.0374706906191153,10.0
7183.0,0.0360760743957498,6.0
18525.0,0.0196968751244334,8.0
11942.0,0.0353015390652943,9.0
9409.0,0.0267865676566909,6.0
10907.0,0.0222871219543941,9.0
10271.0,0.0095848111507686,7.0
8992.0,0.0197008522546062,8.0
14318.0,0.0155957293855279,10.0
16247.0,0.0357447202743513,9.0
12128.0,0.0190789886153639,11.0
0.0,0.028838492221623,9.0
26571.0,0.0390371144983025,7.0
20215.0,0.0369403610275973,10.0
16630.0,0.0338072583809587,7.0
22447.0,0.0379256771405413,9.0
24804.0,0.0341905960234401,5.0
14973.0,0.0216888409396947,10.0
10827.0,0.0157844651981428,9.0
7483.0,0.0212226676440595,5.0
31599.0,0.007458690401865,0.0
5510.0,0.0243397799238008,10.0
16861.0,0.0305382874087558,3.0
16017.0,0.0391317282229584,10.0
1691.0,0.0100915776566366,11.0
4423.0,0.00908918185562,9.0
308.0,0.0,8.0
3302.0,0.0224262141916441,5.0
11766.0,0.0108387227160832,8.0
2995.0,0.0341900169424747,5.0
8808.0,0.0160704632049932,7.0
0.0,0.0106286724769469,2.0
0.0,0.0,8.0
26.0,0.0,2.0
0.0,0.0220788774701728,5.0
0.0,0.0058280094727662,8.0
0.0,0.0173831838013425,6.0
0.0,0.0292102009382674,6.0
0.0,0.0155257362848357,7.0
0.0,0.0419944151431789,4.0
0.0,0.0004412311052989,6.0
0.0,0.0193989682495079,6.0
0.0,0.0,8.0
0.0,0.0,7.0
0.0,0.0,6.0
0.0,0.0,6.0
0.0,0.0,9.0
0.0,0.0,5.0
0.0,0.0,5.0
0.0,0.0,9.0
0.0,0.0,3.0
0.0,0.0,11.0
0.0,0.0,5.0
0.0,0.0,7.0
0.0,0.0,8.0
0.0,0.0,9.0
0.0,0.0,6.0
0.0,0.0,3.0
0.0,0.0,2.0
0.0,0.0,4.0
0.0,0.0,5.0
0.0,0.0,8.0
0.0,0.0,6.0
0.0,0.0,9.0
0.0,0.0,15.0
0.0,0.0,8.0
0.0,0.0,14.0
0.0,0.0,11.0
0.0,0.0222240099051422,9.0
0.0,0.0112337669007433,3.0
0.0,0.0243272292977966,5.0
0.0,0.0228603695818408,12.0
0.0,0.0172066826754424,7.0
0.0,0.0,5.0
0.0,0.0035029326616138,9.0
0.0,0.002936145629405,10.0
0.0,0.0183790076045394,14.0
0.0,0.0121705697108994,15.0
0.0,0.0288792829750901,15.0
0.0,0.032640852403676,14.0
0.0,0.0251892745515388,14.0
0.0,0.0210816283608246,13.0
0.0,0.023000024985438,14.0
0.0,0.0187283595361336,14.0
0.0,0.0418002641172396,11.0
0.0,0.0001633533632992,10.0
0.0,0.0090367929206697,14.0
0.0,0.0223204666971355,13.0
0.0,0.0167379906893104,14.0
0.0,0.0205524043555421,13.0
0.0,0.0426879028482406,14.0
0.0,0.0091371045300732,15.0
0.0,0.0351773573914879,14.0
0.0,0.0,12.0
0.0,0.0,12.0
0.0,0.0,10.0
0.0,0.0,10.0
0.0,0.0,13.0
0.0,0.0,14.0
0.0,0.0,11.0
0.0,0.0,11.0
0.0,0.0,11.0
0.0,0.0,12.0
0.0,0.0,15.0
0.0,0.0,15.0
0.0,0.0,13.0
0.0,0.0,13.0
0.0,0.0,13.0
24465.0,0.005290936382357,13.0
15119.0,0.0188054825643894,12.0
23864.0,0.031347488461782,13.0
47698.0,0.0319350296222092,14.0
47116.0,0.0181269399767768,12.0
30543.0,0.0189919843894515,14.0
11182.0,0.0051875859720705,13.0
3137.0,0.0151638205995472,12.0
7597.0,0.0221616566687043,15.0
462.0,0.034771004945405,10.0
4796.0,0.0354877292536338,11.0
16963.0,0.0258436839036515,14.0
0.0,0.026485182432015,12.0
4097.0,0.0187292301180936,8.0
25299.0,0.0222101145420836,12.0
15782.0,0.0318829337090689,12.0
15146.0,0.0142827077113326,14.0
11254.0,0.0352406364119278,12.0
27610.0,0.0218771626610636,15.0
12802.0,0.0292579371410028,15.0
37122.0,0.0433476106701797,15.0
18604.0,0.0224818789601843,12.0
16738.0,0.0049033279669612,9.0
20560.0,0.035307215983969,11.0
13566.0,0.028906928981431,7.0
42097.0,0.0212367578541653,11.0
37112.0,0.0333584093735805,11.0
24221.0,0.0153163232010791,8.0
18327.0,0.0408306742665408,14.0
33036.0,0.0115898808169542,14.0
53743.0,0.0165811554897414,11.0
49727.0,0.0295204504419504,14.0
50580.0,0.0223946472283579,13.0
41856.0,0.0132559086042321,10.0
45171.0,0.0144367895055136,10.0
4447.0,0.0351178327260678,9.0
8332.0,0.0407149034297779,4.0
7892.0,0.025073759275389,4.0
19822.0,0.0193742042263497,10.0
23323.0,0.0071558308615874,13.0
19634.0,0.0360530134232601,7.0
9474.0,0.0093606159656873,6.0
9831.0,0.0286481532454015,4.0
10683.0,0.011852228746371,6.0
0.0,0.0211833093966922,7.0
19137.0,0.0352111428821627,7.0
14276.0,0.0384668758862441,7.0
3547.0,0.0177001027028984,7.0
9372.0,0.0119279358238497,2.0
9879.0,0.0365152397278763,3.0
32920.0,0.0073013938423931,9.0
19190.0,0.0194219253606528,10.0
28771.0,0.026981988202262,8.0
12670.0,0.0446730404093353,3.0
15652.0,0.012953187092904,9.0
8274.0,0.013024603265363,4.0
32354.0,0.0096886135761655,4.0
7500.0,0.0152949109602142,6.0
10958.0,0.0295480451048807,8.0
5640.0,0.0496345345509232,9.0
18380.0,0.0316193565430157,7.0
15251.0,0.0323336154180624,7.0
0.0,0.0295810517290187,7.0
10576.0,0.018201795866859,11.0
10077.0,0.0376861741775731,9.0
0.0,0.018557472382569,9.0
27029.0,0.0285890873911362,6.0
18290.0,0.010625504548635,13.0
26829.0,0.0,5.0
15166.0,0.0126185768022494,6.0
11506.0,0.019351825884811,9.0
23769.0,0.023545911466308,6.0
17314.0,0.0222277259792302,11.0
16949.0,0.0142847862856873,7.0
16473.0,0.0292137971960108,5.0
15069.0,0.0300460043266261,9.0
8618.0,0.0297692119350819,4.0
12458.0,0.0290602346007307,7.0
5643.0,0.0009121400530473,14.0
0.0,0.0419295355031337,9.0
0.0,0.0075792062770114,8.0
2890.0,0.0199456468720127,9.0
1897.0,0.0374875098364862,5.0
170.0,0.0263887045909992,2.0
0.0,0.0215104492873994,5.0
5109.0,0.0049839787499597,7.0
8660.0,0.0294005773720221,8.0
5311.0,0.0272788583783214,4.0
6021.0,0.0280318262555724,7.0
0.0,0.0253159274278147,8.0
0.0,0.0291564652710757,5.0
0.0,0.0113473347078819,3.0
0.0,0.0148455504556289,10.0
0.0,0.0250434868852218,7.0
0.0,0.0127546326903635,9.0
0.0,0.0059111319241361,8.0
0.0,0.0,10.0
0.0,0.0,11.0
0.0,0.0,8.0
0.0,0.0,12.0
0.0,0.0,9.0
0.0,0.0,6.0
0.0,0.0,4.0
0.0,0.0,10.0
0.0,0.0,6.0
0.0,0.0,10.0
0.0,0.0,3.0
0.0,0.0,4.0
0.0,0.0,9.0
0.0,0.0,5.0
0.0,0.0,2.0
0.0,0.0,6.0
0.0,0.0,11.0
0.0,0.0,9.0
0.0,0.0,2.0
0.0,0.0,4.0
0.0,0.0,7.0
0.0,0.0,9.0
0.0,0.0,13.0
0.0,0.0,11.0
0.0,0.0,15.0
0.0,0.0,14.0
0.0,0.0113722975317531,8.0
0.0,0.0066004795219629,7.0
0.0,0.0110713487045714,3.0
0.0,0.0210570125713508,4.0
0.0,0.0043026024408153,4.0
0.0,0.0152270602689708,6.0
0.0,0.0147254033678013,5.0
0.0,0.0200102629744002,4.0
0.0,0.0093191569435349,14.0
0.0,0.0244821378383822,9.0
0.0,0.0059434611999048,14.0
0.0,0.0312093192232063,14.0
0.0,0.0061000533878183,13.0
0.0,0.0238055272550989,12.0
0.0,0.0252527221117394,9.0
0.0,0.0304235762246458,12.0
0.0,0.0,13.0
0.0,0.0277194606855198,14.0
0.0,0.0232176412227862,14.0
0.0,0.0065717094382369,15.0
0.0,0.0108400995820268,15.0
0.0,0.0131739278886224,13.0
0.0,0.0420065744094858,15.0
0.0,0.021116516518252,12.0
0.0,0.0194252470765884,15.0
0.0,0.0,12.0
0.0,0.0,14.0
0.0,0.0,11.0
0.0,0.0,12.0
0.0,0.0,12.0
0.0,0.0,11.0
0.0,0.0,14.0
0.0,0.0,15.0
0.0,0.0,11.0
0.0,0.0,11.0
0.0,0.0,13.0
0.0,0.0,14.0
0.0,0.0,10.0
0.0,0.0,12.0
0.0,0.0,13.0
13865.0,0.0327143246117334,12.0
9636.0,0.0194506969938441,11.0
27777.0,0.0046686111981947,14.0
43762.0,0.0415542038010448,15.0
49894.0,0.0323647974743564,12.0
37129.0,0.0220028670261225,12.0
16065.0,0.0340714266495529,13.0
16585.0,0.0187187342279087,12.0
10513.0,0.037078195576143,13.0
10912.0,0.0340239485820023,13.0
10298.0,0.0345953058470467,12.0
5165.0,0.0486886778575039,14.0
3713.0,0.0460035611215977,11.0
17677.0,0.0347398348991109,6.0
18398.0,0.0427311169328226,8.0
8049.0,0.0623719897232758,11.0
16589.0,0.0287898726384044,13.0
11006.0,0.0189186848546958,10.0
38423.0,0.0256423652400202,10.0
14051.0,0.0225737208233181,12.0
38345.0,0.0398580359086785,12.0
25405.0,0.0465097398410008,12.0
24447.0,0.0395840290965817,15.0
16274.0,0.0483154135570626,13.0
19399.0,0.0303467745107138,10.0
36486.0,0.0267007757049826,14.0
29736.0,0.0153841470474684,11.0
30728.0,0.0301983940200527,8.0
26447.0,0.0247629528492529,13.0
26711.0,0.0170678510454771,13.0
60497.0,0.0157947714172983,11.0
53604.0,0.0051148544502287,10.0
39708.0,0.0083892730057173,13.0
53597.0,0.0075662561435964,11.0
35004.0,0.0317623765199025,9.0
23972.0,0.0247017473934615,5.0
19608.0,0.0220433163893867,9.0
11884.0,0.0113738079850464,6.0
33651.0,0.0256886403849001,13.0
22432.0,0.006920406143338,9.0
16665.0,0.0171395317747213,6.0
9200.0,0.0525318002545269,10.0
8099.0,0.0247480031868105,5.0
6027.0,0.0289411136395587,7.0
12799.0,0.0219131403251015,8.0
22862.0,0.0200748871550678,6.0
13603.0,0.0237515303352475,6.0
0.0,0.0231215962863974,5.0
8851.0,0.0180845008019459,4.0
13567.0,0.034168389924394,7.0
37028.0,0.0292958029836999,6.0
628.0,0.0287997530139596,7.0
35753.0,0.0504567201213195,6.0
13879.0,0.0257965578573491,6.0
17965.0,0.0342901021026825,7.0
15608.0,0.028898988411756,9.0
18643.0,0.0129402070978647,7.0
3229.0,0.0220768904536245,4.0
8107.0,0.0136381454311967,7.0
14428.0,0.0262170831514308,12.0
25137.0,0.0275595779612012,8.0
0.0,0.0138061249451127,6.0
1332.0,0.0227480673640857,10.0
21347.0,0.0209234479982137,8.0
9451.0,0.0320405659881955,10.0
1173.0,0.0165031354718548,13.0
25935.0,0.0343146789778294,6.0
28108.0,0.0340402448411441,14.0
30917.0,0.0529460527421291,8.0
29618.0,0.033931281796269,6.0
7684.0,0.044463431623298,7.0
18644.0,0.0387006482347751,12.0
21254.0,0.0287159527295579,10.0
7124.0,0.0263835729296471,7.0
20179.0,0.0323968880490645,5.0
11219.0,0.0418351345741921,9.0
24444.0,0.0403399780338296,8.0
2050.0,0.0258793533804427,8.0
0.0,0.014968327478207,12.0
0.0,0.0375839042052535,12.0
0.0,0.0089694873013937,10.0
993.0,0.0081575947488673,6.0
0.0,0.0108435685713742,5.0
3883.0,0.0144134879516052,3.0
6022.0,0.0322070161726606,9.0
998.0,0.0288638148876589,12.0
11638.0,0.0,7.0
0.0,0.0178821112594381,5.0
0.0,0.0435432541981518,5.0
0.0,0.0261314038082922,7.0
0.0,0.0061659392199371,1.0
0.0,0.0367313978340807,6.0
0.0,0.0227342560993018,9.0
0.0,0.0115841172792738,4.0
0.0,0.0239058712888215,7.0
0.0,0.0231046535325292,7.0
0.0,0.0,7.0
0.0,0.0,5.0
0.0,0.0,4.0
0.0,0.0,8.0
0.0,0.0,7.0
0.0,0.0,7.0
0.0,0.0,4.0
0.0,0.0,11.0
0.0,0.0,6.0
0.0,0.0,13.0
0.0,0.0,7.0
0.0,0.0,5.0
0.0,0.0,8.0
0.0,0.0,6.0
0.0,0.0,5.0
0.0,0.0,3.0
0.0,0.0,4.0
0.0,0.0,9.0
0.0,0.0,5.0
0.0,0.0,5.0
0.0,0.0,5.0
0.0,0.0,9.0
0.0,0.0,13.0
0.0,0.0,12.0
0.0,0.0,12.0
0.0,0.0,13.0
0.0,0.0132529883014623,11.0
0.0,0.0226208887817763,1.0
0.0,0.0098764762779069,5.0
0.0,0.0331069688393235,8.0
0.0,0.02204061851917,6.0
0.0,0.017169197762356,10.0
0.0,0.014433248130623,8.0
0.0,0.0107715217935646,8.0
0.0,0.0253158872306267,15.0
0.0,0.0104984512252527,14.0
0.0,0.0320756070199785,14.0
0.0,0.0,13.0
0.0,0.0171638059749017,13.0
0.0,0.0175729042617641,15.0
0.0,0.0243513161080332,11.0
0.0,0.0109521022855297,14.0
0.0,0.0155896122751729,12.0
0.0,0.0232230774216671,13.0
0.0,0.0,13.0
0.0,0.0258861261337722,10.0
0.0,0.0180004503383499,13.0
0.0,0.0123128281592953,8.0
0.0,0.0327023942004778,13.0
0.0,0.0253289792666579,13.0
0.0,0.0152526742997356,13.0
0.0,0.0,15.0
0.0,0.0,15.0
0.0,0.0,13.0
0.0,0.0,13.0
0.0,0.0,15.0
0.0,0.0,15.0
0.0,0.0,13.0
0.0,0.0,12.0
0.0,0.0,15.0
0.0,0.0,10.0
0.0,0.0,14.0
0.0,0.0,14.0
0.0,0.0,15.0
0.0,0.0,10.0
0.0,0.0,12.0
11123.0,0.0226447972330187,15.0
18034.0,0.0230348947433901,13.0
39236.0,0.0306085649170054,13.0
38573.0,0.0161680239407063,14.0
55943.0,0.0112577009786199,15.0
36805.0,0.0272307653062518,14.0
8165.0,0.0349882761911082,15.0
13942.0,0.0283841940780252,10.0
11774.0,0.0183543783277104,9.0
5534.0,0.0381256121148699,14.0
10834.0,0.031657408816649,13.0
8478.0,0.032332724933727,11.0
467.0,0.0268012010650132,14.0
19527.0,0.0329938111167738,7.0
8531.0,0.0428455264242361,12.0
31486.0,0.03795441069334,8.0
23150.0,0.0237551180776439,14.0
16572.0,0.0259604213859806,11.0
33463.0,0.0332431092319063,10.0
24539.0,0.0270644830304366,15.0
26160.0,0.0226395676337862,11.0
26330.0,0.0237073854965661,12.0
13841.0,0.0219454980082195,6.0
21137.0,0.0069058343365487,10.0
26678.0,0.0448868291698244,12.0
33625.0,0.02878335686031,12.0
51718.0,0.0110857922086648,10.0
34811.0,0.0224107068433689,11.0
26622.0,0.0311340975649805,14.0
36882.0,0.044193227483275,15.0
48766.0,0.0261118536507823,10.0
56488.0,0.0325014549063409,11.0
55915.0,0.0268737268737673,11.0
50506.0,0.0220269200467543,9.0
56313.0,0.018878940030979,11.0
17786.0,0.0,10.0
23721.0,0.0282245011083296,6.0
1696.0,0.0249613551920387,5.0
28896.0,0.04208401050619,11.0
29197.0,0.0150794957771555,11.0
10044.0,0.039420643462055,6.0
0.0,0.0088218435948439,8.0
7793.0,0.0262274617513228,8.0
5739.0,0.0262154757470474,5.0
5655.0,0.0234218473654666,6.0
25778.0,0.0340129568201046,7.0
17689.0,0.0303193923980413,9.0
5028.0,0.0322603612179518,8.0
5232.0,0.0279525621134902,3.0
16554.0,0.0380243860291109,5.0
21726.0,0.021350599042797,10.0
15972.0,0.0324580873079697,11.0
18145.0,0.0240264639178235,6.0
20647.0,0.0306446284875317,5.0
26688.0,0.0426857029162002,6.0
837.0,0.0256465860314985,9.0
30348.0,0.0357961534991882,6.0
22847.0,0.0242937033038355,8.0
9516.0,0.0277526886194255,6.0
8874.0,0.0283034762263802,8.0
6991.0,0.0311534579836159,7.0
6843.0,0.0243955825215068,5.0
12696.0,0.0209097730342154,7.0
3121.0,0.0422993528725765,9.0
8473.0,0.0109777586110387,10.0
0.0,0.0233572837024085,10.0
12460.0,0.0118180461438694,4.0
20171.0,0.0230249584234595,9.0
26803.0,0.0153160445483699,8.0
17295.0,0.0214777206247739,8.0
22745.0,0.0277202869038495,8.0
18521.0,0.0221448622860863,9.0
15970.0,0.0524720987022463,8.0
10609.0,0.0555139453626388,6.0
17764.0,0.0411917194763827,1.0
8454.0,0.0334936798975417,7.0
11285.0,0.0108814721407446,5.0
17943.0,0.0301046205754468,6.0
1836.0,0.0243317062605252,15.0
0.0,0.0290373469939553,8.0
3438.0,0.0126006491496228,8.0
1220.0,0.0219896902769965,6.0
0.0,0.0216332736073452,9.0
0.0,0.0229686832576402,5.0
7899.0,0.0176990346640121,7.0
0.0,0.0041151928374804,8.0
4435.0,0.0306847269453276,7.0
11621.0,0.0260609098287263,8.0
2619.0,0.022155813275702,4.0
0.0,0.0413408807330099,7.0
0.0,0.010460057182075,11.0
0.0,0.024360007520952,4.0
0.0,0.0286585611475457,7.0
0.0,0.0239734758734646,6.0
0.0,0.0186340946296799,7.0
0.0,0.0185344236645552,6.0
0.0,0.0,6.0
0.0,0.0,7.0
0.0,0.0,9.0
0.0,0.0,6.0
0.0,0.0,10.0
0.0,0.0,7.0
0.0,0.0,6.0
0.0,0.0,8.0
0.0,0.0,6.0
0.0,0.0,12.0
0.0,0.0,6.0
0.0,0.0,6.0
0.0,0.0,10.0
0.0,0.0,5.0
0.0,0.0,5.0
0.0,0.0,5.0
0.0,0.0,7.0
0.0,0.0,2.0
0.0,0.0,1.0
0.0,0.0,5.0
0.0,0.0,3.0
0.0,0.0,6.0
0.0,0.0,11.0
0.0,0.0,6.0
0.0,0.0,13.0
0.0,0.0,14.0
0.0,0.0254760025900621,7.0
0.0,0.0196686769866118,7.0
0.0,0.0218601775995044,6.0
0.0,0.0206529721194468,8.0
0.0,0.0365606874813303,10.0
0.0,0.0214130852892374,4.0
0.0,0.0225697534677577,8.0
0.0,0.0001779323677226,4.0
0.0,0.009548265070816,14.0
0.0,0.0056348670593222,13.0
0.0,0.0242708837742772,14.0
0.0,0.0248256354743543,12.0
0.0,0.0330872901582511,10.0
0.0,0.0091630170209413,11.0
0.0,0.0155256993876917,14.0
0.0,0.0244731412428238,10.0
0.0,0.0009343076339434,13.0
0.0,0.0160467184305243,13.0
0.0,0.0277665149177281,13.0
0.0,0.0313616145128956,11.0
0.0,0.0194555820943937,15.0
0.0,0.0229315785372656,12.0
0.0,0.008669580899355,13.0
0.0,0.0123856883496303,12.0
0.0,0.0070382143453999,11.0
0.0,0.0,15.0
0.0,0.0,13.0
0.0,0.0,13.0
0.0,0.0,11.0
0.0,0.0,11.0
0.0,0.0,14.0
0.0,0.0,10.0
0.0,0.0,14.0
0.0,0.0,13.0
0.0,0.0,6.0
0.0,0.0,11.0
0.0,0.0,15.0
0.0,0.0,10.0
0.0,0.0,11.0
0.0,0.0,15.0
22238.0,0.0182078228401866,14.0
14320.0,0.0347366469139736,14.0
32167.0,0.0423120491932013,15.0
36708.0,0.0247503055141755,15.0
59579.0,0.0190468499548014,12.0
29944.0,0.0290964630370066,12.0
10257.0,0.0230421629224273,11.0
10871.0,0.0413094271089043,14.0
14207.0,0.0120919774219537,14.0
8235.0,0.0522121924779504,10.0
8894.0,0.0251620664734914,15.0
7959.0,0.0304213804093729,15.0
0.0,0.0304455409768758,11.0
31476.0,0.0571259350551438,9.0
10429.0,0.0276742100252707,7.0
20307.0,0.0311134959148743,14.0
23651.0,0.055096796910686,10.0
15802.0,0.0173441572129288,15.0
20449.0,0.0085441002455493,13.0
19794.0,0.0307195669828851,11.0
26393.0,0.0250307915880073,13.0
32265.0,0.0250142459574393,14.0
22648.0,0.0365431164942505,11.0
15718.0,0.0257058072733429,13.0
15181.0,0.0205829774506887,10.0
31108.0,0.0377295579975484,13.0
45489.0,0.0408058677006858,11.0
26573.0,0.0290842146588125,7.0
36013.0,0.0365118091040689,11.0
25016.0,0.0356762541114046,8.0
51989.0,0.025372199736246,13.0
54904.0,0.0174002688191206,14.0
41866.0,0.0495913198973424,9.0
51756.0,0.0148193103547192,11.0
49408.0,0.011529004795719,8.0
11794.0,0.011409225259466,12.0
21974.0,0.0443651975008164,6.0
10396.0,0.0148779805347833,6.0
26263.0,0.0173040637027612,8.0
25757.0,0.0216541368231049,10.0
21204.0,0.0272477817580889,8.0
7305.0,0.0319758781751929,10.0
17143.0,0.0332739659933985,8.0
7932.0,0.0233584972223838,11.0
3600.0,0.0251994707557202,7.0
22062.0,0.045389238347047,10.0
12791.0,0.0290558492353869,10.0
10127.0,0.0339578138516478,8.0
5945.0,0.0210417412779816,3.0
22473.0,0.0152950697833074,5.0
28991.0,0.0228403648156388,9.0
18875.0,0.0230180247207136,10.0
8308.0,0.0363464565392087,10.0
13575.0,0.030965672018651,3.0
19430.0,0.0325384223724832,5.0
8178.0,0.0163928337638692,3.0
21918.0,0.0058138867707427,1.0
15742.0,0.0220011729466066,8.0
22876.0,0.0397149987692109,8.0
16510.0,0.0309557308805777,8.0
5460.0,0.0355321577799473,9.0
10932.0,0.0297869104064588,10.0
8940.0,0.0292680073736431,10.0
6511.0,0.0252889762134221,12.0
15883.0,0.0328954154729906,12.0
0.0,0.0107456156044779,15.0
30652.0,0.0299187059522268,9.0
28652.0,0.0337452851960794,12.0
28191.0,0.0367471694960846,8.0
28280.0,0.0383624085976858,7.0
1948.0,0.0275164628620154,7.0
14220.0,0.0311424860169055,8.0
12736.0,0.0255448146087308,7.0
13454.0,0.0146771044975714,7.0
9742.0,0.0272468276175027,5.0
20441.0,0.0314382529384321,8.0
12350.0,0.0126024853626801,5.0
9029.0,0.0391889499972915,9.0
5525.0,0.011579527471965,14.0
3188.0,0.0038685163125456,12.0
6294.0,0.0295074957167742,11.0
0.0,0.019578419188034,10.0
569.0,0.0143788819387887,1.0
5804.0,0.025033142280407,7.0
6116.0,0.0217168649682774,6.0
8185.0,0.0097374705848736,8.0
10688.0,0.0140307592511375,8.0
0.0,0.0129644348261127,4.0
2383.0,0.0325967642130406,6.0
0.0,0.0036685103944888,7.0
0.0,0.0161782057245991,8.0
0.0,0.0202846363626815,4.0
0.0,0.0222117220553808,7.0
0.0,0.0237520651073623,4.0
0.0,0.0,7.0
0.0,0.0050516754168499,6.0
0.0,0.0,7.0
0.0,0.0,8.0
0.0,0.0,8.0
0.0,0.0,8.0
0.0,0.0,8.0
0.0,0.0,6.0
0.0,0.0,5.0
0.0,0.0,7.0
0.0,0.0,4.0
0.0,0.0,11.0
0.0,0.0,6.0
0.0,0.0,8.0
0.0,0.0,7.0
0.0,0.0,7.0
0.0,0.0,6.0
0.0,0.0,6.0
0.0,0.0,2.0
0.0,0.0,6.0
0.0,0.0,4.0
0.0,0.0,4.0
0.0,0.0,6.0
0.0,0.0,5.0
0.0,0.0,12.0
0.0,0.0,12.0
0.0,0.0,13.0
0.0,0.0,11.0
0.0,0.0279240739692422,12.0
0.0,0.0136137396638203,8.0
0.0,0.0176775386492571,8.0
0.0,0.0277618880107572,11.0
0.0,0.0252542717600192,10.0
0.0,0.0185707305172726,5.0
0.0,0.0181173384743105,5.0
0.0,0.0123361940175353,8.0
0.0,0.031017883151949,15.0
0.0,0.0155728218307963,11.0
0.0,0.0008709224464914,13.0
0.0,0.0162908663026714,13.0
0.0,0.0252182713342724,15.0
0.0,0.0266338340024525,13.0
0.0,0.0,11.0
0.0,0.0159750330140955,13.0
0.0,0.0327981560550899,13.0
0.0,0.0371573045867999,11.0
0.0,0.0055272986151753,13.0
0.0,0.0232401077778841,12.0
0.0,0.0078087579853465,11.0
0.0,0.0156147589045996,13.0
0.0,0.0131058034475901,13.0
0.0,0.0193025612739294,15.0
0.0,0.0,14.0
0.0,0.0,12.0
0.0,0.0,13.0
0.0,0.0,15.0
0.0,0.0,15.0
0.0,0.0,13.0
0.0,0.0,10.0
0.0,0.0,13.0
0.0,0.0,15.0
0.0,0.0,15.0
0.0,0.0,12.0
0.0,0.0,10.0
0.0,0.0,13.0
0.0,0.0,11.0
0.0,0.0,11.0
0.0,0.0,11.0
17277.0,0.0219512255769925,15.0
7794.0,0.0272964156120879,14.0
32919.0,0.0288203294807074,15.0
37130.0,0.0470700933662422,10.0
54445.0,0.0174232459043104,15.0
29237.0,0.0105594037871708,15.0
19552.0,0.0257937832555644,15.0
4797.0,0.0177083899487006,15.0
0.0,0.018255700849433,11.0
3259.0,0.0361062796108479,13.0
10618.0,0.0197995859991778,15.0
4438.0,0.0396275437289104,14.0
7697.0,0.0487551846365719,14.0
17651.0,0.0286700528277112,11.0
13345.0,0.0436301809779733,5.0
24093.0,0.0498618646133164,7.0
18202.0,0.0196345308526002,13.0
7844.0,0.0324444979254947,13.0
28383.0,0.0285724664026008,15.0
16855.0,0.039903489667417,15.0
33845.0,0.0319818625958878,15.0
31023.0,0.0474262519851461,10.0
27815.0,0.0153081150467695,9.0
22354.0,0.0475136092646592,9.0
35315.0,0.0445052649501892,12.0
20940.0,0.021852567628417,11.0
40185.0,0.0305657139656671,11.0
22131.0,0.0243269127843265,8.0
34947.0,0.0126797356484708,10.0
26728.0,0.0425415608730677,13.0
51931.0,0.0034422486146521,11.0
61201.0,0.0164285520434347,8.0
46858.0,0.0330894601780366,13.0
47827.0,0.020703134589658,12.0
48106.0,0.0324657905776222,7.0
19522.0,0.0262510113783573,7.0
12980.0,0.024507533698361,8.0
7829.0,0.0312227335063854,2.0
22826.0,0.0218829239137071,11.0
28782.0,0.0182941479557635,10.0
14356.0,0.0133409307651762,9.0
5445.0,0.0163545120793693,14.0
0.0,0.0263006405466336,12.0
16596.0,0.0403269764819298,8.0
15116.0,0.036648765177516,4.0
20603.0,0.0268711891725809,9.0
14028.0,0.0236746631883765,10.0
560.0,0.002901896704899,11.0
11809.0,0.0330786249283472,3.0
24022.0,0.0076227211316464,6.0
24468.0,0.0490652432171963,7.0
9472.0,0.0205840507334623,13.0
25531.0,0.0053681243016228,7.0
21906.0,0.0102483143774313,9.0
12259.0,0.0201408552307814,3.0
7156.0,0.0179277369903393,7.0
22015.0,0.0371531688268611,1.0
13205.0,0.0369386302240222,5.0
15827.0,0.0207328936612475,2.0
912.0,0.0301055281129857,6.0
13018.0,0.0239942728401599,8.0
10228.0,0.0169199572733887,14.0
23861.0,0.0345063567297224,9.0
8355.0,0.0173758133748639,10.0
14455.0,0.0385288386540728,10.0
13226.0,0.0256818851810438,13.0
21769.0,0.0399841602069197,6.0
36218.0,0.0202490639384896,12.0
14867.0,0.0255194173824907,9.0
24124.0,0.0316839840511224,10.0
10038.0,0.025803933884124,10.0
16460.0,0.0145401591392408,8.0
21582.0,0.0545748673564231,10.0
11380.0,0.026693482351629,4.0
20350.0,0.0249655707762537,2.0
5260.0,0.0399806056489086,9.0
8941.0,0.0249123293616727,8.0
7419.0,0.0345058509849872,10.0
6512.0,0.0204460903941245,9.0
0.0,0.01418235936266,11.0
0.0,0.0301861666766079,8.0
3470.0,0.0265989366975319,9.0
5405.0,0.021556823189122,5.0
40.0,0.0289523842659127,6.0
577.0,0.0229663169817559,8.0
13192.0,0.0290553509691738,5.0
3789.0,0.0108587807814439,8.0
0.0,0.0088276247765884,8.0
1235.0,0.0131532639575921,8.0
0.0,0.0185847948484844,6.0
0.0,0.0174562234555042,6.0
0.0,0.0245066307079983,2.0
0.0,0.0135943064481699,11.0
0.0,0.0240363203843091,7.0
0.0,0.0307501226696754,8.0
0.0,0.0297289857081144,9.0
0.0,0.0,7.0
0.0,0.0,9.0
0.0,0.0,5.0
0.0,0.0,7.0
0.0,0.0,5.0
0.0,0.0,7.0
0.0,0.0,0.0
0.0,0.0,9.0
0.0,0.0,6.0
0.0,0.0,13.0
0.0,0.0,10.0
0.0,0.0,4.0
0.0,0.0,9.0
0.0,0.0,5.0
0.0,0.0,7.0
0.0,0.0,7.0
0.0,0.0,2.0
0.0,0.0,5.0
0.0,0.0,5.0
0.0,0.0,9.0
0.0,0.0,2.0
0.0,0.0,10.0
0.0,0.0,11.0
0.0,0.0,11.0
0.0,0.0,9.0
0.0,0.0,11.0
0.0,0.0378488636352579,9.0
0.0,0.0,5.0
0.0,0.0235192205351589,7.0
0.0,0.0379235551222342,7.0
0.0,0.0175708337146915,12.0
0.0,0.0166569977940989,6.0
0.0,0.0190629465498803,7.0
0.0,0.0164398902060271,9.0
0.0,0.0142587343268763,11.0
0.0,0.0350154361261768,14.0
0.0,0.0136858324297878,13.0
0.0,0.0209638441729383,13.0
0.0,0.001475008175964,13.0
0.0,0.0090563779341384,10.0
0.0,0.0176750935527156,13.0
0.0,0.0023888608152032,14.0
0.0,0.0,13.0
0.0,0.0202057528920135,14.0
0.0,0.0109110106880032,10.0
0.0,0.0162173156514606,15.0
0.0,0.0111676544973556,15.0
0.0,0.0,12.0
0.0,0.0036908257738098,13.0
0.0,0.0293852652969895,15.0
0.0,0.0254507208638064,12.0
0.0,0.0,13.0
0.0,0.0,15.0
0.0,0.0,11.0
0.0,0.0,12.0
0.0,0.0,10.0
0.0,0.0,10.0
0.0,0.0,13.0
0.0,0.0,13.0
0.0,0.0,14.0
0.0,0.0,11.0
0.0,0.0,9.0
0.0,0.0,11.0
0.0,0.0,14.0
0.0,0.0,13.0
0.0,0.0,15.0
0.0,0.0231564239746742,13.0
11038.0,0.0151785851560405,12.0
26101.0,0.02347176094174,13.0
36250.0,0.0259277762581465,13.0
52537.0,0.0162635771559308,15.0
34155.0,0.0228535680572849,15.0
7532.0,0.0232513924231862,14.0
11447.0,0.0303709187577167,11.0
5555.0,0.0299242041360024,11.0
6530.0,0.0109458835416777,13.0
15791.0,0.0337581140144408,15.0
9355.0,0.0449688539070212,13.0
13096.0,0.0301110262539038,13.0
16321.0,0.0570577997294725,10.0
8987.0,0.0198928081246026,11.0
17664.0,0.0384584561581341,12.0
23893.0,0.0185944734588755,15.0
11628.0,0.060527754255662,10.0
30928.0,0.0287988251334686,10.0
8991.0,0.0367329113724247,12.0
31273.0,0.0292980255441004,11.0
34438.0,0.0304057482502956,12.0
17058.0,0.0279961112783166,9.0
25737.0,0.032030725616413,10.0
22389.0,0.0550073380967656,9.0
32869.0,0.0333228546996309,10.0
26042.0,0.0135258935897192,9.0
33686.0,0.0421249363879144,6.0
27862.0,0.0257487200809923,13.0
34428.0,0.0252311873519891,14.0
42858.0,0.0405553559687366,14.0
56045.0,0.0191835835365875,14.0
49853.0,0.0156777577543501,14.0
56445.0,0.0321025230604957,15.0
43742.0,0.0121502411183872,10.0
12234.0,0.0234505976379084,6.0
13346.0,0.0315751543520308,10.0
15524.0,0.0358219540467317,1.0
27198.0,0.0,10.0
33901.0,0.0379338346124136,15.0
21110.0,0.0184367677091704,7.0
6671.0,0.0060312853063578,8.0
12971.0,0.0237581714579771,5.0
9677.0,0.0256513016605333,9.0
8522.0,0.0394579180919222,5.0
15972.0,0.0076362196545051,10.0
11668.0,0.0360987826558941,11.0
1678.0,0.0194473065594609,9.0
13600.0,0.0205183356804946,8.0
26140.0,0.0154359062666431,8.0
19570.0,0.0322962073228348,10.0
22931.0,0.0326757032658547,8.0
20086.0,0.0406701907383779,7.0
18833.0,0.0124492191424311,5.0
12377.0,0.0193101819377159,3.0
521.0,0.0262484052873461,3.0
29014.0,0.0337198308500181,6.0
14889.0,0.025876521424421,7.0
3458.0,0.0424688613824534,7.0
16098.0,0.0191633500619239,7.0
8386.0,0.0300951299568002,7.0
12260.0,0.02169806912452,8.0
17216.0,0.0194756467391733,9.0
14127.0,0.024006826601284,8.0
0.0,0.0167671199760027,10.0
9944.0,0.016276184116374,13.0
18454.0,0.0222755423626014,6.0
13975.0,0.0194182603443159,10.0
18379.0,0.030184834166665,6.0
30488.0,0.0485113374646812,7.0
18809.0,0.0425737310096833,10.0
9545.0,0.0128701246662512,5.0
25578.0,0.0333845479954634,7.0
19665.0,0.0391106544518453,4.0
24870.0,0.0136566198221452,4.0
18951.0,0.027814774311648,10.0
18460.0,0.0236506993874998,5.0
4381.0,0.0394199710698959,10.0
3373.0,0.0304546898498613,11.0
6451.0,0.0287867363633401,9.0
3957.0,0.0446251476944889,10.0
748.0,0.0181265257450025,10.0
0.0,0.017726363533154,7.0
9713.0,0.0313706645890606,6.0
10817.0,0.0241417509803348,6.0
633.0,0.0349224980581842,9.0
2563.0,0.0391352202192882,7.0
5935.0,0.0258767253379057,7.0
2626.0,0.0226422240295938,4.0
0.0,0.0257305670416711,2.0
0.0,0.0161897724114119,11.0
0.0,0.0047758736381749,5.0
0.0,0.0189552595644971,7.0
0.0,0.0140270921244793,6.0
0.0,0.0228819312706725,11.0
0.0,0.0,5.0
0.0,0.0,9.0
0.0,0.0,10.0
0.0,0.0,7.0
0.0,0.0,6.0
0.0,0.0,11.0
0.0,0.0,8.0
0.0,0.0,8.0
0.0,0.0,12.0
0.0,0.0,5.0
0.0,0.0,14.0
0.0,0.0,9.0
0.0,0.0,9.0
0.0,0.0,8.0
0.0,0.0,6.0
0.0,0.0,3.0
0.0,0.0,6.0
0.0,0.0,9.0
0.0,0.0,7.0
0.0,0.0,2.0
0.0,0.0,6.0
0.0,0.0,9.0
0.0,0.0,8.0
0.0,0.0,12.0
0.0,0.0,10.0
0.0,0.0,13.0
0.0,0.0,11.0
0.0,0.0172370412103508,14.0
0.0,0.0265609770232237,8.0
0.0,0.018062781476365,5.0
0.0,0.0057813272689325,10.0
0.0,0.0188337457758523,7.0
0.0,0.0166085991305749,7.0
0.0,0.0330718448699984,8.0
0.0,0.0142827953986967,8.0
0.0,0.0366548670434677,14.0
0.0,0.0048805857971242,15.0
0.0,0.0215114402903305,14.0
0.0,0.003811530579367,12.0
0.0,0.0234463034292011,13.0
0.0,0.0178192879972211,12.0
0.0,0.0114982653498816,11.0
0.0,0.0257051487488658,14.0
0.0,0.0114444027606377,15.0
0.0,0.0147215057358495,13.0
0.0,0.0205976431570623,15.0
0.0,0.0135142116336028,13.0
0.0,0.0268060961164921,12.0
0.0,0.0092111961607017,11.0
0.0,0.0029579361831762,13.0
0.0,0.0021672491988282,14.0
0.0,0.0054026351378863,14.0
0.0,0.0,11.0
0.0,0.0,14.0
0.0,0.0,13.0
0.0,0.0,14.0
0.0,0.0,11.0
0.0,0.0,14.0
0.0,0.0,13.0
0.0,0.0,12.0
0.0,0.0,12.0
0.0,0.0,13.0
0.0,0.0,14.0
0.0,0.0,13.0
0.0,0.0,15.0
0.0,0.0,13.0
0.0,0.0,15.0
7477.0,0.0194832750175957,13.0
9502.0,0.0198585942485155,13.0
20643.0,0.0209130634542093,15.0
34289.0,0.0280113466556228,13.0
57786.0,0.0177334530599506,8.0
22040.0,0.0387776952568787,11.0
0.0,0.0494338739119898,14.0
17255.0,0.0233861856126679,14.0
8309.0,0.027481174474875,15.0
11034.0,0.0153696612546291,15.0
7221.0,0.0260870738949234,13.0
295.0,0.0153836667828855,11.0
13242.0,0.0432888096716604,12.0
21766.0,0.0263334967810291,10.0
22177.0,0.0348239298907832,9.0
10367.0,0.0426487532241737,13.0
25361.0,0.0195396623121888,14.0
19480.0,0.0314224712560733,11.0
23613.0,0.0387920450565902,10.0
22405.0,0.0316519694835875,15.0
34667.0,0.0306207619239413,12.0
36480.0,0.0311844901120112,13.0
18229.0,0.0253978313234798,12.0
24907.0,0.0365784392723712,14.0
33857.0,0.0327559767858952,12.0
19399.0,0.0352311887331716,8.0
38538.0,0.0291653176926246,10.0
20848.0,0.0482548234687056,10.0
25008.0,0.0315382834593831,13.0
17583.0,0.0324549086595607,13.0
50695.0,0.0006854038382924,11.0
50009.0,0.0099784438955435,11.0
51428.0,0.0279451177298952,14.0
36241.0,0.030374540545542,10.0
44752.0,0.0202091099615561,7.0
11844.0,0.0388547550790931,13.0
6025.0,0.0113472772539415,8.0
10166.0,0.0186259853223,5.0
31120.0,0.0293283829340194,14.0
31803.0,0.0324736070423159,12.0
33197.0,0.0288281392964427,7.0
12920.0,0.0337259844214378,10.0
0.0,0.0129597645099363,9.0
21380.0,0.0423343748507506,7.0
15722.0,0.0401507628518637,3.0
16930.0,0.0095893889168629,8.0
13522.0,0.0366832640514009,7.0
5311.0,0.0129602338425639,8.0
9645.0,0.0394331017859134,4.0
20289.0,0.0221495269072576,3.0
25072.0,0.0232892922873095,9.0
14573.0,0.0229454793535536,8.0
22120.0,0.010621255045481,9.0
15027.0,0.053215623128061,7.0
21383.0,0.0288235144627714,4.0
4517.0,0.0,8.0
21234.0,0.025387513045344,6.0
5569.0,0.0149541962730002,8.0
13478.0,0.0456332662642117,7.0
7058.0,0.044217020357497,7.0
15663.0,0.0256349827675366,7.0
22412.0,0.0628864752609944,11.0
22196.0,0.0271542332387624,8.0
9578.0,0.0510792993905327,9.0
14222.0,0.0166290661090537,11.0
3315.0,0.0221284368237135,9.0
23568.0,0.0088060023086886,7.0
31293.0,0.0389672664239596,13.0
26871.0,0.0304230732302809,8.0
22400.0,0.0526890475543014,6.0
14639.0,0.0260698257021874,8.0
14379.0,0.0260936575947302,6.0
26346.0,0.038983345680516,5.0
13432.0,0.0143601488630223,5.0
25075.0,0.0265488546909285,6.0
16786.0,0.0250793941122686,12.0
18426.0,0.0318345329454277,4.0
6316.0,0.0104392092867622,6.0
0.0,0.0277883683041287,12.0
5548.0,0.012387037518316,9.0
1576.0,0.0227736367194229,9.0
6486.0,0.0200491192885255,2.0
0.0,0.0021770740708846,8.0
0.0,0.0293757528165641,6.0
8310.0,0.0266008100838405,9.0
241.0,0.0267014989129877,7.0
1441.0,0.0169512968301692,9.0
4888.0,0.0149640532127082,7.0
10238.0,0.0205637935020537,5.0
0.0,0.014581889774113,8.0
0.0,0.0103742552057884,7.0
0.0,0.0235577400426123,5.0
0.0,0.0168357724307755,7.0
0.0,0.0025946803522349,4.0
0.0,0.0006968828588112,9.0
0.0,0.0024520704812823,8.0
0.0,0.0,8.0
0.0,0.0,9.0
0.0,0.0,6.0
0.0,0.0,6.0
0.0,0.0,6.0
0.0,0.0,7.0
0.0,0.0,3.0
0.0,0.0,8.0
0.0,0.0,7.0
0.0,0.0,15.0
0.0,0.0,7.0
0.0,0.0,11.0
0.0,0.0,11.0
0.0,0.0,8.0
0.0,0.0,3.0
0.0,0.0,4.0
0.0,0.0,6.0
0.0,0.0,8.0
0.0,0.0,8.0
0.0,0.0,2.0
0.0,0.0,5.0
0.0,0.0,11.0
0.0,0.0,13.0
0.0,0.0,9.0
0.0,0.0,14.0
0.0,0.0,14.0
0.0,0.0091978308507759,11.0
0.0,0.0014793192228417,6.0
0.0,0.0194577742561607,6.0
0.0,0.0068536384372601,10.0
0.0,0.0103167621900404,7.0
0.0,0.0014997469879479,6.0
0.0,0.0143946180153744,3.0
0.0,0.0037500769312874,7.0
0.0,0.0216577585591308,14.0
0.0,0.0280899520784129,15.0
0.0,0.0294975600462126,12.0
0.0,0.0,15.0
0.0,0.0142378657938061,15.0
0.0,0.0157778950620394,15.0
0.0,0.0299991321796573,13.0
0.0,0.0161228587157998,15.0
0.0,0.0307139561337483,15.0
0.0,0.0250702985435866,10.0
0.0,0.000827620417074,14.0
0.0,0.0,11.0
0.0,0.0062843022710935,12.0
0.0,0.0015485122938823,13.0
0.0,0.011800746512087,12.0
0.0,0.0231128099812531,12.0
0.0,0.0,15.0
0.0,0.0,14.0
0.0,0.0,12.0
0.0,0.0,13.0
0.0,0.0,14.0
0.0,0.0,13.0
0.0,0.0,10.0
0.0,0.0,15.0
0.0,0.0,13.0
0.0,0.0,13.0
0.0,0.0,15.0
0.0,0.0,12.0
0.0,0.0,15.0
0.0,0.0,13.0
0.0,0.0,13.0
0.0,0.0,12.0
20924.0,0.0160858255581706,14.0
10354.0,0.0345166105611862,13.0
12776.0,0.0288478725550644,11.0
41478.0,0.0061537232632395,14.0
51603.0,0.0229806418270648,14.0
34031.0,0.0321341304724082,11.0
0.0,0.0113290404201674,12.0
14409.0,0.0222294420801108,10.0
20239.0,0.0351492126196463,11.0
16077.0,0.0452305683390554,12.0
7620.0,0.0092754960409019,14.0
12289.0,0.0559066146987244,13.0
4163.0,0.0211814280241923,12.0
20836.0,0.0348857876342518,8.0
16926.0,0.0310322667709839,10.0
28282.0,0.0427835952850538,11.0
25170.0,0.0442399492438401,13.0
16147.0,0.0283870066213596,12.0
31455.0,0.0366710187829198,12.0
19071.0,0.030487062843223,13.0
30587.0,0.0179387735955649,13.0
28445.0,0.029236590330859,11.0
16950.0,0.0292301915814246,11.0
19050.0,0.021927572971641,13.0
24087.0,0.026139714662143,10.0
24825.0,0.0231297238172431,15.0
50879.0,0.0187418556445493,13.0
28750.0,0.0436515682355894,10.0
19149.0,0.0246666005993035,12.0
18115.0,0.0259602500042593,14.0
44071.0,0.0124683985178909,14.0
46879.0,0.0318859361341848,15.0
47346.0,0.0039885372226141,11.0
63692.0,0.0108012023647185,7.0
30434.0,0.0203994168069684,9.0
15224.0,0.0095651894421709,10.0
7347.0,0.0246226367241173,5.0
2089.0,0.0297347688637783,4.0
22877.0,0.028141053396337,10.0
34350.0,0.0246647273226138,11.0
13511.0,0.007631118671724,5.0
15891.0,0.0132485405927374,10.0
12016.0,0.0188180257215059,2.0
4060.0,0.0255555736445729,7.0
12933.0,0.0256300727563453,5.0
12724.0,0.0411305528112732,8.0
0.0,0.022688659377741,8.0
7952.0,0.0089670214166436,4.0
8619.0,0.0234868417500497,6.0
21557.0,0.0396177219841216,8.0
26032.0,0.0254772717404728,6.0
15961.0,0.0065695406811682,11.0
21088.0,0.022551116090023,7.0
16753.0,0.0357595827660155,6.0
12070.0,0.0311458673150905,2.0
14368.0,0.0223115705846437,9.0
28874.0,0.0080265298785905,7.0
8688.0,0.0451713575430749,7.0
6618.0,0.0408417766912316,9.0
8435.0,0.0252336531031407,8.0
14979.0,0.0286306693825453,7.0
5949.0,0.0320695170305981,13.0
10789.0,0.0271401507710846,7.0
9184.0,0.0428574670241345,14.0
3285.0,0.0071808567865771,10.0
3733.0,0.0236232548747828,14.0
29360.0,0.0161463035442213,7.0
33590.0,0.0259941413040906,7.0
14025.0,0.0365244414311665,6.0
28751.0,0.0265002486933333,9.0
10086.0,0.0367780804749416,6.0
18558.0,0.0251297440268624,4.0
15079.0,0.024510220572974,9.0
9365.0,0.0258754099768035,6.0
15491.0,0.0281028207369239,6.0
6379.0,0.0262327183050004,10.0
10666.0,0.0229632224719961,3.0
10359.0,0.0395423707922859,12.0
15337.0,0.0178081772380154,10.0
5623.0,0.0131265167497012,8.0
2784.0,0.0268722973043294,9.0
0.0,0.0030939593115758,8.0
17894.0,0.0240249415592842,4.0
5095.0,0.0116309830869955,5.0
6856.0,0.0182227137397169,8.0
0.0,0.0066661294816395,10.0
5418.0,0.0141764604711849,5.0
11092.0,0.0138378475645744,6.0
0.0,0.0146684323067093,5.0
0.0,0.0384300455611636,8.0
0.0,0.0014313461285845,7.0
0.0,0.0276392158506428,5.0
0.0,0.037400234441409,9.0
0.0,0.0075289125043561,4.0
0.0,0.0196365113613808,10.0
0.0,0.0031484162898621,10.0
0.0,0.0,7.0
0.0,0.0,10.0
0.0,0.0,10.0
0.0,0.0,9.0
0.0,0.0,10.0
0.0,0.0,12.0
0.0,0.0,7.0
0.0,0.0,11.0
0.0,0.0,8.0
0.0,0.0,10.0
0.0,0.0,6.0
0.0,0.0,7.0
0.0,0.0,9.0
0.0,0.0,7.0
0.0,0.0,3.0
0.0,0.0,7.0
0.0,0.0,6.0
0.0,0.0,5.0
0.0,0.0,3.0
0.0,0.0,7.0
0.0,0.0,6.0
0.0,0.0,9.0
0.0,0.0,10.0
0.0,0.0,9.0
0.0,0.0,11.0
0.0,0.0,14.0
0.0,0.0262722146152441,9.0
0.0,0.0058668755119173,8.0
0.0,0.0076610855998144,5.0
0.0,0.0263700855130125,9.0
0.0,0.0100250922416662,7.0
0.0,0.0104902414053464,6.0
0.0,0.0055743153779844,5.0
0.0,0.0270899943344098,4.0
0.0,0.0197895894782079,15.0
0.0,0.0092792796025939,13.0
0.0,0.0092281934094233,15.0
0.0,0.0350628370626387,12.0
0.0,0.0136617641836329,13.0
0.0,0.0028318217087138,12.0
0.0,0.0258557317249598,11.0
0.0,0.0073520162694657,11.0
0.0,0.0166413843133554,13.0
0.0,0.0223746296891685,14.0
0.0,0.0349465148989276,12.0
0.0,0.007961459416392,14.0
0.0,0.0113310018367831,11.0
0.0,0.0222317440132165,11.0
0.0,0.0,15.0
0.0,0.0136583542678713,14.0
0.0,0.0116868549447458,15.0
0.0,0.0,13.0
0.0,0.0,11.0
0.0,0.0,15.0
0.0,0.0,13.0
0.0,0.0,13.0
0.0,0.0,11.0
0.0,0.0,11.0
0.0,0.0,14.0
0.0,0.0,14.0
0.0,0.0,11.0
0.0,0.0,15.0
0.0,0.0,12.0
0.0,0.0,15.0
0.0,0.0,12.0
0.0,0.0,7.0
21587.0,0.0340410988988194,14.0
0.0,0.0110890700493883,10.0
25031.0,0.0088021056423356,15.0
33350.0,0.0121431945318987,13.0
50685.0,0.0279444461690806,12.0
16889.0,0.0343642521059487,13.0
16317.0,0.0342866996373044,12.0
11320.0,0.0180691080942731,14.0
6122.0,0.019286752090122,15.0
9629.0,0.0258316045137365,13.0
13937.0,0.0441632120251394,15.0
0.0,0.0266430241583877,15.0
0.0,0.0192689297248825,12.0
7207.0,0.0437276971588316,10.0
21265.0,0.0518169497949759,10.0
17901.0,0.0279927308102268,12.0
28823.0,0.0271742923321416,12.0
15562.0,0.0301295563695276,11.0
28259.0,0.043523815410661,13.0
21647.0,0.0453061086293749,15.0
32253.0,0.0086469063353456,13.0
27499.0,0.0117441409384635,14.0
16494.0,0.0342404020773824,11.0
29159.0,0.0237352676152232,12.0
27027.0,0.0252617571374749,6.0
24907.0,0.0322857729242288,9.0
44296.0,0.0379187878650985,10.0
30528.0,0.0218410206159033,12.0
32551.0,0.0313805477036678,13.0
27460.0,0.056060839607289,9.0
57065.0,0.0372927248876701,11.0
56552.0,0.0250032914028054,11.0
46228.0,0.017219728251061,11.0
46596.0,0.0227135599816693,10.0
42438.0,0.0313190134032293,7.0
21341.0,0.0293360493296801,7.0
20588.0,0.0126077623165085,7.0
15345.0,0.0336643613006583,3.0
15868.0,0.0397067499206705,11.0
37722.0,0.0169234260817698,11.0
18913.0,0.0212820450282664,5.0
4773.0,0.0212270043986064,8.0
11775.0,0.0086310300644216,5.0
9371.0,0.0331258070544023,5.0
4808.0,0.0273455722372259,6.0
15695.0,0.0335631986901939,6.0
9026.0,0.0250146305813668,7.0
6177.0,0.0205680509215053,10.0
12024.0,0.0239381119867799,2.0
17478.0,0.0134440634539897,6.0
32943.0,0.0221899871898307,8.0
10970.0,0.0137091477968927,11.0
16494.0,0.0369078351124849,4.0
14133.0,0.0344611438243001,4.0
16880.0,0.037065674275423,6.0
6892.0,0.0148104505839919,5.0
20513.0,0.0230105259452855,7.0
8806.0,0.0362459144499578,11.0
12307.0,0.022386379945261,8.0
10648.0,0.0227442872627642,12.0
13331.0,0.030386488606979,9.0
11378.0,0.0083669373788306,10.0
21148.0,0.0388758718288975,8.0
14501.0,0.0231321687054436,10.0
3897.0,0.0083194691767533,12.0
7464.0,0.0456569463769504,13.0
28425.0,0.0135695653588288,3.0
21240.0,0.014595638505431,9.0
22228.0,0.0201202575242312,9.0
21202.0,0.000446410908011,11.0
19464.0,0.0084364882498584,7.0
12839.0,0.0324333080806168,11.0
25126.0,0.0300021258037924,8.0
16216.0,0.0265743274025982,8.0
14233.0,0.0220867320187392,4.0
6758.0,0.0433050755025609,7.0
2248.0,0.0057503941115454,5.0
16282.0,0.0308155512417028,9.0
2247.0,0.0548696726190976,12.0
6937.0,0.0280760458121739,9.0
11791.0,0.0197628191521118,11.0
0.0,0.0358964234964162,6.0
15770.0,0.0224699503548513,5.0
0.0,0.0392791575567506,3.0
3175.0,0.0130956852261635,3.0
4288.0,0.0346247360686183,10.0
531.0,0.0159199382812381,7.0
0.0,0.0182238721108276,6.0
0.0,0.0288006999884601,5.0
0.0,0.0058926557456172,6.0
0.0,0.0313578013793277,4.0
0.0,0.0166872187425034,4.0
0.0,0.0010905249192017,7.0
0.0,0.0152173657821891,2.0
0.0,0.0214502576057797,9.0
0.0,0.0089169946151137,9.0
0.0,0.0,9.0
0.0,0.0,8.0
0.0,0.0,9.0
0.0,0.0,5.0
0.0,0.0,6.0
0.0,0.0,9.0
0.0,0.0,5.0
0.0,0.0,12.0
0.0,0.0,7.0
0.0,0.0,15.0
0.0,0.0,6.0
0.0,0.0,6.0
0.0,0.0,10.0
0.0,0.0,11.0
0.0,0.0,6.0
0.0,0.0,6.0
0.0,0.0,1.0
0.0,0.0,6.0
0.0,0.0,4.0
0.0,0.0,5.0
0.0,0.0,5.0
0.0,0.0,9.0
0.0,0.0,12.0
0.0,0.0,9.0
0.0,0.0,12.0
0.0,0.0,12.0
0.0,0.0291442463936524,11.0
0.0,0.0276480453611605,7.0
0.0,0.0233872126916368,4.0
0.0,0.016140227993002,11.0
0.0,0.0197533529824681,8.0
0.0,0.0322132765835691,5.0
0.0,0.0246536905778604,7.0
0.0,0.0174282055907857,8.0
0.0,0.0286700147457453,13.0
0.0,0.0151932811745453,13.0
0.0,0.003420973836476,15.0
0.0,0.0,13.0
0.0,0.0030500364022203,13.0
0.0,0.0214562104380267,15.0
0.0,0.0170477709808784,14.0
0.0,0.021376791553702,14.0
0.0,0.0105726324552363,13.0
0.0,0.0173517668873111,12.0
0.0,0.0291883036492708,15.0
0.0,0.0262448874278095,11.0
0.0,0.0177270967799031,15.0
0.0,0.012543115595285,14.0
0.0,0.0329701203751894,15.0
0.0,0.0186431814658642,13.0
0.0,0.0012441005839981,12.0
0.0,0.0,13.0
0.0,0.0,15.0
0.0,0.0,11.0
0.0,0.0,14.0
0.0,0.0,13.0
0.0,0.0,13.0
0.0,0.0,14.0
0.0,0.0,15.0
0.0,0.0,14.0
0.0,0.0,12.0
0.0,0.0,13.0
0.0,0.0,13.0
0.0,0.0,10.0
0.0,0.0,13.0
0.0,0.0,15.0
9522.0,0.0194918678484887,14.0
6124.0,0.0378098732965235,14.0
25445.0,0.0360768672179886,15.0
48886.0,0.0114205216950206,13.0
53489.0,1.55436642251712e-05,14.0
20448.0,0.0116191354042585,12.0
8628.0,0.0132958332602311,12.0
16776.0,0.0374773099652869,15.0
8270.0,0.0341676644127304,15.0
10108.0,0.0232644841740822,14.0
9661.0,0.0393423209900199,13.0
5518.0,0.0124655014478046,14.0
260.0,0.0210402150715095,12.0
16461.0,0.0293356073263027,8.0
32210.0,0.0276045171296235,7.0
12665.0,0.0361199429694242,10.0
19900.0,0.0237832856299224,12.0
15594.0,0.0462065113057275,14.0
37560.0,0.0370903970136485,14.0
12598.0,0.0265411923521671,15.0
28806.0,0.0382980420964719,11.0
16835.0,0.0464521496825144,13.0
15170.0,0.0384019727658895,11.0
32583.0,0.0314694478979121,10.0
35234.0,0.0320921809520936,10.0
33498.0,0.0535787931864616,8.0
45318.0,0.0313031659199968,11.0
34891.0,0.0337529137370713,8.0
27780.0,0.0161487197178809,15.0
42030.0,0.0267163064915087,13.0
62306.0,0.0224694826538399,14.0
55465.0,0.0325493125376217,12.0
32911.0,0.0109282463034061,13.0
61075.0,0.0338524016607301,10.0
39631.0,0.0194191159546664,8.0
11696.0,0.0241111109970744,10.0
24437.0,0.0118539464390186,14.0
14143.0,0.0177421074886912,7.0
17271.0,0.0,10.0
32852.0,0.0360361746332621,6.0
24339.0,0.0285906774723808,6.0
8549.0,0.0139073809416148,11.0
11719.0,0.0361832056242029,8.0
1062.0,0.0201526970574736,8.0
17375.0,0.033530289814229,7.0
7799.0,0.0044440358071944,8.0
15802.0,0.019265608395974,10.0
0.0,0.0346534917836121,10.0
0.0,0.0385543254777913,3.0
13290.0,0.0286946967682775,7.0
25150.0,0.0305087537947903,7.0
11398.0,0.0292060330607246,10.0
10913.0,0.0436038642021306,6.0
24816.0,0.0363873414565456,5.0
12296.0,0.0098157677932169,4.0
3963.0,0.0218716782523271,4.0
24349.0,0.0229465753814414,6.0
12295.0,0.0353749432238818,6.0
15206.0,0.0332067319073956,7.0
7661.0,0.0195136816829563,10.0
9579.0,0.0215866476814962,11.0
0.0,0.0170101746723594,11.0
14972.0,0.0502374953926905,13.0
6663.0,0.026509020887188,11.0
0.0,0.0247495705475619,10.0
956.0,0.0411241051275493,12.0
15965.0,0.0271831621939916,4.0
16045.0,0.0421571626036097,13.0
31435.0,0.0407916434542188,6.0
28426.0,0.0232723955663931,8.0
15207.0,0.0297329572635791,9.0
3693.0,0.0185195804057176,5.0
22122.0,0.0401300343626449,6.0
13381.0,0.027561120466959,5.0
14855.0,0.0443871573629636,1.0
15970.0,0.0253976527668104,8.0
5579.0,0.0269955840412583,4.0
16497.0,0.0245015987740733,9.0
5398.0,0.0234207078158279,11.0
0.0,0.0026283078259178,10.0
4022.0,0.0121558335561511,7.0
0.0,0.0248665529757322,6.0
0.0,0.0242804620201374,5.0
2766.0,0.0343721414679636,2.0
0.0,0.0211446659244362,9.0
9248.0,0.028630043312453,6.0
0.0,0.0146627128762214,9.0
2332.0,0.0208420855630238,9.0
0.0,0.024400963478021,2.0
0.0,0.0248895895282899,5.0
0.0,0.0191052599458044,8.0
0.0,0.0121713580668004,5.0
0.0,0.0140059674408301,12.0
0.0,0.0190281275001577,7.0
0.0,0.0134280627887753,7.0
0.0,0.0267974698311321,8.0
0.0,0.0,9.0
0.0,0.0,6.0
0.0,0.0,7.0
0.0,0.0,10.0
0.0,0.0,9.0
0.0,0.0,9.0
0.0,0.0,8.0
0.0,0.0,11.0
0.0,0.0,9.0
0.0,0.0,15.0
0.0,0.0,7.0
0.0,0.0,7.0
0.0,0.0,8.0
0.0,0.0,6.0
0.0,0.0,4.0
0.0,0.0,6.0
0.0,0.0,6.0
0.0,0.0,2.0
0.0,0.0,7.0
0.0,0.0,5.0
0.0,0.0,5.0
0.0,0.0,7.0
0.0,0.0,10.0
0.0,0.0,9.0
0.0,0.0,11.0
0.0,0.0,8.0
0.0,0.0044311415539242,10.0
0.0,0.0149388634922847,2.0
0.0,0.013953589110452,2.0
0.0,0.0157107180070804,5.0
0.0,0.0319986763497247,6.0
0.0,0.0149984382032806,7.0
0.0,0.0050970642474004,8.0
0.0,0.0211974433342796,8.0
0.0,0.0117031154982783,13.0
0.0,0.0170562122020973,15.0
0.0,0.0338622405825282,14.0
0.0,0.0,14.0
0.0,0.02514545522977,10.0
0.0,0.0319160124858532,12.0
0.0,0.0183254830576794,12.0
0.0,0.024047152407692,13.0
0.0,0.0394034596496014,11.0
0.0,0.0175032097725006,14.0
0.0,0.0233293649011009,12.0
0.0,0.0,15.0
0.0,0.0173361873529022,13.0
0.0,0.0262184269937415,12.0
0.0,0.0160482985405468,13.0
0.0,0.0141107435768159,14.0
0.0,0.011228589036333,13.0
0.0,0.0,10.0
0.0,0.0,9.0
0.0,0.0,11.0
0.0,0.0,12.0
0.0,0.0,13.0
0.0,0.0,14.0
0.0,0.0,11.0
0.0,0.0,14.0
0.0,0.0,15.0
0.0,0.0,10.0
0.0,0.0,15.0
0.0,0.0,12.0
0.0,0.0,14.0
0.0,0.0,15.0
0.0,0.0,13.0
11680.0,0.0049245502345464,11.0
8968.0,0.025788774826837,15.0
30132.0,0.0340540704557404,15.0
35510.0,0.0271637485983363,13.0
53973.0,0.0353450073870315,11.0
37022.0,0.0335510109491336,10.0
16070.0,0.0455990410406008,13.0
13257.0,0.0061897925307803,8.0
13458.0,0.0400694668448774,12.0
6761.0,0.0288114522992241,14.0
18402.0,0.0504643759752807,11.0
16182.0,0.0476594185130831,13.0
5081.0,0.0266603638888363,15.0
12091.0,0.0388169898315321,8.0
30301.0,0.0508899586085758,10.0
20546.0,0.0407901263705485,13.0
20782.0,0.0285810037395205,13.0
10018.0,0.0159233854141301,10.0
20911.0,0.0251502208052606,15.0
14719.0,0.0266930405060621,14.0
28777.0,0.0246499071410458,13.0
36839.0,0.0102600594601569,11.0
16319.0,0.0264191026600923,15.0
23829.0,0.0295169098702957,14.0
35211.0,0.0480735666291797,10.0
36532.0,0.0249856884909969,12.0
40632.0,0.0308207600143333,12.0
34699.0,0.0183193891118754,11.0
30998.0,0.0411022218444927,15.0
25242.0,0.0194902386210477,14.0
47917.0,0.0337575011403754,9.0
48252.0,0.0164445716399513,11.0
44121.0,0.029260546484205,13.0
41373.0,0.0174765782280564,9.0
37929.0,0.0300112806711576,6.0
12729.0,0.0219762049070801,8.0
14065.0,0.0266344358659828,8.0
13933.0,0.0162000971081839,1.0
22782.0,0.005711356285455,13.0
31812.0,0.0166665996197365,8.0
20947.0,0.0280392323439918,9.0
14498.0,0.0254205504534315,8.0
12375.0,0.0122470105233706,7.0
0.0,0.0361637337270367,6.0
3922.0,0.0374305357295895,4.0
13792.0,0.0333441355486198,9.0
16661.0,0.0297348894906789,10.0
22075.0,0.0346300440593037,7.0
11523.0,0.0244306432597208,5.0
18046.0,0.0067857124549362,3.0
18794.0,0.0250922469602715,8.0
11755.0,0.0142166893620436,7.0
26839.0,0.0260440129808989,7.0
14197.0,0.0334896046313318,4.0
15846.0,0.0231581645618525,9.0
355.0,0.0256276534407964,5.0
19057.0,0.0215268997595655,5.0
9788.0,0.032323111386184,7.0
14657.0,0.0209231992252031,11.0
8260.0,0.0244362769202918,8.0
22040.0,0.0239161114257934,9.0
12796.0,0.0400588377081099,8.0
25028.0,0.0301185782960993,10.0
23539.0,0.0399592184751711,9.0
10077.0,0.0359650018311171,10.0
9526.0,0.0196246170773983,13.0
29405.0,0.040971537997057,5.0
21213.0,0.042941518148063,15.0
22678.0,0.0202795277163801,9.0
31370.0,0.021558308907629,9.0
13372.0,0.034530521329186,8.0
2174.0,0.0423498592120911,7.0
20960.0,0.0334805932855912,9.0
19384.0,0.035755045344042,9.0
31717.0,0.0289421763177947,4.0
12245.0,0.0157993398561478,9.0
14752.0,0.028698485503433,5.0
12904.0,0.0180516320575311,13.0
0.0,0.0258821108668475,12.0
150.0,0.0267555676643379,7.0
9212.0,0.0222057384017117,9.0
0.0,0.0304127725073701,9.0
929.0,0.0282952099333247,10.0
0.0,0.0247055363321263,6.0
5262.0,0.0445978836339592,4.0
661.0,0.0050660890006064,10.0
0.0,0.0380990612290007,7.0
0.0,0.0078251705345023,0.0
1680.0,0.0126262779219796,10.0
0.0,0.0047826832600992,5.0
0.0,0.0115862219102718,7.0
0.0,0.021385612806657,6.0
0.0,0.0279386344958881,7.0
0.0,0.0317480475159866,10.0
0.0,0.0300684129541417,7.0
0.0,0.0075224516284591,11.0
0.0,0.0,11.0
0.0,0.0,10.0
0.0,0.0,10.0
0.0,0.0,14.0
0.0,0.0,10.0
0.0,0.0,6.0
0.0,0.0,8.0
0.0,0.0,8.0
0.0,0.0,5.0
0.0,0.0,11.0
0.0,0.0,3.0
0.0,0.0,4.0
0.0,0.0,7.0
0.0,0.0,6.0
0.0,0.0,2.0
0.0,0.0,5.0
0.0,0.0,7.0
0.0,0.0,6.0
0.0,0.0,7.0
0.0,0.0,6.0
0.0,0.0,3.0
0.0,0.0,10.0
0.0,0.0,10.0
0.0,0.0,13.0
0.0,0.0,11.0
0.0,0.0,10.0
0.0,0.0101337691973785,9.0
0.0,0.0247369406569233,6.0
0.0,0.0146237740605427,6.0
0.0,0.0158159406817407,13.0
0.0,0.0051292180593233,6.0
0.0,0.0,4.0
0.0,0.0148065237611604,8.0
0.0,0.0128429657827544,7.0
0.0,0.0180128793158572,9.0
0.0,0.0245101484206662,12.0
0.0,0.0147011224859535,14.0
0.0,0.0248928683294526,14.0
0.0,0.0239956580720022,12.0
0.0,0.0107361588997431,10.0
0.0,0.0258448438444879,15.0
0.0,0.003529826442948,10.0
0.0,0.0249829710343746,9.0
0.0,0.0007478635068437,15.0
0.0,0.0126574027288352,15.0
0.0,0.0083801192971962,13.0
0.0,0.0142183527608444,12.0
0.0,0.004509309000174,9.0
0.0,0.0154049916230989,14.0
0.0,0.0258542772878189,10.0
0.0,0.033640094083732,13.0
0.0,0.0,11.0
0.0,0.0,14.0
0.0,0.0,12.0
0.0,0.0,15.0
0.0,0.0,11.0
0.0,0.0,14.0
0.0,0.0,13.0
0.0,0.0,13.0
0.0,0.0,14.0
0.0,0.0,12.0
0.0,0.0,13.0
0.0,0.0,9.0
0.0,0.0,12.0
0.0,0.0,14.0
0.0,0.0,15.0
12130.0,0.0300649842365496,14.0
9096.0,0.0052466397446616,11.0
28439.0,0.0185876604544456,12.0
43910.0,0.0208035940991109,14.0
48685.0,0.0048552372271079,12.0
20714.0,0.0368666475401733,14.0
18615.0,0.0311953946553173,11.0
18088.0,0.0535415636748938,15.0
6398.0,0.0202683300243613,14.0
15030.0,0.0293622917431543,13.0
0.0,0.0374721429642513,12.0
11754.0,0.0460732769815584,15.0
11930.0,0.0199719467795416,14.0
8292.0,0.0364235667149942,5.0
10016.0,0.035545487676493,6.0
14612.0,0.0247142788425235,13.0
12570.0,0.0167252320676257,10.0
3979.0,0.0292183696632249,12.0
21201.0,0.0153132467841116,14.0
32530.0,0.0235823928417979,15.0
35763.0,0.0195960820735183,10.0
35170.0,0.0236713889313994,9.0
14846.0,0.0354447755152055,10.0
23472.0,0.0289893769890823,14.0
19954.0,0.0391406200866919,9.0
23013.0,0.039226254498231,10.0
37266.0,0.0331366737541207,12.0
30548.0,0.0294343188611874,10.0
25166.0,0.0068985417534028,15.0
23846.0,0.0460109550107626,11.0
56243.0,0.0151188046949582,9.0
49505.0,0.0461755989303462,12.0
42396.0,0.0271933084940491,15.0
55921.0,0.0083206855156832,13.0
33815.0,0.0344572760625357,8.0
24508.0,0.019453091444005,11.0
11782.0,0.0337742321691167,9.0
5406.0,0.0387531484145711,5.0
15774.0,0.0100252096463988,8.0
37567.0,0.020730959099059,7.0
15139.0,0.0171805632762588,11.0
0.0,0.0085433169787477,6.0
14827.0,0.0405587470642313,8.0
15243.0,0.0332671895595098,8.0
15542.0,0.0096125529985822,1.0
19931.0,0.0258524100729312,9.0
4370.0,0.0217794912430374,6.0
9885.0,0.0146778835861085,8.0
8331.0,0.0071445210319983,4.0
14771.0,0.0355473730244773,8.0
29943.0,0.0043356319586134,8.0
20356.0,0.0287431229183954,10.0
16335.0,0.046521008741481,9.0
29432.0,0.0146554277592059,4.0
17895.0,0.0302041707961893,9.0
6522.0,0.0285535383521859,9.0
26676.0,0.0354919968576626,7.0
17158.0,0.0152254486606502,9.0
18496.0,0.0180558237433129,9.0
13916.0,0.0341880066817944,10.0
17070.0,0.0272523562369483,10.0
17486.0,0.0173500330077124,10.0
8522.0,0.0340232659101658,10.0
12126.0,0.0161081589331296,13.0
5948.0,0.0241456987808258,13.0
5143.0,0.0306308039614233,11.0
29165.0,0.0309732868100436,10.0
31843.0,0.0350573437789877,11.0
29336.0,0.0357449757676951,7.0
20758.0,0.0167242735640626,6.0
13821.0,0.0204888526336619,7.0
5520.0,0.0314638866330383,6.0
20002.0,0.0376013866801369,7.0
5731.0,0.0354472919948798,9.0
22316.0,0.0217658634182859,6.0
14526.0,0.0190691533996741,9.0
14216.0,0.0163403221238145,4.0
2943.0,0.0364462702160932,7.0
4060.0,0.027078484661724,8.0
380.0,0.022022350959031,10.0
0.0,0.0195937675732219,7.0
7095.0,0.016563008485995,10.0
0.0,0.0255114425450708,9.0
3645.0,0.0191270378336044,6.0
0.0,0.0099821192542033,8.0
1446.0,0.0137097058633011,10.0
10075.0,0.0037159217770598,6.0
0.0,0.0206204649892481,6.0
8302.0,0.0205734913889922,5.0
0.0,0.0192446248290153,4.0
0.0,0.0226929014034706,7.0
0.0,0.0282884540996532,5.0
0.0,0.0024908222743162,7.0
0.0,0.0177088708176104,6.0
0.0,0.0137620126513806,7.0
0.0,0.0239760089309149,10.0
0.0,0.0,8.0
0.0,0.0,8.0
0.0,0.0,5.0
0.0,0.0,8.0
0.0,0.0,9.0
0.0,0.0,7.0
0.0,0.0,5.0
0.0,0.0,9.0
0.0,0.0,7.0
0.0,0.0,11.0
0.0,0.0,7.0
0.0,0.0,4.0
0.0,0.0,12.0
0.0,0.0,8.0
0.0,0.0,1.0
0.0,0.0,6.0
0.0,0.0,5.0
0.0,0.0,4.0
0.0,0.0,2.0
0.0,0.0,4.0
0.0,0.0,3.0
0.0,0.0,6.0
0.0,0.0,13.0
0.0,0.0,14.0
0.0,0.0,10.0
0.0,0.0,14.0
0.0,0.0031632276597592,11.0
0.0,0.045514278064331,4.0
0.0,0.019477005405189,5.0
0.0,0.0,10.0
0.0,0.0158142946467057,8.0
0.0,0.0205448332470712,4.0
0.0,0.0,5.0
0.0,0.0268619069173487,6.0
0.0,0.0253616512077674,10.0
0.0,0.0273871746818097,15.0
0.0,0.0329536617693825,15.0
0.0,0.0222079877158774,12.0
0.0,0.0299143404317463,12.0
0.0,0.034621363670843,14.0
0.0,0.0273202813177997,13.0
0.0,0.0166638709672903,15.0
0.0,0.0023569461591562,13.0
0.0,0.0059946740587821,10.0
0.0,0.0308968186522779,11.0
0.0,0.0237971702410356,14.0
0.0,0.0199910628481909,15.0
0.0,0.0211464127195737,13.0
0.0,0.0411919754896217,9.0
0.0,0.0294040652081085,10.0
0.0,0.0246696509145605,14.0
0.0,0.0,10.0
0.0,0.0,11.0
0.0,0.0,12.0
0.0,0.0,12.0
0.0,0.0,13.0
0.0,0.0,12.0
0.0,0.0,13.0
0.0,0.0,13.0
0.0,0.0,10.0
0.0,0.0,12.0
0.0,0.0,12.0
0.0,0.0,15.0
0.0,0.0,13.0
0.0,0.0,13.0
0.0,0.0,13.0
13405.0,0.0389240207226392,14.0
3735.0,0.026202170725616,11.0
22598.0,0.0342631105967312,14.0
40979.0,0.0227406911887699,12.0
47877.0,0.0325586543665339,12.0
19316.0,0.0166843232536997,9.0
5749.0,0.0237348206197524,14.0
8090.0,0.0311415681671874,13.0
9208.0,0.0292375612587665,15.0
0.0,0.0119167485121197,13.0
1326.0,0.0550704114173189,13.0
21304.0,0.0113857661979941,13.0
3896.0,0.0475138262907904,10.0
18013.0,0.0351379132830673,11.0
20480.0,0.0464470505368162,12.0
17704.0,0.0258105315088353,9.0
20005.0,0.0171480162890652,11.0
6068.0,0.0542682982138192,11.0
29376.0,0.0310424705692033,12.0
18462.0,0.0236729375753862,13.0
34054.0,0.0262626546807689,15.0
28276.0,0.0215252128783488,13.0
21069.0,0.0155630162145294,12.0
28998.0,0.012118565009562,13.0
18577.0,0.025978677045827,12.0
25185.0,0.0315520592375831,10.0
40326.0,0.0239923661174765,13.0
40093.0,0.0229284209413543,8.0
18099.0,0.0147096406444829,13.0
25869.0,0.0329853049915109,10.0
64291.0,0.0035794815700229,10.0
47435.0,0.0223723658537047,12.0
38205.0,0.0105436753784377,14.0
42555.0,0.0184270970070414,11.0
42944.0,0.0063490366778016,7.0
5721.0,0.0349231576861181,9.0
23420.0,0.0235474380526284,11.0
0.0,0.0404742384809394,5.0
22198.0,0.0211785100832126,11.0
35976.0,0.0457101958218985,7.0
23812.0,0.0194492595153488,10.0
2613.0,0.0473835213209682,7.0
11981.0,0.0220046951276806,11.0
13181.0,0.0308829128398573,7.0
11534.0,0.0,7.0
15996.0,0.0313653586834606,11.0
6316.0,0.0120252949747598,7.0
9530.0,0.0265630269859152,10.0
21116.0,0.024143343944761,2.0
19773.0,0.0307226274793163,7.0
19627.0,0.0168981345770246,6.0
11984.0,0.0007861896972633,12.0
28853.0,0.0388920165691168,8.0
19249.0,0.0297369148653331,9.0
6355.0,0.0497798173462613,5.0
13039.0,0.0163322557282414,5.0
30651.0,0.023141254768328,3.0
4762.0,0.0544812489447915,8.0
9445.0,0.0112689789078633,7.0
4778.0,0.0297313358960184,6.0
13395.0,0.0275398848289638,7.0
19181.0,0.0216372181212392,9.0
15999.0,0.0118599360761075,8.0
12973.0,0.0278376193393256,9.0
9841.0,0.0196722729098325,13.0
12710.0,0.0299832694059481,15.0
30230.0,0.0355554013086877,7.0
24115.0,0.0362302399752252,14.0
33515.0,0.0255317421513794,9.0
28809.0,0.022841043087857,9.0
19934.0,0.0050703019319485,8.0
16724.0,0.0412911909950884,5.0
7325.0,0.0319658089988392,7.0
21727.0,0.0272993668562884,4.0
24403.0,0.0153261286191794,3.0
2522.0,0.0352824181465807,9.0
9997.0,0.0221909973131864,4.0
10669.0,0.0238581356346426,9.0
39.0,0.0248094790807011,8.0
2860.0,0.0224874058490081,8.0
4335.0,0.03082704824527,5.0
0.0,0.0039107869256204,9.0
11130.0,0.0230430740872495,7.0
2361.0,0.0216497758185976,5.0
0.0,0.0318635138452264,11.0
8594.0,0.0209833196359441,8.0
2881.0,0.0307886218261538,6.0
3411.0,0.0,11.0
6420.0,0.0177029764528869,6.0
0.0,0.0099097960826991,6.0
0.0,0.0416569072010456,2.0
0.0,0.0210541155344172,4.0
0.0,0.0119921035272518,10.0
0.0,0.0243608066726864,9.0
0.0,0.0199095007931774,7.0
0.0,0.0313547416202055,7.0
0.0,0.0,9.0
0.0,0.0,11.0
0.0,0.0,9.0
0.0,0.0,11.0
0.0,0.0,11.0
0.0,0.0,7.0
0.0,0.0,5.0
0.0,0.0,10.0
0.0,0.0,7.0
0.0,0.0,15.0
0.0,0.0,8.0
0.0,0.0,7.0
0.0,0.0,11.0
0.0,0.0,5.0
0.0,0.0,7.0
0.0,0.0,4.0
0.0,0.0,4.0
0.0,0.0,5.0
0.0,0.0,6.0
0.0,0.0,6.0
0.0,0.0,4.0
0.0,0.0,9.0
0.0,0.0,11.0
0.0,0.0,12.0
0.0,0.0,15.0
0.0,0.0,10.0
0.0,0.0322146274983922,11.0
0.0,0.0093881295225018,6.0
0.0,0.0332165036748504,6.0
0.0,0.0050564969276011,9.0
0.0,0.0116885689806002,8.0
0.0,0.0,4.0
0.0,0.0138999111695189,4.0
0.0,0.0,4.0
0.0,0.0270877866727028,13.0
0.0,0.0238003073970339,14.0
0.0,0.0138719018866222,15.0
0.0,0.017745437775613,15.0
0.0,0.0052386434548998,12.0
0.0,0.0061012809331415,14.0
0.0,0.0256939325201514,12.0
0.0,0.025576660353917,15.0
0.0,0.0027921342064988,13.0
0.0,0.0175832819926252,14.0
0.0,0.030971908397329,15.0
0.0,0.0120541495637754,12.0
0.0,0.0,9.0
0.0,0.0,14.0
0.0,0.0044607617461065,10.0
0.0,0.0252216301759746,12.0
0.0,0.0190508108142831,15.0
0.0,0.0,15.0
0.0,0.0,12.0
0.0,0.0,11.0
0.0,0.0,9.0
0.0,0.0,12.0
0.0,0.0,11.0
0.0,0.0,15.0
0.0,0.0,10.0
0.0,0.0,13.0
0.0,0.0,13.0
0.0,0.0,15.0
0.0,0.0,14.0
0.0,0.0,11.0
0.0,0.0,11.0
0.0,0.0,11.0
15339.0,0.0199772434824755,14.0
11204.0,0.0198579323619712,12.0
33118.0,0.035119759374505,13.0
22355.0,0.0162339970632629,12.0
53937.0,0.0283529333843631,15.0
43636.0,0.0213655727616353,9.0
9240.0,0.0097279304838218,15.0
12245.0,0.0226359097352212,13.0
10002.0,0.0384505353549659,13.0
7354.0,0.0297395202281442,12.0
4670.0,0.0449593811419858,15.0
11276.0,0.0397836765590081,12.0
15766.0,0.0156210845260419,15.0
21818.0,0.0390264304558855,7.0
21831.0,0.0402782850895871,7.0
14985.0,0.0097510705791781,10.0
17173.0,0.0432258453817534,12.0
15236.0,0.0238950181081736,12.0
25623.0,0.0230093264780582,11.0
29038.0,0.0327030750894963,14.0
24866.0,0.0595501797819756,14.0
33047.0,0.0382985919094895,15.0
16530.0,0.0495612621955213,11.0
19197.0,0.0049435740495386,15.0
22754.0,0.0440893624194501,12.0
34238.0,0.02784744764784,9.0
46123.0,0.0232276741504604,10.0
24944.0,0.0304776621893732,10.0
30354.0,0.0314515470822839,10.0
22421.0,0.0435121107818974,12.0
51078.0,0.0180407956427298,13.0
48425.0,0.0242982678596469,12.0
52503.0,0.0202209450992633,11.0
42890.0,0.0356454296469537,11.0
43522.0,0.0285053990337359,10.0
23807.0,0.0292683634013698,9.0
12896.0,0.0188701545948769,10.0
0.0,0.0307754600975185,6.0
11811.0,0.0406258268966876,11.0
37859.0,0.0251417391189117,11.0
22498.0,0.0157441375575907,7.0
0.0,0.031427908798572,9.0
14096.0,0.0241382220194224,10.0
1917.0,0.0241865357596953,11.0
13875.0,0.0,2.0
14151.0,0.02715322921366,5.0
11609.0,0.0136005859465688,7.0
4276.0,0.0148530580831406,8.0
16954.0,0.029565250709044,0.0
25470.0,0.0038985617196429,3.0
15082.0,0.0042754895849585,8.0
1655.0,0.0236107646454315,10.0
29155.0,0.0523746006230006,6.0
14279.0,0.0168755223509326,6.0
15116.0,0.0213704599406023,8.0
7551.0,0.0257562739475428,10.0
26312.0,0.0233178670393745,6.0
17338.0,0.0381773840586861,8.0
15296.0,0.0403726276093989,11.0
20564.0,0.0525096949041812,8.0
14619.0,0.0144851409453206,9.0
9345.0,0.0287164933337758,8.0
13617.0,0.0188982358328324,12.0
7731.0,0.0118871113594926,11.0
1207.0,0.0365507876437609,10.0
6185.0,0.013235187110753,15.0
27717.0,0.0287733837548052,6.0
29615.0,0.005482839807612,13.0
32208.0,0.0393261070653095,6.0
34560.0,0.0187430491502347,5.0
12167.0,0.0274031710103111,6.0
16521.0,0.0191269863872001,6.0
24532.0,0.0417768284765689,11.0
16696.0,0.0275461068965172,5.0
20487.0,0.0332826051843972,6.0
17082.0,0.0244332170285298,7.0
7902.0,0.0353635243274618,8.0
0.0,0.0090931576709857,9.0
9948.0,0.0196324032036726,11.0
6835.0,0.0235864363282904,9.0
3523.0,0.0,10.0
4865.0,0.0231421471475445,6.0
0.0,0.0168707620538212,5.0
0.0,0.0414810626268641,8.0
3863.0,0.0316314176474847,5.0
1124.0,0.0,10.0
1261.0,0.0486759208364295,8.0
0.0,0.0164319643575166,7.0
4458.0,0.0362982105854741,4.0
0.0,0.0354966436599017,8.0
0.0,0.0090360029282223,7.0
0.0,0.0056965243866135,6.0
0.0,0.0236391878038495,7.0
0.0,0.0209088279387764,10.0
0.0,0.0247280753585102,8.0
0.0,0.0176942357087021,6.0
0.0,0.0,8.0
0.0,0.0,11.0
0.0,0.0,13.0
0.0,0.0,10.0
0.0,0.0,7.0
0.0,0.0,10.0
0.0,0.0,3.0
0.0,0.0,8.0
0.0,0.0,8.0
0.0,0.0,13.0
0.0,0.0,8.0
0.0,0.0,6.0
0.0,0.0,6.0
0.0,0.0,8.0
0.0,0.0,5.0
0.0,0.0,6.0
0.0,0.0,6.0
0.0,0.0,1.0
0.0,0.0,1.0
0.0,0.0,5.0
0.0,0.0,8.0
0.0,0.0,5.0
0.0,0.0,7.0
0.0,0.0,9.0
0.0,0.0,9.0
0.0,0.0,14.0
0.0,0.0132826484325936,15.0
0.0,0.012895419832739,5.0
0.0,0.021312969264016,3.0
0.0,0.0,9.0
0.0,0.0309101997558863,11.0
0.0,0.0261052411713698,6.0
0.0,0.0069824998584143,5.0
0.0,0.0349207581513086,5.0
0.0,0.0161443204754528,14.0
0.0,0.0464915064940002,15.0
0.0,0.0366963847289116,11.0
0.0,0.0192033462615519,12.0
0.0,0.0067979857724503,12.0
0.0,0.0,14.0
0.0,0.0134001200623932,13.0
0.0,0.010894079709272,15.0
0.0,0.0295226096888797,14.0
0.0,0.0109187571914272,12.0
0.0,0.0171722827604957,14.0
0.0,0.0066007925400666,12.0
0.0,0.0214876858241131,11.0
0.0,0.0053397964636639,13.0
0.0,0.0137333802556277,15.0
0.0,0.0162422605435315,12.0
0.0,0.0060169469423015,14.0
0.0,0.0,12.0
0.0,0.0,14.0
0.0,0.0,11.0
0.0,0.0,13.0
0.0,0.0,13.0
0.0,0.0,13.0
0.0,0.0,14.0
0.0,0.0,14.0
0.0,0.0,12.0
0.0,0.0,15.0
0.0,0.0,11.0
0.0,0.0,11.0
0.0,0.0,13.0
0.0,0.0,13.0
0.0,0.0,14.0
18710.0,0.0050087526999503,13.0
14074.0,0.0171266724045577,15.0
26522.0,0.0148019456825657,13.0
46867.0,0.0203580367429962,15.0
46035.0,0.0264749283228631,15.0
34917.0,0.0,15.0
4515.0,0.0344906787904955,14.0
8328.0,0.0363017156711392,10.0
14034.0,0.0325343367107357,15.0
13511.0,0.0492270748471132,12.0
8914.0,0.0155509282315592,15.0
10710.0,0.0123359053017089,13.0
11743.0,0.027074425288031,10.0
5672.0,0.0416025703083593,8.0
24271.0,0.0381647778063013,9.0
17698.0,0.0331247181123328,10.0
21570.0,0.03530730154598,11.0
0.0,0.0422923541800904,12.0
25854.0,0.0380319517364012,15.0
21733.0,0.0352778078666998,15.0
25713.0,0.0324343145177959,12.0
19546.0,0.0161970473870631,15.0
24775.0,0.0373949895156711,10.0
19133.0,0.0047054952888839,13.0
17969.0,0.025759370067569,9.0
25754.0,0.0197325640423824,12.0
33681.0,0.017844504980818,11.0
27415.0,0.0312590498943259,12.0
32997.0,0.0245014043287397,9.0
31442.0,0.0224494430792416,12.0
54418.0,0.0166541162338861,9.0
54463.0,0.0148851276500265,14.0
38302.0,0.0337873906953818,12.0
52170.0,0.012335647609184,6.0
50034.0,0.0208056167804761,9.0
11071.0,0.0153374406213116,8.0
16211.0,0.0118595637990526,7.0
2388.0,0.0346176329535876,6.0
28301.0,0.0252217122897119,9.0
34998.0,0.018974463039587,14.0
22268.0,0.0472051022649522,10.0
0.0,0.021262148617041,9.0
17194.0,0.0325302964851446,9.0
12106.0,0.0420005498348586,5.0
8100.0,0.033989901176713,6.0
15924.0,0.0245311916490056,8.0
11637.0,0.0342679922534955,11.0
6267.0,0.0422208949481487,8.0
6329.0,0.0384960567729212,3.0
31217.0,0.0282120618036832,9.0
22162.0,0.0484638560108819,8.0
6581.0,0.0121634830155496,8.0
23246.0,0.0386106418337847,4.0
15391.0,0.0044691576621306,4.0
9873.0,0.0300621462902046,4.0
16148.0,0.0306558990720926,9.0
24608.0,0.0,6.0
0.0,0.016136799278984,11.0
7811.0,0.0282356373242978,8.0
23073.0,0.0382638537112377,9.0
9253.0,0.0274243051667415,7.0
13331.0,0.0519020277298001,9.0
13705.0,0.0261640580904623,11.0
6963.0,0.0171135888129493,12.0
9747.0,0.0199352701603869,13.0
5365.0,0.0306568084108174,15.0
17335.0,0.048024140364478,5.0
20536.0,0.0444110116089208,11.0
29107.0,0.0332027123318114,9.0
24905.0,0.0382194814055982,8.0
9581.0,0.0408623954400078,9.0
0.0,0.0309324998058343,9.0
23596.0,0.0075018886743277,8.0
7973.0,0.0211557246340262,7.0
15461.0,0.020551892888821,5.0
14577.0,0.0386617164775301,8.0
10405.0,0.040857500578135,7.0
4777.0,0.0325008394486972,10.0
4657.0,0.0121679519388173,12.0
0.0,0.0326959786675391,10.0
11939.0,0.0276381682641987,9.0
0.0,0.0193474458455598,8.0
7887.0,0.0152987500276218,6.0
0.0,0.0167454754352328,9.0
7246.0,0.0126410507785376,8.0
0.0,0.0161930670429549,8.0
12631.0,0.008841890392381,8.0
5606.0,0.0115673162315514,4.0
4395.0,0.0077725084115768,6.0
0.0,0.0100864329743862,8.0
0.0,0.0240083165242089,3.0
0.0,0.0160979982693241,5.0
0.0,0.0254654062297723,12.0
0.0,0.012990747788346,3.0
0.0,0.0206125712889312,8.0
0.0,0.0199741482939001,5.0
0.0,0.0,5.0
0.0,0.0,7.0
0.0,0.0,8.0
0.0,0.0,7.0
0.0,0.0,10.0
0.0,0.0,7.0
0.0,0.0,4.0
0.0,0.0,10.0
0.0,0.0,5.0
0.0,0.0,11.0
0.0,0.0,5.0
0.0,0.0,6.0
0.0,0.0,12.0
0.0,0.0,12.0
0.0,0.0,7.0
0.0,0.0,7.0
0.0,0.0,4.0
0.0,0.0,4.0
0.0,0.0,6.0
0.0,0.0,4.0
0.0,0.0,7.0
0.0,0.0,8.0
0.0,0.0,8.0
0.0,0.0,10.0
0.0,0.0,10.0
0.0,0.0,11.0
0.0,0.0333955361375056,9.0
0.0,0.0262211944601111,8.0
0.0,0.0127324215475002,5.0
0.0,0.0077967426412817,10.0
0.0,0.0147623677574323,8.0
0.0,0.0231360738158594,2.0
0.0,0.0292331254943816,6.0
0.0,0.0166015941892554,6.0
0.0,0.0270546256994457,12.0
0.0,0.0161631880663469,7.0
0.0,0.0213722169175555,13.0
0.0,0.0048550820994344,15.0
0.0,0.0,15.0
0.0,0.0258460052291538,13.0
0.0,0.0275190589881241,15.0
0.0,0.0212164087492679,13.0
0.0,0.0061063702959351,12.0
0.0,0.0238126738347846,11.0
0.0,0.0231214285892255,13.0
0.0,0.0,15.0
0.0,0.0286006169706522,13.0
0.0,0.0049791998523694,9.0
0.0,0.02526939584969,11.0
0.0,0.0252454575201701,13.0
0.0,0.0065317002456867,11.0
0.0,0.0,13.0
0.0,0.0,14.0
0.0,0.0,9.0
0.0,0.0,11.0
0.0,0.0,12.0
0.0,0.0,11.0
0.0,0.0,12.0
0.0,0.0,13.0
0.0,0.0,14.0
0.0,0.0,15.0
0.0,0.0,14.0
0.0,0.0,15.0
0.0,0.0,15.0
0.0,0.0,12.0
0.0,0.0,14.0
13294.0,0.0189024451648536,13.0
10466.0,0.0362506467674198,14.0
33995.0,0.0218508664540358,10.0
45501.0,0.0096394154773857,11.0
63701.0,0.0299377019938416,12.0
33326.0,0.0187630250729674,12.0
9731.0,0.0301558699472107,13.0
0.0,0.0339526151860215,12.0
6543.0,0.0345247423827176,13.0
1162.0,0.0279051339036542,11.0
13495.0,0.0230121648715981,12.0
7048.0,0.0247940692560401,15.0
3644.0,0.0143318307564362,14.0
21575.0,0.0347735665766718,7.0
13548.0,0.0247426127567525,10.0
36211.0,0.0513517765788087,12.0
20958.0,0.0508489852466993,15.0
140.0,0.0280897805264092,13.0
28819.0,0.0515158104142189,11.0
9365.0,0.0232487600974784,12.0
33166.0,0.0232568581488684,12.0
27554.0,0.029167972920195,13.0
16680.0,0.0207960884598685,9.0
22542.0,0.0136644794258004,12.0
19105.0,0.0264557534623846,11.0
29007.0,0.0177497814741483,10.0
36525.0,0.0304796892986423,11.0
24438.0,0.0286725258742896,8.0
24895.0,0.0258991082426784,14.0
27612.0,0.0161893357893034,13.0
58552.0,0.0255759363378168,12.0
51019.0,0.0298162483278443,10.0
46704.0,0.028000140953595,14.0
49291.0,0.0162427556227141,6.0
43240.0,0.0338378438253019,9.0
8004.0,0.0323980596267482,8.0
1198.0,0.0071109811143243,8.0
8514.0,0.0342803539685675,5.0
29659.0,0.0379466978401757,10.0
36768.0,0.0184388760156769,8.0
25554.0,0.0274399399749615,5.0
11729.0,0.0271073311253311,9.0
10033.0,0.0295620132805861,8.0
3641.0,0.0366262022867968,12.0
7227.0,0.0316328398124361,7.0
23868.0,0.0187718368250668,7.0
13546.0,0.0159535729483075,8.0
6040.0,0.0245135595056211,8.0
16319.0,0.0146941554319514,2.0
21450.0,0.0209758805072466,5.0
24511.0,0.0318178483329442,8.0
17848.0,0.0021620176558928,7.0
22811.0,0.0110149325873047,11.0
11935.0,0.0072515180535373,8.0
13568.0,0.029447276623041,6.0
937.0,0.0393565288479516,7.0
11542.0,0.0452841221764923,7.0
13891.0,0.0355789474967961,8.0
7248.0,0.0016612982405631,8.0
9507.0,0.0197898895475628,10.0
7710.0,0.0116753080266043,9.0
12037.0,0.0060817731051618,11.0
11071.0,0.0172984461520226,9.0
7647.0,0.0096051422208665,8.0
6368.0,0.0516900310918501,12.0
7950.0,0.0348738790334261,15.0
11372.0,0.0165392712469366,6.0
17926.0,0.0187035642731747,12.0
29332.0,0.0142293945291083,12.0
30268.0,0.0381775900476932,8.0
10813.0,0.0163411314477216,6.0
7599.0,0.0262524518194011,8.0
10708.0,0.0102538277783142,5.0
20895.0,0.032115677907805,7.0
26078.0,0.0311573579672241,9.0
10848.0,0.0138042284956343,13.0
12087.0,0.0054234101508013,9.0
10148.0,0.0313795939431271,10.0
3537.0,0.0343852854735761,12.0
8951.0,0.0488482072980651,10.0
4376.0,0.0199290951632857,7.0
804.0,0.0328101355788774,6.0
8446.0,0.0174962802379923,5.0
6162.0,0.0189752913818603,6.0
0.0,0.0219280856917423,11.0
0.0,0.0144386516569303,9.0
9237.0,0.0176757972434588,8.0
0.0,0.0226588532987745,8.0
3872.0,0.0161384560007544,7.0
0.0,0.0230578984336285,5.0
0.0,0.031795477476317,7.0
0.0,0.0178436400601309,5.0
0.0,0.0230858270561745,5.0
0.0,0.0301119101483653,8.0
0.0,0.0201789454727358,10.0
0.0,0.0,9.0
0.0,0.0,10.0
0.0,0.0,9.0
0.0,0.0,11.0
0.0,0.0,4.0
0.0,0.0,8.0
0.0,0.0,8.0
0.0,0.0,5.0
0.0,0.0,7.0
0.0,0.0,4.0
0.0,0.0,15.0
0.0,0.0,5.0
0.0,0.0,12.0
0.0,0.0,8.0
0.0,0.0,8.0
0.0,0.0,5.0
0.0,0.0,5.0
0.0,0.0,3.0
0.0,0.0,1.0
0.0,0.0,6.0
0.0,0.0,3.0
0.0,0.0,6.0
0.0,0.0,8.0
0.0,0.0,14.0
0.0,0.0,6.0
0.0,0.0,12.0
0.0,0.0,12.0
0.0,0.0302424238210449,9.0
0.0,0.0133821585704498,7.0
0.0,0.0257507414038182,8.0
0.0,0.0087509814352736,7.0
0.0,0.0113526639216293,5.0
0.0,0.0304564663327827,7.0
0.0,0.0002758470925604,7.0
0.0,0.0125915723258885,6.0
0.0,0.0208201666132436,10.0
0.0,0.035801009423397,15.0
0.0,0.0015962205100097,9.0
0.0,0.0220427562271372,11.0
0.0,0.0155165629299711,13.0
0.0,0.0039238687192213,12.0
0.0,0.0162744796420697,9.0
0.0,0.0131620945918114,15.0
0.0,0.0259063173644537,15.0
0.0,0.0001755097363298,13.0
0.0,0.0195671289243772,15.0
0.0,0.0105596761384458,15.0
0.0,0.0305282054518344,15.0
0.0,0.0111354644574303,15.0
0.0,0.0266741188544669,12.0
0.0,0.0445096557167754,10.0
0.0,0.0123952847919683,11.0
0.0,0.0,10.0
0.0,0.0,14.0
0.0,0.0,15.0
0.0,0.0,15.0
0.0,0.0,11.0
0.0,0.0,13.0
0.0,0.0,13.0
0.0,0.0,14.0
0.0,0.0,9.0
0.0,0.0,13.0
0.0,0.0,15.0
0.0,0.0,12.0
0.0,0.0,10.0
0.0,0.0,15.0
0.0,0.0,12.0
8329.0,0.0250577567779615,14.0
2836.0,0.0400256601709464,9.0
35115.0,0.0216591140093784,14.0
46753.0,0.0246154569916002,14.0
55868.0,0.0145292972594235,13.0
31330.0,0.0171577235355585,13.0
12308.0,0.0225291230184304,14.0
19537.0,0.0564749535134629,11.0
4406.0,0.0262419389668054,11.0
4270.0,0.0371027129255003,15.0
13003.0,0.0131918752327196,10.0
55.0,0.0235227436743324,9.0
0.0,0.0159309969170708,14.0
13031.0,0.0517592091891573,9.0
14344.0,0.0409595600724123,12.0
19574.0,0.0409180732186791,11.0
15883.0,0.0405590608302242,12.0
2336.0,0.0388739972479977,11.0
36308.0,0.045485353534852,11.0
7843.0,0.0456587500945504,13.0
35032.0,0.0269650483705744,13.0
26205.0,0.0250277478200177,15.0
22789.0,0.0228370877171965,12.0
18630.0,0.027423032150501,10.0
24605.0,0.0307658002777348,9.0
25250.0,0.0470391028658319,9.0
42734.0,0.0183129839168893,12.0
34376.0,0.0045033622754165,9.0
24515.0,0.0257535155468193,14.0
24586.0,0.0239404649475895,13.0
59267.0,0.0218015524848967,10.0
46256.0,0.016993143568087,11.0
47743.0,0.023303494066462,9.0
47956.0,0.0253702239016681,6.0
42422.0,0.0171410235053135,9.0
16380.0,0.0329698609981378,9.0
18777.0,0.0195083926066325,7.0
8759.0,0.002096222858721,4.0
25620.0,0.0,11.0
37897.0,0.0013418553739312,6.0
16996.0,0.0220131315084129,6.0
12880.0,0.0283604676390107,11.0
15931.0,0.0260087597317375,9.0
2216.0,0.0174425845160256,8.0
13675.0,0.0150649027053949,5.0
9178.0,0.0273188729758089,8.0
8925.0,0.0186424737405306,8.0
14459.0,0.0204759787990836,3.0
3173.0,0.0351897124117961,1.0
19299.0,0.0235896120709989,4.0
30593.0,0.0163688225051732,7.0
22090.0,0.0241498352723454,10.0
11686.0,0.0186632202505032,7.0
8199.0,0.0342170035955075,8.0
19326.0,0.0235800459797352,6.0
13727.0,0.0161280282937179,0.0
21395.0,0.0256478326807876,5.0
17911.0,0.0052072855458735,11.0
10364.0,0.0302797669070934,13.0
20092.0,0.0262057013144255,9.0
20656.0,0.0307485220264694,9.0
12659.0,0.0342419890779309,12.0
14661.0,0.020239950812769,13.0
16175.0,0.0278739480239488,9.0
7291.0,0.0169979208189388,12.0
8794.0,0.0140947187134028,15.0
23233.0,0.0275617667682951,8.0
24103.0,0.039583054294969,12.0
34516.0,0.0237857639165233,8.0
27715.0,0.0397240315905497,8.0
4457.0,0.0152221924373716,6.0
11941.0,0.037686463416545,9.0
8535.0,0.0299107665621332,8.0
11528.0,0.0265277786820312,7.0
17601.0,0.0300710576277141,5.0
26211.0,0.0343162331316047,10.0
10677.0,0.0339538903921153,5.0
16425.0,0.0161759056640141,7.0
3967.0,0.031573570986442,11.0
3343.0,0.011789797641196,9.0
6191.0,0.0308527596409852,7.0
13075.0,0.0,6.0
0.0,0.0176228725966316,7.0
7539.0,0.0135195870093122,4.0
3311.0,0.0202733169851819,8.0
11249.0,0.0161157085344733,10.0
0.0,0.0239683397094719,7.0
6142.0,0.0205836707374496,11.0
0.0,0.0058727331446299,5.0
0.0,0.0143854322510641,5.0
0.0,0.0224817235327697,5.0
0.0,0.0248265404167936,5.0
0.0,0.0152198224715384,10.0
0.0,0.0239029093230652,7.0
0.0,0.0045876486666092,11.0
0.0,0.0150094219226191,8.0
0.0,0.0,7.0
0.0,0.0,8.0
0.0,0.0,8.0
0.0,0.0,9.0
0.0,0.0,11.0
0.0,0.0,10.0
0.0,0.0,8.0
0.0,0.0,9.0
0.0,0.0,5.0
0.0,0.0,13.0
0.0,0.0,6.0
0.0,0.0,6.0
0.0,0.0,8.0
0.0,0.0,6.0
0.0,0.0,6.0
0.0,0.0,7.0
0.0,0.0,8.0
0.0,0.0,7.0
0.0,0.0,4.0
0.0,0.0,7.0
0.0,0.0,3.0
0.0,0.0,6.0
0.0,0.0,9.0
0.0,0.0,8.0
0.0,0.0,15.0
0.0,0.0,8.0
0.0,0.0090880833591194,12.0
0.0,0.0284474392500911,5.0
0.0,0.0141268847810994,7.0
0.0,0.0248538792140718,11.0
0.0,0.022289818336224,6.0
0.0,0.0064969324614093,7.0
0.0,0.0075844412745378,7.0
0.0,0.0131088697962665,5.0
0.0,0.0332384625105852,11.0
0.0,0.0183380401903826,14.0
0.0,0.0187324308280759,15.0
0.0,0.0278902001826889,15.0
0.0,0.0078654289667656,13.0
0.0,0.0281686588098432,11.0
0.0,0.0112725195649308,14.0
0.0,0.024820693312252,11.0
0.0,0.025382092964947,14.0
0.0,0.0009699115034328,13.0
0.0,0.0088457370328016,12.0
0.0,0.0324900970073313,10.0
0.0,0.0057689233239349,12.0
0.0,0.0182025496833771,15.0
0.0,0.020241335710109,12.0
0.0,0.0232217896206957,13.0
0.0,0.018323378453491,10.0
0.0,0.0,15.0
0.0,0.0,11.0
0.0,0.0,14.0
0.0,0.0,14.0
0.0,0.0,13.0
0.0,0.0,15.0
0.0,0.0,11.0
0.0,0.0,10.0
0.0,0.0,12.0
0.0,0.0,12.0
0.0,0.0,14.0
0.0,0.0,13.0
0.0,0.0,15.0
0.0,0.0,12.0
0.0,0.0,15.0
17143.0,0.0205442360465562,14.0
0.0,0.0281742085824192,10.0
28344.0,0.0026258020858624,11.0
36762.0,0.0126879777296631,14.0
50966.0,0.0246374260432894,15.0
28409.0,0.0136657691206264,12.0
6956.0,0.0247220544537935,15.0
6201.0,0.0129219961689232,15.0
15900.0,0.0221992205339498,13.0
24748.0,0.0326624963345831,15.0
13210.0,0.0163283427342082,12.0
10545.0,0.0333775237070634,14.0
7311.0,0.0453364401897769,12.0
12080.0,0.0423076551926748,8.0
23608.0,0.025213283421642,10.0
19836.0,0.0329015818525176,8.0
22034.0,0.052243104854119,8.0
19331.0,0.0516068789718869,15.0
26669.0,0.0532189797134738,14.0
15773.0,0.0114542761555697,12.0
42099.0,0.0389782620234693,13.0
25736.0,0.0337949785722176,14.0
18521.0,0.031372550972275,9.0
25364.0,0.028009145526884,14.0
28396.0,0.025312871098384,7.0
32438.0,0.0138331482592718,9.0
41597.0,0.0207483025814149,11.0
30880.0,0.027744982589697,10.0
24101.0,0.0338473525491371,10.0
22310.0,0.0205693276234845,13.0
61076.0,0.026915592937363,11.0
57534.0,0.0201067516042778,12.0
36825.0,0.034766314878688,14.0
43254.0,0.0051686761163982,11.0
48834.0,0.0049344734290839,9.0
12622.0,0.0143990226382916,13.0
14153.0,0.0187632318249419,7.0
5816.0,0.013041586687183,5.0
21828.0,0.0061278964942164,10.0
25390.0,0.0193507136665252,10.0
23759.0,0.0214101645789939,6.0
7992.0,0.0109621313059434,9.0
8725.0,0.0377356215798006,4.0
4289.0,0.0372137229757153,8.0
8293.0,0.0404716374332319,7.0
25753.0,0.0515307470512681,11.0
9190.0,0.0338087806280399,5.0
20934.0,0.0306235172436183,7.0
15379.0,0.0313859561792399,4.0
26672.0,0.0369320712383288,4.0
9290.0,0.0262151222948601,5.0
6150.0,0.025535188919671,11.0
27098.0,0.0285004386438581,6.0
14253.0,0.0226341706119817,4.0
16521.0,0.0386554455181907,5.0
10020.0,0.0145457181045797,6.0
14093.0,0.0263982979067444,4.0
12825.0,0.0156810407912135,9.0
10426.0,0.043690242483121,5.0
14475.0,0.0043963987267677,5.0
26772.0,0.0182261900589938,8.0
12337.0,0.0201997829392426,14.0
802.0,0.0336159241944409,9.0
24339.0,0.01737216861256,12.0
8487.0,0.0184542693293981,11.0
17254.0,0.0174929565556937,15.0
24287.0,0.022114970898815,3.0
5443.0,0.034078178005974,11.0
26468.0,0.0380870244919781,4.0
26834.0,0.0146297688619296,6.0
8431.0,0.022519375415291,10.0
8745.0,0.0076557884913108,9.0
14568.0,0.0226724982825496,10.0
7695.0,0.0372849867713545,9.0
29735.0,0.0375826557972725,6.0
6506.0,0.0237563614501205,10.0
8942.0,0.0120005945327658,10.0
11880.0,0.0329552336708092,11.0
5212.0,0.0144412924657955,11.0
0.0,0.0196442166392498,12.0
7135.0,0.0215974377563101,10.0
0.0,0.002227955949365,8.0
0.0,0.00448093030598,3.0
2694.0,0.0179630456702052,5.0
858.0,0.0325010160634636,7.0
0.0,0.0253040543927242,6.0
4259.0,0.0165107033059651,9.0
11334.0,0.0123928098147283,3.0
0.0,0.009342297077725,8.0
0.0,0.0137468607885407,5.0
0.0,0.0144018123156093,4.0
0.0,0.0123596056412882,5.0
0.0,0.0054661120619842,6.0
0.0,0.0137707398822568,6.0
0.0,0.0381798091630102,7.0
0.0,0.0181323826739313,8.0
0.0,0.0,3.0
0.0,0.0,9.0
0.0,0.0,7.0
0.0,0.0,7.0
0.0,0.0,7.0
0.0,0.0,11.0
0.0,0.0,3.0
0.0,0.0,11.0
0.0,0.0,4.0
0.0,0.0,14.0
0.0,0.0,8.0
0.0,0.0,8.0
0.0,0.0,8.0
0.0,0.0,7.0
0.0,0.0,5.0
0.0,0.0,9.0
0.0,0.0,5.0
0.0,0.0,6.0
0.0,0.0,3.0
0.0,0.0,8.0
0.0,0.0,3.0
0.0,0.0,10.0
0.0,0.0,11.0
0.0,0.0,10.0
0.0,0.0,14.0
0.0,0.0,13.0
0.0,0.02257207936026,10.0
0.0,0.0,4.0
0.0,0.0118919074443129,5.0
0.0,0.0135533980165672,9.0
0.0,0.0193704348020105,12.0
0.0,0.0093966472104503,5.0
0.0,0.0089353688548375,9.0
0.0,0.0049409796041792,5.0
0.0,0.0010995754128777,11.0
0.0,0.0133162754625093,12.0
0.0,0.0139307133027027,10.0
0.0,0.009561707067944,14.0
0.0,0.02624400039388,15.0
0.0,0.0106335045536814,14.0
0.0,0.0089699838128318,11.0
0.0,0.0,15.0
0.0,0.0050859810479164,11.0
0.0,0.0243757105408805,11.0
0.0,0.0047994609123396,9.0
0.0,0.0277614596634766,15.0
0.0,0.0105246492099521,14.0
0.0,0.007352751782426,13.0
0.0,0.026852864305725,14.0
0.0,0.0,15.0
0.0,0.0200299257585648,11.0
0.0,0.0,11.0
0.0,0.0,13.0
0.0,0.0,10.0
0.0,0.0,11.0
0.0,0.0,12.0
0.0,0.0,15.0
0.0,0.0,14.0
0.0,0.0,15.0
0.0,0.0,14.0
0.0,0.0,15.0
0.0,0.0,14.0
0.0,0.0,15.0
0.0,0.0,14.0
0.0,0.0,11.0
0.0,0.0,11.0
10479.0,0.0132796353759961,14.0
8836.0,0.0,11.0
31392.0,0.0290182341542915,11.0
41348.0,0.0203815646435373,15.0
37147.0,0.0235934377834184,14.0
38309.0,0.0203751757166723,15.0
7560.0,0.0188160748141424,11.0
15967.0,0.0176009361767845,12.0
1927.0,0.0154827081756616,13.0
0.0,0.0190940041936356,14.0
14471.0,0.0314972796054014,13.0
9971.0,0.0313136121013493,14.0
2874.0,0.0189813042054143,12.0
14652.0,0.0344811964888099,11.0
7433.0,0.034821635709799,7.0
16968.0,0.0332922717922097,13.0
10075.0,0.0326763956647481,12.0
6988.0,0.0525248612561415,12.0
30204.0,0.0417390372501391,11.0
16203.0,0.0386164691554377,14.0
37066.0,0.0280901193530115,15.0
32128.0,0.005153155583972,11.0
9350.0,0.0226381207242809,11.0
27394.0,0.0176854782637464,14.0
34974.0,0.0522042827399556,10.0
23704.0,0.0106983771935594,9.0
38640.0,0.046039237360773,13.0
31662.0,0.0389887424509778,13.0
31767.0,0.0176676488173251,12.0
26146.0,0.0081157323785198,14.0
49491.0,0.0346725237882607,14.0
48492.0,0.0183750816546493,12.0
45286.0,0.045766919789057,12.0
52263.0,0.0115690984972542,9.0
41656.0,0.0244671543142747,7.0
10094.0,0.0186897153881423,6.0
15378.0,0.0121594032653243,9.0
7893.0,0.021394132502838,4.0
24426.0,0.0205418393707576,13.0
36706.0,0.0219332094705358,7.0
14323.0,0.021460214198487,14.0
17159.0,0.0263373289986185,7.0
22807.0,0.0278007454614916,5.0
15351.0,0.0075677687697755,7.0
16646.0,0.0425078786449724,3.0
7495.0,0.0352043001698937,8.0
18882.0,0.0337060933647181,9.0
11824.0,0.0279481504149737,9.0
14140.0,0.0316894976196842,1.0
13270.0,0.0358624880711512,7.0
26760.0,0.0228657022121419,8.0
7796.0,0.0127255905255064,11.0
21933.0,0.0151063513280417,9.0
6928.0,0.0291000284137332,5.0
15426.0,0.0195089830111211,7.0
0.0,0.0205725504484207,8.0
25279.0,0.0066353436538208,4.0
18642.0,0.0360400627301424,7.0
8036.0,0.0314596684130665,5.0
9417.0,0.0016383817519478,7.0
14435.0,0.0242450355578816,8.0
11632.0,0.0219718687264647,9.0
13766.0,0.0338433919840111,10.0
11516.0,0.0125125650844405,6.0
657.0,0.018115085236777,11.0
10265.0,0.0259462872481582,12.0
18652.0,0.0359690098071334,9.0
26649.0,0.0201624796238769,11.0
35673.0,0.0297874225145031,5.0
26978.0,0.0,5.0
21931.0,0.0251395384975202,10.0
11174.0,0.0177065891648899,7.0
15778.0,0.0239685641932566,3.0
9471.0,0.0299514484699541,8.0
17336.0,0.032740861383152,4.0
8236.0,0.0348107359133833,8.0
15536.0,0.0330354485012815,1.0
0.0,0.0402380397895571,8.0
6875.0,0.0073303439126341,12.0
0.0,0.0197213314228155,9.0
4759.0,0.0188889098992572,7.0
6455.0,0.0259900675071113,6.0
7100.0,0.0506418420880723,8.0
0.0,0.0159621771780611,7.0
10056.0,0.016242128533277,9.0
6452.0,0.0280364118304796,9.0
11571.0,0.0097853808384879,9.0
3939.0,0.0221732426777454,8.0
4132.0,0.0192599809678014,8.0
0.0,0.015042672204192,8.0
0.0,0.0166247384951478,8.0
0.0,0.0151774237714391,4.0
0.0,0.0284756528848535,8.0
0.0,0.0082487401236308,8.0
0.0,0.0065969327597242,9.0
0.0,0.0045071691553676,7.0
0.0,0.0,8.0
0.0,0.0,10.0
0.0,0.0,10.0
0.0,0.0,7.0
0.0,0.0,5.0
0.0,0.0,10.0
0.0,0.0,4.0
0.0,0.0,8.0
0.0,0.0,7.0
0.0,0.0,13.0
0.0,0.0,5.0
0.0,0.0,3.0
0.0,0.0,10.0
0.0,0.0,10.0
0.0,0.0,6.0
0.0,0.0,5.0
0.0,0.0,6.0
0.0,0.0,3.0
0.0,0.0,7.0
0.0,0.0,4.0
0.0,0.0,7.0
0.0,0.0,9.0
0.0,0.0,12.0
0.0,0.0,9.0
0.0,0.0,12.0
0.0,0.0,10.0
0.0,0.0066034750840484,10.0
0.0,0.031347523621301,5.0
0.0,0.0174394386998952,5.0
0.0,0.0486992512127817,12.0
0.0,0.0098045057392361,8.0
0.0,0.009846116029652,5.0
0.0,0.0135950745660876,7.0
0.0,0.0201873167458839,8.0
0.0,0.0197253493822237,11.0
0.0,0.0407073461348487,13.0
0.0,0.0289504049595928,15.0
0.0,0.0270845146454569,13.0
0.0,0.0057750006931123,12.0
0.0,0.0078649568850709,14.0
0.0,0.0053647731751739,12.0
0.0,0.0152824466789036,11.0
0.0,0.0234184229078575,14.0
0.0,0.0126338523824654,14.0
0.0,0.0020462663585717,11.0
0.0,0.0359238028737128,15.0
0.0,0.0051490052420514,14.0
0.0,0.0222081938846396,14.0
0.0,0.0054146305464217,10.0
0.0,0.0075806842406297,15.0
0.0,0.0228637151463221,12.0
0.0,0.0,14.0
0.0,0.0,13.0
0.0,0.0,15.0
0.0,0.0,10.0
0.0,0.0,14.0
0.0,0.0,13.0
0.0,0.0,13.0
0.0,0.0,15.0
0.0,0.0,12.0
0.0,0.0,12.0
0.0,0.0,13.0
0.0,0.0,15.0
0.0,0.0,12.0
0.0,0.0,12.0
0.0,0.0,12.0
13036.0,0.0211870145829829,13.0
6503.0,0.02511655854527,12.0
24126.0,0.0266318048030113,15.0
39737.0,0.0179058498268046,11.0
56106.0,0.0243992009461517,11.0
31139.0,0.0147223644868127,15.0
9164.0,0.0303491389894995,12.0
12113.0,0.0223489076134492,14.0
16863.0,0.0408701723706741,14.0
6460.0,0.053521160530541,10.0
14953.0,0.0238213165034231,15.0
14027.0,0.04430916351549,11.0
0.0,0.0287058243743968,14.0
25586.0,0.0327796618355782,9.0
20115.0,0.035836634441927,6.0
24854.0,0.0387504840741314,10.0
23314.0,0.0340539598799287,10.0
11366.0,0.0078192619105924,11.0
20618.0,0.0286349055601016,13.0
12008.0,0.0140792381746422,12.0
39547.0,0.0405594149922513,11.0
25632.0,0.0366651774447695,13.0
20469.0,0.0261146181519167,12.0
25217.0,0.0129137714411753,12.0
22150.0,0.0237935129404559,9.0
39367.0,0.0494459923019093,10.0
42153.0,0.029540026225842,13.0
28519.0,0.0169923794296597,10.0
21072.0,0.0305341971520566,11.0
32564.0,0.0181237779869496,13.0
50900.0,0.0205551395542663,9.0
56281.0,0.0338194086640575,10.0
46492.0,0.0212490965073008,15.0
46642.0,0.0225889441188651,10.0
48351.0,0.0059119324677366,9.0
4824.0,0.0280586230300301,12.0
11407.0,0.0177505907427543,7.0
3027.0,0.0190306744911739,5.0
19228.0,0.0300062971241369,9.0
39059.0,0.0284147808522335,10.0
14339.0,0.0325802242525283,12.0
7204.0,0.0295507233242907,6.0
15150.0,0.0354808152137479,7.0
18760.0,0.0262889717158497,6.0
2790.0,0.021511107591491,5.0
20300.0,0.0129583146857611,8.0
14958.0,0.0293338932926125,6.0
5601.0,0.0140978242921758,6.0
16730.0,0.0289910504237783,4.0
20425.0,0.0336380601424447,9.0
27274.0,0.0293869573585337,8.0
20350.0,0.0245624153523923,9.0
26258.0,0.0341584784291749,9.0
10318.0,0.0122068871219677,6.0
26079.0,0.0076677075841188,6.0
9565.0,0.0085192728933157,6.0
20012.0,0.0206725213377129,9.0
12821.0,0.0201585094271172,8.0
7239.0,0.0270702125420004,8.0
15663.0,0.0217344083404616,11.0
5857.0,0.0480582378701523,5.0
17255.0,0.028292019537393,11.0
7614.0,0.0245413529457191,11.0
18219.0,0.0200974735167533,10.0
5004.0,0.0120450222393288,10.0
3939.0,0.0372831513949858,11.0
22732.0,0.0235593850314315,3.0
23929.0,0.0301657610593656,15.0
28805.0,0.0289168712607935,6.0
32811.0,0.0379928607758119,9.0
19545.0,0.0377821777397813,9.0
6068.0,0.0126928606345181,6.0
8303.0,0.0287707415567873,5.0
23734.0,0.0150755422147939,3.0
8239.0,0.0304839165198358,5.0
7461.0,0.0379224240770641,8.0
8727.0,0.0178442973147496,4.0
5037.0,0.0110939907586047,10.0
8350.0,0.0075922207142679,15.0
4612.0,0.0034368644245485,12.0
9178.0,0.0294379836724137,7.0
0.0,0.0177196442314167,11.0
7908.0,0.0180097948590853,3.0
7974.0,0.0204287868986565,4.0
0.0,0.0251086401235101,6.0
6760.0,0.0204991622731477,8.0
9440.0,0.0186616558108123,7.0
0.0,0.0274346308439236,7.0
15501.0,0.0217699619815995,6.0
0.0,0.0142216399434955,8.0
0.0,0.0139760775498561,7.0
0.0,0.0198092401022542,5.0
0.0,0.0092137254621247,7.0
0.0,0.0316083622001212,3.0
0.0,0.0080966431305612,9.0
0.0,0.0115851857311446,7.0
0.0,0.0,9.0
0.0,0.0,7.0
0.0,0.0,10.0
0.0,0.0,8.0
0.0,0.0,9.0
0.0,0.0,9.0
0.0,0.0,3.0
0.0,0.0,11.0
0.0,0.0,8.0
0.0,0.0,14.0
0.0,0.0,6.0
0.0,0.0,6.0
0.0,0.0,9.0
0.0,0.0,7.0
0.0,0.0,9.0
0.0,0.0,5.0
0.0,0.0,5.0
0.0,0.0,4.0
0.0,0.0,6.0
0.0,0.0,7.0
0.0,0.0,5.0
0.0,0.0,5.0
0.0,0.0,11.0
0.0,0.0,11.0
0.0,0.0,12.0
0.0,0.0,13.0
0.0,0.0356357319083452,13.0
0.0,0.0175711612365327,3.0
0.0,0.0029865609197975,5.0
0.0,0.0,9.0
0.0,0.0096131177215513,9.0
0.0,0.0170625796087894,8.0
0.0,0.0,7.0
0.0,0.0246832425068841,9.0
0.0,0.0112512817079828,13.0
0.0,0.0373209044909422,15.0
0.0,0.0211521559451272,14.0
0.0,0.0406160035041697,14.0
0.0,0.0112868702000577,13.0
0.0,0.0237216858738147,15.0
0.0,0.009042888225429,13.0
0.0,0.0162463257509722,13.0
0.0,0.004921868710937,11.0
0.0,0.0101309692595568,12.0
0.0,0.0261636302527876,10.0
0.0,0.0,13.0
0.0,0.0144649145378537,14.0
0.0,0.0145242221319696,14.0
0.0,0.0036909209252158,13.0
0.0,0.0350681367027881,13.0
0.0,0.0184012157796618,13.0
0.0,0.0,11.0
0.0,0.0,15.0
0.0,0.0,15.0
0.0,0.0,10.0
0.0,0.0,14.0
0.0,0.0,14.0
0.0,0.0,12.0
0.0,0.0,15.0
0.0,0.0,12.0
0.0,0.0,15.0
0.0,0.0,11.0
0.0,0.0,15.0
0.0,0.0,14.0
0.0,0.0,12.0
0.0,0.0,15.0
18604.0,0.0337013533537534,11.0
0.0,0.030613595432306,12.0
30016.0,0.0411726065062084,13.0
36544.0,0.0041503481390185,11.0
49141.0,0.0116212242671151,14.0
22628.0,0.008915163039463,11.0
18955.0,0.0314855291105237,15.0
7536.0,0.0268866933303428,14.0
0.0,0.0111954740118252,14.0
8698.0,0.0422595809061238,14.0
9644.0,0.0221751129508914,15.0
13582.0,0.0304103798856312,12.0
6612.0,0.0190592489478019,12.0
12063.0,0.0378492041704051,12.0
23030.0,0.0487017356416532,12.0
22054.0,0.0143322623411585,8.0
9067.0,0.0472926472096189,15.0
11762.0,0.0332870183412454,13.0
25819.0,0.0220838450536999,13.0
8424.0,0.0277467883985454,15.0
22315.0,0.0255299639502343,12.0
27066.0,0.0185100327161884,15.0
11007.0,0.048844578467563,11.0
26407.0,0.0361890791983608,11.0
22683.0,0.0202785124727018,6.0
33278.0,0.0615192827438856,12.0
38548.0,0.0281128039004906,11.0
31526.0,0.0377663955025358,7.0
36042.0,0.0218941643674008,13.0
22386.0,0.0053609489295851,11.0
58516.0,0.016742639500493,8.0
46310.0,0.0238580634595026,13.0
47980.0,0.026062566863571,15.0
62235.0,0.0027262607620407,10.0
37375.0,0.0181479931204386,5.0
3409.0,0.0184263186021837,8.0
18585.0,0.0180966596792061,9.0
10626.0,0.0334426015939908,4.0
26070.0,0.0236681299869919,11.0
29525.0,0.024389574387087,5.0
22505.0,0.0296794652863379,8.0
5663.0,0.0306253144279289,7.0
9868.0,0.0168197383222911,5.0
13449.0,0.0261344189381263,9.0
13241.0,0.0112212086812137,1.0
15060.0,0.0367209370398727,10.0
16748.0,0.0324916185356629,6.0
7445.0,0.0169404139543019,5.0
6953.0,0.015804893032594,6.0
28077.0,0.013360933190067,9.0
13674.0,0.0260016756916574,7.0
15918.0,0.0380018105753604,11.0
27960.0,0.0300629704082615,7.0
16216.0,0.0185379268017996,4.0
17258.0,0.0050978579893998,5.0
6391.0,0.025672338213413,6.0
8689.0,0.043591370985285,8.0
19311.0,0.0305413279734704,9.0
14779.0,0.0237473539670105,9.0
13392.0,0.0284324062790963,10.0
20479.0,0.0130567599951384,7.0
13758.0,0.0561680920052913,10.0
20038.0,0.0236364943765088,10.0
9901.0,0.0479240857809849,8.0
16389.0,0.0251241717930881,8.0
8926.0,0.0331908178389096,15.0
11011.0,0.0091878545390219,4.0
23334.0,0.0303390631692588,10.0
16194.0,0.0347749802384854,9.0
22566.0,0.0146395080901123,9.0
0.0,0.0496915386773206,9.0
21612.0,0.011377765992407,9.0
16125.0,0.0363877914383659,9.0
19240.0,0.0348429394574984,3.0
27473.0,0.0068095239768201,7.0
25700.0,0.020988725908793,9.0
13276.0,0.0286964518177037,2.0
10861.0,0.031391653362887,12.0
14046.0,0.0252409774353525,15.0
6340.0,0.020073055642122,9.0
0.0,0.0243421208975447,9.0
0.0,0.0271939723652928,7.0
1658.0,0.0081763188677822,5.0
2260.0,0.0313056616120989,9.0
8166.0,0.0051531809028532,1.0
6473.0,0.0197717973273527,8.0
0.0,0.0298892436329553,9.0
9492.0,0.0160503528707817,6.0
0.0,0.0263373171852167,8.0
0.0,0.0245933288481821,8.0
0.0,0.0345827941697691,6.0
0.0,0.0060243842999873,4.0
0.0,0.0118883314086797,5.0
0.0,0.0203592074251952,9.0
0.0,0.0158020554192408,9.0
0.0,0.0155636897854186,8.0
0.0,0.0,6.0
0.0,0.0,8.0
0.0,0.0,9.0
0.0,0.0,9.0
0.0,0.0,9.0
0.0,0.0,7.0
0.0,0.0,7.0
0.0,0.0,11.0
0.0,0.0,6.0
0.0,0.0,11.0
0.0,0.0,7.0
0.0,0.0,8.0
0.0,0.0,10.0
0.0,0.0,12.0
0.0,0.0,5.0
0.0,0.0,7.0
0.0,0.0,2.0
0.0,0.0,5.0
0.0,0.0,5.0
0.0,0.0,3.0
0.0,0.0,6.0
0.0,0.0,10.0
0.0,0.0,14.0
0.0,0.0,12.0
0.0,0.0,12.0
0.0,0.0,14.0
0.0,0.0190912424587888,13.0
0.0,0.026693345194574,3.0
0.0,0.0269252408390729,6.0
0.0,0.0009316550126095,14.0
0.0,0.0096108000479994,8.0
0.0,0.0236804818087499,7.0
0.0,0.0081167147091827,7.0
0.0,0.0072891646331239,6.0
0.0,0.0,13.0
0.0,0.0090274077147362,15.0
0.0,0.0212474187733359,8.0
0.0,0.0238212478106784,10.0
0.0,0.0069862794985539,14.0
0.0,0.0132888793562865,14.0
0.0,0.0194459338482458,7.0
0.0,0.0023981589072715,11.0
0.0,0.0034480051512584,13.0
0.0,0.0302277268330578,12.0
0.0,0.0249093533834363,11.0
0.0,0.0172650627854497,15.0
0.0,0.0272624760441071,15.0
0.0,0.0313828912568913,11.0
0.0,0.0057566183605982,15.0
0.0,0.031834616049394,11.0
0.0,0.020164313513854,11.0
0.0,0.0,15.0
0.0,0.0,15.0
0.0,0.0,11.0
0.0,0.0,10.0
0.0,0.0,15.0
0.0,0.0,14.0
0.0,0.0,12.0
0.0,0.0,13.0
0.0,0.0,14.0
0.0,0.0,15.0
0.0,0.0,13.0
0.0,0.0,12.0
0.0,0.0,15.0
0.0,0.0,14.0
0.0,0.0,11.0
24290.0,0.0126578282907534,13.0
14988.0,0.0235117539432467,14.0
30606.0,0.0175175782662889,15.0
42886.0,0.0454680591974616,11.0
54094.0,0.0170610197690182,11.0
43098.0,0.0206323032718827,10.0
14827.0,0.0245862089428029,14.0
0.0,0.025695616575272,14.0
6349.0,0.0310278193029468,15.0
2695.0,0.0300390873789534,11.0
3099.0,0.0233972786110085,13.0
6868.0,0.0514651439530487,15.0
4885.0,0.0409876858210381,13.0
13557.0,0.0372486558574781,11.0
23152.0,0.0290513254747459,7.0
17323.0,0.0376955867490472,10.0
30100.0,0.0347038154313378,10.0
2425.0,0.0548565081761293,13.0
37856.0,0.0264977093259742,13.0
26746.0,0.0503734773635282,14.0
36463.0,0.0477610803720867,12.0
30868.0,0.0471634302222761,14.0
29130.0,0.0252853066671728,12.0
29487.0,0.0322476217333904,10.0
18648.0,0.042271804870174,10.0
33374.0,0.0368265428893258,9.0
38620.0,0.0234041364525172,10.0
37209.0,0.0105769499340493,9.0
18957.0,0.0203762239366179,11.0
34201.0,0.0136461123026555,15.0
59409.0,0.0405666912953384,11.0
41453.0,0.0233309373226756,9.0
35687.0,0.0151113624170757,12.0
58161.0,0.0105214117111973,9.0
41149.0,0.0129841024554165,11.0
19033.0,0.0082319636494125,6.0
10490.0,0.0395953568673109,7.0
3984.0,0.0197729427909488,2.0
27226.0,0.0099209220606373,11.0
22700.0,0.0269972049537653,9.0
17968.0,0.0334304808846634,10.0
7067.0,0.0182528678416442,11.0
12528.0,0.0188681977868977,9.0
6305.0,0.0262826814821176,7.0
10150.0,0.0280298603387329,8.0
22492.0,0.0307361871636069,7.0
19527.0,0.0139407856076924,8.0
4201.0,0.0213150161047961,7.0
20857.0,0.0320845409606885,4.0
21329.0,0.0228644817980313,5.0
28712.0,0.0416821509503579,7.0
11401.0,0.0196654676124902,13.0
19475.0,0.028504364885358,10.0
8378.0,0.0325798476811864,5.0
22870.0,0.0406968904634562,4.0
0.0,0.0233466687780962,9.0
25918.0,0.0303957637365526,9.0
18401.0,0.0294308933505452,12.0
3147.0,0.0176043529541805,8.0
10813.0,0.0316582596542071,7.0
14367.0,0.0361207583005507,9.0
3944.0,0.0177024060318916,14.0
19251.0,0.0405417242003064,9.0
16011.0,0.0457127139020085,8.0
6083.0,0.0177786145429826,12.0
9245.0,0.0320726835830409,15.0
40222.0,0.0308036689777273,7.0
27630.0,0.0421921618515079,10.0
22951.0,0.0296884169207344,6.0
25573.0,0.0397359353324672,8.0
13166.0,0.0279969154341129,9.0
14780.0,0.028189303414093,6.0
20143.0,0.0317934251117925,7.0
18021.0,0.0262437065113121,6.0
16559.0,0.0270257854010748,2.0
20439.0,0.0331599343275339,10.0
0.0,0.0362209356314283,4.0
0.0,0.0216512843785666,10.0
3047.0,0.0289868266740075,13.0
7779.0,0.0332379074790627,11.0
1006.0,0.0032615270893159,10.0
0.0,0.0100037467531844,7.0
0.0,0.0140065306680306,2.0
0.0,0.0161788995332938,2.0
11419.0,0.0189759251689174,6.0
1084.0,0.0298448921464138,7.0
3359.0,0.0233361038396815,7.0
0.0,0.0133152480899387,3.0
5385.0,0.0180194862157559,7.0
0.0,0.0268616288523158,7.0
0.0,0.0216659537115455,3.0
0.0,0.0245332605650476,5.0
0.0,0.0,9.0
0.0,0.0206003281165841,8.0
0.0,0.029766037058775,7.0
0.0,0.0212657188797527,10.0
0.0,0.0,7.0
0.0,0.0,9.0
0.0,0.0,8.0
0.0,0.0,8.0
0.0,0.0,10.0
0.0,0.0,5.0
0.0,0.0,4.0
0.0,0.0,12.0
0.0,0.0,2.0
0.0,0.0,15.0
0.0,0.0,6.0
0.0,0.0,7.0
0.0,0.0,9.0
0.0,0.0,7.0
0.0,0.0,2.0
0.0,0.0,6.0
0.0,0.0,9.0
0.0,0.0,4.0
0.0,0.0,6.0
0.0,0.0,7.0
0.0,0.0,6.0
0.0,0.0,5.0
0.0,0.0,9.0
0.0,0.0,9.0
0.0,0.0,12.0
0.0,0.0,12.0
0.0,0.0121422705165338,12.0
0.0,0.0108305294696601,4.0
0.0,0.0301432333626221,3.0
0.0,0.0281253322133512,11.0
0.0,0.0116114609111845,7.0
0.0,0.0259266672285959,4.0
0.0,0.0226390794347973,8.0
0.0,0.0384386606951676,4.0
0.0,0.0099104680331219,10.0
0.0,0.001655544085553,11.0
0.0,0.0120280562742821,13.0
0.0,0.0169954698404935,8.0
0.0,0.0,15.0
0.0,0.0213166004927932,12.0
0.0,0.0063157521709669,14.0
0.0,0.0184770169308294,14.0
0.0,0.019304197597523,9.0
0.0,0.0167432389512664,11.0
0.0,0.0208277797434868,10.0
0.0,0.0257981857726891,15.0
0.0,0.0086734178148614,14.0
0.0,0.0,10.0
0.0,0.0354998572588296,13.0
0.0,0.0304375680046017,14.0
0.0,0.0,13.0
0.0,0.0,15.0
0.0,0.0,15.0
0.0,0.0,12.0
0.0,0.0,14.0
0.0,0.0,15.0
0.0,0.0,15.0
0.0,0.0,15.0
0.0,0.0,15.0
0.0,0.0,10.0
0.0,0.0,14.0
0.0,0.0,9.0
0.0,0.0,13.0
0.0,0.0,13.0
0.0,0.0,15.0
0.0,0.0,12.0
13488.0,0.0189892691642856,12.0
14648.0,0.0223303519543529,15.0
28605.0,0.0437805071995166,13.0
43707.0,0.0148157945867776,10.0
46393.0,0.0239254674827866,13.0
40253.0,0.0309449392562418,14.0
0.0,0.0211740594490568,14.0
3251.0,0.0465635317534363,13.0
0.0,0.0219487084456698,14.0
11345.0,0.0125220244410047,10.0
2453.0,0.0217165710113036,12.0
0.0,0.0127059092978113,13.0
10406.0,0.0270210568189043,12.0
17712.0,0.0248738562864817,12.0
16124.0,0.0523831260438567,10.0
16875.0,0.0361725506317144,9.0
25597.0,0.0716289081515095,12.0
19972.0,0.0251641431419319,14.0
22757.0,0.0401675899767244,13.0
11372.0,0.0149190789180008,14.0
35614.0,0.0402007787813215,11.0
25554.0,0.0485402610240884,15.0
12265.0,0.0361848356455511,11.0
23045.0,0.0400413336423075,14.0
12988.0,0.0612146372036825,9.0
28773.0,0.0281208815491837,10.0
45107.0,0.03054351078973,10.0
22457.0,0.0100486835375846,6.0
27746.0,0.0351123976691011,13.0
26019.0,0.0310777901049487,15.0
45018.0,0.0386028915233576,13.0
57155.0,0.0327596903320957,11.0
51458.0,0.0359532437131935,15.0
51448.0,0.0256361592331355,10.0
40483.0,0.0309173760892579,7.0
18680.0,0.0287364721994184,7.0
13891.0,0.0332682413686361,6.0
6757.0,0.0421652445630709,4.0
16064.0,0.0309653364420227,12.0
24061.0,0.0205867947499286,11.0
19752.0,0.0244496996881043,8.0
5826.0,0.0135800593750593,6.0
14158.0,0.0380505764063053,9.0
16969.0,0.0361817597836865,11.0
7516.0,0.0182503102616441,5.0
11984.0,0.0208696230936737,8.0
9652.0,0.0313158646501125,6.0
1820.0,0.0259080881769233,9.0
16331.0,0.0222420708865952,3.0
25032.0,0.0404593520666702,12.0
9256.0,0.0232112924754622,9.0
6257.0,0.0060515944540273,10.0
32552.0,0.019836616186344,8.0
13902.0,0.0368920153500326,6.0
8367.0,0.038621662990276,7.0
9746.0,0.0149004404425663,6.0
22698.0,0.0355128228320825,3.0
7611.0,0.0286156503469433,8.0
23741.0,0.0183397685978566,6.0
11868.0,0.0152583773851839,5.0
16225.0,0.0282848764642434,7.0
12619.0,0.0312944476166365,10.0
17714.0,0.038455683351949,8.0
11478.0,0.0204961012475329,11.0
8748.0,0.0124014884030191,12.0
0.0,0.0320722991073891,13.0
25814.0,0.0277563038077875,6.0
17191.0,0.0401227357285849,12.0
29811.0,0.0285568461579145,10.0
14484.0,0.0198626577072414,9.0
23281.0,0.0385504902632886,8.0
15943.0,0.0262143872647721,7.0
16548.0,0.0334084955136646,10.0
7786.0,0.0236771430863765,7.0
16010.0,0.0467785544018725,7.0
11277.0,0.0176320867461811,8.0
0.0,0.0291795245260479,7.0
8076.0,0.0323051020367104,8.0
13666.0,0.0301993103952712,13.0
10813.0,0.0212866405662035,9.0
8049.0,0.0070496189039554,6.0
415.0,0.0352505364327933,10.0
6373.0,0.0194867407681309,6.0
6350.0,0.0302287470243543,6.0
0.0,0.025988512120343,11.0
2564.0,0.0250707463923128,8.0
10619.0,0.0195256826296614,9.0
3222.0,0.0107873156146025,3.0
1172.0,0.0168819498434206,7.0
0.0,0.0228493512075926,4.0
0.0,0.005624616021177,4.0
0.0,0.0246477232839016,3.0
0.0,0.0,9.0
0.0,0.0197033082456403,4.0
0.0,0.0129573562012858,10.0
0.0,0.0150891647220802,9.0
0.0,0.0,11.0
0.0,0.0,5.0
0.0,0.0,4.0
0.0,0.0,10.0
0.0,0.0,9.0
0.0,0.0,4.0
0.0,0.0,7.0
0.0,0.0,7.0
0.0,0.0,5.0
0.0,0.0,14.0
0.0,0.0,6.0
0.0,0.0,5.0
0.0,0.0,10.0
0.0,0.0,7.0
0.0,0.0,6.0
0.0,0.0,7.0
0.0,0.0,5.0
0.0,0.0,5.0
0.0,0.0,8.0
0.0,0.0,4.0
0.0,0.0,5.0
0.0,0.0,5.0
0.0,0.0,12.0
0.0,0.0,11.0
0.0,0.0,13.0
0.0,0.0,12.0
0.0,0.0194238713902562,12.0
0.0,0.0395941297626385,4.0
0.0,0.0133544549554482,5.0
0.0,0.0180789054899452,5.0
0.0,0.0228721556744889,7.0
0.0,0.0031823078844078,6.0
0.0,0.0223397172545333,5.0
0.0,0.0173393926449982,5.0
0.0,0.0219383373784734,12.0
0.0,0.0164177109978385,12.0
0.0,0.0157479739379956,8.0
0.0,0.0364297059901025,12.0
0.0,0.0311147417965482,15.0
0.0,0.0108784559160265,14.0
0.0,0.0,14.0
0.0,0.0140459177416822,11.0
0.0,0.0281214931124346,11.0
0.0,0.0191470618662149,13.0
0.0,0.0,10.0
0.0,0.0125301256713716,14.0
0.0,0.0315559701539382,13.0
0.0,0.0060069984371409,14.0
0.0,0.0179443288506998,14.0
0.0,0.0112745516810815,14.0
0.0,0.0281079167561791,11.0
0.0,0.0,15.0
0.0,0.0,15.0
0.0,0.0,13.0
0.0,0.0,15.0
0.0,0.0,13.0
0.0,0.0,13.0
0.0,0.0,12.0
0.0,0.0,14.0
0.0,0.0,15.0
0.0,0.0,14.0
0.0,0.0,15.0
0.0,0.0,11.0
0.0,0.0,12.0
0.0,0.0,10.0
0.0,0.0,15.0
20762.0,0.0123467747964178,15.0
1467.0,0.0367495674547253,11.0
34109.0,0.0147880192844443,15.0
34239.0,0.0220075845003127,15.0
46856.0,0.0152559967439302,15.0
26325.0,0.0171958925023727,15.0
17084.0,0.0234571528520659,13.0
14747.0,0.0114451152086785,15.0
13948.0,0.0250790398177946,14.0
9992.0,0.0021650449508878,14.0
14808.0,0.035561990807689,15.0
9680.0,0.0165517059639298,15.0
8611.0,0.0340538829173396,11.0
25503.0,0.0496975725072874,8.0
14881.0,0.0285563791034995,9.0
22269.0,0.0112439972756743,7.0
18607.0,0.0508830980714937,15.0
5260.0,0.0196625813248186,11.0
32591.0,0.0414000346768513,12.0
14851.0,0.0417969080176545,9.0
29168.0,0.0331684649591482,12.0
32581.0,0.033638234258961,15.0
19546.0,0.0468369463323537,9.0
26270.0,0.0438818649301582,13.0
22474.0,0.0264487183256167,12.0
24070.0,0.0351329887744606,11.0
52696.0,0.0367328768867415,11.0
25786.0,0.0161856124501615,9.0
31896.0,0.0330436329759825,15.0
32050.0,0.0043512993694998,14.0
60091.0,0.0280974552205746,13.0
56317.0,0.0166021417946519,11.0
50245.0,0.0122942799408793,13.0
46151.0,0.0230930368752212,10.0
38214.0,0.031979870330567,8.0
5642.0,0.0245092589981955,8.0
8190.0,0.0341687209225932,7.0
10135.0,0.0122836709626128,6.0
34019.0,0.0243327064396695,13.0
30997.0,0.0327975221984017,13.0
28565.0,0.0297355550025529,10.0
8742.0,0.0174040024576617,10.0
7281.0,0.0257097426600714,5.0
6485.0,0.0396335659365391,11.0
10659.0,0.0242662737811207,2.0
2993.0,0.0232040545493555,7.0
11673.0,0.0231405046264402,10.0
13827.0,0.02067928106568,7.0
12626.0,0.0257911172061074,4.0
13064.0,0.0111701082549769,6.0
10110.0,0.0465072698097328,9.0
18116.0,0.0292541503288225,12.0
12981.0,0.0320697795268441,5.0
14943.0,0.0263562567066725,6.0
16717.0,0.0087103998797592,7.0
13518.0,0.0277236280461197,6.0
23244.0,0.0256903967713358,5.0
4087.0,0.022767796945277,12.0
15623.0,0.02857697028145,7.0
19357.0,0.0222998000936536,8.0
16163.0,0.025739153960814,9.0
2491.0,0.0464694753836815,11.0
9062.0,0.0157083775758623,11.0
18417.0,0.0446209645504026,11.0
630.0,0.0441166740897045,11.0
9657.0,0.0325522071965341,15.0
19191.0,0.0376282197112446,4.0
32259.0,0.0128398788713239,10.0
30602.0,0.0112115627343988,7.0
23084.0,0.025901537886698,11.0
11873.0,0.0344380951247248,9.0
13402.0,0.0313916526095229,7.0
16166.0,0.0087810052367258,10.0
18517.0,0.0191430739062595,4.0
26936.0,0.0197534276636354,1.0
7466.0,0.0250683990744043,9.0
10158.0,0.0275520883601694,5.0
0.0,0.0312996105489606,6.0
2728.0,0.0400111353899631,10.0
0.0,0.0359999813663836,7.0
8663.0,0.0026770353931666,12.0
9724.0,0.0335038705148824,9.0
0.0,0.0102689748216861,6.0
3632.0,0.0377342777154372,4.0
2677.0,0.0433958075259507,8.0
7206.0,0.024606034394491,9.0
10707.0,0.0308015565164796,9.0
10179.0,0.0251260901842101,5.0
7656.0,0.0044826066278057,5.0
0.0,0.0159124728230903,6.0
0.0,0.0253096123072844,1.0
0.0,0.0248532391931325,5.0
0.0,0.0221043099642551,7.0
0.0,0.0190354625443216,5.0
0.0,0.0233653682560722,7.0
0.0,0.0,7.0
0.0,0.0,3.0
0.0,0.0,6.0
0.0,0.0,6.0
0.0,0.0,7.0
0.0,0.0,8.0
0.0,0.0,8.0
0.0,0.0,6.0
0.0,0.0,9.0
0.0,0.0,9.0
0.0,0.0,14.0
0.0,0.0,7.0
0.0,0.0,5.0
0.0,0.0,10.0
0.0,0.0,7.0
0.0,0.0,4.0
0.0,0.0,4.0
0.0,0.0,7.0
0.0,0.0,4.0
0.0,0.0,5.0
0.0,0.0,9.0
0.0,0.0,4.0
0.0,0.0,7.0
0.0,0.0,14.0
0.0,0.0,7.0
0.0,0.0,13.0
0.0,0.0,9.0
0.0,0.028945049278979,8.0
0.0,0.0230970331644905,3.0
0.0,0.0116774345683236,7.0
0.0,0.0188991087895181,8.0
0.0,0.0126293219906281,5.0
0.0,0.0063071229428936,6.0
0.0,0.0260871756857234,6.0
0.0,0.0153261891503469,4.0
0.0,0.0242154964169572,12.0
0.0,0.0014468462607491,9.0
0.0,0.0015154659053667,13.0
0.0,0.0064581824321284,14.0
0.0,0.0097556463536015,14.0
0.0,0.0,13.0
0.0,0.0237492755780466,14.0
0.0,0.0128941078768965,14.0
0.0,0.006931372177716,15.0
0.0,0.0206569547026206,15.0
0.0,0.0210615686523599,15.0
0.0,0.0144014858084337,14.0
0.0,0.0190927749300394,11.0
0.0,0.0116720688722338,12.0
0.0,0.0274677056724417,13.0
0.0,0.022820156524786,15.0
0.0,0.0359370989724391,11.0
0.0,0.0,12.0
0.0,0.0,10.0
0.0,0.0,13.0
0.0,0.0,12.0
0.0,0.0,14.0
0.0,0.0,11.0
0.0,0.0,15.0
0.0,0.0,11.0
0.0,0.0,15.0
0.0,0.0,13.0
0.0,0.0,12.0
0.0,0.0,14.0
0.0,0.0,15.0
0.0,0.0,14.0
0.0,0.0,13.0
13380.0,0.0311465073196554,9.0
5238.0,0.0378420889118174,15.0
31943.0,0.0205912817422412,14.0
32867.0,0.045066243900309,12.0
48435.0,0.0403969283914989,12.0
29315.0,0.0092898582723652,15.0
12028.0,0.0246840422376686,12.0
11126.0,0.0504890335641338,13.0
14734.0,0.0138904752317668,13.0
13583.0,0.0437473521230357,14.0
18752.0,0.0317442678561059,12.0
17116.0,0.0314769997513258,12.0
8261.0,0.0381259981073111,9.0
31997.0,0.0270190048053306,11.0
18253.0,0.0373464051978292,9.0
22924.0,0.0165378700999439,9.0
29030.0,0.0313037041912535,13.0
20849.0,0.0323373266225158,11.0
28943.0,0.0339242066697079,12.0
14640.0,0.0442903096388855,13.0
33506.0,0.0374201427843489,14.0
22865.0,0.0295620157258796,13.0
15286.0,0.0091701606749025,9.0
25802.0,0.0382351951142818,13.0
23493.0,0.0418377493707454,8.0
26357.0,0.0298891407225782,11.0
42482.0,0.0186975549789836,10.0
35696.0,0.0269919069470354,7.0
26039.0,0.0306641599855545,14.0
26556.0,0.0167474998518014,12.0
51080.0,0.0270827385491804,10.0
52705.0,0.0279502116163302,10.0
48084.0,0.0220859909552472,12.0
54490.0,0.0124183733214487,8.0
40999.0,0.0386968631312991,8.0
8220.0,0.0260714525340576,7.0
11824.0,0.0288956413009788,6.0
14807.0,0.0017033180081827,5.0
22809.0,0.0347327335963151,10.0
26044.0,0.0210583037292936,12.0
17531.0,0.0236665319710503,5.0
6767.0,0.0309720661439664,11.0
10732.0,0.0172188444668177,10.0
6321.0,0.0102289117777476,12.0
17244.0,0.0007571712719016,5.0
4869.0,0.0306293503201014,5.0
14014.0,0.0134656561223991,10.0
0.0,0.0358724974930414,8.0
17515.0,0.021242778983212,4.0
17299.0,0.0391527473629362,5.0
31250.0,0.0249835931910976,9.0
682.0,0.0211603359064073,10.0
10066.0,0.0170313990300903,9.0
14138.0,0.0279657083475847,8.0
12292.0,0.034046095456042,6.0
9695.0,0.0262535691842661,3.0
22416.0,0.0333564598904693,5.0
19401.0,0.029928674642141,12.0
13977.0,0.0252924929890616,9.0
13411.0,0.0222444789374511,9.0
12751.0,0.0284459545374122,11.0
4965.0,0.036022896477905,10.0
14760.0,0.033029873491001,9.0
6032.0,0.0417748582670483,9.0
6445.0,0.0296250178742353,14.0
10977.0,0.0341163374618678,15.0
10337.0,0.0336658922953298,5.0
25163.0,0.0315291120154031,13.0
37176.0,0.0454139153933693,10.0
30062.0,0.0228112575493429,4.0
18557.0,0.0326280733685788,8.0
22031.0,0.0132696450396136,6.0
20211.0,0.0179981288204119,8.0
17359.0,0.012897283989727,7.0
11537.0,0.0240247298867147,3.0
18881.0,0.015290933555256,8.0
12625.0,0.0473510107698972,9.0
2701.0,0.022247722430591,8.0
4121.0,0.0455944005717574,9.0
10728.0,0.0103265150583996,10.0
0.0,0.0340619251239935,9.0
0.0,0.032061755938612,7.0
0.0,0.0401449211979208,3.0
7800.0,0.0185907642060557,7.0
9966.0,0.0141500416904121,8.0
0.0,0.0319032780067943,7.0
0.0,0.024942795392312,7.0
0.0,0.0281039157050838,4.0
7090.0,0.0126190892229708,2.0
0.0,0.0362872264849163,5.0
0.0,0.0074086940301311,8.0
0.0,0.0279323750374116,5.0
0.0,0.018315864268453,11.0
0.0,0.0173209298703588,4.0
0.0,0.0367900392004384,8.0
0.0,0.0275740076460941,11.0
0.0,0.0,7.0
0.0,0.0,10.0
0.0,0.0,9.0
0.0,0.0,7.0
0.0,0.0,8.0
0.0,0.0,8.0
0.0,0.0,6.0
0.0,0.0,9.0
0.0,0.0,3.0
0.0,0.0,13.0
0.0,0.0,10.0
0.0,0.0,8.0
0.0,0.0,5.0
0.0,0.0,8.0
0.0,0.0,2.0
0.0,0.0,3.0
0.0,0.0,4.0
0.0,0.0,5.0
0.0,0.0,5.0
0.0,0.0,3.0
0.0,0.0,7.0
0.0,0.0,7.0
0.0,0.0,11.0
0.0,0.0,7.0
0.0,0.0,12.0
0.0,0.0,15.0
0.0,0.0369120754183987,10.0
0.0,0.0180846060890793,6.0
0.0,0.0333867619702372,5.0
0.0,0.0222496661108822,11.0
0.0,0.0229382007276552,6.0
0.0,0.0335349568093343,3.0
0.0,0.0099731030676298,3.0
0.0,0.0073859098653908,4.0
0.0,0.0145021035358911,13.0
0.0,0.0180559118159964,15.0
0.0,0.0098068554988133,13.0
0.0,0.0179147514327627,14.0
0.0,0.0148058496224638,15.0
0.0,0.0162168779604197,14.0
0.0,0.0146225361627895,15.0
0.0,0.0176069699064079,14.0
0.0,0.0102027537153642,12.0
0.0,0.0212135376725914,13.0
0.0,0.0280897850873563,11.0
0.0,0.0132621199083932,12.0
0.0,0.0341549291749834,13.0
0.0,0.02432856539174,11.0
0.0,0.0095157664200608,14.0
0.0,0.0023327643500142,10.0
0.0,0.0186108196297026,14.0
0.0,0.0,13.0
0.0,0.0,15.0
0.0,0.0,13.0
0.0,0.0,14.0
0.0,0.0,13.0
0.0,0.0,13.0
0.0,0.0,10.0
0.0,0.0,14.0
0.0,0.0,15.0
0.0,0.0,14.0
0.0,0.0,15.0
0.0,0.0,13.0
0.0,0.0,11.0
0.0,0.0,13.0
0.0,0.0,15.0
14784.0,0.0126354477687771,14.0
7267.0,0.0156284745183135,12.0
29260.0,0.0192734324404495,12.0
28406.0,0.0211272171476634,15.0
49330.0,0.0055661536350495,14.0
37465.0,0.0257163935684221,8.0
4980.0,0.0191692164316849,13.0
8347.0,0.0502648694659918,14.0
4925.0,0.0135461676182454,13.0
4375.0,0.0106868039305608,12.0
4168.0,0.0298591543190427,15.0
4133.0,0.0219223423072087,8.0
9866.0,0.034188195603398,11.0
10622.0,0.0345747387658492,8.0
20172.0,0.0487316891979851,7.0
16120.0,0.0501600615339917,11.0
20939.0,0.0519863141863601,12.0
18182.0,0.0457290726458334,8.0
15695.0,0.0417281533191286,12.0
16458.0,0.0307184926902587,10.0
22055.0,0.0258297167444603,12.0
26648.0,0.0130347340200437,14.0
16627.0,0.0162696405474309,9.0
34972.0,0.0466480583904147,14.0
16683.0,0.0152653671095136,13.0
30115.0,0.0348420962161891,9.0
38931.0,0.020844778203045,9.0
18810.0,0.0308944366609084,10.0
24814.0,0.0125781562046879,13.0
31571.0,0.034891092298656,15.0
59482.0,0.0214039811824897,8.0
54910.0,0.029312881427195,12.0
34030.0,0.0427427766931871,12.0
47242.0,0.0385633209028323,11.0
45683.0,0.037396092946458,9.0
18275.0,0.0159978963428714,8.0
15991.0,0.0266661429795536,10.0
0.0,0.0094837184139447,3.0
19568.0,0.0004930097584243,8.0
27568.0,0.0350331147637902,9.0
21175.0,0.0447856878065679,9.0
0.0,0.0380904780802113,6.0
11430.0,0.0302679619358547,4.0
20219.0,0.0203701546041271,7.0
12852.0,0.0007022280905479,1.0
19389.0,0.0306934234754098,8.0
13460.0,0.0388439214455117,6.0
11030.0,0.0,6.0
9481.0,0.0482524746421298,1.0
19912.0,0.024568317151367,7.0
22908.0,0.0317915113811128,9.0
22205.0,0.0291976827442659,10.0
31269.0,0.0315408982414252,9.0
16383.0,0.0140593722987496,4.0
15406.0,0.0245331127969395,6.0
0.0,0.0191213844492604,6.0
17320.0,0.0373300261635705,8.0
12509.0,0.0274748960962853,7.0
11560.0,0.0150340604257704,7.0
7505.0,0.0115268078736556,6.0
26260.0,0.0157814047951249,6.0
16909.0,0.0339368945125583,8.0
22820.0,0.0451042763876299,8.0
16760.0,0.0382881143648581,11.0
7817.0,0.0375092817441015,11.0
13753.0,0.0467761247587982,13.0
34718.0,0.0295760268250996,6.0
16971.0,0.0325802593990994,14.0
29793.0,0.0180864856638709,10.0
30721.0,0.0324466492001452,6.0
0.0,0.0326987723216628,11.0
21048.0,0.029535155933099,10.0
19438.0,0.0093743594708158,5.0
13558.0,0.0288361801507525,5.0
21409.0,0.0354142995451343,3.0
7157.0,0.0314373488009443,8.0
22278.0,0.0025073248495884,5.0
8034.0,0.0224742890291942,12.0
6322.0,0.0204673402892081,7.0
2805.0,0.0251894149381152,7.0
7897.0,0.0302692236271346,6.0
0.0,0.0152993727368315,7.0
2017.0,0.0439660776659905,8.0
6732.0,0.0307732088002581,5.0
0.0,0.0298920395712294,9.0
6190.0,0.0115296120102872,7.0
8696.0,0.0187104697794994,8.0
0.0,0.0046815429221393,6.0
1699.0,0.0202538808892656,5.0
0.0,0.0283517539727864,7.0
0.0,0.0204491158557283,2.0
0.0,0.0351527023623529,4.0
0.0,0.0226353393228519,8.0
0.0,0.0076727363988653,4.0
0.0,0.0294379105237889,5.0
0.0,0.0253309957966727,8.0
0.0,0.0,8.0
0.0,0.0,8.0
0.0,0.0,7.0
0.0,0.0,5.0
0.0,0.0,9.0
0.0,0.0,10.0
0.0,0.0,8.0
0.0,0.0,7.0
0.0,0.0,4.0
0.0,0.0,13.0
0.0,0.0,9.0
0.0,0.0,8.0
0.0,0.0,11.0
0.0,0.0,9.0
0.0,0.0,4.0
0.0,0.0,8.0
0.0,0.0,6.0
0.0,0.0,0.0
0.0,0.0,6.0
0.0,0.0,8.0
0.0,0.0,6.0
0.0,0.0,8.0
0.0,0.0,13.0
0.0,0.0,9.0
0.0,0.0,8.0
0.0,0.0,13.0
0.0,0.0259794320272231,13.0
0.0,0.0088450363205666,6.0
0.0,0.0144813049100621,4.0
0.0,0.0280062809178764,8.0
0.0,0.0229775617120007,7.0
0.0,0.0124478339637772,3.0
0.0,0.0164455547928062,8.0
0.0,0.0154169184282413,8.0
0.0,0.0111633010356908,14.0
0.0,0.024138209714388,13.0
0.0,0.0215238347602241,13.0
0.0,0.023243950154946,11.0
0.0,0.0256704122964929,10.0
0.0,0.0270197718252695,12.0
0.0,0.0140863565859201,15.0
0.0,0.0192218775270718,14.0
0.0,0.0091877293261502,15.0
0.0,0.0278769036505468,12.0
0.0,0.0152092968235172,14.0
0.0,0.0261730838718296,11.0
0.0,0.0133688398560562,14.0
0.0,0.0,14.0
0.0,0.0,12.0
0.0,0.0053812935884631,15.0
0.0,0.0322727927085207,14.0
0.0,0.0,11.0
0.0,0.0,10.0
0.0,0.0,14.0
0.0,0.0,13.0
0.0,0.0,14.0
0.0,0.0,12.0
0.0,0.0,14.0
0.0,0.0,11.0
0.0,0.0,11.0
0.0,0.0,15.0
0.0,0.0,14.0
0.0,0.0,12.0
0.0,0.0,11.0
0.0,0.0,12.0
0.0,0.0,14.0
9714.0,0.0338324264185123,11.0
6142.0,0.0190458905518406,13.0
21709.0,0.0075945431558947,15.0
37856.0,0.0199025621915696,13.0
51770.0,0.0212909160746311,14.0
24406.0,0.0131759738283432,12.0
447.0,0.0079120448220599,13.0
5440.0,0.031740589853156,11.0
3281.0,0.0408517622399626,14.0
3575.0,0.0350280448481295,14.0
7489.0,0.026598303666389,13.0
4737.0,0.0224980775548677,13.0
2583.0,0.0323967772888376,13.0
17019.0,0.0341704293150929,4.0
14998.0,0.0140384672826136,7.0
18417.0,0.0387251924876217,10.0
30584.0,0.0307044483003687,9.0
7707.0,0.0169048631516031,13.0
22966.0,0.0377574811571542,11.0
15200.0,0.0394615176928516,13.0
33196.0,0.0361428602690384,12.0
43231.0,0.0168873482608206,14.0
25338.0,0.0297881470430589,12.0
18273.0,0.0157551114658228,14.0
26707.0,0.0290638102406335,9.0
25749.0,0.0086352505390463,9.0
39813.0,0.0331850627028575,12.0
31927.0,0.022572008957924,10.0
28432.0,0.0249608212264517,13.0
25101.0,0.0338800008500193,15.0
59309.0,0.0149249943461165,10.0
68630.0,0.0250338909712019,11.0
42129.0,7.359214139231879e-05,11.0
52621.0,0.0156484401123783,11.0
53598.0,0.0220936654249475,9.0
10452.0,0.0226802415713375,7.0
8851.0,0.0454781548489309,12.0
0.0,0.010751749989602,5.0
19577.0,0.0198138248451237,6.0
31063.0,0.043033004559473,9.0
13363.0,0.0238436241931714,8.0
3211.0,0.0116384298649953,6.0
7553.0,0.0171799526215721,7.0
15798.0,0.0495823278575265,6.0
23888.0,0.0280770433413431,4.0
13439.0,0.0266687043913529,15.0
3729.0,0.0262735124063027,8.0
99.0,0.0410066355818148,8.0
4185.0,0.0173415530978076,7.0
14535.0,0.0308864953633211,8.0
25411.0,0.0195992090268404,10.0
13284.0,0.0299912480474115,8.0
20646.0,0.0242889782741901,5.0
9494.0,0.0278297512785867,3.0
17769.0,0.0281590593169993,4.0
9800.0,0.0339806459298658,4.0
18874.0,0.0267788760727872,2.0
16229.0,0.0119933512072834,8.0
25352.0,0.0232756886390666,7.0
7315.0,0.0388658729854791,5.0
20038.0,0.0237101154104647,9.0
10772.0,0.0381252996246572,15.0
15515.0,0.0105496648610148,9.0
332.0,0.0435678314075107,12.0
5381.0,0.0268367427706369,11.0
4511.0,0.0308381834239397,13.0
22399.0,0.0074597261891285,7.0
20723.0,0.0252050599037109,11.0
28457.0,0.0350007590171807,7.0
32874.0,0.0318572879165979,12.0
5802.0,0.033563062883347,7.0
25985.0,0.0221842957918886,6.0
21138.0,0.015244166606305,9.0
19335.0,0.0314983893312527,9.0
17012.0,0.0005981409637749,6.0
5039.0,0.0262570378949025,12.0
21372.0,0.017116724368621,4.0
4039.0,0.0309951371039549,9.0
3064.0,0.0271121036665356,9.0
0.0,0.0357376950057218,8.0
6175.0,0.0238131450392431,10.0
11515.0,0.0137494060157904,6.0
8822.0,0.0163755480847719,5.0
0.0,0.0095763155124338,6.0
0.0,0.0020461863236739,6.0
1540.0,0.0376013703828028,10.0
3745.0,0.0166848251749532,7.0
7284.0,0.0,6.0
7896.0,0.0313514217457237,5.0
0.0,0.0223930490639148,6.0
0.0,0.0198073209083749,7.0
0.0,0.02796630805349,5.0
0.0,0.0353388638750109,9.0
0.0,0.0105304168517078,4.0
0.0,0.0,7.0
0.0,0.0062536071361681,9.0
0.0,0.0,8.0
0.0,0.0,9.0
0.0,0.0,8.0
0.0,0.0,7.0
0.0,0.0,9.0
0.0,0.0,10.0
0.0,0.0,4.0
0.0,0.0,8.0
0.0,0.0,9.0
0.0,0.0,13.0
0.0,0.0,10.0
0.0,0.0,7.0
0.0,0.0,4.0
0.0,0.0,8.0
0.0,0.0,4.0
0.0,0.0,4.0
0.0,0.0,5.0
0.0,0.0,5.0
0.0,0.0,3.0
0.0,0.0,8.0
0.0,0.0,9.0
0.0,0.0,11.0
0.0,0.0,13.0
0.0,0.0,10.0
0.0,0.0,10.0
0.0,0.0,12.0
0.0,0.0213673140081819,8.0
0.0,0.0083958673590179,3.0
0.0,0.0096286051870665,4.0
0.0,0.0,8.0
0.0,0.0247823088266606,5.0
0.0,0.0019362583669121,6.0
0.0,0.0221245195627779,7.0
0.0,0.0241902269436039,8.0
0.0,0.0166860492010605,9.0
0.0,0.0142766199406613,11.0
0.0,0.0,13.0
0.0,0.0258255385567263,15.0
0.0,0.006602977890884,12.0
0.0,0.0210334939499743,12.0
0.0,0.0203562478798101,14.0
0.0,0.0081109362025108,14.0
0.0,0.007506817573474,14.0
0.0,0.0223623080246394,12.0
0.0,0.0117672163986554,12.0
0.0,0.0284185644289234,11.0
0.0,0.0081773251325799,12.0
0.0,0.0194066237408481,11.0
0.0,0.0389785560504887,13.0
0.0,0.0129257731267598,14.0
0.0,0.0,14.0
0.0,0.0,11.0
0.0,0.0,11.0
0.0,0.0,15.0
0.0,0.0,12.0
0.0,0.0,11.0
0.0,0.0,15.0
0.0,0.0,14.0
0.0,0.0,15.0
0.0,0.0,14.0
0.0,0.0,15.0
0.0,0.0,15.0
0.0,0.0,15.0
0.0,0.0,14.0
0.0,0.0,15.0
0.0,0.0,15.0
15249.0,0.0206376391960946,14.0
7140.0,0.0368131536197648,15.0
24427.0,0.0253845220111397,11.0
36925.0,0.0181795250680094,15.0
62663.0,0.0368317054478781,12.0
33181.0,0.0140535565480942,12.0
12220.0,0.0184066682396947,14.0
12740.0,0.0201530956356578,11.0
13084.0,0.0356388124596326,13.0
3589.0,0.0165192122600929,14.0
9650.0,0.0315808062414871,11.0
8744.0,0.0452521008361816,15.0
6745.0,0.0363597189733169,14.0
10663.0,0.0322532037961516,5.0
8026.0,0.0255992105200895,11.0
20853.0,0.0384012105258776,11.0
24461.0,0.006230027257281,10.0
22717.0,0.03139004958079,15.0
27382.0,0.0311612319647003,15.0
11399.0,0.0360349387714589,15.0
24933.0,0.030931311410479,13.0
24898.0,0.0365072646890171,12.0
22490.0,0.0146399325115419,9.0
21806.0,0.0413866963091373,14.0
19134.0,0.0463024685256552,6.0
31441.0,0.0082348178401179,14.0
44052.0,0.0187328306245725,12.0
27824.0,0.0246932378250836,8.0
18288.0,0.0147633315031636,13.0
25800.0,0.0314046643014557,13.0
52171.0,0.0369599374505926,10.0
54040.0,0.0407662916464521,13.0
51118.0,0.0305785596735659,11.0
58667.0,0.0289614013283014,9.0
41582.0,0.0320106457961085,15.0
21006.0,0.0182950602875065,10.0
21235.0,0.0336277104192519,7.0
19839.0,0.0218794978448072,8.0
28889.0,0.0426270283051998,10.0
35549.0,0.0223031599325873,9.0
15356.0,0.0347611027482462,9.0
8276.0,0.0197947367765734,10.0
10962.0,0.0098005381885261,8.0
0.0,0.027422442526361,6.0
7720.0,0.0463410076350264,7.0
16388.0,0.0263258297920391,9.0
8016.0,0.0173663190820042,9.0
0.0,0.0334215522292944,8.0
14413.0,0.0275087207983754,2.0
12190.0,0.0306139497914224,7.0
26568.0,0.0354573161285771,6.0
10868.0,0.0154304024002566,10.0
42777.0,0.0447179955493657,7.0
11691.0,0.0286009996351721,5.0
15559.0,0.0146883619155066,5.0
0.0,0.0343602201482768,6.0
19251.0,0.0214346353424699,8.0
18537.0,0.040409945748078,11.0
14206.0,0.0163057270648737,5.0
13469.0,0.025816696221213,9.0
10213.0,0.0240296598226537,6.0
8895.0,0.0355894068854196,9.0
11222.0,0.0087126820826511,8.0
8689.0,0.0128945607783249,8.0
6199.0,0.0308590056544762,11.0
13552.0,0.0181594123305056,10.0
15956.0,0.0135421920401452,6.0
29771.0,0.0290113649370017,14.0
26266.0,0.0340767917027189,8.0
33005.0,0.0309977374918701,9.0
13006.0,0.0123336499194052,9.0
20704.0,0.0105657014009044,10.0
14611.0,0.0341138532580269,11.0
12111.0,0.0339042333700976,5.0
19526.0,0.0177953503449046,6.0
11482.0,0.0211092537469326,9.0
12080.0,0.0319468144844533,4.0
0.0,0.0317167272905473,10.0
0.0,0.0398078135662899,10.0
11156.0,0.0215735590522818,7.0
19744.0,0.0264496713177355,9.0
1792.0,0.0035964656815851,10.0
5040.0,0.0301852910542612,4.0
10432.0,0.00600487329062,3.0
0.0,0.0119236332138384,8.0
0.0,0.0100607484477862,9.0
2391.0,0.0264496552639067,8.0
12762.0,0.0268161079280358,10.0
4789.0,0.0326439502384869,6.0
0.0,0.0140457713850735,5.0
0.0,0.0198888394730885,10.0
0.0,0.0252663399353873,4.0
0.0,0.0288819992571992,8.0
0.0,0.0267628800842575,6.0
0.0,0.0185424004816622,10.0
0.0,0.0156465112435173,11.0
0.0,0.0,8.0
0.0,0.0,9.0
0.0,0.0,10.0
0.0,0.0,10.0
0.0,0.0,9.0
0.0,0.0,8.0
0.0,0.0,4.0
0.0,0.0,9.0
0.0,0.0,6.0
0.0,0.0,12.0
0.0,0.0,6.0
0.0,0.0,6.0
0.0,0.0,6.0
0.0,0.0,9.0
0.0,0.0,7.0
0.0,0.0,6.0
0.0,0.0,6.0
0.0,0.0,4.0
0.0,0.0,5.0
0.0,0.0,7.0
0.0,0.0,7.0
0.0,0.0,7.0
0.0,0.0,9.0
0.0,0.0,9.0
0.0,0.0,13.0
0.0,0.0,12.0
0.0,0.0141308093487655,11.0
0.0,0.0105086197299318,7.0
0.0,0.0110375989314298,3.0
0.0,0.0133577582716544,10.0
0.0,0.0269597145568684,10.0
0.0,0.0241744691965845,6.0
0.0,0.031658885620011,5.0
0.0,0.0181092382627534,6.0
0.0,0.0131372229317799,14.0
0.0,0.0090970933284276,13.0
0.0,0.0312873009398701,12.0
0.0,0.0151949555016031,11.0
0.0,0.0012826285772107,13.0
0.0,0.0156989220273905,11.0
0.0,0.022086707381546,12.0
0.0,0.0188596282590614,15.0
0.0,0.0068657178860247,13.0
0.0,0.0134188552949567,15.0
0.0,0.0143989881643168,15.0
0.0,0.0055299710728451,12.0
0.0,0.0048157913794252,15.0
0.0,0.0270697651457453,14.0
0.0,0.0193301423325656,15.0
0.0,0.027138854580968,14.0
0.0,0.0105173561001123,14.0
0.0,0.0,12.0
0.0,0.0,13.0
0.0,0.0,15.0
0.0,0.0,11.0
0.0,0.0,13.0
0.0,0.0,11.0
0.0,0.0,14.0
0.0,0.0,12.0
0.0,0.0,15.0
0.0,0.0,13.0
0.0,0.0,15.0
0.0,0.0,11.0
0.0,0.0,15.0
0.0,0.0,14.0
0.0,0.0,14.0
12755.0,0.0293512534133889,15.0
9155.0,0.0282261147277943,9.0
29843.0,0.022050430159373,13.0
37983.0,0.0383072856508398,14.0
59303.0,0.0409543991178287,12.0
38235.0,0.0270938001171563,12.0
7356.0,0.0152324359569478,10.0
5487.0,0.032372972233464,13.0
4860.0,0.0553269708565413,12.0
7497.0,0.029494701810387,11.0
16736.0,0.031665377439484,12.0
13170.0,0.0366832637486132,13.0
10782.0,0.0356274725327149,15.0
23364.0,0.0320999506851255,7.0
13458.0,0.0505315897283285,10.0
26538.0,0.0491941929864763,11.0
23865.0,0.0442491199924033,13.0
6126.0,0.0371835653245617,14.0
33297.0,0.0459374936167916,12.0
18641.0,0.0381754100879261,14.0
45129.0,0.0238887340580158,13.0
31992.0,0.0249399827430531,9.0
10714.0,0.0135616332094626,13.0
21121.0,0.0198862117486346,13.0
15921.0,0.0288707374654029,10.0
31619.0,0.0336254012795119,10.0
51260.0,0.0262516694308114,9.0
30512.0,0.0260665387315021,7.0
31327.0,0.0345754084692564,15.0
34512.0,0.0317028946645158,14.0
51067.0,0.0334180464951144,12.0
49987.0,0.0214702772316562,9.0
44370.0,0.0151267581529259,15.0
50007.0,0.0259678097531559,8.0
47990.0,0.030733657535487,10.0
12517.0,0.0377750370803166,9.0
21483.0,0.0250711256295821,6.0
5605.0,0.0203988890099732,6.0
31116.0,0.0180344345143217,11.0
33747.0,0.0232388586437757,9.0
13387.0,0.0113269243347098,10.0
6606.0,0.0342243381490725,8.0
8084.0,0.0203565643053465,7.0
20420.0,0.0429272542812132,10.0
10703.0,0.0180426798143567,2.0
18013.0,0.0245867240934508,3.0
23921.0,0.0208919351017793,7.0
5161.0,0.0289197817928724,11.0
5389.0,0.009196486907197,4.0
23255.0,0.0215924353900483,5.0
21158.0,0.0182806549693748,6.0
12084.0,0.0445113996513686,12.0
25470.0,0.0346160938904682,8.0
15164.0,0.0292528970316552,7.0
21238.0,0.0260428249835935,6.0
7873.0,0.0430540218860701,4.0
31494.0,0.0172537620078252,8.0
7561.0,0.0170987819607222,7.0
10412.0,0.0245152033368656,9.0
14125.0,0.0261281093504674,6.0
22024.0,0.0458040616187671,8.0
11895.0,0.0347590659108631,7.0
7953.0,0.0347387073651461,11.0
13805.0,0.0346705468729605,11.0
11201.0,0.0298651953687117,12.0
13447.0,0.0161675527010033,15.0
22325.0,0.0122899037619222,8.0
17103.0,0.0282310045811342,13.0
24435.0,0.0331092558001386,7.0
24823.0,0.0462434733257897,7.0
9862.0,0.0310230677734345,8.0
28384.0,0.0074591647638383,9.0
17138.0,0.0467203858012439,10.0
12585.0,0.0190498113850152,8.0
7041.0,0.0355721905786845,7.0
13431.0,0.0249181008251973,9.0
8457.0,0.0165069921328015,7.0
3410.0,0.0220177514879424,9.0
2280.0,0.0301726318605628,10.0
5065.0,0.0254532815227485,9.0
5661.0,0.0197436278743245,8.0
0.0,0.0198134569591606,8.0
12343.0,0.0092361745034083,6.0
11722.0,0.0318012251769454,1.0
5993.0,0.0311771701545035,8.0
5257.0,0.0040765977112022,7.0
0.0,0.0157505725866384,9.0
2542.0,0.0398508101741454,6.0
5489.0,0.013517781572386,6.0
0.0,0.0178583103857567,7.0
0.0,0.012401341159868,5.0
0.0,0.0246087801935432,7.0
0.0,0.0149583997396158,9.0
0.0,0.0070057819951625,9.0
0.0,0.0249849626065445,6.0
0.0,0.0144883505756164,9.0
0.0,0.0,5.0
0.0,0.0,8.0
0.0,0.0,7.0
0.0,0.0,10.0
0.0,0.0,10.0
0.0,0.0,11.0
0.0,0.0,7.0
0.0,0.0,11.0
0.0,0.0,7.0
0.0,0.0,14.0
0.0,0.0,6.0
0.0,0.0,3.0
0.0,0.0,10.0
0.0,0.0,7.0
0.0,0.0,7.0
0.0,0.0,2.0
0.0,0.0,3.0
0.0,0.0,2.0
0.0,0.0,7.0
0.0,0.0,7.0
0.0,0.0,4.0
0.0,0.0,5.0
0.0,0.0,11.0
0.0,0.0,13.0
0.0,0.0,14.0
0.0,0.0,14.0
0.0,0.034164635536587,7.0
0.0,0.0144434245381449,7.0
0.0,0.0177287694472033,7.0
0.0,0.0238828855849095,14.0
0.0,0.0103682691631738,10.0
0.0,0.0222354752366421,5.0
0.0,0.0124955822752901,4.0
0.0,0.0061218623533451,6.0
0.0,0.0352567316842102,13.0
0.0,0.023874613175693,12.0
0.0,0.0103347795640897,9.0
0.0,0.0230681005028053,11.0
0.0,0.0174747239106598,13.0
0.0,0.0247598247880615,12.0
0.0,0.0267058713247598,14.0
0.0,0.02047303784399,15.0
0.0,0.0,15.0
0.0,0.0051475041180972,13.0
0.0,0.0327914780169993,11.0
0.0,0.03170568289016,15.0
0.0,0.0153933808546588,12.0
0.0,0.0,12.0
0.0,0.017687094842983,15.0
0.0,0.0109075098727523,13.0
0.0,0.0379099713181056,15.0
0.0,0.0,15.0
0.0,0.0,13.0
0.0,0.0,14.0
0.0,0.0,14.0
0.0,0.0,9.0
0.0,0.0,13.0
0.0,0.0,15.0
0.0,0.0,15.0
0.0,0.0,14.0
0.0,0.0,11.0
0.0,0.0,13.0
0.0,0.0,14.0
0.0,0.0,15.0
0.0,0.0,12.0
0.0,0.0,10.0
13017.0,0.021171800349793,14.0
12291.0,0.0227460661183131,14.0
22259.0,0.013929743871137,13.0
42720.0,0.0358160713804989,13.0
52903.0,0.0264466076605521,12.0
35742.0,0.028966314808546,8.0
19270.0,0.0325572825699667,15.0
10208.0,0.0313211677355469,15.0
4219.0,0.0363347002767115,11.0
3661.0,0.0438040693979651,12.0
1404.0,0.0162849371696909,13.0
11183.0,0.0306897129464477,9.0
5857.0,0.0293598360863747,15.0
17768.0,0.0170834001985717,11.0
27705.0,0.037012931072073,10.0
22369.0,0.0354286938224105,14.0
11674.0,0.0361579579750462,9.0
12129.0,0.0389885831008452,15.0
19681.0,0.0430528600689743,15.0
12168.0,0.0406246285890813,13.0
35309.0,0.0296536513182091,12.0
35561.0,0.0295195635608677,13.0
11385.0,0.0388279530986005,14.0
28591.0,0.0159322258275991,12.0
15890.0,0.0153016415669768,11.0
28729.0,0.0467997746061593,11.0
41901.0,0.0250360771975633,11.0
19704.0,0.0341655767857369,10.0
34078.0,0.0177035451977367,13.0
28833.0,0.0347193335931008,15.0
49824.0,0.0098021499226974,10.0
60515.0,0.018759713160016,10.0
58324.0,0.0315738699487527,13.0
43338.0,0.0325994300799609,9.0
35514.0,0.0209216848996982,11.0
19100.0,0.0307407949978238,11.0
11503.0,0.0272799482018082,6.0
10788.0,0.0273806069513481,2.0
15603.0,0.022626111467107,6.0
24845.0,0.0417072593355697,11.0
20117.0,0.00854135746561,8.0
2607.0,0.0513623286915402,11.0
10100.0,0.0194953559168803,11.0
8371.0,0.0100542629704256,7.0
10552.0,0.0316329842201817,3.0
27731.0,0.0259168860140201,8.0
22175.0,0.0172934263077028,9.0
8207.0,0.02341428989147,10.0
7238.0,0.0344041380569963,3.0
10141.0,0.0267173985205348,3.0
25662.0,0.035435389703614,7.0
5696.0,0.0087170098417779,6.0
24069.0,0.0285773193508601,11.0
12208.0,0.0236618819529145,6.0
6188.0,0.0278431555439484,8.0
0.0,0.0211891966998556,5.0
12787.0,0.0396532878427815,9.0
12780.0,0.0,10.0
14376.0,0.0361575979830563,8.0
10405.0,0.0197609563452016,8.0
11253.0,0.0097892143413491,6.0
5804.0,0.0505343889638481,7.0
19454.0,0.0281226867075943,13.0
20087.0,0.0413300685054053,11.0
10042.0,0.0176027539548043,9.0
2314.0,0.0297558059031946,13.0
12760.0,0.0339156972826127,5.0
28516.0,0.0190314163390631,11.0
36133.0,0.0288584222960269,7.0
32260.0,0.0126859246830147,8.0
9141.0,0.0210386063438158,13.0
5687.0,0.0340858125485708,13.0
20125.0,0.0182486335377133,7.0
13706.0,0.0344247039792794,5.0
30076.0,0.0379154943790701,6.0
17197.0,0.0256018813134308,7.0
10359.0,0.0282848334276974,4.0
12497.0,0.0206731792788694,12.0
1563.0,0.0098091315685919,10.0
692.0,0.028585481397064,10.0
0.0,0.0321602319528516,9.0
1920.0,0.021765907243051,11.0
5781.0,0.0178340365349497,2.0
0.0,0.0327106074457767,4.0
6274.0,0.025858355541525,7.0
3836.0,0.0273227112254939,9.0
0.0,0.039754334530721,11.0
499.0,0.0498501152189196,4.0
0.0,0.0289751675294737,6.0
0.0,0.0390230527218831,5.0
0.0,0.0207336671672002,6.0
0.0,0.0127762761468983,3.0
0.0,0.0345096953361127,7.0
0.0,0.0339981230292163,5.0
0.0,0.0288514837752577,13.0
0.0,0.028251508820393,11.0
0.0,0.0,9.0
0.0,0.0,7.0
0.0,0.0,7.0
0.0,0.0,10.0
0.0,0.0,9.0
0.0,0.0,7.0
0.0,0.0,8.0
0.0,0.0,11.0
0.0,0.0,6.0
0.0,0.0,15.0
0.0,0.0,6.0
0.0,0.0,5.0
0.0,0.0,9.0
0.0,0.0,5.0
0.0,0.0,3.0
0.0,0.0,4.0
0.0,0.0,4.0
0.0,0.0,6.0
0.0,0.0,5.0
0.0,0.0,7.0
0.0,0.0,4.0
0.0,0.0,9.0
0.0,0.0,15.0
0.0,0.0,7.0
0.0,0.0,11.0
0.0,0.0,15.0
0.0,0.0164498420304928,14.0
0.0,0.0244101359868462,1.0
0.0,0.0206090013019587,2.0
0.0,0.0159171814187613,11.0
0.0,0.0413969250920337,11.0
0.0,0.01624945507227,10.0
0.0,0.0066845155010564,6.0
0.0,0.0286871389017671,6.0
0.0,0.0123644718469695,10.0
0.0,0.0117651020471343,13.0
0.0,0.0244097488566913,12.0
0.0,0.02071939964149,12.0
0.0,0.0231041030918502,15.0
0.0,0.0135130067894425,11.0
0.0,0.0105932535308753,11.0
0.0,0.0129294751728041,15.0
0.0,0.0191441082143506,11.0
0.0,0.0354398369813747,13.0
0.0,0.0285991090242127,12.0
0.0,0.0116041374834857,15.0
0.0,0.0250332718683165,12.0
0.0,0.0,14.0
0.0,0.0011360215364656,13.0
0.0,0.0334341599667986,14.0
0.0,0.0289181477074621,14.0
0.0,0.0,8.0
0.0,0.0,14.0
0.0,0.0,13.0
0.0,0.0,15.0
0.0,0.0,12.0
0.0,0.0,12.0
0.0,0.0,14.0
0.0,0.0,14.0
0.0,0.0,13.0
0.0,0.0,13.0
0.0,0.0,14.0
0.0,0.0,12.0
0.0,0.0,11.0
0.0,0.0,11.0
0.0,0.0,15.0
16220.0,0.0042646745251788,8.0
13333.0,0.0,15.0
25518.0,0.0230477398428649,15.0
34441.0,0.0104907307758139,12.0
49250.0,0.0111328708782432,15.0
32258.0,0.0428229652268259,11.0
16437.0,0.0205035699746399,11.0
18051.0,0.0210876813019136,12.0
171.0,0.0226167331762896,13.0
2298.0,0.0322511820251618,14.0
19681.0,0.0210102620988829,14.0
6791.0,0.0385068852591776,10.0
12214.0,0.0524203621341684,12.0
11326.0,0.0360380329829229,9.0
22483.0,0.0390852197276192,10.0
10930.0,0.0017904313605706,11.0
20957.0,0.0420130436452642,13.0
13458.0,0.0310347779497671,13.0
27219.0,0.0526636231110134,15.0
13865.0,0.0298215930314864,12.0
38716.0,0.0136443281003565,14.0
19711.0,0.0352353229688854,13.0
16724.0,0.035271478534201,13.0
22815.0,0.0348588772693872,13.0
23697.0,0.0208717716318974,12.0
18673.0,0.0156650979711853,10.0
36844.0,0.0256269934867204,14.0
38412.0,0.0337675282786797,13.0
34039.0,0.0261893286371714,14.0
30682.0,0.0325255300025443,10.0
58509.0,0.022095505725395,8.0
49130.0,0.0316903694230584,11.0
48717.0,0.0232200123682091,14.0
54220.0,0.0182255023777279,10.0
33697.0,0.0182973663527141,7.0
13450.0,0.0256440370611094,7.0
8746.0,0.0210629239916883,7.0
17410.0,0.0315480619661628,6.0
17570.0,0.0273661742724307,10.0
45482.0,0.0336294949835416,9.0
31040.0,0.037524108777566,11.0
17057.0,0.0126415434482176,9.0
19417.0,0.036036982998348,8.0
1866.0,0.0259347081835982,7.0
6937.0,0.0294102248026304,5.0
15830.0,0.0183477526731838,6.0
13770.0,0.0332427102946767,7.0
0.0,0.0217293509984295,8.0
4202.0,0.0256348752400444,2.0
20653.0,0.0218733778726829,2.0
34482.0,0.0364558664513136,8.0
13149.0,0.0337891397582424,10.0
25269.0,0.0318223773826323,6.0
17757.0,0.0203909484344006,3.0
8904.0,0.0373359857703518,5.0
4891.0,0.0414378111608458,4.0
21092.0,0.0381985543468617,4.0
14044.0,0.0150951942705931,3.0
12768.0,0.0315982631271364,7.0
23920.0,0.0310854700862467,7.0
495.0,0.0423104260559324,9.0
17960.0,0.0353808820765879,11.0
10108.0,0.0140727616042032,10.0
3248.0,0.0329535310151046,5.0
6620.0,0.033797260595004,9.0
0.0,0.0343693645061039,14.0
27523.0,0.01989103307677,11.0
35027.0,0.0216134779249016,11.0
27636.0,0.0183555261875516,10.0
21742.0,0.0273461472387516,6.0
16254.0,0.0204106961706313,9.0
19246.0,0.0389452161837175,7.0
26338.0,0.0328552173270764,7.0
1255.0,0.0369366172406693,2.0
24113.0,0.0398926436238268,6.0
19403.0,0.0274777056579329,3.0
20246.0,0.0245742592965109,2.0
4516.0,0.0182174570954382,7.0
0.0,0.0128746496432664,8.0
4960.0,0.0229973158040071,10.0
5914.0,0.0087791776708132,6.0
0.0,0.0171239639816444,9.0
0.0,0.0361318558244808,7.0
195.0,0.0233965654689586,6.0
2051.0,0.0233641546694554,7.0
0.0,0.0161631862981662,7.0
1970.0,0.0292141214172523,8.0
0.0,0.0138297686511298,2.0
3399.0,0.0,7.0
0.0,0.0253784915432666,8.0
0.0,0.0169549876500547,7.0
0.0,0.0206710933411844,8.0
0.0,0.0290982630433944,9.0
0.0,0.0088732551401468,6.0
0.0,0.0004026405145416,9.0
0.0,0.0263583126662085,12.0
0.0,0.0,12.0
0.0,0.0,12.0
0.0,0.0,5.0
0.0,0.0,6.0
0.0,0.0,9.0
0.0,0.0,8.0
0.0,0.0,3.0
0.0,0.0,9.0
0.0,0.0,7.0
0.0,0.0,12.0
0.0,0.0,6.0
0.0,0.0,10.0
0.0,0.0,7.0
0.0,0.0,8.0
0.0,0.0,3.0
0.0,0.0,6.0
0.0,0.0,6.0
0.0,0.0,6.0
0.0,0.0,4.0
0.0,0.0,7.0
0.0,0.0,4.0
0.0,0.0,10.0
0.0,0.0,15.0
0.0,0.0,12.0
0.0,0.0,10.0
0.0,0.0,11.0
0.0,0.0104196404354734,9.0
0.0,0.0184963105761062,3.0
0.0,0.0215693673806106,1.0
0.0,0.0242848543157226,11.0
0.0,0.0146344828010234,7.0
0.0,0.0213494960385643,6.0
0.0,0.0178411360681312,6.0
0.0,0.0273850678796625,5.0
0.0,0.0136348844853151,12.0
0.0,0.0201606324448353,11.0
0.0,0.008714782460876,12.0
0.0,0.0280808335273667,14.0
0.0,0.0190998758993394,13.0
0.0,0.018906178406265,12.0
0.0,0.0095541007232358,12.0
0.0,0.0124039451581339,15.0
0.0,0.0189124676862569,14.0
0.0,0.0237963572234834,10.0
0.0,0.0251186298162034,11.0
0.0,0.0099944985261506,12.0
0.0,0.0171074690880206,14.0
0.0,0.0158206307702626,13.0
0.0,0.0264377813513857,13.0
0.0,0.0,15.0
0.0,0.0195630827168212,15.0
0.0,0.0,12.0
0.0,0.0,14.0
0.0,0.0,14.0
0.0,0.0,15.0
0.0,0.0,15.0
0.0,0.0,12.0
0.0,0.0,11.0
0.0,0.0,13.0
0.0,0.0,14.0
0.0,0.0,11.0
0.0,0.0,13.0
0.0,0.0,11.0
0.0,0.0,12.0
0.0,0.0,13.0
0.0,0.0,13.0
20332.0,0.0244981153869835,11.0
11405.0,0.0390508699874382,13.0
27781.0,0.0212715438064981,9.0
40354.0,0.0268943441226226,13.0
50895.0,0.0004448152249277,12.0
28989.0,0.0168088570952423,14.0
4217.0,0.0176478411694086,11.0
6262.0,0.0299339440975565,14.0
10315.0,0.0369399080815219,13.0
20699.0,0.0356373380400277,15.0
7036.0,0.0416026695388055,15.0
0.0,0.0490803220939477,14.0
15481.0,0.0150525611205248,13.0
26615.0,0.0329577029253451,11.0
8707.0,0.0492324950727697,8.0
15674.0,0.0371392954787235,12.0
11546.0,0.033587819754715,13.0
56.0,0.0223464964322258,13.0
22970.0,0.0431443969760744,12.0
17983.0,0.0519668484987963,15.0
31486.0,0.0299625850749344,12.0
38274.0,0.0,13.0
23106.0,0.026308483398925,11.0
26520.0,0.0177919047437712,10.0
30244.0,0.0348832858340977,11.0
27805.0,0.0433677783193017,9.0
40665.0,0.03482515112071,12.0
36985.0,0.0220314867167557,10.0
21877.0,0.0408399015858431,13.0
28891.0,0.0313761268043711,15.0
54233.0,0.0437193128626652,12.0
42551.0,0.0358152133332629,15.0
38527.0,0.0155670996263898,12.0
42606.0,0.0210832166316861,9.0
39799.0,0.0459155000333673,12.0
7410.0,0.0520131971497173,7.0
17151.0,0.0,9.0
11112.0,0.0468059594253372,4.0
30164.0,0.0207292848004865,10.0
26476.0,0.035890337657121,12.0
16969.0,0.0270204036213391,7.0
7319.0,0.0171239659144577,6.0
2369.0,0.0088590335678961,9.0
9510.0,0.0224392270868191,6.0
17821.0,0.0258008808169433,6.0
10571.0,0.0361214061863865,8.0
24402.0,0.0380103588769548,4.0
11859.0,0.0125495184721645,12.0
17661.0,0.0327743144962994,4.0
13662.0,0.0179231793595811,7.0
21746.0,0.0296997833046825,5.0
9547.0,0.0560254901076583,10.0
22752.0,0.0102980644501234,10.0
9288.0,0.0305759988442178,6.0
5677.0,0.0296581372248389,7.0
11778.0,0.0311740836114132,6.0
13686.0,0.0427591841777141,8.0
9328.0,0.0466531382156454,10.0
14816.0,0.0321578618035977,8.0
5549.0,0.0,7.0
20158.0,0.0541287784050772,6.0
0.0,0.0115625137277513,11.0
12843.0,0.0317051334533772,8.0
7111.0,0.0187855230880147,9.0
8505.0,0.0301750432406858,11.0
0.0,0.0140552701638995,14.0
28574.0,0.0307919990822581,7.0
26535.0,0.0354925013761324,11.0
15975.0,0.0423898685993593,10.0
15591.0,0.0268754908912522,8.0
7135.0,0.0237792129534368,6.0
16501.0,0.0429981070528658,12.0
16373.0,0.0317647483336779,10.0
11684.0,0.0275002309338178,5.0
19775.0,0.0257884493117538,5.0
18431.0,0.0331406796740115,9.0
4513.0,0.0172051976546164,6.0
6189.0,0.0305664124117212,11.0
11664.0,0.0374752195224681,12.0
5300.0,0.0232777280011796,7.0
13179.0,0.0444841315244021,8.0
5154.0,0.0174864574490013,7.0
1474.0,0.0062692117492002,3.0
15632.0,0.0262275695581806,7.0
1366.0,0.0129529704418839,10.0
4084.0,0.0034570701653298,9.0
0.0,0.0245857724039985,6.0
1367.0,0.0169831153741659,6.0
3022.0,0.0102278361398416,6.0
0.0,0.0174031738220882,6.0
0.0,0.0118666728867591,5.0
0.0,0.0235714889189902,7.0
0.0,0.0086742361848805,8.0
0.0,0.0142964155889439,5.0
0.0,0.0,11.0
0.0,0.0255618827922559,7.0
0.0,0.0,6.0
0.0,0.0,9.0
0.0,0.0,6.0
0.0,0.0,7.0
0.0,0.0,8.0
0.0,0.0,5.0
0.0,0.0,3.0
0.0,0.0,12.0
0.0,0.0,7.0
0.0,0.0,15.0
0.0,0.0,3.0
0.0,0.0,7.0
0.0,0.0,13.0
0.0,0.0,8.0
0.0,0.0,6.0
0.0,0.0,5.0
0.0,0.0,7.0
0.0,0.0,8.0
0.0,0.0,3.0
0.0,0.0,6.0
0.0,0.0,4.0
0.0,0.0,12.0
0.0,0.0,12.0
0.0,0.0,11.0
0.0,0.0,9.0
0.0,0.0,11.0
0.0,0.0129744685036351,11.0
0.0,0.0057251310337785,2.0
0.0,0.0079023661000038,5.0
0.0,0.0288163143392155,11.0
0.0,0.0140654679012932,8.0
0.0,0.0126088271841827,5.0
0.0,0.0,5.0
0.0,0.0273987861154026,7.0
0.0,0.0261031476133149,14.0
0.0,0.0176142675026874,15.0
0.0,0.030991237397799,12.0
0.0,0.0013696772056263,15.0
0.0,0.0235714637968801,14.0
0.0,0.0293810851479231,14.0
0.0,0.0300678110436908,13.0
0.0,0.0021002450634907,15.0
0.0,0.007087965584009,15.0
0.0,0.0164063391184786,12.0
0.0,0.0426263051186506,10.0
0.0,0.02506135018048,11.0
0.0,0.0142892452744032,12.0
0.0,0.0270106408038247,11.0
0.0,0.0203014627391002,11.0
0.0,0.0,13.0
0.0,0.0301319088533723,12.0
0.0,0.0,11.0
0.0,0.0,14.0
0.0,0.0,11.0
0.0,0.0,13.0
0.0,0.0,15.0
0.0,0.0,7.0
0.0,0.0,11.0
0.0,0.0,11.0
0.0,0.0,14.0
0.0,0.0,14.0
0.0,0.0,15.0
0.0,0.0,14.0
0.0,0.0,13.0
0.0,0.0,11.0
0.0,0.0,14.0
16259.0,0.0217084259871265,10.0
12301.0,0.0,14.0
26793.0,0.0361992869414243,13.0
47765.0,0.0143062528945555,13.0
46603.0,0.0113653815937119,13.0
26531.0,0.0135113992015583,13.0
17671.0,0.0028885774943447,13.0
14277.0,0.020377076183208,13.0
0.0,0.0413962192698681,14.0
12043.0,0.0477472125469668,12.0
17283.0,0.0506998394367582,12.0
12018.0,0.0459603466202684,13.0
6268.0,0.0396773742270799,13.0
18871.0,0.045659856956907,6.0
19361.0,0.0243249799306247,9.0
7739.0,0.0346275012839369,7.0
35988.0,0.0480611631244534,13.0
7927.0,0.0172545531667879,10.0
41234.0,0.0407768652161236,13.0
23228.0,0.0426930444037914,13.0
27044.0,0.0330743339468992,11.0
38165.0,0.025407603785686,12.0
18636.0,0.0274249471025382,11.0
15608.0,0.0402485955936587,10.0
20927.0,0.0240671294030317,12.0
29603.0,0.0342124141558987,8.0
37308.0,0.0349114681768389,12.0
25393.0,0.0304851163587531,11.0
29157.0,0.0265228292918764,11.0
30550.0,0.0353042263346836,15.0
57099.0,0.0284472071298436,7.0
55644.0,0.0350314499027485,6.0
57344.0,0.0227523912239661,15.0
52000.0,0.0147348339664148,14.0
48402.0,0.0178104800610225,9.0
13686.0,0.0090291594028438,8.0
15808.0,0.0264038081296987,3.0
9781.0,0.0350388854149572,4.0
25042.0,0.0272439619725277,15.0
34184.0,0.0139266774799686,10.0
14281.0,0.0250313785457156,4.0
8923.0,0.0328731776751435,10.0
26267.0,0.0224458842881926,7.0
8322.0,0.0140870464556663,10.0
10117.0,0.0199191375932415,3.0
25194.0,0.0399124097144021,12.0
21431.0,0.0216597832976525,8.0
0.0,0.0192775648690106,9.0
2837.0,0.0276008022668214,3.0
10980.0,0.0512585956781409,7.0
24133.0,0.0142297775118821,7.0
13064.0,0.0253368858473515,6.0
25998.0,0.0267258989675339,9.0
9857.0,0.0259966390168198,5.0
9847.0,0.014272385431765,7.0
11676.0,0.0244530479125695,8.0
24291.0,0.0329001799290832,11.0
21621.0,0.0319234842547115,4.0
8314.0,0.0281409676856537,8.0
27947.0,0.0218199145654604,11.0
8395.0,0.0327725420939706,8.0
15137.0,0.0089212941570636,9.0
14443.0,0.0327839207186869,8.0
15552.0,0.0281467636343165,10.0
3026.0,0.0333942269739812,10.0
71.0,0.0323480055424321,13.0
27167.0,0.0350967111289041,5.0
24855.0,0.0305217826497931,13.0
35596.0,0.021352160125262,7.0
35039.0,0.0158738890058676,8.0
9061.0,0.0340775662568818,8.0
16076.0,0.0383066101897733,12.0
16361.0,0.0142831275994391,8.0
19061.0,0.016623480753166,7.0
25777.0,0.0230130605116629,7.0
11250.0,0.0323483067893187,9.0
11559.0,0.0163683420584926,7.0
0.0,0.0159262846599136,10.0
9624.0,0.037025544925376,11.0
5543.0,0.0159871690655265,11.0
0.0,0.0314267908912524,9.0
6276.0,0.0197578562689702,9.0
641.0,0.02832437356392,2.0
2398.0,0.0310165192297905,10.0
0.0,0.0156277107313368,8.0
3994.0,0.0345694648953156,9.0
10996.0,0.0127109158803865,11.0
0.0,0.016247563187873,8.0
0.0,0.0,9.0
0.0,0.0133320622688999,6.0
0.0,0.0101574556599448,8.0
0.0,0.013778606417903,6.0
0.0,0.0096329119270483,8.0
0.0,0.0273285598360607,6.0
0.0,0.0370212835042998,7.0
0.0,0.0225580526860646,9.0
0.0,0.0,10.0
0.0,0.0,5.0
0.0,0.0,4.0
0.0,0.0,8.0
0.0,0.0,7.0
0.0,0.0,10.0
0.0,0.0,7.0
0.0,0.0,11.0
0.0,0.0,6.0
0.0,0.0,15.0
0.0,0.0,6.0
0.0,0.0,6.0
0.0,0.0,9.0
0.0,0.0,6.0
0.0,0.0,2.0
0.0,0.0,2.0
0.0,0.0,4.0
0.0,0.0,6.0
0.0,0.0,3.0
0.0,0.0,5.0
0.0,0.0,8.0
0.0,0.0,5.0
0.0,0.0,13.0
0.0,0.0,10.0
0.0,0.0,13.0
0.0,0.0,9.0
0.0,0.0145487755299563,12.0
0.0,0.0121572417069595,5.0
0.0,0.0281824145077626,3.0
0.0,0.0122867037917828,9.0
0.0,0.013655791098214,9.0
0.0,0.0,3.0
0.0,0.024956693605316,7.0
0.0,0.0049396877475429,6.0
0.0,0.0165955001155841,8.0
0.0,0.0050045788022361,14.0
0.0,0.0197177215565227,15.0
0.0,0.0109910436235594,14.0
0.0,0.0087963982919737,10.0
0.0,0.0176252771654717,13.0
0.0,0.0158399548732828,12.0
0.0,0.0138308285512724,11.0
0.0,0.0167102502502345,11.0
0.0,0.0219652557248864,13.0
0.0,0.0082268068867162,13.0
0.0,0.0,11.0
0.0,0.0090315210677292,12.0
0.0,0.0084601871916995,10.0
0.0,0.0145916313589064,13.0
0.0,0.0019885812460566,15.0
0.0,0.0005329178871116,12.0
0.0,0.0,14.0
0.0,0.0,12.0
0.0,0.0,14.0
0.0,0.0,11.0
0.0,0.0,9.0
0.0,0.0,15.0
0.0,0.0,14.0
0.0,0.0,13.0
0.0,0.0,15.0
0.0,0.0,11.0
0.0,0.0,9.0
0.0,0.0,11.0
0.0,0.0,11.0
0.0,0.0,11.0
0.0,0.0,15.0
20000.0,0.0130799528345457,13.0
5241.0,0.0305575820876238,10.0
34151.0,0.0302521913848877,13.0
31930.0,0.0162510883074009,15.0
46060.0,0.0260148535828948,15.0
32140.0,0.020867561225535,10.0
14895.0,0.0390543648562966,15.0
10338.0,0.0412298521993646,12.0
17264.0,0.0373697945238602,15.0
14463.0,0.0344736446673105,13.0
7285.0,0.0241020690771835,13.0
17247.0,0.0339907211581099,14.0
3091.0,0.0226342237018244,10.0
10994.0,0.0236643046310249,7.0
24776.0,0.0332617886775052,11.0
28042.0,0.0146490351457797,11.0
29110.0,0.0314764065426219,11.0
2567.0,0.0480438679161593,9.0
35094.0,0.0561504127006994,14.0
16943.0,0.0429171314059288,11.0
42389.0,0.0316285633141188,10.0
32029.0,0.0550126207291102,15.0
18566.0,0.0270958758142477,10.0
33702.0,0.0179833872220173,11.0
32124.0,0.0212867239783823,12.0
29266.0,0.0333188671037639,10.0
47881.0,0.0349031217249078,10.0
28921.0,0.049899014094557,12.0
35354.0,0.0318563911538691,15.0
37880.0,0.0346895417577117,15.0
48559.0,0.0048241653411329,11.0
61464.0,0.012138904784768,9.0
43690.0,0.0269822934179278,15.0
51334.0,0.0181512442890936,10.0
40347.0,0.0234751978042332,9.0
11051.0,0.0308698700895354,5.0
24891.0,0.010214765679698,7.0
7189.0,0.0253108102606332,5.0
24726.0,0.0204067613888067,14.0
29773.0,0.0070050944398912,15.0
10197.0,0.0432289132586433,7.0
10322.0,0.0121539191436378,7.0
11233.0,0.0134649188772911,8.0
6633.0,0.0312058144630234,11.0
9415.0,0.0095649484076598,3.0
26729.0,0.025490346034993,9.0
0.0,0.0168633110851712,8.0
6888.0,0.0373164738429739,6.0
6467.0,0.015532079897488,2.0
19922.0,0.0298734048880599,5.0
17965.0,0.0030685145214216,6.0
7224.0,0.027362335056513,11.0
24239.0,0.0249580144247381,6.0
13738.0,0.0189413957232405,5.0
9386.0,0.0147625575532161,5.0
21915.0,0.0481954960812478,6.0
20169.0,0.0207029972022028,4.0
10307.0,0.0139605635583796,8.0
12092.0,0.030016949656277,12.0
10179.0,0.0317561790044923,10.0
22435.0,0.0184124889948329,7.0
12972.0,0.0230126565310933,12.0
10130.0,0.0456878287403105,9.0
24540.0,0.0387087776099379,11.0
0.0,0.0356801734360297,10.0
1841.0,0.0194078669866619,13.0
7030.0,0.023955248970615,7.0
16108.0,0.0184205310072983,14.0
30181.0,0.0421290561234508,8.0
24609.0,0.0265942802770166,10.0
24756.0,0.0324026759823843,10.0
17972.0,0.0237915903270983,10.0
23029.0,0.0177848620391265,7.0
12402.0,0.0239933457181387,6.0
24403.0,0.0339804862757314,4.0
28807.0,0.0231956958716148,6.0
5722.0,0.0261928174620247,2.0
20539.0,0.0353650358341433,10.0
0.0,0.0206707544307457,11.0
1676.0,0.0393217587436202,9.0
9391.0,0.0237077087087111,8.0
8733.0,0.0230235637062745,5.0
10670.0,0.0185119330732811,5.0
4582.0,0.0053409126494818,5.0
2189.0,0.0293776145237346,8.0
862.0,0.012194648566737,8.0
7996.0,0.0368029418983599,10.0
0.0,0.0181373615304671,8.0
0.0,0.0085801378973423,8.0
0.0,0.0322751605806788,6.0
0.0,0.0230646734398089,8.0
0.0,0.0237191477527972,8.0
0.0,0.0200622582544522,8.0
0.0,0.0179202714641428,6.0
0.0,0.0169864860323502,8.0
0.0,0.0024966041484813,3.0
0.0,0.0,8.0
0.0,0.0,13.0
0.0,0.0,4.0
0.0,0.0,12.0
0.0,0.0,7.0
0.0,0.0,10.0
0.0,0.0,3.0
0.0,0.0,11.0
0.0,0.0,6.0
0.0,0.0,12.0
0.0,0.0,8.0
0.0,0.0,7.0
0.0,0.0,7.0
0.0,0.0,7.0
0.0,0.0,5.0
0.0,0.0,7.0
0.0,0.0,2.0
0.0,0.0,6.0
0.0,0.0,8.0
0.0,0.0,9.0
0.0,0.0,6.0
0.0,0.0,5.0
0.0,0.0,13.0
0.0,0.0,8.0
0.0,0.0,12.0
0.0,0.0,13.0
0.0,0.0271538195046322,8.0
0.0,0.002454905505232,6.0
0.0,0.0255927606270879,9.0
0.0,0.0099119162026795,12.0
0.0,0.0093506437540588,7.0
0.0,0.0268351548961314,8.0
0.0,0.0280633651410627,8.0
0.0,0.0289784183123931,6.0
0.0,0.022851929562694,10.0
0.0,0.0201366310129391,13.0
0.0,0.0187935837211346,11.0
0.0,0.0009615983872986,14.0
0.0,0.0090915634515296,14.0
0.0,0.0125497761056941,15.0
0.0,0.0140349145109609,14.0
0.0,0.0080946649709438,11.0
0.0,0.0,14.0
0.0,0.0270000760214647,11.0
0.0,0.0,13.0
0.0,0.0145576137185811,15.0
0.0,0.0137178857499931,12.0
0.0,0.0153805158663651,10.0
0.0,0.0320430574874875,13.0
0.0,0.0335334784415657,13.0
0.0,0.0165755314309833,11.0
0.0,0.0,13.0
0.0,0.0,13.0
0.0,0.0,11.0
0.0,0.0,12.0
0.0,0.0,15.0
0.0,0.0,15.0
0.0,0.0,15.0
0.0,0.0,13.0
0.0,0.0,15.0
0.0,0.0,12.0
0.0,0.0,12.0
0.0,0.0,15.0
0.0,0.0,12.0
0.0,0.0,13.0
0.0,0.0,15.0
12836.0,0.0141591606320257,14.0
3967.0,0.0239521782794732,12.0
25859.0,0.0308258671155976,12.0
43995.0,0.0363186757982973,15.0
58323.0,0.0269956260099788,13.0
31195.0,0.0363371052771253,15.0
10220.0,0.0144553458623002,11.0
14354.0,0.0167164188946652,15.0
9848.0,0.0324853316087987,12.0
12190.0,0.0354383405071829,15.0
11639.0,0.0410441078009442,13.0
6072.0,0.0296750247300922,15.0
6922.0,0.021990760085396,12.0
14337.0,0.0434180996564529,8.0
3346.0,0.0348877020569143,10.0
28173.0,0.0408127688831477,13.0
25535.0,0.0154519340053865,11.0
19360.0,0.0359721986791348,10.0
39429.0,0.0377794062613574,14.0
7117.0,0.044641491525733,12.0
36933.0,0.0241133879551439,13.0
27564.0,0.0243054002255627,15.0
23414.0,0.0265386669106815,12.0
10180.0,0.0598704607036126,15.0
16697.0,0.0239762048779012,11.0
31128.0,0.0372554527155109,11.0
39209.0,0.0370879063646043,12.0
45341.0,0.0091815049897998,12.0
21079.0,0.0075810064036094,10.0
23431.0,0.0180570431851454,10.0
54429.0,0.0399578461586319,12.0
54994.0,0.0340851321874311,12.0
51174.0,0.0210402407639518,12.0
55075.0,0.0248467657781123,10.0
44632.0,0.0252441901506907,8.0
27219.0,0.0148351671619742,8.0
20405.0,0.0185849341741786,7.0
20032.0,0.0200432232741817,7.0
22387.0,0.0184609716330524,9.0
36936.0,0.0302045306010685,9.0
22875.0,0.0324044783995009,10.0
3774.0,0.0428452455770952,8.0
866.0,0.023036519078556,9.0
14123.0,0.0322621734368696,10.0
4861.0,0.0209195520513553,4.0
10614.0,0.041882804270022,5.0
18191.0,0.0340891551085506,8.0
0.0,0.0097612003254046,7.0
12524.0,0.0086695502852445,6.0
23814.0,0.0284097144441229,9.0
29253.0,0.0211588495283958,5.0
3118.0,0.0285981930072485,7.0
27127.0,0.0247870073238152,9.0
12748.0,0.0117204515564215,4.0
16831.0,0.0076110706334873,5.0
15472.0,0.033035466196988,5.0
16239.0,0.0496342591377744,8.0
14273.0,0.0355065293944122,5.0
9275.0,0.0302877188842097,8.0
6741.0,0.0216653580469382,8.0
28481.0,0.0270789253347723,7.0
10559.0,0.0162262495473673,8.0
13883.0,0.038293375776458,12.0
83.0,0.0154165419735367,13.0
19578.0,0.0218850108370217,12.0
3137.0,0.0298976180863321,12.0
19957.0,0.0424889202869557,10.0
24298.0,0.0445524825850085,12.0
34439.0,0.0123966195321649,10.0
23208.0,0.0395364106800019,7.0
17232.0,0.0191080153203245,9.0
13268.0,0.0527027128899383,8.0
14950.0,0.0236104762549639,7.0
14625.0,0.0373892651415894,6.0
17356.0,0.0179797998881901,7.0
327.0,0.0284639549986118,8.0
10855.0,0.0219679531906946,3.0
373.0,0.0108716873596367,7.0
0.0,0.0197144356875265,14.0
7459.0,0.0234102350133859,13.0
0.0,0.0092706012200039,9.0
4945.0,0.0242168613272814,10.0
7928.0,0.0249131993098651,8.0
3313.0,0.0235617245987174,3.0
5676.0,0.0297867057895036,7.0
6671.0,0.0,7.0
5622.0,0.0315941044202302,5.0
2421.0,0.0407774363446158,5.0
8085.0,0.0306784741828558,6.0
0.0,0.0152665586698997,2.0
0.0,0.0163909042475373,8.0
0.0,0.0076663576401725,5.0
0.0,0.0365437673260937,6.0
0.0,0.0156616328723945,7.0
0.0,0.0159940351381691,6.0
0.0,0.0014674731039324,7.0
0.0,0.0,7.0
0.0,0.0,5.0
0.0,0.0,8.0
0.0,0.0,9.0
0.0,0.0,8.0
0.0,0.0,8.0
0.0,0.0,5.0
0.0,0.0,14.0
0.0,0.0,5.0
0.0,0.0,15.0
0.0,0.0,5.0
0.0,0.0,4.0
0.0,0.0,8.0
0.0,0.0,6.0
0.0,0.0,4.0
0.0,0.0,8.0
0.0,0.0,6.0
0.0,0.0,6.0
0.0,0.0,5.0
0.0,0.0,8.0
0.0,0.0,8.0
0.0,0.0,8.0
0.0,0.0,12.0
0.0,0.0,12.0
0.0,0.0,11.0
0.0,0.0,14.0
0.0,0.0194639849644803,9.0
0.0,0.0291568610608208,6.0
0.0,0.02250779089921,7.0
0.0,0.0187401491237841,12.0
0.0,0.0151751733824871,5.0
0.0,0.0293593759904251,4.0
0.0,0.0093439090472511,0.0
0.0,0.0,4.0
0.0,0.0217558973169859,15.0
0.0,0.0166498494126536,11.0
0.0,0.0137956575925325,13.0
0.0,0.0113215535700524,15.0
0.0,0.0,12.0
0.0,0.0116335796898026,14.0
0.0,0.01770560140676,12.0
0.0,0.0,12.0
0.0,0.0315661669338103,15.0
0.0,0.0238879499147833,15.0
0.0,0.0230939433745805,13.0
0.0,0.0287914615233765,12.0
0.0,0.0098979791508897,14.0
0.0,0.0236991971609445,15.0
0.0,0.0126804371324985,14.0
0.0,0.0007507874905169,11.0
0.0,0.0,12.0
0.0,0.0,15.0
0.0,0.0,15.0
0.0,0.0,8.0
0.0,0.0,14.0
0.0,0.0,14.0
0.0,0.0,12.0
0.0,0.0,11.0
0.0,0.0,10.0
0.0,0.0,13.0
0.0,0.0,15.0
0.0,0.0,15.0
0.0,0.0,13.0
0.0,0.0,13.0
0.0,0.0,10.0
0.0,0.0,10.0
10162.0,0.0225624982641272,8.0
13607.0,0.0120344814805823,15.0
33647.0,0.0,13.0
39466.0,0.0328289504320143,12.0
59755.0,0.0119330694507396,14.0
32212.0,0.0224567104122543,12.0
14803.0,0.0283188196999732,15.0
19740.0,0.0327627276650284,12.0
1840.0,0.0228003267306229,11.0
8341.0,0.020140165988081,15.0
15784.0,0.0251872326048853,13.0
1322.0,0.0219536738567216,13.0
2914.0,0.0325237235394646,15.0
23054.0,0.0343167412372626,11.0
24016.0,0.0425796688089785,9.0
17250.0,0.0553570420103355,9.0
32481.0,0.027349948299089,10.0
0.0,0.0215367930875193,9.0
34642.0,0.0473902567902094,15.0
17224.0,0.0335454246740268,15.0
32439.0,0.0308667656548508,11.0
28499.0,0.03303592698005,15.0
19342.0,0.0362735664282173,7.0
21609.0,0.0505095487341492,11.0
26927.0,0.0234911467925874,7.0
34335.0,0.0497138073819165,10.0
45360.0,0.0226800776438053,14.0
36121.0,0.0190723170775768,14.0
30784.0,0.0180792030015039,8.0
42325.0,0.041698339446177,11.0
43273.0,0.0140956139546148,9.0
52257.0,0.0307418663411453,11.0
51598.0,0.0266803959993374,15.0
59317.0,0.0341632491433733,8.0
50329.0,0.0250451588608033,6.0
17036.0,0.0045777242333811,10.0
13986.0,0.0201716320075348,6.0
11664.0,0.0139509062342381,4.0
30254.0,0.0330785261851953,9.0
31493.0,0.0008925352833947,8.0
8784.0,0.0273508850872967,5.0
11799.0,0.0260859041740663,5.0
14906.0,0.0335564160230536,12.0
15703.0,0.0388104424613598,7.0
14509.0,0.0096437590164702,5.0
22226.0,0.0325701365374707,8.0
4937.0,0.0457704968893779,5.0
0.0,0.0223277681488731,8.0
3360.0,0.0357436947785684,7.0
15356.0,0.0383361101260026,4.0
31941.0,0.0166245547802419,9.0
11233.0,0.0329973914321964,8.0
31072.0,0.0300624257609629,12.0
16775.0,0.0306816626564039,5.0
7791.0,0.0067716223098622,8.0
5115.0,0.0194086172267843,7.0
29909.0,0.0083213078999985,8.0
26800.0,0.0236434296790781,10.0
21812.0,0.0268934969753249,10.0
3300.0,0.0270544283302283,8.0
14947.0,0.0305009204676986,4.0
21308.0,0.0094540657463466,9.0
20606.0,0.0205561680752741,8.0
0.0,0.0378891889351356,11.0
8251.0,0.0248790727329749,10.0
13648.0,0.0244874082488888,12.0
19388.0,0.032019225063771,6.0
20600.0,0.0212636276393298,11.0
24967.0,0.0142366182969201,7.0
24052.0,0.0080423484024421,9.0
7633.0,0.0367956218812741,7.0
17281.0,0.0178443557431052,8.0
25461.0,0.0084940840693185,6.0
22738.0,0.0171335917023122,3.0
18879.0,0.0273978784759313,6.0
14576.0,0.0198206685373514,11.0
5296.0,0.0230044416594928,4.0
4346.0,0.0312208869778797,10.0
0.0,0.0413100790049401,11.0
4874.0,0.0295116488649355,10.0
4152.0,0.011544979161166,13.0
0.0,0.0309230766362042,10.0
138.0,0.0246136028426869,4.0
4033.0,0.0246469697831783,8.0
8251.0,0.0238366231312413,7.0
0.0,0.0246363668417141,7.0
1870.0,0.0162338116555115,10.0
1974.0,0.0285721425805393,4.0
6342.0,0.0105047201065689,5.0
0.0,0.0107632675874674,5.0
0.0,0.0057282870574483,4.0
0.0,0.0278946203880348,6.0
0.0,0.0196847461597016,6.0
0.0,0.0096416128061637,5.0
0.0,0.0253891662497809,10.0
0.0,0.0239243616348288,8.0
0.0,0.0,9.0
0.0,0.0,10.0
0.0,0.0,10.0
0.0,0.0,7.0
0.0,0.0,8.0
0.0,0.0,8.0
0.0,0.0,7.0
0.0,0.0,11.0
0.0,0.0,7.0
0.0,0.0,13.0
0.0,0.0,6.0
0.0,0.0,7.0
0.0,0.0,7.0
0.0,0.0,6.0
0.0,0.0,7.0
0.0,0.0,4.0
0.0,0.0,6.0
0.0,0.0,6.0
0.0,0.0,7.0
0.0,0.0,5.0
0.0,0.0,5.0
0.0,0.0,7.0
0.0,0.0,10.0
0.0,0.0,6.0
0.0,0.0,12.0
0.0,0.0,12.0
0.0,0.0421275498864394,11.0
0.0,0.0214051829728905,0.0
0.0,0.0253960324080596,6.0
0.0,0.021226998702286,11.0
0.0,0.0179856918747832,6.0
0.0,0.0259264042266597,7.0
0.0,0.0281088275984902,10.0
0.0,0.0164919826111619,8.0
0.0,0.0,14.0
0.0,0.0123241725980881,15.0
0.0,0.0273217593305693,15.0
0.0,0.009879485083122,11.0
0.0,0.0176701686946926,15.0
0.0,0.0259710805153866,15.0
0.0,0.0239447062479797,11.0
0.0,0.0110350764508221,11.0
0.0,0.0,15.0
0.0,0.0188286243517345,12.0
0.0,0.0223023933585685,15.0
0.0,0.0261631059047439,15.0
0.0,0.0215598190791308,13.0
0.0,0.0190672459041089,13.0
0.0,0.0092562102407061,13.0
0.0,0.0107222441336061,10.0
0.0,0.0216513855332633,14.0
0.0,0.0,15.0
0.0,0.0,14.0
0.0,0.0,12.0
0.0,0.0,12.0
0.0,0.0,12.0
0.0,0.0,11.0
0.0,0.0,14.0
0.0,0.0,9.0
0.0,0.0,15.0
0.0,0.0,12.0
0.0,0.0,14.0
0.0,0.0,13.0
0.0,0.0,14.0
0.0,0.0,12.0
0.0,0.0,14.0
18445.0,0.0279929499070712,13.0
18764.0,0.0123389871684206,10.0
26682.0,0.0281679329071092,13.0
31030.0,0.0187207894958553,12.0
56556.0,0.0103988696066545,15.0
30691.0,0.0225155343573423,14.0
14911.0,0.0098985405990502,15.0
17068.0,0.027753428247323,12.0
3600.0,0.0233050149223533,12.0
12056.0,0.0186358004631142,12.0
13063.0,0.0244882602855153,10.0
5496.0,0.0326586176847219,13.0
0.0,0.0007030593138317,12.0
18101.0,0.0207013590142356,7.0
20103.0,0.0323816010738466,11.0
18644.0,0.0333157004435384,8.0
24758.0,0.0328416147130825,11.0
12778.0,0.0419528362073632,14.0
36377.0,0.0508497938773585,15.0
12850.0,0.0182257628298781,15.0
29604.0,0.0295367848136441,13.0
34350.0,0.0392135212961412,15.0
18939.0,0.0514272303328111,7.0
31411.0,0.017131643435289,9.0
20137.0,0.0335851931912494,10.0
30530.0,0.0266488483830196,10.0
41643.0,0.0363356036525743,11.0
47816.0,0.0222641441904174,10.0
31843.0,0.0328619817682655,13.0
28932.0,0.0026184645615019,11.0
43911.0,0.013639547940888,10.0
55184.0,0.0305372863951897,12.0
43360.0,0.028821560798278,13.0
43839.0,0.0178425887729395,8.0
43806.0,0.0249793968385537,4.0
14527.0,0.0266157124608991,8.0
18153.0,0.0374398484771573,6.0
4742.0,0.0305937166499878,5.0
20583.0,0.0046485291901555,12.0
35335.0,0.0117357412550376,10.0
18543.0,0.0260163279457897,7.0
7691.0,0.0385541978119998,7.0
12990.0,0.022495844379903,8.0
9044.0,0.0324329902267386,11.0
750.0,0.0320181438979316,4.0
19372.0,0.0307959566433193,9.0
10006.0,0.0317104345409493,9.0
8022.0,0.0330045082319883,8.0
12156.0,0.0263172021538849,5.0
16861.0,0.0261420484527003,7.0
25462.0,0.0288947258812563,7.0
11386.0,0.0458710324580159,14.0
15952.0,0.0411683765683939,6.0
10942.0,0.0287099950169135,2.0
10929.0,0.0235751907823229,7.0
0.0,0.0210606927616846,5.0
33006.0,0.0063345219361534,4.0
25979.0,0.0276128045774862,7.0
15015.0,0.0452429169979897,11.0
7417.0,0.0336833392297057,9.0
16931.0,0.0254187197598846,8.0
3217.0,0.0253648864808465,13.0
14816.0,0.0497633895072898,11.0
14874.0,0.024954358324524,11.0
332.0,0.0203344276546618,9.0
9736.0,0.0147049453282677,15.0
28699.0,0.0303198841519486,6.0
18445.0,0.0253605668707203,10.0
25328.0,0.0266826457129299,8.0
36922.0,0.0126831216030137,6.0
5699.0,0.0313710185754821,5.0
16106.0,0.0349594280787151,8.0
13545.0,0.031443754136856,9.0
14792.0,0.054846368148464,8.0
10444.0,0.0218737220075606,1.0
14848.0,0.0374663127397374,12.0
5754.0,0.0106438178569912,5.0
2767.0,0.0122901873715466,9.0
3887.0,0.0075880117140706,13.0
3227.0,0.0214544219375324,12.0
5880.0,0.0433904713636714,9.0
9498.0,0.0280412273679537,10.0
0.0,0.0090824395509576,4.0
10948.0,0.0132706272218233,9.0
5755.0,0.0188111833395105,7.0
8284.0,0.0192784487542764,9.0
10276.0,0.0023076032593035,7.0
7642.0,0.0,8.0
7020.0,0.0157166104005326,8.0
0.0,0.023649253761917,5.0
0.0,0.0225646744675316,9.0
0.0,0.0600235146725701,8.0
0.0,0.0136273018031989,6.0
0.0,0.0136351702648779,3.0
0.0,0.0274645338723426,8.0
0.0,0.0307429400832663,11.0
0.0,0.0,10.0
0.0,0.0,12.0
0.0,0.0,7.0
0.0,0.0,6.0
0.0,0.0,9.0
0.0,0.0,5.0
0.0,0.0,6.0
0.0,0.0,9.0
0.0,0.0,7.0
0.0,0.0,14.0
0.0,0.0,9.0
0.0,0.0,7.0
0.0,0.0,9.0
0.0,0.0,10.0
0.0,0.0,7.0
0.0,0.0,5.0
0.0,0.0,9.0
0.0,0.0,3.0
0.0,0.0,3.0
0.0,0.0,7.0
0.0,0.0,5.0
0.0,0.0,7.0
0.0,0.0,15.0
0.0,0.0,10.0
0.0,0.0,12.0
0.0,0.0,11.0
0.0,0.0093757486830026,12.0
0.0,0.0047341119346863,7.0
0.0,0.016589400221484,5.0
0.0,0.0084180596729061,8.0
0.0,0.0386681747705461,7.0
0.0,0.0111969638944754,7.0
0.0,0.011156708900146,4.0
0.0,0.0161883641398277,4.0
0.0,0.0256619268374024,12.0
0.0,0.0,12.0
0.0,0.0043811076571743,15.0
0.0,0.0,14.0
0.0,0.0,15.0
0.0,0.0079699087830076,14.0
0.0,0.0330891655087965,14.0
0.0,0.0135158290382498,14.0
0.0,0.0281456280263632,12.0
0.0,0.0158138472173832,15.0
0.0,0.0109317384069259,15.0
0.0,0.0227643528479159,15.0
0.0,0.0166818325355918,14.0
0.0,0.0137077469257389,15.0
0.0,0.0209076107248703,13.0
0.0,0.0149200710880266,11.0
0.0,0.0193041665161335,15.0
0.0,0.0,14.0
0.0,0.0,14.0
0.0,0.0,14.0
0.0,0.0,10.0
0.0,0.0,14.0
0.0,0.0,15.0
0.0,0.0,12.0
0.0,0.0,12.0
0.0,0.0,14.0
0.0,0.0,15.0
0.0,0.0,12.0
0.0,0.0,14.0
0.0,0.0,12.0
0.0,0.0,14.0
0.0,0.0,11.0
13557.0,0.0,14.0
9133.0,0.0170587185207607,13.0
28871.0,0.0260602485206176,15.0
32844.0,0.0154862947598508,14.0
49055.0,0.0157680849843825,15.0
26878.0,0.0162961557856371,7.0
10213.0,0.0173839689111549,12.0
12012.0,0.0255832738234465,13.0
0.0,0.0363219384948309,15.0
5144.0,0.0247620323011909,14.0
6357.0,0.0264840591140013,13.0
10852.0,0.0221896615672385,11.0
14645.0,0.0191217971193636,15.0
13741.0,0.0436409807416653,11.0
27648.0,0.0380532346166072,9.0
22444.0,0.0067934768220211,8.0
29978.0,0.0355829902181015,14.0
15529.0,0.0172851557539289,13.0
44843.0,0.0173855317125054,12.0
7542.0,0.0369432564044878,11.0
28738.0,0.033694389846882,13.0
36002.0,0.0429439728221076,14.0
26414.0,0.0393444086715645,9.0
21199.0,0.0190261071535392,10.0
21752.0,0.0310012863295626,11.0
23267.0,0.033747289967186,9.0
41552.0,0.0320058119866264,13.0
28145.0,0.0175565194181254,6.0
29211.0,0.0436179851285415,9.0
20792.0,0.020889109626162,15.0
41334.0,0.0258873784091211,12.0
49117.0,0.023302084470181,9.0
40743.0,0.0256992525934129,14.0
47063.0,0.0168519338122444,10.0
43933.0,0.0288974986076015,8.0
17055.0,0.0245202937500488,7.0
13185.0,0.0180567176999354,7.0
15418.0,0.0266348240496827,7.0
16554.0,0.0174475834944388,8.0
25948.0,0.030500552402838,8.0
22714.0,0.026746033710523,6.0
4971.0,0.0321661096791849,9.0
11703.0,0.0321040075915074,10.0
6604.0,0.038310267402187,8.0
10580.0,0.0262639696254022,4.0
22344.0,0.0551115801902598,11.0
11677.0,0.0321151908673977,4.0
7000.0,0.0270584930907917,6.0
16643.0,0.0224078449346045,3.0
21244.0,0.030053058110245,9.0
29228.0,0.0215208407106321,5.0
11885.0,0.0462716470290719,10.0
24865.0,0.0267658334712897,7.0
17776.0,0.0197773112957499,6.0
19589.0,0.0107136969464837,5.0
0.0,0.032147735247148,7.0
16478.0,0.0408693412420024,8.0
19000.0,0.0292248232086733,4.0
8428.0,0.0239600515992068,6.0
5079.0,0.0227666440223278,8.0
14078.0,0.0356226284012282,8.0
5145.0,0.0368644278356561,10.0
15856.0,0.0369039738523824,4.0
3895.0,0.0239148964722131,11.0
0.0,0.0129902548928032,11.0
5323.0,0.0313312173280446,15.0
19406.0,0.0158932567310074,7.0
25261.0,0.0202534848112033,13.0
34388.0,0.0329089321950833,14.0
26225.0,0.0357636315538071,7.0
5807.0,0.0272312848112557,10.0
13055.0,0.0359857524630491,10.0
24906.0,0.0286114178283559,8.0
17484.0,0.0441254704245813,4.0
34631.0,0.0463428317019968,2.0
13018.0,0.0358940330444349,6.0
10635.0,0.0103816903251805,3.0
0.0,0.0250303797471142,8.0
12005.0,0.0303543113865474,11.0
6939.0,0.0234343212708278,13.0
0.0,0.0337491055339069,8.0
1152.0,0.0248710395591386,9.0
1063.0,0.0221198623138167,3.0
934.0,0.0225152715251073,6.0
6009.0,0.0013495711002448,7.0
1080.0,0.0253511532167152,8.0
4632.0,0.0165312543584599,3.0
10750.0,0.0176938860446575,8.0
20.0,0.0245484921862304,6.0
0.0,0.0035866227901139,6.0
0.0,0.0248703972737576,3.0
0.0,0.0151813457128926,6.0
0.0,0.0243733023484322,11.0
0.0,0.0018753619718465,4.0
0.0,0.028480538238344,8.0
0.0,0.0247975445208023,6.0
0.0,0.0,9.0
0.0,0.0,7.0
0.0,0.0,9.0
0.0,0.0,7.0
0.0,0.0,9.0
0.0,0.0,9.0
0.0,0.0,4.0
0.0,0.0,7.0
0.0,0.0,5.0
0.0,0.0,14.0
0.0,0.0,6.0
0.0,0.0,5.0
0.0,0.0,8.0
0.0,0.0,5.0
0.0,0.0,6.0
0.0,0.0,5.0
0.0,0.0,7.0
0.0,0.0,6.0
0.0,0.0,3.0
0.0,0.0,9.0
0.0,0.0,4.0
0.0,0.0,6.0
0.0,0.0,15.0
0.0,0.0,9.0
0.0,0.0,15.0
0.0,0.0,8.0
0.0,0.0330855079692748,9.0
0.0,0.0287378225367103,4.0
0.0,0.0135838122371175,4.0
0.0,0.0408430333978153,12.0
0.0,0.027695381497379,7.0
0.0,0.0,7.0
0.0,0.0237612811977548,6.0
0.0,0.0,6.0
0.0,0.0101371989659705,15.0
0.0,0.0,11.0
0.0,0.0328942857674044,13.0
0.0,0.012197139907897,14.0
0.0,0.0,15.0
0.0,0.0089324534745288,14.0
0.0,0.01477110694549,12.0
0.0,0.0153486034141967,15.0
0.0,0.0282967552407523,13.0
0.0,0.0127689911800295,12.0
0.0,0.0171217258397804,13.0
0.0,0.0103751309921159,12.0
0.0,0.0211200445177578,12.0
0.0,0.0178066420654868,15.0
0.0,0.0311218981549354,15.0
0.0,0.0181024323792045,13.0
0.0,0.0199292854034444,13.0
0.0,0.0,14.0
0.0,0.0,13.0
0.0,0.0,12.0
0.0,0.0,10.0
0.0,0.0,14.0
0.0,0.0,15.0
0.0,0.0,14.0
0.0,0.0,14.0
0.0,0.0,12.0
0.0,0.0,12.0
0.0,0.0,15.0
0.0,0.0,12.0
0.0,0.0,12.0
0.0,0.0,12.0
0.0,0.0,13.0
21259.0,0.0249853913352307,13.0
11957.0,0.0435384802858885,10.0
30023.0,0.0211429368237105,13.0
41330.0,0.0154032885205335,11.0
53210.0,0.023991726274236,15.0
32815.0,0.0336001983892443,13.0
10643.0,0.0183404345587331,15.0
9756.0,0.017095763524102,11.0
16260.0,0.0490346339301049,10.0
2025.0,0.0306479449670336,12.0
4664.0,0.0172616437430484,14.0
0.0,0.0309710881092507,12.0
3575.0,0.028903357759432,15.0
18567.0,0.0251017171590707,8.0
26525.0,0.0436197106408706,12.0
12379.0,0.0217982359118429,12.0
23893.0,0.0380330446329849,9.0
1836.0,0.0302291030527517,13.0
25439.0,0.0194077263826504,15.0
10455.0,0.0290372296133367,11.0
35500.0,0.0294149208950797,13.0
25397.0,0.0323190168058385,13.0
27676.0,0.0196898375203912,9.0
25357.0,0.0308717020053426,10.0
19667.0,0.0546067557243834,12.0
31062.0,0.023536402795518,12.0
41070.0,0.0270911842427186,12.0
41809.0,0.0357678284684012,10.0
28999.0,0.032067742497255,13.0
29004.0,0.0277074066354496,11.0
49482.0,0.026211410290678,10.0
55020.0,0.016318467173416,15.0
55567.0,0.0255035777305242,13.0
56142.0,0.0267674205792898,7.0
32235.0,0.0299020089538142,11.0
16522.0,0.0217961161370744,7.0
16478.0,0.0177589275643095,8.0
15870.0,0.031424480120332,3.0
21542.0,0.018636701598675,8.0
32257.0,0.0200945372405972,8.0
6564.0,0.0273700462913004,8.0
4128.0,0.0281886779985958,8.0
0.0,0.0227954642482656,14.0
18346.0,0.0259051817554371,7.0
8268.0,0.0524169870664529,2.0
21487.0,0.0265556039840162,11.0
15396.0,0.0332871331763479,7.0
314.0,0.0267899582751124,8.0
9157.0,0.0194710794263402,4.0
19347.0,0.0220190269857237,2.0
26618.0,0.0197344668053499,10.0
2554.0,0.0208477465965874,14.0
19793.0,0.0371896560427609,8.0
14901.0,0.0124189862520212,3.0
12782.0,0.0275224909635811,5.0
1334.0,0.0241671761508942,9.0
8012.0,0.0275314729148079,8.0
20405.0,0.0189494531299535,12.0
9122.0,0.0361186890577364,6.0
14832.0,0.0268558676152253,8.0
28082.0,0.0243153123342496,9.0
21581.0,0.0213616636962209,7.0
26802.0,0.0066222572224231,9.0
6931.0,0.0123723002339149,10.0
3330.0,0.0402596887235599,13.0
2059.0,0.0275780033375097,15.0
26448.0,0.0188257550792574,8.0
20287.0,0.0188521384243232,14.0
25076.0,0.0369266834216981,5.0
32791.0,0.0285787353671608,11.0
11465.0,0.0248678463427964,10.0
23139.0,0.0427119359473639,10.0
10242.0,0.0243417577473336,7.0
6891.0,0.0353508130643006,8.0
13571.0,0.0216434103686558,7.0
25499.0,0.0254320684066302,9.0
12067.0,0.0346969423423711,7.0
3922.0,0.0269207372799469,12.0
6524.0,0.017234916450246,15.0
1830.0,0.0383458424091555,10.0
15540.0,0.0163718817484872,8.0
5398.0,0.0362255775154445,6.0
4592.0,0.0144694053492759,5.0
8832.0,0.0248583756136378,4.0
2299.0,0.0093311630134125,11.0
7657.0,0.0213195455024063,9.0
1759.0,0.0247870774301348,8.0
4586.0,0.0003727123231326,6.0
0.0,0.027153975733662,8.0
0.0,0.0180875963459473,4.0
0.0,0.0247468618098526,8.0
0.0,0.0396820725448197,1.0
0.0,0.0,4.0
0.0,0.0141609656816105,6.0
0.0,0.0263445437941607,9.0
0.0,0.034547703267253,6.0
0.0,0.0,10.0
0.0,0.0,7.0
0.0,0.0,7.0
0.0,0.0,8.0
0.0,0.0,5.0
0.0,0.0,9.0
0.0,0.0,5.0
0.0,0.0,12.0
0.0,0.0,3.0
0.0,0.0,7.0
0.0,0.0,4.0
0.0,0.0,3.0
0.0,0.0,8.0
0.0,0.0,9.0
0.0,0.0,7.0
0.0,0.0,9.0
0.0,0.0,4.0
0.0,0.0,0.0
0.0,0.0,8.0
0.0,0.0,6.0
0.0,0.0,5.0
0.0,0.0,8.0
0.0,0.0,14.0
0.0,0.0,9.0
0.0,0.0,14.0
0.0,0.0,10.0
0.0,0.0267935076060059,12.0
0.0,0.0256669580794013,5.0
0.0,0.0175660816658423,4.0
0.0,0.0262154561987129,11.0
0.0,0.0,8.0
0.0,0.0242811298938396,8.0
0.0,0.0175951112508949,7.0
0.0,0.0,7.0
0.0,0.031458413031988,14.0
0.0,0.0016163907477809,13.0
0.0,0.0285634164302817,13.0
0.0,0.0310730872178311,14.0
0.0,0.0454013980765551,11.0
0.0,0.0385460604255066,15.0
0.0,0.0199814886340897,13.0
0.0,0.0032190865163207,14.0
0.0,0.0051313253041525,13.0
0.0,0.0331695633204969,14.0
0.0,0.0,14.0
0.0,0.0,12.0
0.0,0.0318736611282006,12.0
0.0,0.0145059652261907,15.0
0.0,0.0249653821089371,12.0
0.0,0.0150926399209252,12.0
0.0,0.0,11.0
0.0,0.0,12.0
0.0,0.0,15.0
0.0,0.0,12.0
0.0,0.0,13.0
0.0,0.0,9.0
0.0,0.0,15.0
0.0,0.0,14.0
0.0,0.0,13.0
0.0,0.0,13.0
0.0,0.0,11.0
0.0,0.0,15.0
0.0,0.0,12.0
0.0,0.0,15.0
0.0,0.0,12.0
0.0,0.0,14.0
6858.0,0.025417579720969,14.0
12562.0,0.0328698161132054,11.0
29740.0,0.0312349409831443,13.0
39248.0,0.0121144584002336,12.0
52000.0,0.0300052982237432,8.0
38593.0,0.0072851377941683,11.0
10326.0,0.0208602875087473,12.0
4441.0,0.0194695674652004,14.0
17983.0,0.0118471776631127,15.0
10898.0,0.0499192037283441,15.0
19324.0,0.0386784089066661,13.0
15337.0,0.0303342988358134,11.0
12607.0,0.0512029702303719,12.0
18444.0,0.0319359647429124,8.0
13118.0,0.0323351349696278,9.0
19605.0,0.0466569410373035,11.0
26165.0,0.0271445989721592,14.0
11527.0,0.0363562342807699,9.0
28507.0,0.0328481267879096,13.0
18593.0,0.0409931788907611,14.0
39584.0,0.0303277520858336,11.0
31184.0,0.0305542024370671,10.0
14111.0,0.0259802535119424,13.0
28213.0,0.0366054230441298,10.0
24893.0,0.0184264146013815,10.0
32096.0,0.0375544580379136,10.0
47507.0,0.0183480425494133,14.0
31989.0,0.0147693176937972,8.0
36215.0,0.0196237669768862,13.0
37285.0,0.0463862983582375,12.0
37629.0,0.0355591510073562,10.0
64630.0,0.0260213682196718,11.0
46273.0,0.0051725949316625,12.0
46200.0,0.0265830652832187,11.0
50278.0,0.0154632285889835,9.0
19071.0,0.0327728668241137,9.0
9352.0,0.0243852958298024,9.0
17171.0,0.01295286880599,4.0
25747.0,0.0237132227357652,7.0
31660.0,0.0146845083543304,9.0
21888.0,0.0262764979343436,9.0
10917.0,0.0426773651496747,8.0
10213.0,0.0316005949057557,7.0
16202.0,0.0376913378537919,7.0
3813.0,0.0191959292565347,9.0
21935.0,0.0205730381353205,7.0
12776.0,0.0113566272499329,4.0
11292.0,0.0366144868994642,8.0
10391.0,0.0394929594918789,6.0
32567.0,0.0394357951500437,7.0
28564.0,0.0275436497839557,6.0
6337.0,0.0050879800672377,10.0
25772.0,0.0380655764890372,9.0
12604.0,0.0347668305249683,7.0
3780.0,0.0415275143802475,7.0
9341.0,0.0276507035432325,7.0
23177.0,0.0356699156987629,6.0
14830.0,0.0472188470679563,8.0
6317.0,0.0423693568431821,11.0
6434.0,0.0205386202103869,9.0
16320.0,0.040295753747196,15.0
13268.0,0.0188341995203638,7.0
10642.0,0.0242442550443405,13.0
18455.0,0.0500154445281675,8.0
9592.0,0.0242592425199006,10.0
1208.0,0.0291862949743977,15.0
29220.0,0.0206781746660234,5.0
31566.0,0.0402370432978124,14.0
30431.0,0.0183124285469794,4.0
21069.0,0.0502683986930777,8.0
15067.0,0.0274739045346397,9.0
17268.0,0.027808030169626,5.0
19612.0,0.0261469008527049,7.0
3275.0,0.0045608656600682,10.0
22797.0,0.0209011687611987,7.0
26174.0,0.0172902581985588,8.0
14655.0,0.0327958887731033,2.0
7898.0,0.0294343515971591,11.0
0.0,0.0190182234696207,12.0
6840.0,0.021452532807928,8.0
14250.0,0.022859352647123,14.0
4555.0,0.0203391513915461,10.0
4725.0,0.0309765892164447,4.0
121.0,0.0,5.0
1165.0,0.0220211110643159,7.0
3289.0,0.0235966705329196,8.0
3857.0,0.0162819141272169,7.0
7061.0,0.0410032964199614,7.0
0.0,0.01463275626551,6.0
0.0,0.018308985616975,7.0
0.0,0.0287462121657191,9.0
0.0,0.020653083502429,5.0
0.0,0.0109654930673343,9.0
0.0,0.0041097872653248,2.0
0.0,0.0319849749181551,5.0
0.0,0.0176861242541115,7.0
0.0,0.0,11.0
0.0,0.0,8.0
0.0,0.0,12.0
0.0,0.0,7.0
0.0,0.0,9.0
0.0,0.0,5.0
0.0,0.0,8.0
0.0,0.0,9.0
0.0,0.0,5.0
0.0,0.0,11.0
0.0,0.0,8.0
0.0,0.0,4.0
0.0,0.0,6.0
0.0,0.0,7.0
0.0,0.0,5.0
0.0,0.0,5.0
0.0,0.0,3.0
0.0,0.0,3.0
0.0,0.0,8.0
0.0,0.0,8.0
0.0,0.0,5.0
0.0,0.0,10.0
0.0,0.0,14.0
0.0,0.0,10.0
0.0,0.0,12.0
0.0,0.0,13.0
0.0,0.0138117687338454,11.0
0.0,0.0118148946147231,3.0
0.0,0.0085673678643233,4.0
0.0,0.0090866802539366,9.0
0.0,0.0159896063195763,7.0
0.0,0.0150301946722163,9.0
0.0,0.0058151529074425,4.0
0.0,0.0,6.0
0.0,0.0069475173145718,12.0
0.0,0.0193324180157874,14.0
0.0,0.0136660067953874,15.0
0.0,0.0078750749322408,10.0
0.0,0.0243634339393565,15.0
0.0,0.0102150345801179,15.0
0.0,0.0249367663325071,8.0
0.0,0.0108310684386478,12.0
0.0,0.0118506379739143,15.0
0.0,0.0125899124233579,13.0
0.0,0.0,12.0
0.0,0.0100276380552551,12.0
0.0,0.017822348796104,12.0
0.0,0.0312870328818151,14.0
0.0,0.0338450254802548,11.0
0.0,0.0129907163501394,15.0
0.0,0.0186868359203293,14.0
0.0,0.0,15.0
0.0,0.0,10.0
0.0,0.0,14.0
0.0,0.0,11.0
0.0,0.0,15.0
0.0,0.0,12.0
0.0,0.0,10.0
0.0,0.0,14.0
0.0,0.0,15.0
0.0,0.0,13.0
0.0,0.0,12.0
0.0,0.0,13.0
0.0,0.0,15.0
0.0,0.0,14.0
0.0,0.0,15.0
14892.0,0.0133207246974171,11.0
5536.0,0.0333246253396196,14.0
26397.0,0.0092413975149166,13.0
34444.0,0.0220402011038283,11.0
53849.0,0.0395912443619892,15.0
25993.0,0.0217244139780135,14.0
3164.0,0.0161964272787239,14.0
7885.0,0.0142820430632873,14.0
6737.0,0.01833313272582,13.0
9988.0,0.0478345577377191,11.0
8933.0,0.0287476556575618,11.0
10765.0,0.0387797989119713,15.0
3080.0,0.0455338384592731,14.0
16292.0,0.0345559097336438,10.0
11297.0,0.0243622485037894,10.0
23415.0,0.0481024399219871,10.0
24388.0,0.043831529717633,15.0
17310.0,0.0302423473022169,11.0
27907.0,0.0346542595887509,15.0
22924.0,0.0388124323378567,15.0
31886.0,0.0260081897399046,12.0
38150.0,0.022585364145708,11.0
24276.0,0.0431386816705436,9.0
21646.0,0.0213277031529952,10.0
19169.0,0.0221279396276146,11.0
28983.0,0.0223604886356912,9.0
37090.0,0.012831869645809,11.0
44355.0,0.0319990846915347,12.0
34118.0,0.0315081043762856,14.0
27650.0,0.0133630845134778,10.0
48835.0,0.0258475341133277,12.0
50355.0,0.0104797880488728,9.0
48087.0,0.0458427273510324,13.0
49682.0,0.0328383142764641,10.0
49731.0,0.0295814236954989,10.0
11837.0,0.0092378189053231,5.0
15893.0,0.0056403938676461,10.0
4313.0,0.0249645211525873,1.0
24213.0,0.0283635742156615,10.0
38135.0,0.0260507848731907,12.0
25345.0,0.0314712762268497,6.0
3177.0,0.0203031558924456,12.0
5677.0,0.0221863455604292,6.0
16578.0,0.0214541301485823,3.0
9562.0,0.0409616657970964,6.0
12539.0,0.0080483141088411,10.0
14764.0,0.0191503584748204,7.0
7738.0,0.0302956531641302,8.0
11925.0,0.0264687203154404,7.0
18221.0,0.006521379852141,5.0
21362.0,0.0208805371642146,6.0
4458.0,0.0412986330441093,14.0
28738.0,0.0201201337664138,10.0
21182.0,0.0187722683029947,6.0
12216.0,0.0199179322582477,5.0
0.0,0.0241296456379383,6.0
18718.0,0.0320705355843251,6.0
15068.0,0.0301517943494125,5.0
14777.0,0.0321965797721493,9.0
3095.0,0.0291364135553128,5.0
21554.0,0.0097242327647459,12.0
12471.0,0.0392095305485924,11.0
22403.0,0.0268635438480705,9.0
19982.0,0.0468557153537906,9.0
11681.0,0.0248690002600948,11.0
434.0,0.0407564798551638,15.0
19298.0,0.0181557436155786,7.0
36431.0,0.040401448144141,14.0
36617.0,0.0340004796638981,7.0
22397.0,0.0348393934117683,7.0
22197.0,0.0231173092103524,7.0
3051.0,0.046823416012752,10.0
15227.0,0.0386584924360646,4.0
10719.0,0.0334691300215855,3.0
31572.0,0.0278782550405991,2.0
16461.0,0.0248015497440642,11.0
21225.0,0.0268001224522354,8.0
10229.0,0.0284970807909086,9.0
6996.0,0.025258987705644,10.0
8010.0,0.01830022054866,10.0
0.0,0.0072948386474071,7.0
0.0,0.0164076509314025,6.0
11627.0,0.0304115634214106,6.0
8387.0,0.008916454208972,6.0
0.0,0.0133620083392261,5.0
4118.0,0.005749761667527,6.0
10812.0,0.0105594326278639,9.0
6257.0,0.0057232961411092,6.0
0.0,0.0086051341247662,7.0
0.0,0.0194301829206702,5.0
0.0,0.0,7.0
0.0,0.0145227761384397,9.0
0.0,0.0158499312747361,7.0
0.0,0.0119236030800006,5.0
0.0,0.0300351482019561,11.0
0.0,0.0138459663932809,10.0
0.0,0.0,10.0
0.0,0.0,7.0
0.0,0.0,11.0
0.0,0.0,8.0
0.0,0.0,8.0
0.0,0.0,9.0
0.0,0.0,5.0
0.0,0.0,12.0
0.0,0.0,9.0
0.0,0.0,14.0
0.0,0.0,3.0
0.0,0.0,4.0
0.0,0.0,8.0
0.0,0.0,10.0
0.0,0.0,7.0
0.0,0.0,3.0
0.0,0.0,4.0
0.0,0.0,10.0
0.0,0.0,6.0
0.0,0.0,4.0
0.0,0.0,7.0
0.0,0.0,12.0
0.0,0.0,10.0
0.0,0.0,15.0
0.0,0.0,11.0
0.0,0.0,12.0
0.0,0.0136334486790628,10.0
0.0,0.0127144109894051,6.0
0.0,0.030046886814057,7.0
0.0,0.0076845733340027,6.0
0.0,0.0059988330273938,8.0
0.0,0.0112864216415672,8.0
0.0,0.013111936006535,6.0
0.0,0.0058518383592461,6.0
0.0,0.0262395699509645,14.0
0.0,0.0201225015221963,14.0
0.0,0.0176072367315624,15.0
0.0,0.0190591408912279,14.0
0.0,0.0268578236354361,11.0
0.0,0.0185392119268324,15.0
0.0,0.0120905407013137,10.0
0.0,0.0211456279145813,12.0
0.0,0.0128180157286645,15.0
0.0,0.008609288125268,12.0
0.0,0.0138052868396109,11.0
0.0,0.0018060168447044,14.0
0.0,0.0210143687130856,14.0
0.0,0.0306773520226972,11.0
0.0,0.0022778580350207,13.0
0.0,0.0241714727895688,15.0
0.0,0.0372854339923102,15.0
0.0,0.0,14.0
0.0,0.0,14.0
0.0,0.0,11.0
0.0,0.0,12.0
0.0,0.0,12.0
0.0,0.0,12.0
0.0,0.0,14.0
0.0,0.0,15.0
0.0,0.0,10.0
0.0,0.0,11.0
0.0,0.0,12.0
0.0,0.0,15.0
0.0,0.0,15.0
0.0,0.0,15.0
0.0,0.0,14.0
10136.0,0.0215946931062444,15.0
12014.0,0.0385995805982185,11.0
31524.0,0.0165975856179986,11.0
37866.0,0.0279954050298709,15.0
43252.0,0.0272444928520097,14.0
25387.0,0.0245259734590368,14.0
10602.0,0.024403331748535,9.0
15766.0,0.038795679275108,12.0
4243.0,0.0320674184509543,14.0
4118.0,0.0249841296429339,13.0
12793.0,0.0247561998070486,15.0
6080.0,0.0230769432949266,12.0
0.0,0.0256043546022806,12.0
12033.0,0.0300061580018972,13.0
12474.0,0.0428204341431632,10.0
21863.0,0.0247393946993617,7.0
20771.0,0.0249617707240384,14.0
12193.0,0.0494499073690671,12.0
13039.0,0.0330621749325231,14.0
19694.0,0.0396678015831302,14.0
27289.0,0.0438201473731799,10.0
28429.0,0.0176428964761345,11.0
14553.0,0.0393576210591765,10.0
20991.0,0.0369847464948394,11.0
22354.0,0.0432512225895703,7.0
34414.0,0.0210281940155916,12.0
47865.0,0.0365334867870697,12.0
29474.0,0.0337047340814766,10.0
36123.0,0.0264221224068123,14.0
30242.0,0.0353119093930501,14.0
53807.0,0.0363534843574102,12.0
43448.0,0.0290149332889925,11.0
51652.0,0.019190797647987,12.0
46873.0,0.0233906142236505,8.0
44930.0,0.0335438923534644,6.0
16715.0,0.0155229272388059,4.0
14675.0,0.0510806139103551,10.0
8842.0,0.0311915718132626,8.0
33339.0,0.0320971093063519,8.0
30783.0,0.0305674636330347,8.0
16288.0,0.0251087483428384,10.0
10520.0,0.0116169532200901,9.0
6311.0,0.0367478654339007,5.0
8243.0,0.0274510602409203,6.0
10570.0,0.0379715947790815,6.0
20077.0,0.0352246133819613,9.0
12749.0,0.0235923938678079,7.0
10710.0,0.0216541828843545,8.0
14144.0,0.0216004892175084,2.0
29729.0,0.0180940533796889,4.0
34810.0,0.0305635992838014,8.0
11050.0,0.032428881552853,10.0
21391.0,0.0373104633255297,8.0
16055.0,0.0438782382693093,5.0
5564.0,0.0043251336416654,4.0
17418.0,0.0511032551906067,4.0
31849.0,0.0395997751872045,7.0
18321.0,0.0219340861584802,6.0
8382.0,0.0243205565246092,12.0
11055.0,0.0308612029705675,6.0
16795.0,0.0225712665983045,8.0
11224.0,0.0205571607548576,10.0
24338.0,0.0165530895207803,13.0
13197.0,0.0264257622871452,10.0
0.0,0.0268235575100533,10.0
8289.0,0.0202990596695013,11.0
23275.0,0.0279823123166408,6.0
23926.0,0.0278569589417361,11.0
28656.0,0.0369503330260786,10.0
25008.0,0.00850579444989,7.0
19395.0,0.0288691770944229,8.0
16453.0,0.0164404094080424,11.0
10123.0,0.0174962279069691,8.0
10998.0,0.0353457685990181,9.0
18127.0,0.0231038153620213,3.0
2616.0,0.0202456562688007,12.0
7847.0,0.0247314476557138,3.0
5566.0,0.0205948791516127,11.0
1984.0,0.0219771410315429,10.0
0.0,0.0254319654823093,10.0
3907.0,0.0397932516045032,10.0
9986.0,0.0174808198677718,7.0
7036.0,0.0262582580919272,6.0
8847.0,0.0101310527775171,5.0
1756.0,0.0321329947338821,11.0
0.0,0.0161747261912894,9.0
0.0,0.0155655325198532,6.0
32.0,0.0051072590402215,7.0
9131.0,0.0294888587563491,6.0
0.0,0.0,9.0
0.0,0.0267290656048174,3.0
0.0,0.0260917165910227,4.0
0.0,0.0148565689138523,6.0
0.0,0.0181384804467475,6.0
0.0,0.013824400776992,8.0
0.0,0.024055981591482,6.0
0.0,0.0,7.0
0.0,0.0,9.0
0.0,0.0,8.0
0.0,0.0,8.0
0.0,0.0,8.0
0.0,0.0,10.0
0.0,0.0,7.0
0.0,0.0,7.0
0.0,0.0,5.0
0.0,0.0,12.0
0.0,0.0,8.0
0.0,0.0,5.0
0.0,0.0,10.0
0.0,0.0,9.0
0.0,0.0,5.0
0.0,0.0,7.0
0.0,0.0,5.0
0.0,0.0,5.0
0.0,0.0,3.0
0.0,0.0,6.0
0.0,0.0,7.0
0.0,0.0,7.0
0.0,0.0,15.0
0.0,0.0,11.0
0.0,0.0,11.0
0.0,0.0,15.0
0.0,0.0124660105736876,9.0
0.0,0.0432069908193363,5.0
0.0,0.0009372257323585,1.0
0.0,0.0023154646521764,13.0
0.0,0.0186938423830677,6.0
0.0,0.0093012306455468,8.0
0.0,0.0302015786515179,5.0
0.0,0.0173740109969999,8.0
0.0,0.0184412358358222,13.0
0.0,0.040490977904877,10.0
0.0,0.0,10.0
0.0,0.0055726901847595,14.0
0.0,0.0279722906166459,11.0
0.0,0.0218080915354134,14.0
0.0,0.0046346648876506,14.0
0.0,0.006004530154722,13.0
0.0,0.029261811877054,10.0
0.0,0.0120141584403663,14.0
0.0,0.0197421098079053,13.0
0.0,0.007753616687586,15.0
0.0,0.0076856260634342,12.0
0.0,0.0194888585952577,15.0
0.0,0.0177697192255577,14.0
0.0,0.0160308817756254,15.0
0.0,0.0,14.0
0.0,0.0,12.0
0.0,0.0,13.0
0.0,0.0,15.0
0.0,0.0,14.0
0.0,0.0,12.0
0.0,0.0,13.0
0.0,0.0,13.0
0.0,0.0,12.0
0.0,0.0,12.0
0.0,0.0,13.0
0.0,0.0,12.0
0.0,0.0,13.0
0.0,0.0,14.0
0.0,0.0,13.0
0.0,0.0,15.0
13803.0,0.0043854257300147,15.0
10073.0,0.0013445073712456,12.0
25713.0,0.0181290379833757,14.0
38556.0,0.025740965097648,12.0
56373.0,0.037955747139479,11.0
32506.0,0.0333214143138097,14.0
0.0,0.0314695652612307,15.0
9694.0,0.0234035165189344,13.0
2869.0,0.0370731657180527,15.0
12172.0,0.0400302881677099,14.0
20990.0,0.0197862872339697,12.0
12701.0,0.0345107908654596,10.0
11508.0,0.0378427875255594,11.0
7102.0,0.0429719888430799,7.0
22451.0,0.0376168567186996,7.0
21001.0,0.0301704808814516,9.0
22056.0,0.0370175822968159,11.0
8743.0,0.0361224148621744,14.0
34369.0,0.0220574828780826,13.0
29520.0,0.0171142666547968,11.0
37973.0,0.032123834356544,12.0
21908.0,0.0390454548787245,15.0
11540.0,0.0273510030801337,10.0
31072.0,0.0177854289058954,14.0
24112.0,0.0366085963999953,12.0
25547.0,0.0132802134625167,8.0
43063.0,0.0260454964302715,10.0
35467.0,0.0250854070817253,10.0
21107.0,0.0202796979376523,14.0
29177.0,0.0268629508325297,12.0
50092.0,0.0294297741013738,11.0
40912.0,0.0295043292969132,12.0
49222.0,0.0152730551092677,12.0
55228.0,0.0373386521671485,8.0
47145.0,0.0130522480385325,10.0
24092.0,0.0227587162329804,7.0
22595.0,0.0,10.0
12331.0,0.0362096463620118,2.0
27382.0,0.0125736964402799,12.0
23766.0,0.0350887740489006,11.0
28378.0,0.0032111732355313,8.0
8172.0,0.0177156646241723,6.0
11289.0,0.0355786788831484,11.0
10537.0,0.0301208129838655,9.0
7714.0,0.019869464595158,6.0
17670.0,0.0235604697666549,11.0
19692.0,0.0089338576089753,8.0
626.0,0.0259590759730316,12.0
16190.0,0.038460866477916,4.0
22046.0,0.0145648422912399,5.0
29050.0,0.0347646807295988,7.0
23473.0,0.0252966399968461,13.0
30714.0,0.0338949677972885,11.0
12338.0,0.0170184116723504,8.0
22771.0,0.0169306048131099,4.0
4159.0,0.0140902474903059,3.0
17765.0,0.0384397113353245,7.0
21151.0,0.0102821416822123,8.0
17380.0,0.0371259341436807,5.0
21254.0,0.0303112933216844,5.0
8647.0,0.0482580856960119,8.0
6073.0,0.0392439721126657,9.0
12775.0,0.043778336624882,11.0
17818.0,0.0196140416154244,10.0
20531.0,0.0284182234243205,8.0
0.0,0.0237212746795227,14.0
22707.0,0.0228333027241769,9.0
15992.0,0.0445854747863618,11.0
27275.0,0.0228046106773808,7.0
23417.0,0.0169350226920104,9.0
3696.0,0.0211126234594425,6.0
18896.0,0.0305621158286641,6.0
15476.0,0.0249659911053689,6.0
7015.0,0.0316998343530776,3.0
21346.0,0.0290366019918456,3.0
12684.0,0.0246459421385566,14.0
6199.0,0.0175564232158347,6.0
11171.0,0.0209934680458421,10.0
2142.0,0.0215392101516888,14.0
14241.0,0.0196136027170292,13.0
4728.0,0.0113272221766714,12.0
2040.0,0.0323046482123623,6.0
0.0,0.048044582003803,5.0
3487.0,0.0279580149323513,3.0
0.0,0.0216084212705134,9.0
0.0,0.0074526862173448,8.0
0.0,0.035375127109649,12.0
10904.0,0.0387544342706506,5.0
14638.0,0.0187480459635774,7.0
0.0,0.0298315448141958,5.0
0.0,0.0090408631747717,3.0
0.0,0.032246504446493,5.0
0.0,0.0324344836988477,10.0
0.0,0.019311510197187,7.0
0.0,0.0298070438567456,7.0
0.0,0.012574126327378,9.0
0.0,0.0,12.0
0.0,0.0,7.0
0.0,0.0,9.0
0.0,0.0,9.0
0.0,0.0,8.0
0.0,0.0,8.0
0.0,0.0,4.0
0.0,0.0,10.0
0.0,0.0,6.0
0.0,0.0,11.0
0.0,0.0,6.0
0.0,0.0,5.0
0.0,0.0,9.0
0.0,0.0,6.0
0.0,0.0,6.0
0.0,0.0,6.0
0.0,0.0,8.0
0.0,0.0,1.0
0.0,0.0,6.0
0.0,0.0,7.0
0.0,0.0,6.0
0.0,0.0,4.0
0.0,0.0,14.0
0.0,0.0,9.0
0.0,0.0,12.0
0.0,0.0,13.0
0.0,0.0146573701564877,9.0
0.0,0.0153927265355568,5.0
0.0,0.0206046240338721,5.0
0.0,0.0204026436852222,13.0
0.0,0.0201450162962708,8.0
0.0,0.0,9.0
0.0,0.0126945550711524,6.0
0.0,0.026290255272453,9.0
0.0,0.0197718710607807,14.0
0.0,0.027012951356781,12.0
0.0,0.0065872757838737,13.0
0.0,0.0303957842036461,12.0
0.0,0.0427958398419257,10.0
0.0,0.0,10.0
0.0,0.0174537576996823,12.0
0.0,0.0035863765213891,13.0
0.0,0.0116952783297225,14.0
0.0,0.0187022719870425,9.0
0.0,0.013381239642391,11.0
0.0,0.029141346834475,15.0
0.0,0.0181996203051213,14.0
0.0,0.0326606496616124,11.0
0.0,0.0237404569518259,7.0
0.0,0.0246264027608123,15.0
0.0,0.0280909065518452,11.0
0.0,0.0,15.0
0.0,0.0,10.0
0.0,0.0,9.0
0.0,0.0,13.0
0.0,0.0,14.0
0.0,0.0,15.0
0.0,0.0,11.0
0.0,0.0,13.0
0.0,0.0,15.0
0.0,0.0,11.0
0.0,0.0,13.0
0.0,0.0,11.0
0.0,0.0,11.0
0.0,0.0,15.0
0.0,0.0,14.0
26377.0,0.0314297130257301,15.0
11614.0,0.0233673017548769,15.0
28892.0,0.0392197346971569,13.0
40023.0,0.0299383690906493,13.0
52629.0,0.0294494938144138,15.0
23705.0,0.0222439383844895,11.0
12848.0,0.0268012526469138,15.0
947.0,0.0415614436137963,11.0
0.0,0.0412283568299957,15.0
3231.0,0.0277570298252887,15.0
0.0,0.0204820278254053,10.0
16870.0,0.005688501308969,14.0
9378.0,0.0567097977234845,11.0
19338.0,0.0328210312695835,10.0
22165.0,0.0364029326748063,12.0
21470.0,0.0387474602311546,12.0
26683.0,0.0229468799294148,10.0
9224.0,0.0132082284109862,14.0
26831.0,0.0490338935257528,12.0
17002.0,0.0237791018857019,10.0
37081.0,0.0231904961326067,11.0
26659.0,0.049425327166688,14.0
13184.0,0.0336970818242665,12.0
33796.0,0.0355461572297214,13.0
31908.0,0.0353029496919265,11.0
30368.0,0.0240303385303726,9.0
43429.0,0.0231423621873543,9.0
40674.0,0.0282540289545676,12.0
27713.0,0.0280910781135335,12.0
31379.0,0.0330816172032607,13.0
59804.0,0.0274443113844059,10.0
57649.0,0.035916187419611,10.0
50400.0,0.0359656615531494,13.0
50547.0,0.0302773102783046,10.0
52368.0,0.0282963781945798,9.0
7486.0,0.0339065442214051,7.0
25525.0,0.0559599898200233,7.0
13807.0,0.0257386157548244,9.0
16694.0,0.0238029281644993,8.0
38252.0,0.016220500136099,9.0
30397.0,0.0196759982858909,11.0
10210.0,0.0,11.0
2483.0,0.0424719154423214,8.0
8158.0,0.0208139405933534,6.0
4141.0,0.0347119923132481,5.0
19174.0,0.008428325162727,8.0
7528.0,0.0405440146853107,9.0
7602.0,0.0131028959678808,10.0
11358.0,0.0255375849473839,3.0
23005.0,0.0376956534823025,5.0
28479.0,0.0219817027092765,7.0
12029.0,0.0300923859673535,13.0
24324.0,0.0176898598465421,10.0
20248.0,0.0213462467830935,4.0
5683.0,0.0160865191986043,9.0
0.0,0.025538388008787,8.0
24717.0,0.0186198351681383,5.0
11576.0,0.0108667962826083,6.0
6636.0,0.0190098325073934,9.0
11265.0,0.0260142249425962,7.0
19280.0,0.0131420581212121,7.0
18718.0,0.019906057341552,10.0
25113.0,0.0333533442370119,11.0
11374.0,0.0202547599440035,6.0
2604.0,0.0188256667691945,9.0
4511.0,0.028437521565793,14.0
30639.0,0.0407384237781132,7.0
32293.0,0.0227856306136066,10.0
34057.0,0.0462997368600027,7.0
28927.0,0.0099451051405736,6.0
19182.0,0.0119696482021554,9.0
13091.0,0.0215234807631122,6.0
11307.0,0.0304050807137289,8.0
7223.0,0.0212608190383427,2.0
18898.0,0.0162510959095193,3.0
12347.0,0.0304679573447196,9.0
9921.0,0.0186947167249097,2.0
6727.0,0.01684172262509,6.0
0.0,0.0236355085059173,11.0
0.0,0.0129440220394273,8.0
8380.0,0.0324815245081294,9.0
7357.0,0.0360819102234635,6.0
7829.0,0.0379796409920562,7.0
5123.0,0.0095556297290502,11.0
11409.0,0.030380661747237,9.0
9730.0,0.0324992833283651,11.0
19648.0,0.0111121737888749,10.0
0.0,0.0174611496792554,7.0
0.0,0.0086345031462211,4.0
0.0,0.0084765639502123,6.0
0.0,0.0097729474381842,7.0
0.0,0.0243726704549516,7.0
0.0,0.0409098433723358,11.0
0.0,0.0477010884556143,6.0
0.0,0.0262393013362813,12.0
0.0,0.0158654870717714,7.0
0.0,0.0,7.0
0.0,0.0,6.0
0.0,0.0,7.0
0.0,0.0,8.0
0.0,0.0,8.0
0.0,0.0,9.0
0.0,0.0,6.0
0.0,0.0,9.0
0.0,0.0,8.0
0.0,0.0,11.0
0.0,0.0,7.0
0.0,0.0,5.0
0.0,0.0,6.0
0.0,0.0,9.0
0.0,0.0,4.0
0.0,0.0,5.0
0.0,0.0,4.0
0.0,0.0,5.0
0.0,0.0,3.0
0.0,0.0,10.0
0.0,0.0,5.0
0.0,0.0,8.0
0.0,0.0,11.0
0.0,0.0,11.0
0.0,0.0,13.0
0.0,0.0,13.0
0.0,0.016453082306389,9.0
0.0,0.0007174593060336,6.0
0.0,0.0377481661792702,2.0
0.0,0.0206044233716518,11.0
0.0,0.022220052814203,11.0
0.0,0.0143336354357184,4.0
0.0,0.0284183414421819,6.0
0.0,0.0127356672121784,6.0
0.0,0.02196672113904,12.0
0.0,0.0251402544464616,15.0
0.0,0.0221051613429586,12.0
0.0,0.017767759749618,15.0
0.0,0.0164583933804142,15.0
0.0,0.0137809131278489,10.0
0.0,0.0054127219575906,11.0
0.0,0.0269705539333479,13.0
0.0,0.0063297836836134,15.0
0.0,0.0,12.0
0.0,0.0156494783623064,10.0
0.0,0.02463113171711,15.0
0.0,0.0171848613609008,12.0
0.0,0.0134223383669494,10.0
0.0,0.0067361066786402,14.0
0.0,0.0211390582039504,15.0
0.0,0.0358640249681361,15.0
0.0,0.0,15.0
0.0,0.0,15.0
0.0,0.0,10.0
0.0,0.0,13.0
0.0,0.0,12.0
0.0,0.0,14.0
0.0,0.0,14.0
0.0,0.0,15.0
0.0,0.0,13.0
0.0,0.0,15.0
0.0,0.0,15.0
0.0,0.0,12.0
0.0,0.0,14.0
0.0,0.0,12.0
0.0,0.0,11.0
11047.0,0.0227506155450753,14.0
9486.0,0.0241454780972222,13.0
30657.0,0.0282340807391613,13.0
35693.0,0.0069133206981194,13.0
53359.0,0.021353848448888,13.0
29214.0,0.0122505526328837,13.0
13124.0,0.0401261779712999,15.0
2649.0,0.0183774558787135,15.0
5227.0,0.0435179067434386,12.0
10712.0,0.0291756177198744,14.0
13172.0,0.0223522627874495,12.0
8888.0,0.0351024718430796,10.0
12074.0,0.026261267193055,10.0
21647.0,0.0265432584223746,7.0
28761.0,0.0302486301636755,9.0
16483.0,0.0250318776609797,10.0
20222.0,0.0344848969737478,14.0
10782.0,0.0267754179034895,13.0
35168.0,0.0354592519898233,15.0
22515.0,0.0415889474025759,12.0
30428.0,0.0400241795792002,9.0
28286.0,0.0297584615340548,12.0
17875.0,0.0186059739335588,12.0
28842.0,0.0162147174979711,10.0
21192.0,0.025438612716962,11.0
20002.0,0.0320116871532171,11.0
52907.0,0.0288705837782553,14.0
36554.0,0.0336691640634224,10.0
24595.0,0.0188739948841671,15.0
29325.0,0.0234487422049314,12.0
45577.0,0.0457076739694924,12.0
56661.0,0.0274884695969375,11.0
39142.0,0.0333700553917739,14.0
45972.0,0.0335255345323799,10.0
50333.0,0.0076778923048815,8.0
20013.0,0.0030953748001569,10.0
8688.0,0.0335376705063117,11.0
23378.0,0.0142766446734901,8.0
22878.0,0.0313665233707463,14.0
33293.0,0.0264190801755178,13.0
18194.0,0.0238243332512317,6.0
16179.0,0.0287902413978788,7.0
11754.0,0.0331931711160008,10.0
5556.0,0.0291773291209612,11.0
0.0,0.0269343147411709,6.0
23535.0,0.0147186392481498,4.0
11243.0,0.0182042151189853,8.0
6005.0,0.0314942277741908,7.0
20364.0,0.0259068147055548,0.0
20979.0,0.0356858001768005,3.0
27163.0,0.023203149547155,9.0
12912.0,0.0244886470829494,9.0
21608.0,0.0310252492805368,7.0
19670.0,0.0247590338056997,2.0
18155.0,0.0285282753744187,2.0
13552.0,0.0242472113364127,5.0
19355.0,0.0385797383557522,6.0
26085.0,0.0252102811300895,10.0
23919.0,0.0250181715468542,9.0
11610.0,0.0134678758830115,8.0
12627.0,0.0355468266623795,8.0
3250.0,0.0129285347085755,10.0
25089.0,0.0251240450762115,10.0
8873.0,0.0493868093042409,7.0
8126.0,0.0107932511628816,13.0
4063.0,0.0506566839280037,13.0
32104.0,0.0247465317440098,7.0
22572.0,0.0182984401316386,11.0
22239.0,0.0322594025715084,8.0
27975.0,0.0229416939462037,9.0
13306.0,0.0384713849044452,8.0
8317.0,0.0446867890220295,9.0
23041.0,0.0410325990148796,8.0
16360.0,0.0214087873315999,6.0
20925.0,0.0121194021798338,8.0
12600.0,0.0276005597451592,7.0
15811.0,0.0348551091233866,6.0
7463.0,0.0040115195531252,10.0
0.0,0.0317066088437861,7.0
3451.0,0.0327815232048761,7.0
0.0,0.0073896194695043,6.0
2154.0,0.0290115944181089,6.0
9116.0,0.0278860058357823,5.0
3215.0,0.0158027209167118,4.0
2887.0,0.030020211639874,5.0
2694.0,0.033469859974778,10.0
16807.0,0.0307695920842247,8.0
936.0,0.0022835371830387,1.0
3791.0,0.0251831881284303,7.0
0.0,0.0138217238649969,5.0
0.0,0.0086503357599965,6.0
0.0,0.0253447873907761,4.0
0.0,0.0194601593228818,9.0
0.0,0.0261798155706686,5.0
0.0,0.0260212408360262,6.0
0.0,0.0190089811812707,9.0
0.0,0.0,10.0
0.0,0.0,5.0
0.0,0.0,8.0
0.0,0.0,11.0
0.0,0.0,8.0
0.0,0.0,14.0
0.0,0.0,5.0
0.0,0.0,8.0
0.0,0.0,6.0
0.0,0.0,10.0
0.0,0.0,4.0
0.0,0.0,7.0
0.0,0.0,12.0
0.0,0.0,5.0
0.0,0.0,5.0
0.0,0.0,6.0
0.0,0.0,5.0
0.0,0.0,8.0
0.0,0.0,1.0
0.0,0.0,10.0
0.0,0.0,5.0
0.0,0.0,7.0
0.0,0.0,11.0
0.0,0.0,10.0
0.0,0.0,12.0
0.0,0.0,15.0
0.0,0.0130597105761753,11.0
0.0,0.0230822029478256,6.0
0.0,0.0184751070883751,8.0
0.0,0.0174217354139629,8.0
0.0,0.0226047590677632,7.0
0.0,0.0304369255748323,5.0
0.0,0.0237614906723707,3.0
0.0,0.0059605139572311,5.0
0.0,0.0237174057477281,15.0
0.0,0.0185164014475498,11.0
0.0,0.0160561353945162,13.0
0.0,0.0178386702529705,14.0
0.0,0.0271978618293978,13.0
0.0,0.0267709952277796,11.0
0.0,0.0246725747889679,14.0
0.0,0.0321703221465516,12.0
0.0,0.0108962692827832,13.0
0.0,0.0043849943061762,11.0
0.0,0.0022643128697085,15.0
0.0,0.0,15.0
0.0,0.0246654109699217,15.0
0.0,0.015425910777985,9.0
0.0,0.0121840159629981,14.0
0.0,0.0069522534560736,15.0
0.0,0.0163773412278593,12.0
0.0,0.0,11.0
0.0,0.0,11.0
0.0,0.0,14.0
0.0,0.0,11.0
0.0,0.0,12.0
0.0,0.0,12.0
0.0,0.0,12.0
0.0,0.0,13.0
0.0,0.0,15.0
0.0,0.0,15.0
0.0,0.0,10.0
0.0,0.0,15.0
0.0,0.0,11.0
0.0,0.0,15.0
0.0,0.0,10.0
26939.0,0.0202207002271568,7.0
17873.0,0.0090652060198452,13.0
37554.0,0.0156248309023193,11.0
42644.0,0.0284274903364226,14.0
58601.0,0.0327588951305194,13.0
21341.0,0.0213035224641617,9.0
18031.0,0.0233434606969498,11.0
7052.0,0.0318773024854879,11.0
14056.0,0.0306313198411244,13.0
20834.0,0.0366744663403524,14.0
9317.0,0.0306991114645476,8.0
13871.0,0.0324592132400354,12.0
16274.0,0.0179327034118104,14.0
11748.0,0.0212179912469758,8.0
10951.0,0.0327317238814088,13.0
15140.0,0.0447704988686653,10.0
16739.0,0.0249713985949266,13.0
12893.0,0.0316526286774383,12.0
36251.0,0.0342870138703851,13.0
29429.0,0.0449061527927903,13.0
39148.0,0.0143352181865792,9.0
30641.0,0.0354939197302661,11.0
29524.0,0.0154694584668089,15.0
28860.0,0.0317954479128655,12.0
17782.0,0.0361400669044446,9.0
31774.0,0.01185196328273,9.0
46780.0,0.0127897407968971,9.0
37791.0,0.0409009092187849,9.0
25868.0,0.0158096812145853,8.0
30740.0,0.0262219972630475,12.0
58570.0,0.0174747798069416,11.0
56485.0,0.031564065776123,14.0
46048.0,0.0280535721592612,13.0
48212.0,0.015042801310432,7.0
49222.0,0.0362194334966341,11.0
13589.0,0.03452731491073,8.0
15034.0,0.0292004957519644,6.0
17240.0,0.0157355106873275,6.0
18199.0,0.0271465035732039,6.0
35549.0,0.0331567915676233,8.0
36166.0,0.0284440529198434,7.0
10538.0,0.0345155285421307,10.0
6459.0,0.020552605205358,8.0
14091.0,0.0245617159374277,7.0
0.0,0.0437349541138512,4.0
21412.0,0.0201251941549057,8.0
6552.0,0.0197298221999385,8.0
6863.0,0.032530266816742,11.0
12777.0,0.0328805015461104,4.0
26359.0,0.0106133741029521,8.0
26206.0,0.0148993303808488,9.0
13755.0,0.0307839640608038,10.0
35834.0,0.0171158887998963,9.0
14929.0,0.0306147651321538,3.0
18446.0,0.0176385252917635,6.0
939.0,0.0235016876754235,8.0
19110.0,0.0166527170560136,9.0
11045.0,0.0258352898827259,6.0
16176.0,0.0316646149152394,10.0
9644.0,0.0082221886119297,10.0
28784.0,0.0215456246575042,8.0
20662.0,0.046007073913496,8.0
22947.0,0.0155273492383547,10.0
12711.0,0.0607306445820878,12.0
2468.0,0.0297446237441763,12.0
4162.0,0.0095672388968306,12.0
16457.0,0.0225239295846056,7.0
12115.0,0.0503489229607131,13.0
24000.0,0.0302520755934408,11.0
27604.0,0.0349607345292252,9.0
21078.0,0.0397326316835218,9.0
9347.0,0.028644962615669,8.0
12503.0,0.0138997912914248,8.0
11982.0,0.0084161613144547,4.0
22946.0,0.0192591053774419,4.0
11183.0,0.0033317483519683,7.0
11871.0,0.0255534566901037,5.0
12630.0,0.0222879084348915,10.0
7919.0,0.0208789986743326,10.0
33.0,0.0200915215604998,10.0
10398.0,0.0292878287290103,10.0
4449.0,0.0179414666902422,9.0
0.0,0.0299049952635622,3.0
4981.0,0.0224800209224284,5.0
0.0,0.0,8.0
1863.0,0.0189725399265942,7.0
5048.0,0.0,10.0
3700.0,0.0188376517591423,6.0
7541.0,0.0049754412278274,8.0
0.0,0.0195235841800987,7.0
0.0,0.017855464536357,4.0
0.0,0.0127817256675485,5.0
0.0,0.0179919607153116,9.0
0.0,0.0238917047446028,2.0
0.0,0.0286510218814238,10.0
0.0,0.0278900783166668,11.0
0.0,0.0,5.0
0.0,0.0,10.0
0.0,0.0,5.0
0.0,0.0,9.0
0.0,0.0,9.0
0.0,0.0,6.0
0.0,0.0,0.0
0.0,0.0,13.0
0.0,0.0,2.0
0.0,0.0,13.0
0.0,0.0,5.0
0.0,0.0,6.0
0.0,0.0,7.0
0.0,0.0,5.0
0.0,0.0,3.0
0.0,0.0,7.0
0.0,0.0,2.0
0.0,0.0,7.0
0.0,0.0,8.0
0.0,0.0,5.0
0.0,0.0,1.0
0.0,0.0,10.0
0.0,0.0,8.0
0.0,0.0,9.0
0.0,0.0,11.0
0.0,0.0,11.0
0.0,0.0167477854755508,10.0
0.0,0.0135824808690981,7.0
0.0,0.0073060878734202,9.0
0.0,0.0118227672039185,12.0
0.0,0.0213109163518642,6.0
0.0,0.0238087866542265,8.0
0.0,0.025835281582725,7.0
0.0,0.0067100707633042,5.0
0.0,0.0006918070812629,12.0
0.0,0.0227521674272808,15.0
0.0,0.009073734198952,12.0
0.0,0.0145255423043033,15.0
0.0,0.0130056713086565,15.0
0.0,0.0284787505345605,14.0
0.0,0.0295977425364652,13.0
0.0,0.0366163499285363,12.0
0.0,0.0081551030230558,14.0
0.0,0.0093714390493032,15.0
0.0,0.0058993261970168,10.0
0.0,0.0151633446763281,12.0
0.0,0.0133588339683714,12.0
0.0,0.0263587559801792,15.0
0.0,0.0088522548607036,13.0
0.0,0.0265307411230198,8.0
0.0,0.0312414806920812,11.0
0.0,0.0,14.0
0.0,0.0,15.0
0.0,0.0,12.0
0.0,0.0,14.0
0.0,0.0,13.0
0.0,0.0,15.0
0.0,0.0,15.0
0.0,0.0,8.0
0.0,0.0,11.0
0.0,0.0,12.0
0.0,0.0,12.0
0.0,0.0,12.0
0.0,0.0,15.0
0.0,0.0,15.0
0.0,0.0,13.0
9778.0,0.0323059152162565,11.0
9334.0,0.0171526812490961,10.0
28049.0,0.0152221354745892,15.0
33964.0,0.0273781122584929,14.0
53344.0,0.0143154483983708,11.0
29735.0,0.0055993792552076,11.0
8020.0,0.0387395470189254,13.0
13414.0,0.0371020343816442,11.0
13414.0,0.0238732883147007,11.0
5223.0,0.0230651486018061,13.0
19843.0,0.0453230430242698,13.0
572.0,0.0147464794152809,10.0
10082.0,0.0307791561432966,11.0
8457.0,0.0305409658523918,7.0
30954.0,0.0369859190464954,12.0
23927.0,0.0306259776892894,4.0
24758.0,0.0309960923892335,10.0
4433.0,0.0271403941466706,10.0
22917.0,0.0531283820405809,15.0
25863.0,0.0222843646336837,12.0
43113.0,0.0115863528721431,15.0
27763.0,0.0373690629171549,12.0
24881.0,0.0352366884584067,11.0
22994.0,0.0434694071692728,13.0
23201.0,0.0306714423729517,9.0
30783.0,0.0319761023468787,9.0
48757.0,0.0257401714383439,9.0
30606.0,0.0363393610964541,10.0
35475.0,0.008559600838151,10.0
34006.0,0.022902212212826,12.0
59316.0,0.0255050909589961,12.0
52655.0,0.0225690170593771,10.0
37283.0,0.0433197415234635,14.0
47897.0,0.025014351557691,13.0
41776.0,0.0066353858854988,8.0
14895.0,0.0204241213867113,5.0
18790.0,0.0344836166592019,7.0
4354.0,0.0151066576928563,9.0
21653.0,0.0429002293854362,9.0
30776.0,0.0278852039271033,14.0
9160.0,0.0285608099961692,9.0
8783.0,0.0155288791100351,7.0
9634.0,0.0,7.0
11331.0,0.0322277526300005,5.0
7274.0,0.0335508784109992,5.0
4296.0,0.0214284898500398,8.0
30456.0,0.0205255679872629,9.0
5878.0,0.0315913858733239,4.0
9724.0,0.02633857707135,5.0
16730.0,0.0212598037205912,5.0
29463.0,0.0394229437301697,7.0
6575.0,0.0086647599080216,12.0
16201.0,0.0232278998797242,9.0
16498.0,0.0323584039472221,5.0
755.0,0.0190662719069062,6.0
2969.0,0.0238352321501776,7.0
22554.0,0.0287557422432518,5.0
14763.0,0.0325827017467217,6.0
14716.0,0.0369214472438518,5.0
15712.0,0.0228687593100569,9.0
14149.0,0.0338762728312556,10.0
21885.0,0.0329643116872543,10.0
15865.0,0.0229762352049326,10.0
7207.0,0.0119069814885535,11.0
7579.0,0.0241280230097989,13.0
7427.0,0.030178227291244,15.0
9682.0,0.033627250195376,7.0
31069.0,0.0350076276699279,13.0
27422.0,0.0105740739102408,8.0
36848.0,0.0224780687770442,12.0
11277.0,0.0170184844905125,6.0
12554.0,0.0127446647743454,9.0
23958.0,0.0154974548882534,6.0
20464.0,0.0300164208425797,6.0
32211.0,0.0270258537341538,6.0
12290.0,0.0305075051106746,10.0
2023.0,0.032628187324596,3.0
12422.0,0.019973859557961,8.0
1398.0,0.0262726577150231,15.0
2304.0,0.0197626017214036,10.0
2379.0,0.0203573871478163,10.0
9001.0,0.017734894662963,9.0
0.0,0.0174538183475537,6.0
5546.0,0.0241365550968563,6.0
6127.0,0.0207359340115532,6.0
1964.0,0.027925995509328,6.0
6989.0,0.0166048298616093,10.0
2386.0,0.0136108701729781,5.0
0.0,0.0140449199874276,9.0
0.0,0.0121380927299553,5.0
0.0,0.0083720488080114,4.0
0.0,0.0165518349337334,7.0
0.0,0.0,9.0
0.0,0.0111314329025959,3.0
0.0,0.0125871093568123,10.0
0.0,0.0159496915918953,9.0
0.0,0.0,8.0
0.0,0.0,7.0
0.0,0.0,11.0
0.0,0.0,6.0
0.0,0.0,7.0
0.0,0.0,8.0
0.0,0.0,9.0
0.0,0.0,10.0
0.0,0.0,5.0
0.0,0.0,13.0
0.0,0.0,5.0
0.0,0.0,6.0
0.0,0.0,8.0
0.0,0.0,10.0
0.0,0.0,8.0
0.0,0.0,5.0
0.0,0.0,7.0
0.0,0.0,6.0
0.0,0.0,6.0
0.0,0.0,5.0
0.0,0.0,6.0
0.0,0.0,10.0
0.0,0.0,12.0
0.0,0.0,5.0
0.0,0.0,14.0
0.0,0.0,11.0
0.0,0.0087159108168375,10.0
0.0,0.0089120062235255,3.0
0.0,0.0165338430462592,3.0
0.0,0.0361095361605225,6.0
0.0,0.0309676497637665,11.0
0.0,0.0188738083482394,5.0
0.0,0.019146718665388,7.0
0.0,0.0286210951386946,4.0
0.0,0.0,12.0
0.0,0.0157872305160826,11.0
0.0,0.0332623209955892,15.0
0.0,0.0232108755749741,12.0
0.0,0.03160432780911,13.0
0.0,0.0179644592547646,12.0
0.0,0.0111927482017384,15.0
0.0,0.0251944623881824,14.0
0.0,0.0213195659775966,10.0
0.0,0.0206817950998538,14.0
0.0,0.0204534326144572,11.0
0.0,0.0255612721235366,14.0
0.0,0.0031521978093817,13.0
0.0,0.0391409998847194,14.0
0.0,0.0216269389378903,11.0
0.0,0.0124487013001459,14.0
0.0,0.0026347820275815,15.0
0.0,0.0,12.0
0.0,0.0,15.0
0.0,0.0,15.0
0.0,0.0,11.0
0.0,0.0,15.0
0.0,0.0,15.0
0.0,0.0,12.0
0.0,0.0,14.0
0.0,0.0,13.0
0.0,0.0,8.0
0.0,0.0,14.0
0.0,0.0,13.0
0.0,0.0,15.0
0.0,0.0,12.0
0.0,0.0,13.0
13626.0,0.0292287063932358,10.0
10702.0,0.0317638973374276,15.0
34566.0,0.0155449884080477,14.0
25145.0,0.0205374139021489,14.0
49933.0,0.0153738629609937,13.0
32364.0,0.0212957997203069,14.0
6606.0,0.0439895145714809,12.0
3092.0,0.0288502584941559,15.0
13731.0,0.0292200851367487,14.0
0.0,0.0321988620469743,12.0
8138.0,0.0284390321280354,14.0
5457.0,0.0358253037300221,9.0
623.0,0.0407323689125238,12.0
22739.0,0.0535914615085667,7.0
15648.0,0.0252800540480787,8.0
17328.0,0.0268383114889008,6.0
17815.0,0.0447706491789309,11.0
19920.0,0.0267324898052187,12.0
24786.0,0.0356714154879288,13.0
17813.0,0.0342494898544706,15.0
38997.0,0.0373072470385975,9.0
30209.0,0.0129382588927383,12.0
23782.0,0.0332315523969952,8.0
16904.0,0.0365667451704146,9.0
33558.0,0.0244868155426856,5.0
31149.0,0.0499089434137681,12.0
52378.0,0.018155183204327,12.0
34697.0,0.0244576582870119,10.0
26340.0,0.0368187942262013,10.0
25269.0,0.0163404835498869,15.0
63096.0,0.0164707520695822,10.0
61545.0,0.0244139694219488,10.0
55819.0,0.0293417336715612,13.0
48971.0,0.0208074994605416,11.0
36787.0,0.0181506285443299,9.0
9059.0,0.030555838896422,6.0
12706.0,0.0170452102560553,6.0
5266.0,0.033510868688033,5.0
22694.0,0.0275756253089527,10.0
29911.0,0.0213080604747231,9.0
17339.0,0.023248442924157,9.0
12511.0,0.0504545394943681,9.0
6147.0,0.022967989450374,9.0
13006.0,0.0150385367738631,9.0
7174.0,0.0184010925946175,4.0
15793.0,0.026234056478212,4.0
720.0,0.025091758491033,7.0
3863.0,0.0221060486633724,7.0
11656.0,0.0254251649442445,4.0
19949.0,0.0385960712433917,8.0
30212.0,0.0182496758696482,9.0
10281.0,0.0031587760393173,10.0
23052.0,0.0331978046831925,10.0
20454.0,0.0261259896537987,4.0
11882.0,0.0347374799826163,6.0
6048.0,0.0107862175842538,7.0
33204.0,0.0207837866325199,5.0
13206.0,0.0256145160476581,11.0
13954.0,0.0142060179717266,8.0
21668.0,0.0231083353565228,6.0
3874.0,0.0184348663636553,11.0
0.0,0.0183972482791211,9.0
20390.0,0.0232053804914216,9.0
8026.0,0.0124753202173609,7.0
7664.0,0.0437334938749653,12.0
2285.0,0.0304457793971722,12.0
28807.0,0.039194860164943,6.0
26281.0,0.0193496505895325,12.0
24661.0,0.0402252841242566,10.0
28336.0,0.0301308492326812,5.0
8217.0,0.0154851215284049,8.0
17479.0,0.0404365634386291,6.0
6312.0,0.0093900332509529,9.0
11021.0,0.0331037037879626,8.0
21389.0,0.0374762605887576,4.0
15332.0,0.0402465083753757,7.0
8778.0,0.0203868321120012,8.0
10253.0,0.027765346302559,6.0
8552.0,0.0232029521155329,11.0
0.0,0.0353629953078515,8.0
11275.0,0.0229870895950483,8.0
4888.0,0.0079153952040231,9.0
1267.0,0.0658916211649939,5.0
4601.0,0.0145437546164662,3.0
450.0,0.0258268451878096,11.0
9580.0,0.0379699711704618,9.0
0.0,0.0311799649104951,9.0
10260.0,0.0074761443204123,5.0
5424.0,0.0219287311361033,7.0
0.0,0.0175978020402198,6.0
0.0,0.0172840349719465,7.0
0.0,0.0285362450759222,2.0
0.0,0.023272445909838,11.0
0.0,0.0264109740314382,7.0
0.0,0.0111579065197747,4.0
0.0,0.0418617963657515,6.0
0.0,0.0,5.0
0.0,0.0,7.0
0.0,0.0,9.0
0.0,0.0,8.0
0.0,0.0,7.0
0.0,0.0,6.0
0.0,0.0,6.0
0.0,0.0,9.0
0.0,0.0,7.0
0.0,0.0,11.0
0.0,0.0,3.0
0.0,0.0,8.0
0.0,0.0,9.0
0.0,0.0,8.0
0.0,0.0,4.0
0.0,0.0,4.0
0.0,0.0,5.0
0.0,0.0,4.0
0.0,0.0,5.0
0.0,0.0,9.0
0.0,0.0,3.0
0.0,0.0,10.0
0.0,0.0,13.0
0.0,0.0,12.0
0.0,0.0,12.0
0.0,0.0,15.0
0.0,0.0166634081667712,10.0
0.0,0.0143244306855547,5.0
0.0,0.0110551077499918,4.0
0.0,0.0227840667543939,10.0
0.0,0.0133929854201083,9.0
0.0,0.0155010617361199,9.0
0.0,0.0,9.0
0.0,0.0332289252380601,8.0
0.0,0.0210925712868558,13.0
0.0,0.0182626769587034,11.0
0.0,0.0201090608609635,14.0
0.0,0.0178888171134988,15.0
0.0,0.0012722180470464,15.0
0.0,0.0296567823288137,10.0
0.0,0.0291310887371992,13.0
0.0,0.0004799613016279,13.0
0.0,0.0165303754740158,15.0
0.0,0.0325560896334016,14.0
0.0,0.0149676503762627,15.0
0.0,0.0021193327306835,13.0
0.0,0.0251860153078722,12.0
0.0,0.0120893731357918,13.0
0.0,0.0115506937147067,15.0
0.0,0.0157577041778813,14.0
0.0,0.0358594262539819,15.0
0.0,0.0,15.0
0.0,0.0,13.0
0.0,0.0,15.0
0.0,0.0,12.0
0.0,0.0,15.0
0.0,0.0,14.0
0.0,0.0,10.0
0.0,0.0,13.0
0.0,0.0,15.0
0.0,0.0,15.0
0.0,0.0,10.0
0.0,0.0,15.0
0.0,0.0,12.0
0.0,0.0,12.0
0.0,0.0,13.0
11831.0,0.0040038518761191,13.0
0.0,0.0240298020535663,13.0
18362.0,0.0208905630990302,9.0
21761.0,0.0270323371640329,13.0
54456.0,0.0270265688136992,13.0
19964.0,0.0141280818060188,12.0
6562.0,0.0245377524016469,11.0
11327.0,0.0,10.0
2843.0,0.0367839681395214,15.0
13270.0,0.0405325706634199,15.0
5133.0,0.0379334752495828,15.0
2664.0,0.0546843206163132,10.0
0.0,0.0480868800316433,11.0
17179.0,0.0417835528266197,5.0
20891.0,0.0353070475026536,7.0
23689.0,0.0469637488690733,8.0
15211.0,0.0128724038300038,9.0
10173.0,0.0478582829548641,14.0
25022.0,0.0301069905435248,14.0
17904.0,0.0340170461221013,13.0
37913.0,0.0323979497709552,10.0
19741.0,0.0171587571218058,15.0
12580.0,0.0232140862005742,12.0
29152.0,0.0316217017655128,14.0
20692.0,0.0285905836319244,7.0
36331.0,0.0480047683663306,11.0
48813.0,0.0247855474473782,10.0
37556.0,0.0073711711858515,12.0
27734.0,0.0342705742868675,13.0
31461.0,0.0206854870913651,11.0
54953.0,0.0214026077365212,12.0
58953.0,0.0240380339670583,12.0
45944.0,0.0,14.0
51862.0,0.0313264977217658,8.0
44537.0,0.0409559943646844,9.0
8651.0,0.013763465016237,9.0
13054.0,0.0307924820314041,8.0
1129.0,0.032951314204541,3.0
24595.0,0.0265083544480365,12.0
31427.0,0.0278962197739221,6.0
5758.0,0.0303040494892762,7.0
6362.0,0.0371171316416294,5.0
0.0,0.0226005118142175,9.0
13988.0,0.0250952330433771,9.0
6892.0,0.0222804209251627,7.0
21107.0,0.026548984286774,9.0
14101.0,0.0149892169064001,10.0
17792.0,0.0188580347392064,6.0
6556.0,0.0202486351681947,4.0
20536.0,0.0120369867963244,7.0
19959.0,0.029260193234187,8.0
13049.0,0.0145006736307588,9.0
25455.0,0.028015823953212,7.0
23980.0,0.0233629862062901,7.0
15444.0,0.019543340323845,6.0
11922.0,0.0235853659034823,6.0
21754.0,0.0034473428563332,4.0
2965.0,0.0272574461223633,8.0
12005.0,0.0418695994060431,9.0
6511.0,0.0182240597240708,7.0
23748.0,0.0106984423749548,4.0
18730.0,0.0263045098518397,10.0
24533.0,0.0271802333240203,11.0
8849.0,0.0096049179594278,12.0
8853.0,0.0461468353453768,9.0
6186.0,0.0136759505133544,15.0
37052.0,0.0478507508055234,3.0
27924.0,0.0321262908285495,14.0
29700.0,0.0365439441393803,10.0
26618.0,0.0048869514953664,10.0
14139.0,0.0238649722524849,10.0
15064.0,0.0072781300558202,8.0
23439.0,0.0142926748170244,5.0
5167.0,0.04366465503063,5.0
32860.0,0.0118522322248923,4.0
21274.0,0.0341049166168693,8.0
10553.0,0.0256779595678358,8.0
8729.0,0.0254302307950188,11.0
11330.0,0.0215465002077939,12.0
7520.0,0.0258451298706633,8.0
0.0,0.0255159550303712,9.0
14464.0,0.0163421605751429,4.0
1521.0,0.042342574662732,4.0
0.0,0.0102981252907365,8.0
5108.0,0.0239755859490135,8.0
1847.0,0.0117028164431956,6.0
5181.0,0.0135919472950809,9.0
0.0,0.0192540692842629,3.0
0.0,0.0223157055271108,7.0
0.0,0.0272663983759892,9.0
0.0,0.0154133370145091,5.0
0.0,0.0312987035388996,6.0
0.0,0.0100543668245326,7.0
0.0,0.0170388053632644,6.0
0.0,0.0149496624288859,3.0
0.0,0.0,7.0
0.0,0.0,7.0
0.0,0.0,8.0
0.0,0.0,6.0
0.0,0.0,10.0
0.0,0.0,10.0
0.0,0.0,4.0
0.0,0.0,2.0
0.0,0.0,9.0
0.0,0.0,8.0
0.0,0.0,14.0
0.0,0.0,7.0
0.0,0.0,2.0
0.0,0.0,11.0
0.0,0.0,7.0
0.0,0.0,6.0
0.0,0.0,4.0
0.0,0.0,7.0
0.0,0.0,6.0
0.0,0.0,8.0
0.0,0.0,6.0
0.0,0.0,7.0
0.0,0.0,6.0
0.0,0.0,12.0
0.0,0.0,11.0
0.0,0.0,11.0
0.0,0.0,14.0
0.0,0.0260774813154747,10.0
0.0,0.0370947287219017,4.0
0.0,0.013692705009536,7.0
0.0,0.0043953648781947,9.0
0.0,0.0102679590997462,10.0
0.0,0.0080333976738304,6.0
0.0,0.0092986000879615,8.0
0.0,0.0231542699384352,4.0
0.0,0.0084219646604919,11.0
0.0,0.027911812872292,13.0
0.0,0.0138459415270929,14.0
0.0,0.015270841267054,13.0
0.0,0.0234292283630891,15.0
0.0,0.0,8.0
0.0,0.0090099896602709,13.0
0.0,0.0242968939148339,13.0
0.0,0.0185420728973176,15.0
0.0,0.0189912904295468,13.0
0.0,0.0252947734376763,12.0
0.0,0.0083799245604594,15.0
0.0,0.0,13.0
0.0,0.0178645614752284,14.0
0.0,0.0237503091526009,15.0
0.0,0.0090230898428834,15.0
0.0,0.0140625517909175,15.0
0.0,0.0,12.0
0.0,0.0,10.0
0.0,0.0,14.0
0.0,0.0,11.0
0.0,0.0,13.0
0.0,0.0,9.0
0.0,0.0,12.0
0.0,0.0,13.0
0.0,0.0,14.0
0.0,0.0,15.0
0.0,0.0,13.0
0.0,0.0,15.0
0.0,0.0,13.0
0.0,0.0,15.0
0.0,0.0,14.0
12006.0,0.013687255764674,14.0
11254.0,0.0118217171290566,12.0
26228.0,0.0153255995129192,15.0
35724.0,0.042740295218059,10.0
51934.0,0.0274982391005722,12.0
33347.0,0.0,11.0
9973.0,0.034972376608639,12.0
6947.0,0.0237938408309649,13.0
8790.0,0.0278440665090537,13.0
16610.0,0.0257684753594731,15.0
10624.0,0.0180225220005877,11.0
0.0,0.0387368042082981,13.0
1609.0,0.0314614126098294,8.0
3914.0,0.0320508851347737,8.0
19843.0,0.0246447201291912,11.0
21369.0,0.0405149828955506,9.0
16101.0,0.0183010491556763,13.0
14089.0,0.0423097345649091,11.0
27666.0,0.0374389509044177,12.0
18192.0,0.0258279563865293,11.0
25241.0,0.035975804712217,13.0
30872.0,0.0167515574832081,13.0
18675.0,0.028795197044043,11.0
29694.0,0.032290714807688,14.0
13534.0,0.0210482211623573,9.0
24371.0,0.0318312058565618,11.0
45735.0,0.0181320659856294,10.0
37934.0,0.0302323213344115,12.0
25027.0,0.0362192223445164,11.0
35337.0,0.0278065149422964,13.0
62679.0,0.0101052164495181,8.0
44972.0,0.0345563633082015,10.0
30522.0,0.0474521700938832,11.0
63482.0,0.033115962133915,13.0
49031.0,0.0233885128037595,6.0
10522.0,0.0335074334988628,10.0
14718.0,0.0157983091208289,8.0
18153.0,0.0259643328871269,6.0
12561.0,0.0398890386822572,11.0
31086.0,0.0247820017830887,5.0
17531.0,0.0333668922874648,8.0
357.0,0.0254025782741394,8.0
19530.0,0.0230333957603051,5.0
21305.0,0.0084597346991636,6.0
9634.0,0.026288032053106,7.0
21341.0,0.0265711438319282,5.0
2510.0,0.0313987389763495,9.0
4718.0,0.0282081387124479,9.0
12452.0,0.0340192422487103,4.0
15441.0,0.0485025424989832,6.0
24142.0,0.0238940512868719,9.0
17154.0,0.0095004693255911,10.0
28997.0,0.0326062204588097,8.0
15975.0,0.0092271135227434,1.0
8743.0,0.0298787920944823,5.0
4476.0,0.0260652351389725,6.0
30802.0,0.0457154512688342,6.0
23411.0,0.0196253016595249,12.0
7623.0,0.0188217584940781,8.0
14264.0,0.0292070957285436,12.0
15961.0,0.0244551402080453,6.0
0.0,0.0058312598214655,11.0
13266.0,0.021394784973083,8.0
9580.0,0.0158059395009133,12.0
8178.0,0.0368261523459895,7.0
5172.0,0.0403443368903967,14.0
26494.0,0.0189305156652516,7.0
31056.0,0.0285215988604234,13.0
20411.0,0.0301579374940756,6.0
26392.0,0.0171116937341993,6.0
19177.0,0.0363331298027962,7.0
20312.0,0.0264185712962292,9.0
10837.0,0.0441931507693236,8.0
18618.0,0.0142328266874511,4.0
29465.0,0.0432942273979357,4.0
18691.0,0.0312285778272176,9.0
14270.0,0.0298726059636204,8.0
11996.0,0.0233955397874712,10.0
0.0,0.0288324139897443,9.0
0.0,0.0266455215272533,8.0
5884.0,0.0024083921388721,5.0
4535.0,0.0331135045161482,7.0
1254.0,0.0198013249811562,2.0
0.0,0.0323930530676508,7.0
0.0,0.0207678476437701,6.0
0.0,0.0190420101978799,8.0
5971.0,0.0,7.0
0.0,0.0254918108269911,6.0
0.0,0.0118422979488414,7.0
0.0,0.0295048440451573,6.0
0.0,0.0404716515810377,8.0
0.0,0.0358124586780372,4.0
0.0,0.0227673378613708,9.0
0.0,0.0238113053008618,9.0
0.0,0.0203317752487147,8.0
0.0,0.0127774156811196,7.0
0.0,0.0,10.0
0.0,0.0,6.0
0.0,0.0,5.0
0.0,0.0,6.0
0.0,0.0,9.0
0.0,0.0,10.0
0.0,0.0,2.0
0.0,0.0,7.0
0.0,0.0,7.0
0.0,0.0,13.0
0.0,0.0,10.0
0.0,0.0,4.0
0.0,0.0,11.0
0.0,0.0,10.0
0.0,0.0,5.0
0.0,0.0,9.0
0.0,0.0,2.0
0.0,0.0,3.0
0.0,0.0,5.0
0.0,0.0,9.0
0.0,0.0,3.0
0.0,0.0,10.0
0.0,0.0,10.0
0.0,0.0,12.0
0.0,0.0,15.0
0.0,0.0,13.0
0.0,0.0224798596017858,10.0
0.0,0.0312536890666668,8.0
0.0,0.0110728204806894,5.0
0.0,0.0472905084182048,10.0
0.0,0.018562259863712,8.0
0.0,0.0176499350660708,3.0
0.0,0.0009728459453897,5.0
0.0,0.0291747598008683,5.0
0.0,0.0120617931755777,13.0
0.0,0.0236223268258909,12.0
0.0,0.0053594771947817,12.0
0.0,0.0078672137384531,14.0
0.0,0.0023514004780274,10.0
0.0,0.0298538652186349,14.0
0.0,0.0212639625263045,13.0
0.0,0.0329382377509594,15.0
0.0,0.0020559228346961,14.0
0.0,0.0083636970701247,9.0
0.0,0.0216597368736331,11.0
0.0,0.0359296338165751,14.0
0.0,0.0225906772251226,13.0
0.0,0.0301742891748979,13.0
0.0,0.0,15.0
0.0,0.0173719955282048,13.0
0.0,0.0270718221444133,11.0
0.0,0.0,13.0
0.0,0.0,12.0
0.0,0.0,15.0
0.0,0.0,13.0
0.0,0.0,14.0
0.0,0.0,15.0
0.0,0.0,13.0
0.0,0.0,14.0
0.0,0.0,12.0
0.0,0.0,15.0
0.0,0.0,15.0
0.0,0.0,12.0
0.0,0.0,12.0
0.0,0.0,13.0
0.0,0.0,15.0
8349.0,0.0062649830900598,10.0
2781.0,0.0189966291525422,15.0
30123.0,0.03638523944189,11.0
44933.0,0.024099845481076,11.0
39201.0,0.0325925881868318,15.0
29079.0,0.033706431207532,15.0
16610.0,0.0324557921823298,15.0
16718.0,0.0243330545267196,14.0
1909.0,0.0060589161634322,15.0
10641.0,0.01817646685367,15.0
8472.0,0.027998890759722,14.0
1216.0,0.0236974501767667,15.0
8336.0,0.0354589663776393,12.0
31805.0,0.0402006355415887,9.0
20876.0,0.0276610671718504,11.0
17728.0,0.0429654493811116,13.0
22400.0,0.0390960146017404,14.0
7180.0,0.0358693739373472,10.0
31819.0,0.0431895307798171,12.0
21270.0,0.0334059428590414,12.0
19537.0,0.03203997366815,12.0
35619.0,0.0200926561240256,12.0
12406.0,0.027447101544973,13.0
19397.0,0.0343860949297518,10.0
39864.0,0.0189710056756378,10.0
30279.0,0.0168957347781554,7.0
43599.0,0.0112431537368329,10.0
34244.0,0.0204792597829808,10.0
33175.0,0.0270636275426959,12.0
29150.0,0.0124272561845109,15.0
56933.0,0.0287310310880763,14.0
55665.0,0.0230927253853596,10.0
44968.0,0.0198332726330616,15.0
55078.0,0.0239145500088793,12.0
40186.0,0.0234900716776933,4.0
25037.0,0.0246745721669956,10.0
14199.0,0.0227426322660188,6.0
6014.0,0.0223399597316141,4.0
28681.0,0.0296832372454492,7.0
31119.0,0.0335540767251768,9.0
16248.0,0.0114237399966391,10.0
2254.0,0.0231440529354297,9.0
13467.0,0.0334391219469836,6.0
10769.0,0.018300967971447,12.0
1593.0,0.0117808300467956,4.0
17486.0,0.026369907358283,9.0
23437.0,0.009226826995412,9.0
8338.0,0.009562158809633,7.0
11661.0,0.031648374076825,0.0
19313.0,0.0164670270922739,7.0
26808.0,0.0206144899669183,8.0
14542.0,0.0332971052026365,11.0
31560.0,0.0084228308193315,10.0
11326.0,0.0184115346510214,6.0
26115.0,0.037377074051776,8.0
9406.0,0.0129295021945687,4.0
28423.0,0.0239846440729009,7.0
20203.0,0.0308560835838635,8.0
11661.0,0.0401306848497238,6.0
8095.0,0.0240893954942855,8.0
13221.0,0.0328752127816411,9.0
18263.0,0.0193384053512154,13.0
14332.0,0.0276000897875575,11.0
20188.0,0.0240628419859614,12.0
11257.0,0.0203822251725468,12.0
7269.0,0.0261872885528385,11.0
10870.0,0.0298376647766838,8.0
39184.0,0.015850412089909,14.0
27168.0,0.0561791715605673,10.0
23742.0,0.0197746889188214,6.0
12948.0,0.0291523226227993,10.0
12370.0,0.02606334981346,8.0
16703.0,0.0151155622381501,9.0
13076.0,0.0481272856884369,6.0
28038.0,0.0210700177322134,6.0
9932.0,0.0220242265029257,9.0
13211.0,0.0147315476795619,3.0
3407.0,0.020988792597584,12.0
1107.0,0.0373369911024139,9.0
0.0,0.0183060304880545,10.0
9414.0,0.0149128439788707,8.0
233.0,0.0276790351767737,10.0
0.0,0.0091742753009689,6.0
7151.0,0.0440935268758493,5.0
6727.0,0.0158287290273028,5.0
0.0,0.0166192224348113,8.0
7775.0,0.0062456733311544,5.0
0.0,0.0235916133963774,6.0
5673.0,0.0228728785130943,6.0
0.0,0.0123044874390112,5.0
0.0,0.0,7.0
0.0,0.0147763544638708,7.0
0.0,0.0298490615380162,6.0
0.0,0.0175568598051268,8.0
0.0,0.0277370803916644,4.0
0.0,0.0073351348614408,7.0
0.0,0.0,7.0
0.0,0.0,8.0
0.0,0.0,8.0
0.0,0.0,9.0
0.0,0.0,11.0
0.0,0.0,4.0
0.0,0.0,5.0
0.0,0.0,12.0
0.0,0.0,7.0
0.0,0.0,13.0
0.0,0.0,5.0
0.0,0.0,8.0
0.0,0.0,8.0
0.0,0.0,8.0
0.0,0.0,5.0
0.0,0.0,6.0
0.0,0.0,2.0
0.0,0.0,6.0
0.0,0.0,3.0
0.0,0.0,9.0
0.0,0.0,8.0
0.0,0.0,8.0
0.0,0.0,11.0
0.0,0.0,11.0
0.0,0.0,12.0
0.0,0.0,10.0
0.0,0.026569278435398,9.0
0.0,0.0230547631521977,3.0
0.0,0.0139141936700383,8.0
0.0,0.0241058855796477,7.0
0.0,0.025795228470674,9.0
0.0,0.0286475094345139,5.0
0.0,0.0292353012714027,9.0
0.0,0.0272727767792004,9.0
0.0,0.0248620385350652,12.0
0.0,0.0354043509547122,11.0
0.0,0.0154085030649042,12.0
0.0,0.026391852356283,11.0
0.0,0.0044726200183643,13.0
0.0,0.0140616638949282,15.0
0.0,0.0342736106934334,13.0
0.0,0.0188635555513521,15.0
0.0,0.026787390630432,14.0
0.0,0.0166894430387935,12.0
0.0,0.0354958561185307,15.0
0.0,0.0204947422808705,11.0
0.0,0.0264112282900595,11.0
0.0,0.0238826317357113,15.0
0.0,0.0174070727391436,13.0
0.0,0.019186727578805,13.0
0.0,0.0098105714425732,12.0
0.0,0.0,11.0
0.0,0.0,13.0
0.0,0.0,15.0
0.0,0.0,15.0
0.0,0.0,10.0
0.0,0.0,15.0
0.0,0.0,12.0
0.0,0.0,14.0
0.0,0.0,13.0
0.0,0.0,11.0
0.0,0.0,11.0
0.0,0.0,15.0
0.0,0.0,11.0
0.0,0.0,15.0
0.0,0.0,15.0
14472.0,0.0362329108030477,11.0
0.0,0.0256149234476114,13.0
24685.0,0.0107655909488528,14.0
35419.0,0.0267715629849769,11.0
59445.0,0.0355171913955631,12.0
15560.0,0.0216464529311563,10.0
7808.0,0.0249562414320461,12.0
6081.0,0.0290910069760962,11.0
7221.0,0.0324045149233032,12.0
5699.0,0.0326991339191265,11.0
16755.0,0.0128401564274677,13.0
13972.0,0.0359913502936552,11.0
0.0,0.0536476948283815,12.0
14991.0,0.04523895306331,8.0
25717.0,0.0360388848435842,7.0
30417.0,0.0229343182806371,10.0
23268.0,0.0173294629774222,15.0
7851.0,0.0142597317381314,12.0
34838.0,0.0447474738710457,15.0
16913.0,0.0217218128252389,13.0
30683.0,0.0215155063816852,11.0
35483.0,0.0204742240391306,12.0
15801.0,0.0469065457262924,10.0
20796.0,0.0346410584339294,13.0
17560.0,0.0116555827505121,14.0
30115.0,0.0409684093896824,10.0
39767.0,0.0331762976839495,11.0
25094.0,0.0321146197218344,12.0
36298.0,0.022830900463495,10.0
34328.0,0.0187461356529112,15.0
56723.0,0.0362404860844602,11.0
44272.0,0.020808600158233,10.0
53958.0,0.0190809526810173,15.0
55448.0,0.0306083282419206,6.0
44063.0,0.0123749331310369,9.0
23765.0,0.0187507331767196,5.0
20564.0,0.0186240277971371,12.0
176.0,0.0323112057253409,8.0
24496.0,0.0284690206236211,9.0
25039.0,0.0487666546336616,13.0
25601.0,0.0285350724238802,8.0
341.0,0.0278780087271049,8.0
26831.0,0.0364266110226375,7.0
1489.0,0.0105857019542373,4.0
10674.0,0.0231679415233179,5.0
9868.0,0.041456196189328,3.0
18808.0,0.0365202291728124,5.0
2195.0,0.0187962879552038,5.0
11571.0,0.0159859054139978,6.0
18484.0,0.0273135712712082,3.0
27467.0,0.0319089297814786,11.0
11966.0,0.0235363773483003,11.0
32933.0,0.0143061859061318,7.0
19253.0,0.0237105246835685,6.0
10680.0,0.0480644903596333,5.0
4244.0,0.0237835948383621,6.0
32516.0,0.0160479908366344,8.0
21118.0,0.026055403167843,8.0
23314.0,0.0389970348568434,7.0
10263.0,0.0178336261041775,8.0
7796.0,0.0132739339744806,9.0
3717.0,0.0117418434543484,9.0
32676.0,0.0491938384205721,12.0
24587.0,0.0410674739451421,10.0
2622.0,0.0385521538932494,13.0
917.0,0.0293518096156286,12.0
20880.0,0.0493315934142609,7.0
19591.0,0.0131679824857774,10.0
27439.0,0.0206487567670726,13.0
25485.0,0.0193424491050653,10.0
20910.0,0.022283955692155,11.0
16248.0,0.0340589688625384,7.0
15076.0,0.039187045341247,8.0
25227.0,0.0275825794814701,5.0
19861.0,0.0265762185323226,3.0
9030.0,0.0159957830139618,10.0
3742.0,0.0140940008858252,11.0
11779.0,0.0227578701700944,10.0
6840.0,0.0353333867555571,8.0
5251.0,0.0212975644100681,12.0
7927.0,0.0127571014943587,8.0
12259.0,0.0170487047382216,9.0
18028.0,0.0234876852230093,6.0
4800.0,0.0206404326138865,6.0
0.0,0.0052728803857177,5.0
6288.0,0.0183401335924387,9.0
7879.0,0.0020720779966763,11.0
4059.0,0.0230530935099731,8.0
0.0,0.0144243533319269,5.0
0.0,0.0,8.0
0.0,0.020947155671877,5.0
0.0,0.0125433684920963,0.0
0.0,0.0079870123842897,8.0
0.0,0.0147469316766914,6.0
0.0,0.0372152471135034,7.0
0.0,0.0269152479650878,11.0
0.0,0.0,8.0
0.0,0.0,5.0
0.0,0.0,9.0
0.0,0.0,8.0
0.0,0.0,8.0
0.0,0.0,7.0
0.0,0.0,7.0
0.0,0.0,10.0
0.0,0.0,5.0
0.0,0.0,13.0
0.0,0.0,7.0
0.0,0.0,5.0
0.0,0.0,11.0
0.0,0.0,6.0
0.0,0.0,4.0
0.0,0.0,9.0
0.0,0.0,4.0
0.0,0.0,2.0
0.0,0.0,5.0
0.0,0.0,7.0
0.0,0.0,8.0
0.0,0.0,6.0
0.0,0.0,12.0
0.0,0.0,8.0
0.0,0.0,14.0
0.0,0.0,13.0
0.0,0.0344010699615387,11.0
0.0,0.0030976361590452,11.0
0.0,0.0253596034546426,3.0
0.0,0.0290094930946184,7.0
0.0,0.0106279705612,6.0
0.0,0.0179224852696615,4.0
0.0,0.0260525168600979,7.0
0.0,0.0117930557339706,7.0
0.0,0.0162384382301727,11.0
0.0,0.0178944688665704,12.0
0.0,0.0100159647768356,11.0
0.0,0.0094894443147202,15.0
0.0,0.0166859122170671,14.0
0.0,0.0178977217656357,15.0
0.0,0.0076819177045205,14.0
0.0,0.0099405606031643,12.0
0.0,0.0358458156276506,15.0
0.0,0.0046549945277141,14.0
0.0,0.0308162401795859,14.0
0.0,0.010854025819756,13.0
0.0,0.0297758890682248,15.0
0.0,0.0229088293255111,15.0
0.0,0.0209490767905075,13.0
0.0,0.0099893264275247,12.0
0.0,0.0189168109919443,15.0
0.0,0.0,11.0
0.0,0.0,15.0
0.0,0.0,11.0
0.0,0.0,15.0
0.0,0.0,14.0
0.0,0.0,11.0
0.0,0.0,14.0
0.0,0.0,15.0
0.0,0.0,14.0
0.0,0.0,10.0
0.0,0.0,10.0
0.0,0.0,13.0
0.0,0.0,10.0
0.0,0.0,12.0
0.0,0.0,15.0
13944.0,0.0170467198058607,13.0
12349.0,0.0207517468133426,15.0
20564.0,0.0189740344107112,12.0
39072.0,0.0308278063843229,12.0
43536.0,0.007647235365804,15.0
26361.0,0.0206979326114521,15.0
5785.0,0.0238182531770831,13.0
0.0,0.0322576475488445,12.0
11153.0,0.0061801051699081,14.0
9730.0,0.0101941364916011,14.0
12884.0,0.0316460250999822,15.0
17242.0,0.0231018001651996,11.0
2729.0,0.0495532230918543,14.0
24595.0,0.0377651256289931,8.0
16903.0,0.037097733728902,13.0
24181.0,0.0219207665736753,13.0
23923.0,0.0470882506832808,15.0
3404.0,0.0304250786818306,13.0
22848.0,0.03267679024403,14.0
15200.0,0.0180577522651398,11.0
37004.0,0.0225224419062402,10.0
28448.0,0.0148170933816941,14.0
14995.0,0.0221373225808568,11.0
25239.0,0.0441212765061685,13.0
29062.0,0.0339310758865031,11.0
26563.0,0.0300864049841944,7.0
50595.0,0.0233252775912012,11.0
35729.0,0.0333256170308221,11.0
25533.0,0.0350958657096255,15.0
27652.0,0.0107195119272016,14.0
58279.0,0.0172098593071957,9.0
64962.0,0.034635094021923,8.0
49121.0,0.0420987158064636,12.0
47474.0,0.0427321004033687,13.0
43224.0,0.0112513265113792,7.0
26776.0,0.0220997891076832,7.0
16404.0,0.027738195098669,6.0
11994.0,0.0106123410873696,4.0
31842.0,0.0263027627195443,10.0
29597.0,0.0187344626260114,12.0
21945.0,0.0074387614495722,7.0
1115.0,0.0465581852674722,11.0
7028.0,0.0292714310570513,6.0
7345.0,0.0128371839360023,7.0
2244.0,0.0350853636446179,8.0
15545.0,0.0216630761779715,5.0
15195.0,0.0096015371185834,6.0
2452.0,0.0393068309582634,9.0
14627.0,0.025899317806939,6.0
12474.0,0.0137231544458417,2.0
32031.0,0.0536092255256425,11.0
12781.0,0.0282117627413325,9.0
27140.0,0.008012044871186,6.0
11105.0,0.0208493441772737,8.0
19324.0,0.0220702831877374,9.0
4139.0,0.0238851457132953,4.0
35522.0,0.0328945475961767,5.0
10740.0,0.0261780429694224,9.0
0.0,0.0286926318278245,8.0
11461.0,0.0210029658560414,8.0
19997.0,0.027387676764776,8.0
3843.0,0.0078758640439988,11.0
10880.0,0.0,14.0
10810.0,0.0214465110361544,10.0
9606.0,0.0287102617407373,9.0
3014.0,0.0167662170883709,11.0
18141.0,0.0265086874555321,10.0
17270.0,0.0378749255972725,10.0
24196.0,0.0203105062440543,5.0
28942.0,0.0373152061455293,9.0
15004.0,0.0276652866350051,8.0
0.0,0.0253541078116997,5.0
6107.0,0.0311540174638905,11.0
11629.0,0.0176314230979414,8.0
21679.0,0.0194402483906011,5.0
14759.0,0.0097371405186581,11.0
13024.0,0.0140846371581614,5.0
9778.0,0.0236523297933337,10.0
0.0,0.0352525903438686,10.0
4779.0,0.0136430039245207,7.0
1080.0,0.023650763502585,9.0
1541.0,0.0144337971045145,9.0
637.0,0.0245291734484418,5.0
7690.0,0.0305453633532901,7.0
1094.0,0.0103561879843174,5.0
976.0,0.0264428446715977,8.0
556.0,0.0257752523842301,8.0
3855.0,0.0137391130759339,3.0
3505.0,0.0216581919311903,4.0
0.0,0.0331230580917037,4.0
0.0,0.014515334560435,7.0
0.0,0.0238059474953344,7.0
0.0,0.0171105477611461,10.0
0.0,0.0072699738101514,6.0
0.0,0.0154310051722946,6.0
0.0,0.0057685575550686,7.0
0.0,0.0,8.0
0.0,0.0,7.0
0.0,0.0,7.0
0.0,0.0,7.0
0.0,0.0,10.0
0.0,0.0,8.0
0.0,0.0,7.0
0.0,0.0,11.0
0.0,0.0,9.0
0.0,0.0,9.0
0.0,0.0,5.0
0.0,0.0,8.0
0.0,0.0,10.0
0.0,0.0,12.0
0.0,0.0,2.0
0.0,0.0,8.0
0.0,0.0,5.0
0.0,0.0,4.0
0.0,0.0,6.0
0.0,0.0,7.0
0.0,0.0,3.0
0.0,0.0,5.0
0.0,0.0,15.0
0.0,0.0,10.0
0.0,0.0,11.0
0.0,0.0,14.0
0.0,0.0352388101605709,8.0
0.0,0.0104378337076737,4.0
0.0,0.0236104906269434,2.0
0.0,0.0137798825237995,13.0
0.0,0.0121595288005407,7.0
0.0,0.0237663055476137,3.0
0.0,0.0169225992806851,5.0
0.0,0.0286893456940142,10.0
0.0,0.0228664505203046,12.0
0.0,0.0021597930335373,11.0
0.0,0.004299327107035,14.0
0.0,0.0201014388373325,15.0
0.0,0.0,13.0
0.0,0.0169896015058501,12.0
0.0,0.0161708533787236,14.0
0.0,0.0060877332663959,14.0
0.0,0.0030505072205677,10.0
0.0,0.026264948687667,15.0
0.0,0.0035876579441495,13.0
0.0,0.0152522819523523,13.0
0.0,0.0,14.0
0.0,0.0132019613938681,8.0
0.0,0.009996313873684,13.0
0.0,0.0256801575573923,15.0
0.0,0.0161307566094172,13.0
0.0,0.0,13.0
0.0,0.0,11.0
0.0,0.0,14.0
0.0,0.0,9.0
0.0,0.0,14.0
0.0,0.0,11.0
0.0,0.0,11.0
0.0,0.0,14.0
0.0,0.0,15.0
0.0,0.0,14.0
0.0,0.0,12.0
0.0,0.0,13.0
0.0,0.0,12.0
0.0,0.0,11.0
0.0,0.0,12.0
18118.0,0.0319791247357385,13.0
9834.0,0.0177919637339976,13.0
38153.0,0.0278792371432282,15.0
28762.0,0.0291009384194418,15.0
51528.0,0.0178405760456844,12.0
21785.0,0.0230428526930584,12.0
12902.0,0.0270341046148933,13.0
6641.0,0.004103285444505,14.0
0.0,0.0291018821018631,11.0
7192.0,0.0486934384667275,13.0
16031.0,0.0332966109876132,15.0
9074.0,0.0214407107797174,11.0
6414.0,0.0378790970760499,12.0
18328.0,0.0188005657688617,5.0
14288.0,0.0304699242602408,8.0
13192.0,0.0310796156355997,10.0
8815.0,0.051796057569701,8.0
11306.0,0.0197697153337179,14.0
29742.0,0.0308070028092672,13.0
23337.0,0.0162225253033325,12.0
36516.0,0.0307591480457557,10.0
26620.0,0.0176143336241447,11.0
23333.0,0.0156926016716162,11.0
28039.0,0.0340531362938401,13.0
22265.0,0.0211499978800023,10.0
33408.0,0.0296686167056811,9.0
36504.0,0.0379481378592978,7.0
28087.0,0.0380511323181169,9.0
17711.0,0.0394853328437951,14.0
32294.0,0.0227732971093395,15.0
63106.0,0.0155023951002759,15.0
51794.0,0.0271604090066992,12.0
49949.0,0.0172800195294576,14.0
44790.0,0.0150863852114525,7.0
39375.0,0.0190065529516646,8.0
17166.0,0.0131202445900913,10.0
20887.0,0.0158484500599786,10.0
11674.0,0.0280389077423132,5.0
26765.0,0.0237217243995639,11.0
30375.0,0.0288276592569643,8.0
26572.0,0.0177789100378502,11.0
12556.0,0.0255981259341668,8.0
16581.0,0.0207423144311596,11.0
13151.0,0.0275491190126982,7.0
12073.0,0.0243860452478227,3.0
18900.0,0.0324667140289336,9.0
8907.0,0.0382851013462268,10.0
2853.0,0.0290619882224378,7.0
4552.0,0.0116682283017211,1.0
26325.0,0.0231338568903512,8.0
21025.0,0.0278792823105859,11.0
17426.0,0.0303908539941448,10.0
27101.0,0.0055989244140759,10.0
3049.0,0.0303693007102254,6.0
11542.0,0.0167259097249357,7.0
13672.0,0.0337463512111163,7.0
23539.0,0.0195988287591321,7.0
15689.0,0.0440386172813106,9.0
17922.0,0.0484662055558706,9.0
10232.0,0.0374003044753531,8.0
17526.0,0.0401025593039652,7.0
5210.0,0.0225346872808616,9.0
16364.0,0.0163413387320277,9.0
12852.0,0.0363797684175381,8.0
8038.0,0.0310594154973685,10.0
11154.0,0.035124812202816,12.0
19023.0,0.0284001412058136,6.0
27473.0,0.0153851085686695,11.0
26458.0,0.0245972226195709,8.0
26742.0,0.0250642541416312,6.0
4936.0,0.0392022982535553,8.0
12053.0,0.0243362156288378,10.0
21344.0,0.0163981582824864,9.0
6824.0,0.0418488570643224,6.0
17483.0,0.0379523020053664,8.0
11359.0,0.0216366949790286,10.0
10939.0,0.0290487777024048,6.0
465.0,0.04205798829893,9.0
4768.0,0.020710825315422,9.0
3596.0,0.0103003977942307,9.0
5325.0,0.0198538139137954,13.0
0.0,0.0149361185507815,8.0
6375.0,0.0206554461573053,5.0
0.0,0.0295987395647089,6.0
0.0,0.0189163986058229,7.0
0.0,0.0051199943093163,5.0
0.0,0.0397201983690023,9.0
4300.0,0.0237154796683352,5.0
2756.0,0.0221233548391624,2.0
0.0,0.005143728788251,4.0
0.0,0.0238576231389796,8.0
0.0,0.0159195179580682,6.0
0.0,0.0224389841313967,4.0
0.0,0.0,7.0
0.0,0.0144524554021208,7.0
0.0,0.0318606660899007,9.0
0.0,0.0,7.0
0.0,0.0,13.0
0.0,0.0,10.0
0.0,0.0,11.0
0.0,0.0,7.0
0.0,0.0,8.0
0.0,0.0,7.0
0.0,0.0,11.0
0.0,0.0,3.0
0.0,0.0,12.0
0.0,0.0,7.0
0.0,0.0,5.0
0.0,0.0,7.0
0.0,0.0,6.0
0.0,0.0,4.0
0.0,0.0,6.0
0.0,0.0,6.0
0.0,0.0,3.0
0.0,0.0,6.0
0.0,0.0,6.0
0.0,0.0,4.0
0.0,0.0,7.0
0.0,0.0,10.0
0.0,0.0,15.0
0.0,0.0,14.0
0.0,0.0,9.0
0.0,0.0322709116050996,11.0
0.0,0.0232103556250702,7.0
0.0,0.0424164621909311,5.0
0.0,0.0364553312458427,7.0
0.0,0.026644091241838,8.0
0.0,0.0290563314079741,5.0
0.0,0.0092096527435305,7.0
0.0,0.0198019045030573,2.0
0.0,0.0187690349625542,14.0
0.0,0.0186106264986558,11.0
0.0,0.0171184812246395,13.0
0.0,0.0161969136282821,12.0
0.0,0.0080228362140559,14.0
0.0,0.0208045904300033,15.0
0.0,0.0131367272351832,15.0
0.0,0.0085388235788664,11.0
0.0,0.0217491111012416,9.0
0.0,0.0278642217670104,13.0
0.0,0.0193164215934031,13.0
0.0,0.0,15.0
0.0,0.0071973458653056,15.0
0.0,0.0243646810065181,12.0
0.0,0.0216642611763329,13.0
0.0,0.0265185071060345,14.0
0.0,0.0232679868692961,11.0
0.0,0.0,15.0
0.0,0.0,14.0
0.0,0.0,13.0
0.0,0.0,11.0
0.0,0.0,14.0
0.0,0.0,12.0
0.0,0.0,11.0
0.0,0.0,15.0
0.0,0.0,15.0
0.0,0.0,13.0
0.0,0.0,9.0
0.0,0.0,10.0
0.0,0.0,14.0
0.0,0.0,12.0
0.0,0.0,12.0
16887.0,0.0220757085964197,13.0
7324.0,0.0037634885298362,11.0
11018.0,0.0296111262274685,10.0
34261.0,0.0269852618033,11.0
61912.0,0.0118812668142466,12.0
30618.0,0.0130145416330301,11.0
4365.0,0.0404130329139275,14.0
16763.0,0.0203918215619099,15.0
3117.0,0.0295871030819455,14.0
12530.0,0.0209856919457382,14.0
16064.0,0.0399155370378202,12.0
2172.0,0.0248247719791686,9.0
3933.0,0.0418278655352901,13.0
13273.0,0.0451523122705093,9.0
25293.0,0.0216559837461181,10.0
23220.0,0.0421186399727015,9.0
17131.0,0.035288764114211,14.0
12550.0,0.0426325462602954,15.0
27486.0,0.0396680762174669,13.0
7016.0,0.0244020744431164,14.0
39921.0,0.0468781008694137,15.0
31591.0,0.0335570683643579,11.0
11743.0,0.0284141169445703,14.0
19095.0,0.0460186695831707,11.0
21277.0,0.0322182068374698,11.0
24075.0,0.0430396617315115,10.0
41035.0,0.0342233009888853,13.0
31835.0,0.0087386783208675,10.0
16812.0,0.0303288543186993,15.0
30908.0,0.0310246697713402,15.0
41335.0,0.0176817450418656,14.0
51902.0,0.0310714070129751,11.0
45897.0,0.0238688412006166,11.0
46827.0,0.0,11.0
42670.0,0.0303576327694794,5.0
14814.0,0.0326052028159946,7.0
14177.0,0.0191476899410767,5.0
20699.0,0.0244263387381079,3.0
31241.0,0.0409183793086485,11.0
36606.0,0.0265216255722313,8.0
14779.0,0.0258201987749405,10.0
0.0,0.0375883743550354,11.0
9013.0,0.0312352477310453,8.0
15454.0,0.0254898848750114,6.0
8924.0,0.0297489467495996,4.0
22400.0,0.0433462127431783,8.0
9096.0,0.0027349896665,8.0
2406.0,0.0159999411942654,7.0
19005.0,0.0385620530440872,6.0
19744.0,0.025228638144396,7.0
18196.0,0.0209688895878405,8.0
19688.0,0.0138014885740384,9.0
20274.0,0.0425961248649595,9.0
12034.0,0.0235886776603538,4.0
15739.0,0.0379940658482777,6.0
6517.0,0.0200043867733381,8.0
29765.0,0.0096721682682947,7.0
21462.0,0.0441781631103766,9.0
11405.0,0.0180236838318284,9.0
22195.0,0.0294009456325256,7.0
23452.0,0.026565882277486,9.0
929.0,0.0281137247611853,13.0
19237.0,0.0197784760295794,12.0
16943.0,0.0264424370626391,13.0
8316.0,0.0225990815344102,11.0
9899.0,0.0154325634174146,12.0
22712.0,0.0422094287394576,7.0
24387.0,0.0304027219695722,15.0
34264.0,0.0318020195080898,8.0
26343.0,0.0361757257429911,4.0
16748.0,0.024130368361909,3.0
12978.0,0.0227432151379771,8.0
6721.0,0.0314288472175685,9.0
12599.0,0.0202447586879284,4.0
31253.0,0.033167464252513,4.0
22348.0,0.0297193743311598,9.0
19571.0,0.0114908550290023,4.0
8412.0,0.0195016567724759,10.0
10584.0,0.012435864554515,11.0
0.0,0.0064578193305446,8.0
0.0,0.0311183122999376,7.0
396.0,0.0262049144811601,11.0
214.0,0.0231990002212463,2.0
11945.0,0.0272077911402145,9.0
303.0,0.0422399752788354,9.0
2989.0,0.0330958890355531,8.0
6504.0,0.0105868082706413,7.0
0.0,0.0271366798365287,5.0
0.0,0.0293692541513469,9.0
0.0,0.0143331134148528,10.0
0.0,0.0251577063892377,7.0
0.0,0.0182710265251635,6.0
0.0,0.0344234262057902,9.0
0.0,0.0380958611027378,4.0
0.0,0.0389806616638664,8.0
0.0,0.0119446621732546,9.0
0.0,0.0,6.0
0.0,0.0,7.0
0.0,0.0,10.0
0.0,0.0,5.0
0.0,0.0,9.0
0.0,0.0,10.0
0.0,0.0,4.0
0.0,0.0,9.0
0.0,0.0,4.0
0.0,0.0,10.0
0.0,0.0,5.0
0.0,0.0,6.0
0.0,0.0,8.0
0.0,0.0,10.0
0.0,0.0,4.0
0.0,0.0,9.0
0.0,0.0,6.0
0.0,0.0,7.0
0.0,0.0,6.0
0.0,0.0,9.0
0.0,0.0,6.0
0.0,0.0,6.0
0.0,0.0,10.0
0.0,0.0,9.0
0.0,0.0,12.0
0.0,0.0,14.0
0.0,0.0069738449546999,12.0
0.0,0.0188833203191287,7.0
0.0,0.0,6.0
0.0,0.0118142436842208,12.0
0.0,0.0094336167493511,8.0
0.0,0.0149228937283811,3.0
0.0,0.0114838598229348,6.0
0.0,0.0194330055878283,8.0
0.0,0.0,11.0
0.0,0.0113162948387545,15.0
0.0,0.0321633932437531,7.0
0.0,0.021103975574369,13.0
0.0,0.0129706153041711,12.0
0.0,0.0201035059276774,12.0
0.0,0.0042469431523083,13.0
0.0,0.0349242298600573,13.0
0.0,0.017504020407697,15.0
0.0,0.0117754805917147,14.0
0.0,0.0059211673823648,13.0
0.0,0.0207122453250192,15.0
0.0,0.0101455022114963,15.0
0.0,0.0263771834373662,14.0
0.0,0.0,12.0
0.0,0.0052105200107878,14.0
0.0,0.0049339099510841,14.0
0.0,0.0,15.0
0.0,0.0,14.0
0.0,0.0,10.0
0.0,0.0,13.0
0.0,0.0,15.0
0.0,0.0,13.0
0.0,0.0,13.0
0.0,0.0,9.0
0.0,0.0,15.0
0.0,0.0,15.0
0.0,0.0,13.0
0.0,0.0,12.0
0.0,0.0,13.0
0.0,0.0,12.0
0.0,0.0,9.0
12073.0,0.0182417028175924,12.0
3857.0,0.0298348856726138,14.0
25314.0,0.0260680842437586,13.0
38515.0,0.0222173591212013,15.0
45170.0,0.0225500506976581,15.0
30215.0,0.0409644933845222,13.0
14510.0,0.0246314255868943,13.0
8388.0,0.0306422445642353,12.0
5147.0,0.0427212538052563,13.0
13718.0,0.0464077188725824,12.0
14816.0,0.0539208924197047,11.0
20143.0,0.0276589514675255,15.0
3756.0,0.0423731258980793,15.0
9648.0,0.0430874143096353,6.0
16636.0,0.0493233888222857,11.0
24439.0,0.0325813671265869,10.0
12036.0,0.0320957718223594,12.0
12641.0,0.0366766103330758,13.0
17893.0,0.0206234880491642,14.0
18592.0,0.0389966276325009,12.0
37400.0,0.0328283801623278,15.0
29336.0,0.0293734056367857,13.0
14809.0,0.0390809117184023,12.0
25513.0,0.0288085726964336,13.0
14736.0,0.0474959378721141,12.0
32561.0,0.0301171267216392,11.0
38755.0,0.0217304569650571,15.0
37649.0,0.0438520239633177,11.0
22473.0,0.0160887408192786,12.0
22595.0,0.0408894298771,13.0
50279.0,0.0274453385455003,7.0
54655.0,0.0275394795773907,11.0
42471.0,0.0172962525514694,12.0
58521.0,0.0130803998592572,9.0
37942.0,0.0382946533405302,8.0
22250.0,0.0363457922735707,9.0
15972.0,0.014079168810437,5.0
10108.0,0.0276011490973308,6.0
34260.0,0.0335152208744034,13.0
33936.0,0.0289696164432794,12.0
24605.0,0.0236713066230099,9.0
5381.0,0.0300584537617383,6.0
269.0,0.0178718569366083,6.0
8589.0,0.0179632536666699,9.0
2784.0,0.0214837892010032,5.0
5816.0,0.0194623544451041,12.0
10889.0,0.0340910179092328,7.0
0.0,0.0178893603528235,6.0
11016.0,0.0160519488023484,3.0
31582.0,0.0214589504374742,3.0
31364.0,0.0220007269160762,10.0
5449.0,0.0210984316043859,9.0
19896.0,0.0253998027392753,5.0
10910.0,0.0349847966569267,6.0
18241.0,0.0326617587289614,7.0
11700.0,0.0343665476834791,8.0
21055.0,0.0324369500571211,9.0
8052.0,0.0123127167629689,8.0
13760.0,0.0176917149059111,9.0
6829.0,0.0033916377119341,9.0
11170.0,0.0077297108469216,8.0
6889.0,0.0431848456270314,7.0
11285.0,0.0322904179058103,9.0
11406.0,0.0202950266243978,11.0
13616.0,0.0231162453890115,12.0
13884.0,0.0037261953515614,13.0
19302.0,0.0290049277883892,6.0
21057.0,0.0118362484393386,14.0
25731.0,0.0262941274666824,7.0
27281.0,0.0118571796824926,6.0
20163.0,0.0208283364751818,8.0
15905.0,0.0109454696799249,8.0
13599.0,0.0337324507092522,8.0
5085.0,0.02201156758091,11.0
29812.0,0.0336049104604501,11.0
17709.0,0.0194334937345955,13.0
16101.0,0.0455674280118887,3.0
10924.0,0.0115018164532764,7.0
6004.0,0.0377657083604203,11.0
632.0,0.011240112053761,11.0
5498.0,0.011737747349395,4.0
3614.0,0.0110319332520188,2.0
0.0,0.0177513734026879,6.0
6873.0,0.0244281209594556,9.0
5472.0,0.0175986153325378,10.0
4605.0,0.0202030009187732,7.0
14645.0,0.0152374407170222,6.0
10146.0,0.0362701060476299,5.0
0.0,0.0049925440796363,5.0
0.0,0.0128054986918201,3.0
0.0,0.0235616847268473,9.0
0.0,0.0184713725831537,6.0
0.0,0.0029308870057447,7.0
0.0,0.0334657946828552,6.0
0.0,0.0224555210748481,7.0
0.0,0.0355536854985569,6.0
0.0,0.0,7.0
0.0,0.0,9.0
0.0,0.0,7.0
0.0,0.0,7.0
0.0,0.0,9.0
0.0,0.0,8.0
0.0,0.0,4.0
0.0,0.0,10.0
0.0,0.0,3.0
0.0,0.0,15.0
0.0,0.0,5.0
0.0,0.0,6.0
0.0,0.0,12.0
0.0,0.0,9.0
0.0,0.0,5.0
0.0,0.0,3.0
0.0,0.0,3.0
0.0,0.0,3.0
0.0,0.0,5.0
0.0,0.0,7.0
0.0,0.0,6.0
0.0,0.0,9.0
0.0,0.0,13.0
0.0,0.0,11.0
0.0,0.0,11.0
0.0,0.0,11.0
0.0,0.0175731571802724,13.0
0.0,0.034959839744478,9.0
0.0,0.0141349167665882,5.0
0.0,0.0104090179411788,10.0
0.0,0.0224148821518588,8.0
0.0,0.0089293390676827,4.0
0.0,0.0143069415168035,7.0
0.0,0.0041684591725076,7.0
0.0,0.0132228830252544,15.0
0.0,0.0111558964923116,9.0
0.0,0.0206079278738766,13.0
0.0,0.0084528483459253,14.0
0.0,0.0022117674435534,14.0
0.0,0.0298530479784457,12.0
0.0,0.015447747004192,12.0
0.0,0.0156985414332215,12.0
0.0,0.0036792389989279,13.0
0.0,0.0095972110680381,13.0
0.0,0.0106937037958197,11.0
0.0,0.025084264660797,15.0
0.0,0.0138092232016689,11.0
0.0,0.0012768502722462,14.0
0.0,0.0059964425197509,15.0
0.0,0.0,15.0
0.0,0.0213106559569386,12.0
0.0,0.0,12.0
0.0,0.0,15.0
0.0,0.0,12.0
0.0,0.0,15.0
0.0,0.0,14.0
0.0,0.0,15.0
0.0,0.0,13.0
0.0,0.0,12.0
0.0,0.0,10.0
0.0,0.0,10.0
0.0,0.0,12.0
0.0,0.0,14.0
0.0,0.0,12.0
0.0,0.0,12.0
0.0,0.0,8.0
18455.0,0.0070849575165634,11.0
945.0,0.0188016007986368,14.0
35558.0,0.0295083762895347,14.0
37376.0,0.0332469926034033,12.0
59533.0,0.0228558000354807,12.0
31436.0,0.0293691178070102,12.0
2022.0,0.0137522984759523,13.0
5840.0,0.0284621849016763,15.0
4118.0,0.0247974364870268,12.0
0.0,0.041426274210794,12.0
6717.0,0.0329558354235406,14.0
11444.0,0.0122054935017617,12.0
3745.0,0.0286912671509895,14.0
7256.0,0.0367921966388729,10.0
19259.0,0.047410821664214,7.0
18882.0,0.0350476279125964,9.0
27417.0,0.0324807485785211,13.0
10459.0,0.0430810614067736,13.0
22601.0,0.0202062319421428,9.0
19250.0,0.0212978856243138,13.0
30339.0,0.0310705413546097,11.0
18638.0,0.0279585696333114,13.0
17824.0,0.042655673138193,15.0
27367.0,0.0409143978821593,13.0
31116.0,0.0443247474078537,9.0
30002.0,0.0264760232524232,14.0
36585.0,0.0088007058077963,12.0
28362.0,0.0384663973281539,8.0
37065.0,0.0466402456019637,15.0
15804.0,0.0204372295284261,13.0
55221.0,0.0286285768269972,8.0
41418.0,0.0277388833084256,11.0
48531.0,0.0090601252229334,13.0
47535.0,0.0188158977863776,14.0
45198.0,0.0219175011302311,6.0
16907.0,0.026102335056006,11.0
17267.0,0.0317156966872228,10.0
10835.0,0.0465277165607409,5.0
24654.0,0.0276367811643611,11.0
34931.0,0.0305932013071285,6.0
22080.0,0.0090439328870751,9.0
1039.0,0.0079416395960902,10.0
22365.0,0.0141162648787147,6.0
18467.0,0.0241752318769771,10.0
3238.0,0.0041714902227649,5.0
22968.0,0.0274479128547198,6.0
15290.0,0.0197104936647795,10.0
11671.0,0.0234801514369408,12.0
9485.0,0.0069193257823581,4.0
24110.0,0.0262569626637534,9.0
13598.0,0.0358762417120353,8.0
16700.0,0.0261924115817197,11.0
25541.0,0.0216253332306956,7.0
17533.0,0.0322991931071331,5.0
13882.0,0.0319003360567582,8.0
1252.0,0.0447537687774325,4.0
23847.0,0.0123347269644177,8.0
12087.0,0.0438897585243046,7.0
9869.0,0.0154672110748739,8.0
13430.0,0.0408189928280182,7.0
18619.0,0.0057914419271827,8.0
11158.0,0.0214880197223066,9.0
23177.0,0.0355110761757413,12.0
13997.0,0.045155488833658,8.0
5701.0,0.0209764267273105,9.0
392.0,0.0368844378890659,14.0
20653.0,0.0536954211741051,7.0
26961.0,0.0302180510798144,11.0
30738.0,0.0247864034444186,9.0
30639.0,0.0219717439802059,7.0
19130.0,0.0450579684991857,9.0
15669.0,0.039937683689266,11.0
18487.0,0.0327405142595331,7.0
10838.0,0.048386189497962,9.0
20099.0,0.0239257267447736,3.0
8724.0,0.0367724197334264,9.0
14026.0,0.0122140122558474,7.0
13891.0,0.0332228575906434,12.0
0.0,0.0366759974101933,12.0
4541.0,0.0496942510028156,10.0
0.0,0.0146066471637485,7.0
0.0,0.0278835308944913,7.0
9751.0,0.0078281549166226,5.0
0.0,0.0340842959468367,4.0
0.0,0.0145608574240008,5.0
1069.0,0.0130372651686539,10.0
0.0,0.0130549838630509,10.0
0.0,0.0420815383819885,6.0
0.0,0.0212036323151018,6.0
0.0,0.0097161646372442,4.0
0.0,0.0147602522155201,2.0
0.0,0.0085132776316358,7.0
0.0,0.0270834063573744,9.0
0.0,0.0056303449133037,6.0
0.0,0.0376656657578915,8.0
0.0,0.0059118226774805,9.0
0.0,0.0,10.0
0.0,0.0,7.0
0.0,0.0,11.0
0.0,0.0,8.0
0.0,0.0,8.0
0.0,0.0,4.0
0.0,0.0,8.0
0.0,0.0,11.0
0.0,0.0,6.0
0.0,0.0,13.0
0.0,0.0,9.0
0.0,0.0,8.0
0.0,0.0,7.0
0.0,0.0,8.0
0.0,0.0,3.0
0.0,0.0,4.0
0.0,0.0,1.0
0.0,0.0,3.0
0.0,0.0,7.0
0.0,0.0,5.0
0.0,0.0,8.0
0.0,0.0,6.0
0.0,0.0,11.0
0.0,0.0,10.0
0.0,0.0,12.0
0.0,0.0,13.0
0.0,0.0037589655920235,12.0
0.0,0.0208591885572971,9.0
0.0,0.0347421661100896,6.0
0.0,0.0142996577658836,8.0
0.0,0.0226604198560594,13.0
0.0,0.0235544771377225,4.0
0.0,0.0208742270659341,4.0
0.0,0.0224237676133988,4.0
0.0,0.0051985200638106,13.0
0.0,0.0266312376310677,15.0
0.0,0.0257292903256603,13.0
0.0,0.0164875914882696,14.0
0.0,0.0235597252919139,14.0
0.0,0.026931007413871,13.0
0.0,0.0273521543828908,15.0
0.0,0.0010338044238773,11.0
0.0,0.0181858259854784,8.0
0.0,0.0070119573348208,15.0
0.0,0.0389043549891405,15.0
0.0,0.0172166305344639,14.0
0.0,0.0358147149398548,9.0
0.0,0.019938986465415,13.0
0.0,0.0032647027337819,10.0
0.0,0.0161329035621311,12.0
0.0,0.0048601084147625,14.0
0.0,0.0,13.0
0.0,0.0,15.0
0.0,0.0,13.0
0.0,0.0,12.0
0.0,0.0,15.0
0.0,0.0,11.0
0.0,0.0,10.0
0.0,0.0,15.0
0.0,0.0,15.0
0.0,0.0,12.0
0.0,0.0,10.0
0.0,0.0,13.0
0.0,0.0,14.0
0.0,0.0,11.0
0.0,0.0,13.0
13366.0,0.0136043960186151,13.0
6960.0,0.0288208825625726,12.0
32058.0,0.0321220230663974,15.0
43082.0,0.0205014450648816,14.0
43454.0,0.024652725969287,13.0
26890.0,0.0118283593777767,14.0
9192.0,0.0317449693583109,8.0
5052.0,0.0207079492147532,15.0
2363.0,0.0414770506211613,10.0
17600.0,0.0254181160267695,11.0
14818.0,0.0239997336689367,14.0
7900.0,0.0384922105728389,14.0
2664.0,0.0111992162315628,15.0
12574.0,0.0324720242952992,7.0
18521.0,0.0393300091155872,11.0
17100.0,0.0431590040032436,9.0
32617.0,0.032067138408025,15.0
3228.0,0.0249564331687725,12.0
29050.0,0.0188296547639992,12.0
26163.0,0.0151658606471362,13.0
29759.0,0.0270619550423996,12.0
35662.0,0.0390688523650016,13.0
23244.0,0.0271180505308352,8.0
33011.0,0.0011989595565249,14.0
11351.0,0.037599202790991,10.0
29843.0,0.0344963330700621,11.0
53848.0,0.0223608377787988,13.0
33510.0,0.0265612471421619,10.0
34292.0,0.0363814497607202,12.0
29642.0,0.0193404694644946,11.0
56182.0,0.0134375415031604,10.0
52075.0,0.0183177023724635,11.0
46035.0,0.0496195467915708,13.0
52451.0,0.0339543003769612,7.0
43744.0,0.0137680642486965,6.0
9185.0,0.0218152742763065,10.0
13832.0,0.0198850162018874,6.0
13562.0,0.0252580852930678,6.0
19070.0,0.0271535014710221,11.0
28249.0,0.0473809610351513,10.0
21532.0,0.0314869705944036,12.0
11800.0,0.0443002691150582,7.0
3117.0,0.0398320947615996,5.0
12536.0,0.0306416140131569,8.0
7630.0,0.016579723869339,8.0
26350.0,0.0187789717090527,8.0
14366.0,0.0339711725698683,8.0
0.0,0.0429388332849273,9.0
7887.0,0.0242630136404032,2.0
22889.0,0.0096960480140084,7.0
22478.0,0.0464315126672408,10.0
6100.0,0.0248397881873476,12.0
21705.0,0.0328725095897494,12.0
10236.0,0.0143408007830599,2.0
6578.0,0.0244027792649394,5.0
10296.0,0.0229034481001323,6.0
22981.0,0.0300895483091335,7.0
12259.0,0.0352107249808316,6.0
14306.0,0.0080010690697842,9.0
11535.0,0.0237629148866464,8.0
15124.0,0.0206639486475306,8.0
5207.0,0.0436261336759604,11.0
11791.0,0.016036987900305,10.0
6532.0,0.0170223643805265,11.0
10098.0,0.0304044876485748,12.0
2939.0,0.0248269651902746,12.0
17423.0,0.0207367385798717,6.0
29475.0,0.0368081389136129,9.0
33582.0,0.0455033227340713,6.0
29694.0,0.0035052488001943,8.0
14901.0,0.036467886190902,9.0
16444.0,0.0307787429995613,9.0
16578.0,0.0242113926326809,12.0
3897.0,0.0292610356602884,9.0
22558.0,0.0251248491256451,6.0
15336.0,0.0235417966468494,8.0
18959.0,0.0308490752820435,3.0
3495.0,0.0150574911624477,5.0
2867.0,0.0194908285024258,12.0
8075.0,0.0279798976891885,10.0
8674.0,0.0040255173709675,15.0
12931.0,0.0388636226127131,7.0
3478.0,0.0304653276553445,4.0
0.0,0.0250535211668974,7.0
0.0,0.048181892406088,8.0
0.0,0.0271228252043185,7.0
0.0,0.0307236339663213,6.0
0.0,0.0157410890194732,8.0
0.0,0.0151653341956678,2.0
0.0,0.0127577718484015,6.0
0.0,0.0118618589734721,3.0
0.0,0.0325103868754852,5.0
0.0,0.0193974099915916,8.0
0.0,0.0105689931982292,5.0
0.0,0.0215773856436532,8.0
0.0,0.0054382773200551,5.0
0.0,0.0,13.0
0.0,0.0,8.0
0.0,0.0,8.0
0.0,0.0,9.0
0.0,0.0,9.0
0.0,0.0,7.0
0.0,0.0,2.0
0.0,0.0,12.0
0.0,0.0,5.0
0.0,0.0,12.0
0.0,0.0,9.0
0.0,0.0,8.0
0.0,0.0,9.0
0.0,0.0,9.0
0.0,0.0,6.0
0.0,0.0,7.0
0.0,0.0,4.0
0.0,0.0,6.0
0.0,0.0,6.0
0.0,0.0,5.0
0.0,0.0,8.0
0.0,0.0,5.0
0.0,0.0,14.0
0.0,0.0,10.0
0.0,0.0,13.0
0.0,0.0,7.0
0.0,0.0185070106777674,10.0
0.0,0.0,5.0
0.0,0.0217556208575653,5.0
0.0,0.0201915306097833,12.0
0.0,0.0090585993397077,11.0
0.0,0.0120582942371119,5.0
0.0,0.036403791667085,9.0
0.0,0.0205310853747686,8.0
0.0,0.029625203926826,13.0
0.0,0.0115290913384733,13.0
0.0,0.0077773041945724,11.0
0.0,0.0092972565430368,9.0
0.0,0.0166551435841169,15.0
0.0,0.0240677048529147,9.0
0.0,0.0072207249934581,11.0
0.0,0.020572072972672,11.0
0.0,0.0254719890564763,11.0
0.0,0.0165270465514433,15.0
0.0,0.0076104124126722,13.0
0.0,0.0184125832368134,14.0
0.0,0.0411216770154883,12.0
0.0,0.0209737716910886,13.0
0.0,0.0206699299009055,14.0
0.0,0.0262901100343988,15.0
0.0,0.015951840960462,15.0
0.0,0.0,14.0
0.0,0.0,10.0
0.0,0.0,15.0
0.0,0.0,13.0
0.0,0.0,13.0
0.0,0.0,14.0
0.0,0.0,11.0
0.0,0.0,11.0
0.0,0.0,12.0
0.0,0.0,12.0
0.0,0.0,13.0
0.0,0.0,12.0
0.0,0.0,13.0
0.0,0.0,13.0
0.0,0.0,15.0
14421.0,0.0254732118231683,12.0
17149.0,0.0205538079078412,15.0
33534.0,0.0200139762502128,13.0
45910.0,0.0234279508655933,15.0
50231.0,0.0091013128613168,12.0
27038.0,0.0017513238227704,15.0
15624.0,0.0281645456447067,14.0
4593.0,0.0178308926649451,14.0
9765.0,0.0327206257803246,15.0
15624.0,0.0233328870213319,12.0
16247.0,0.0277961057176128,14.0
5352.0,0.0206987672985585,13.0
6839.0,0.0266123242229167,12.0
19930.0,0.020932197923454,7.0
10348.0,0.030614757863891,11.0
18422.0,0.0451874718224738,9.0
22734.0,0.0259539535702136,10.0
10328.0,0.0460593317027139,13.0
37657.0,0.0308809748128984,11.0
7222.0,0.0351890942114785,15.0
36835.0,0.0366806713418983,11.0
44457.0,0.040178356209585,13.0
24899.0,0.0320615758473609,12.0
25696.0,0.0359706824259013,11.0
25728.0,0.0247323972636255,8.0
21510.0,0.0194932608376209,9.0
38811.0,0.037824353147748,10.0
31838.0,0.0223265173207526,10.0
17972.0,0.0326237541230356,15.0
29862.0,0.0208217350753394,14.0
43062.0,0.0373884899599675,10.0
52608.0,0.0070472293857243,12.0
40807.0,0.0082049201146474,15.0
59391.0,0.0478952271059964,12.0
48380.0,0.0212098301696848,7.0
7172.0,0.0196820070641175,8.0
19148.0,3.24175468848012e-05,7.0
21430.0,0.0375063097465805,4.0
25372.0,0.0326759178187247,10.0
26848.0,0.0323699613254787,9.0
12746.0,0.0125472088650285,6.0
3672.0,0.0060525063169895,9.0
18856.0,0.028535587364126,8.0
8675.0,0.0220732998142252,7.0
22443.0,0.0118262114771443,3.0
14028.0,0.0299852828038083,7.0
10418.0,0.0203847076726098,10.0
4636.0,0.0223355446154401,7.0
16253.0,0.0,4.0
28380.0,0.0413852897107644,4.0
31339.0,0.0184646662741189,9.0
16475.0,0.0182818068904048,10.0
17781.0,0.0447254223468967,9.0
18631.0,0.0266997251501285,6.0
15349.0,0.0331461593370958,8.0
11209.0,0.0276595171928046,11.0
23393.0,0.0320565220265751,5.0
8902.0,0.0426671404164906,10.0
8830.0,0.0300119328640529,10.0
13393.0,0.0141875525286632,11.0
20769.0,0.020162161160335,11.0
12010.0,0.0358504949492975,10.0
20436.0,0.0100729903938006,9.0
6832.0,0.0236691891800656,11.0
18116.0,0.0240553213164339,9.0
8850.0,0.0276708457647328,13.0
27320.0,0.0354259663588892,6.0
26833.0,0.0322035360857983,14.0
30594.0,0.0319300527846581,9.0
25078.0,0.0178484711694861,7.0
22122.0,0.0150944466028713,11.0
11635.0,0.0308583858073123,8.0
30743.0,0.0276157586378693,8.0
15231.0,0.0253819833554237,5.0
28454.0,0.0228838452139227,8.0
26469.0,0.0126197837776581,8.0
9450.0,0.0247301028533306,5.0
0.0,0.0248328154997529,10.0
5488.0,0.0333432672930229,14.0
9530.0,0.0300923184293908,12.0
9895.0,0.0154602661075213,9.0
13002.0,0.012049836107104,10.0
11265.0,0.039810438347464,10.0
0.0,0.0248550410608258,6.0
473.0,0.0413665845671535,7.0
3083.0,0.0098775917190711,7.0
8638.0,0.021695892323303,9.0
5305.0,0.0203989711921175,8.0
0.0,0.0273449901851781,8.0
0.0,0.0091164914626022,3.0
0.0,0.0175373332523823,5.0
0.0,0.0140052778534966,6.0
0.0,0.0071354734652764,7.0
0.0,0.0172049502643721,8.0
0.0,0.0045673094688691,11.0
0.0,0.0,8.0
0.0,0.0,7.0
0.0,0.0,10.0
0.0,0.0,7.0
0.0,0.0,10.0
0.0,0.0,4.0
0.0,0.0,8.0
0.0,0.0,6.0
0.0,0.0,13.0
0.0,0.0,7.0
0.0,0.0,9.0
0.0,0.0,3.0
0.0,0.0,5.0
0.0,0.0,7.0
0.0,0.0,9.0
0.0,0.0,6.0
0.0,0.0,5.0
0.0,0.0,4.0
0.0,0.0,9.0
0.0,0.0,4.0
0.0,0.0,5.0
0.0,0.0,7.0
0.0,0.0,7.0
0.0,0.0,10.0
0.0,0.0,9.0
0.0,0.0,14.0
0.0,0.0,10.0
0.0,0.0339865127520272,10.0
0.0,0.0234311507570886,5.0
0.0,0.015879325950201,6.0
0.0,0.0260386720286366,9.0
0.0,0.0181060624490011,5.0
0.0,0.0295001939863127,5.0
0.0,0.0203309267543798,6.0
0.0,0.0252365223361663,8.0
0.0,0.0292805369873369,12.0
0.0,0.0110960552419889,14.0
0.0,0.0,14.0
0.0,0.0204686916257799,14.0
0.0,0.0015903348960762,15.0
0.0,0.0,10.0
0.0,0.0074262934166475,14.0
0.0,0.0346443838240851,14.0
0.0,0.01853180436819,10.0
0.0,0.0319952501239264,12.0
0.0,0.0140930589863178,15.0
0.0,0.0040148459653797,12.0
0.0,0.0085873563456175,15.0
0.0,0.023103786921005,12.0
0.0,0.0055571495653109,12.0
0.0,0.0230054615915761,14.0
0.0,0.0097344358362185,9.0
0.0,0.0,14.0
0.0,0.0,10.0
0.0,0.0,14.0
0.0,0.0,14.0
0.0,0.0,13.0
0.0,0.0,10.0
0.0,0.0,13.0
0.0,0.0,15.0
0.0,0.0,15.0
0.0,0.0,11.0
0.0,0.0,13.0
0.0,0.0,13.0
0.0,0.0,12.0
0.0,0.0,12.0
0.0,0.0,15.0
27070.0,0.0218108174171093,12.0
12722.0,0.0133600846462735,15.0
26349.0,0.0245141815118085,14.0
40297.0,0.0168265762908464,13.0
55940.0,0.0167699965853674,10.0
24900.0,0.0318210890929448,13.0
11045.0,0.0148022283157236,13.0
1516.0,0.0251849323386031,15.0
0.0,0.0176670098227811,13.0
4278.0,0.0430925788064312,14.0
10979.0,0.0319682431866554,13.0
12970.0,0.0427818373970275,13.0
9547.0,0.0443909326058032,13.0
26596.0,0.0182067800419362,7.0
23840.0,0.0298258452485616,8.0
18062.0,0.025673097039685,9.0
17418.0,0.0368737439863197,11.0
4108.0,0.044852395493431,11.0
15975.0,0.0444652547013803,9.0
16420.0,0.0257476383316461,13.0
30015.0,0.0459307298875611,12.0
25931.0,0.0197233088019917,15.0
10807.0,0.0374081648027952,12.0
32006.0,0.0162997970386129,12.0
29506.0,0.0512390243140145,8.0
25080.0,0.0419745346160837,11.0
44390.0,0.0235731911543536,8.0
25575.0,0.0173098042141899,9.0
35786.0,0.0397712355515788,15.0
30002.0,0.0358364827509995,15.0
43254.0,0.0166027556400318,6.0
56363.0,0.0306313617717636,15.0
45994.0,0.0217246563213955,13.0
50764.0,0.0216901635427164,9.0
39842.0,0.0244981675220282,8.0
13881.0,0.0,8.0
18448.0,0.0130102002728241,5.0
0.0,0.0248278843484232,6.0
36672.0,0.0428855864694981,11.0
24652.0,0.028289407751743,10.0
22682.0,0.0458037890332835,8.0
3693.0,0.0085977155319044,11.0
6533.0,0.0528035221923755,9.0
2407.0,0.0525122223055687,3.0
9750.0,0.0265378194546414,7.0
20402.0,0.0389632964957169,5.0
11398.0,0.0090347754007968,5.0
6587.0,0.0265692173955295,5.0
12877.0,0.012301634894636,4.0
24885.0,0.0281424818280063,7.0
31185.0,0.0231917301498657,11.0
21637.0,0.0124523236664895,9.0
22123.0,0.0219024844009248,10.0
9968.0,0.0076205998031618,6.0
17176.0,0.0124344902209483,9.0
2901.0,0.0219376717246276,5.0
19861.0,0.0225293635139849,7.0
9664.0,0.0191059057496295,7.0
19683.0,0.0290456957535858,7.0
2154.0,0.0309785472183778,8.0
12723.0,0.0213126901014713,9.0
16469.0,0.0258474379946725,9.0
16795.0,0.0193632591454127,13.0
9863.0,0.037704167774165,10.0
13418.0,0.0310439089025438,13.0
8359.0,0.0303732615083739,12.0
24094.0,0.0139675620678997,7.0
33771.0,0.0207454735234891,11.0
28456.0,0.0494212688576195,5.0
18269.0,0.022555084942354,6.0
8759.0,0.0243032750356723,6.0
10451.0,0.0301802597174892,9.0
21463.0,0.0409862828689479,10.0
8573.0,0.021511081169744,6.0
22536.0,0.0236429278213586,6.0
9518.0,0.0253162669879978,10.0
15423.0,0.0214260685487398,2.0
7152.0,0.0359057919161707,7.0
4960.0,0.0097332290734537,11.0
0.0,0.0184518348871673,10.0
12283.0,0.0179980686921934,10.0
882.0,0.0200190457932157,9.0
0.0,0.0022132700858178,7.0
12069.0,0.0208101985744105,5.0
3923.0,0.0283918226929579,7.0
0.0,0.007523513459162,7.0
5971.0,0.0156140890985757,9.0
2947.0,0.0189256388347343,7.0
2098.0,0.0022009929329462,5.0
0.0,0.0118904893272442,5.0
0.0,0.0186108695930673,4.0
0.0,0.0120611219751542,3.0
0.0,0.0155391485467549,7.0
0.0,0.0270794308000667,7.0
0.0,0.0322427712326165,9.0
0.0,0.0149115813369915,8.0
0.0,0.0,5.0
0.0,0.0,11.0
0.0,0.0,10.0
0.0,0.0,8.0
0.0,0.0,8.0
0.0,0.0,9.0
0.0,0.0,7.0
0.0,0.0,9.0
0.0,0.0,8.0
0.0,0.0,12.0
0.0,0.0,6.0
0.0,0.0,6.0
0.0,0.0,11.0
0.0,0.0,6.0
0.0,0.0,5.0
0.0,0.0,6.0
0.0,0.0,8.0
0.0,0.0,5.0
0.0,0.0,5.0
0.0,0.0,6.0
0.0,0.0,8.0
0.0,0.0,5.0
0.0,0.0,14.0
0.0,0.0,11.0
0.0,0.0,10.0
0.0,0.0,13.0
0.0,0.0305918899539609,9.0
0.0,0.0130749052783049,6.0
0.0,0.0156903754234389,6.0
0.0,0.0056920553836689,10.0
0.0,0.026959771724404,8.0
0.0,0.0218788066497739,7.0
0.0,0.0135932434483732,7.0
0.0,0.0211480430061583,7.0
0.0,0.0127640753626952,15.0
0.0,0.0119020322299116,11.0
0.0,0.0113227199401185,14.0
0.0,0.0230869952049114,14.0
0.0,0.018851214294281,15.0
0.0,0.0211465446725992,14.0
0.0,0.0,9.0
0.0,0.0304924235299875,11.0
0.0,0.0211476159584036,15.0
0.0,0.0041017205478069,13.0
0.0,0.0095525057383451,13.0
0.0,0.0262036816995859,15.0
0.0,0.0,15.0
0.0,0.0,11.0
0.0,0.0335915171232783,12.0
0.0,0.0001405152750114,13.0
0.0,0.0147388725796366,12.0
0.0,0.0,14.0
0.0,0.0,12.0
0.0,0.0,13.0
0.0,0.0,12.0
0.0,0.0,13.0
0.0,0.0,12.0
0.0,0.0,15.0
0.0,0.0,11.0
0.0,0.0,11.0
0.0,0.0,10.0
0.0,0.0,12.0
0.0,0.0,11.0
0.0,0.0,14.0
0.0,0.0,13.0
0.0,0.0,12.0
25074.0,0.0127000246000661,10.0
4334.0,0.0261170351364505,14.0
27704.0,0.0111973443901965,11.0
34432.0,0.0143378077494691,10.0
43959.0,0.0197177274706988,15.0
23337.0,0.0139142846680428,11.0
5386.0,0.0204981875488901,13.0
4909.0,0.0453684973623272,14.0
4810.0,0.0294097147804384,13.0
16717.0,0.0291666875721535,11.0
6497.0,0.0459950521900903,14.0
0.0,0.0375574041919364,11.0
11059.0,0.0340477460547227,12.0
27574.0,0.0323857403007729,10.0
17686.0,0.0331103828421062,8.0
23938.0,0.0524621196502148,9.0
15209.0,0.0247538918161715,13.0
4987.0,0.0492383463964797,9.0
34368.0,0.0465972426096718,12.0
25803.0,0.0276907943327837,11.0
38247.0,0.0379422855687229,8.0
27411.0,0.0389532572759132,10.0
8204.0,0.0406311030351125,12.0
27377.0,0.028581446103304,13.0
24682.0,0.0331170752083603,11.0
13460.0,0.0517044970162778,12.0
39580.0,0.0413267285753935,9.0
32995.0,0.0373288530280543,10.0
25915.0,0.0215220560578398,10.0
30283.0,0.010298746371861,13.0
60034.0,0.0340634088827551,9.0
66421.0,0.0203578467581818,12.0
40236.0,0.0219973353427202,14.0
45644.0,0.0360457026796459,7.0
37962.0,0.0165421653913205,10.0
14151.0,0.0203111950802943,8.0
8677.0,0.0274541572393044,9.0
12082.0,0.0326494271603652,2.0
19391.0,0.0213889523322337,8.0
30239.0,0.0272054142204171,14.0
18915.0,0.0061425311421766,8.0
10768.0,0.036176856415608,6.0
1714.0,0.0129079946143365,12.0
6109.0,0.0218349551687978,8.0
5554.0,0.0168970710178634,4.0
15597.0,0.0208055410840402,10.0
12395.0,0.0402834235681683,6.0
13288.0,0.0265734414728501,9.0
23500.0,0.0365663696342982,5.0
16122.0,0.0495992762658785,4.0
29604.0,0.0291841952984286,9.0
25017.0,0.0132546749966607,11.0
30794.0,0.0238264650775403,5.0
17189.0,0.0417738526365893,6.0
8800.0,0.0092140405212654,6.0
17998.0,0.0109135262501145,10.0
20232.0,0.0122323162578277,5.0
13204.0,0.0398776880749388,9.0
16427.0,0.0431576461115393,8.0
11192.0,0.0345715352818411,10.0
24022.0,0.030286170183043,6.0
9685.0,0.0350039047148347,10.0
17322.0,0.0272651535748015,10.0
0.0,0.0127449503514703,11.0
14511.0,0.0355049713788385,11.0
11919.0,0.023592345766606,13.0
25898.0,0.0411803854860717,5.0
24828.0,0.017289337716512,12.0
35116.0,0.0339976854448402,6.0
32201.0,0.014517568053326,9.0
16387.0,0.0319465516770812,6.0
5288.0,0.0184567936862965,7.0
22368.0,0.0412086433490235,7.0
16310.0,0.0193319872842926,7.0
11680.0,0.0335799346264077,6.0
14056.0,0.0181816989070577,6.0
11385.0,0.0366355330605784,5.0
6067.0,0.0216708963782439,6.0
3398.0,0.0203267052003921,15.0
10253.0,0.0,11.0
7163.0,0.0238112217723531,11.0
7166.0,0.0114437855473326,7.0
679.0,0.0090845541743085,8.0
272.0,0.0163524884098757,4.0
4784.0,0.0200152207781929,8.0
1982.0,0.0157639303213671,7.0
7313.0,0.0291157752181564,8.0
1872.0,0.0266507460766247,5.0
4448.0,0.006736908151586,5.0
0.0,0.0286300428849131,9.0
0.0,0.0195306915042372,8.0
0.0,0.0138746523764619,5.0
0.0,0.0134735045004732,7.0
0.0,0.0104370419617216,7.0
0.0,0.000443648565538,8.0
0.0,0.0235342823033676,13.0
0.0,0.0,10.0
0.0,0.0,5.0
0.0,0.0,8.0
0.0,0.0,8.0
0.0,0.0,10.0
0.0,0.0,11.0
0.0,0.0,10.0
0.0,0.0,11.0
0.0,0.0,3.0
0.0,0.0,13.0
0.0,0.0,3.0
0.0,0.0,6.0
0.0,0.0,9.0
0.0,0.0,10.0
0.0,0.0,9.0
0.0,0.0,8.0
0.0,0.0,2.0
0.0,0.0,3.0
0.0,0.0,0.0
0.0,0.0,5.0
0.0,0.0,1.0
0.0,0.0,9.0
0.0,0.0,14.0
0.0,0.0,11.0
0.0,0.0,7.0
0.0,0.0,11.0
0.0,0.0133832043419333,9.0
0.0,0.0,6.0
0.0,0.0308861059862828,5.0
0.0,0.0371144798291324,8.0
0.0,0.018740674063353,8.0
0.0,0.0269189026863951,8.0
0.0,0.0067066767528302,6.0
0.0,0.0064211036402897,5.0
0.0,0.0104017989829911,15.0
0.0,0.0302812266882908,14.0
0.0,0.0,15.0
0.0,0.0249243907382451,10.0
0.0,0.0252516706420214,12.0
0.0,0.0194286974339571,15.0
0.0,0.0224428278873592,15.0
0.0,0.0232792530194862,15.0
0.0,0.0136718805228304,13.0
0.0,0.0,13.0
0.0,0.0100080578799772,13.0
0.0,0.0177725969230792,13.0
0.0,0.0232143832024844,15.0
0.0,0.0178900116936327,15.0
0.0,0.0273226854320635,13.0
0.0,0.0086326101422038,14.0
0.0,0.0171647800937568,13.0
0.0,0.0,15.0
0.0,0.0,13.0
0.0,0.0,15.0
0.0,0.0,15.0
0.0,0.0,15.0
0.0,0.0,15.0
0.0,0.0,13.0
0.0,0.0,13.0
0.0,0.0,15.0
0.0,0.0,11.0
0.0,0.0,14.0
0.0,0.0,13.0
0.0,0.0,11.0
0.0,0.0,13.0
0.0,0.0,13.0
27101.0,0.0024051950438811,15.0
8462.0,0.0283912555197426,13.0
29166.0,0.0213614987704268,14.0
32990.0,0.0245105315941172,14.0
47674.0,0.0152766197657316,14.0
28945.0,0.0168675029594104,10.0
14982.0,0.0061015405554736,10.0
7356.0,0.0331573328473423,12.0
9824.0,0.0358787045935876,12.0
26945.0,0.0312019086704305,15.0
6589.0,0.0420314368869145,13.0
5371.0,0.0298874857104778,13.0
9527.0,0.0505938996181876,13.0
22335.0,0.0377338998885268,7.0
19636.0,0.0477228646564634,6.0
21525.0,0.035939705553447,9.0
28743.0,0.0327977021517096,13.0
16568.0,0.036991807564447,11.0
23085.0,0.013991360093604,14.0
9608.0,0.0498164259660147,14.0
34573.0,0.0246511969328823,13.0
25088.0,0.0294543939429852,14.0
16432.0,0.0333439933821165,13.0
35745.0,0.0378828425849848,10.0
28639.0,0.0215450681103747,12.0
14728.0,0.0231479931025965,11.0
41033.0,0.0375481650882572,9.0
43733.0,0.0194640838021013,8.0
18314.0,0.0181100706820393,14.0
40728.0,0.0201963677853494,13.0
55915.0,0.0328096934781588,11.0
56548.0,0.0150969590640759,11.0
38677.0,0.0268434612387037,12.0
53166.0,0.0266299658288872,10.0
37878.0,0.031410027163425,7.0
16261.0,0.0208825445737423,6.0
7984.0,0.0198776242013922,9.0
6774.0,0.0248460134275349,2.0
25801.0,0.0204518487050556,11.0
28627.0,0.0149018665546718,10.0
23311.0,0.0297094394299526,9.0
11824.0,0.0402351727997648,10.0
19553.0,0.010101113609307,6.0
3582.0,0.0363849773450488,8.0
2471.0,0.0274615634921784,4.0
22305.0,0.0295126896568305,5.0
11170.0,0.0192124505071577,8.0
13062.0,0.0175937879784249,8.0
8459.0,0.035449195510498,3.0
12232.0,0.033286517529096,6.0
36390.0,0.0160482144376524,8.0
14476.0,0.0313383013943179,11.0
21119.0,0.0431680257993763,11.0
13480.0,0.0370100038046232,6.0
27566.0,0.0235761131110469,7.0
5532.0,0.0469789360839888,7.0
22081.0,0.034499603618141,5.0
17917.0,0.0188812185855112,9.0
18386.0,0.0441846384207311,11.0
3039.0,0.0112821365859752,9.0
5416.0,0.0184926841393282,8.0
6089.0,0.0,10.0
22403.0,0.0269169850404062,10.0
8587.0,0.0348537631763474,9.0
3702.0,0.0348304287956994,9.0
2461.0,0.0284176580019598,13.0
28986.0,0.037927011230113,10.0
14427.0,0.0360108216918453,11.0
27535.0,0.0305245817016054,6.0
13380.0,0.0372593303072782,10.0
14900.0,0.0095747158151547,8.0
17930.0,0.0278056264229799,7.0
22800.0,0.0271098076395633,8.0
19266.0,0.0313497148985296,4.0
18217.0,0.0100590176220851,2.0
10743.0,0.0227366169787371,8.0
13635.0,0.0404697511336253,3.0
14748.0,0.0139471989190874,10.0
1681.0,0.0259520027277397,7.0
0.0,0.0248660721184203,7.0
1515.0,0.0210166873621249,7.0
48.0,0.0262477285655763,7.0
2610.0,0.0275503203631238,3.0
0.0,0.0117127502569781,4.0
10083.0,0.0212158741714637,5.0
7295.0,0.0180359269901206,10.0
9314.0,0.0259417505866767,8.0
0.0,0.0174378162971202,2.0
0.0,0.0120414817860066,8.0
0.0,0.008771361883774,6.0
0.0,0.0076267561453816,7.0
0.0,0.0281572988211654,9.0
0.0,0.022425083121893,8.0
0.0,0.0368860054447815,8.0
0.0,0.0318554188672749,9.0
0.0,0.0256061278308084,6.0
0.0,0.0,7.0
0.0,0.0,10.0
0.0,0.0,7.0
0.0,0.0,8.0
0.0,0.0,7.0
0.0,0.0,9.0
0.0,0.0,8.0
0.0,0.0,11.0
0.0,0.0,7.0
0.0,0.0,13.0
0.0,0.0,2.0
0.0,0.0,3.0
0.0,0.0,12.0
0.0,0.0,9.0
0.0,0.0,4.0
0.0,0.0,4.0
0.0,0.0,5.0
0.0,0.0,2.0
0.0,0.0,6.0
0.0,0.0,6.0
0.0,0.0,7.0
0.0,0.0,8.0
0.0,0.0,9.0
0.0,0.0,12.0
0.0,0.0,12.0
0.0,0.0,12.0
0.0,0.0193906201718485,12.0
0.0,0.0,9.0
0.0,0.0212787046123353,4.0
0.0,0.0130078612533525,11.0
0.0,0.0,8.0
0.0,0.0164322153160116,7.0
0.0,0.0214180964542911,3.0
0.0,0.0307413439796254,6.0
0.0,0.0296484470933962,12.0
0.0,0.0147378306660041,13.0
0.0,0.031748818526405,15.0
0.0,0.021908997139253,14.0
0.0,0.0120940086950807,14.0
0.0,0.0176945796717966,12.0
0.0,0.0227104631728899,12.0
0.0,0.0236554180405532,15.0
0.0,0.0113754178331759,13.0
0.0,0.0228761341863439,13.0
0.0,0.0143300450916584,14.0
0.0,0.0135146820249651,15.0
0.0,0.008884536674774,12.0
0.0,0.0217213178214436,15.0
0.0,0.0087810621996233,15.0
0.0,0.0257539792788901,15.0
0.0,0.0391198383243538,14.0
0.0,0.0,15.0
0.0,0.0,12.0
0.0,0.0,15.0
0.0,0.0,11.0
0.0,0.0,11.0
0.0,0.0,14.0
0.0,0.0,12.0
0.0,0.0,13.0
0.0,0.0,11.0
0.0,0.0,7.0
0.0,0.0,12.0
0.0,0.0,13.0
0.0,0.0,11.0
0.0,0.0,12.0
0.0,0.0,14.0
5436.0,0.0121684143291818,13.0
4972.0,0.0226536328217453,12.0
39182.0,0.0100711183743543,15.0
37804.0,0.0198225759657995,13.0
55826.0,0.0304327368386217,12.0
21367.0,0.0425048746770808,14.0
9088.0,0.0235472015086693,12.0
11132.0,0.0134366356841308,14.0
16400.0,0.0242780248984166,14.0
521.0,0.0349012468437122,13.0
15533.0,0.0329928406277199,10.0
12111.0,0.0255097519735529,14.0
3048.0,0.0544866749405548,14.0
14698.0,0.0330568591813248,10.0
22530.0,0.0307721361012518,8.0
22631.0,0.0132845240556396,8.0
20409.0,0.0321488858067155,10.0
14585.0,0.0298744873749542,9.0
40515.0,0.0433814547253713,12.0
10409.0,0.0473245056178113,13.0
38798.0,0.0254911094817056,12.0
25038.0,0.0307061231998421,15.0
22679.0,0.0139182852916992,9.0
29657.0,0.0197754576559954,10.0
26870.0,0.0523891877490242,11.0
16492.0,0.0430029258060729,8.0
48855.0,0.0176388853302169,11.0
33959.0,0.0317087477767499,7.0
29907.0,0.0227446810760685,10.0
26412.0,0.0389910788546041,12.0
47677.0,0.0283155519403503,11.0
55736.0,0.0055856995170357,11.0
39595.0,0.0130195145586018,11.0
49133.0,0.0230246799384862,8.0
47544.0,0.0199359120537561,4.0
18154.0,0.0118477883334729,10.0
11183.0,0.0179464005986949,10.0
13380.0,0.0204798596463936,4.0
13311.0,0.0294646338400894,9.0
34753.0,0.0218276750096973,8.0
20075.0,0.0087189220484571,7.0
21772.0,0.0361466222218029,9.0
11465.0,0.0113265091650613,7.0
4982.0,0.0101710007255674,6.0
0.0,0.0379044109684702,5.0
6145.0,0.0458467532547955,7.0
1234.0,0.029057668367079,9.0
0.0,0.0440917908328501,4.0
14055.0,0.035750274831785,2.0
19432.0,0.045554293115176,6.0
22660.0,0.030344852523121,3.0
11300.0,0.0178826104865791,11.0
25945.0,0.0408860428512815,7.0
17025.0,0.0247433753615033,4.0
23121.0,0.0235951128491033,10.0
29076.0,0.0229185113398656,6.0
25682.0,0.0493941167522943,7.0
17003.0,0.0335755300809519,11.0
19550.0,0.0316312760515605,7.0
18560.0,0.0383609019077355,7.0
12963.0,0.0174117830033304,9.0
5517.0,0.0182911389344984,11.0
17867.0,0.012039006675357,10.0
20222.0,0.0272595329760619,11.0
9263.0,0.0363023284115073,13.0
2754.0,0.0302869375478732,13.0
28941.0,0.0283573912343693,8.0
18093.0,0.0394353205220474,14.0
23140.0,0.042327761155043,8.0
21700.0,0.0217766783132589,7.0
763.0,0.037654630390563,7.0
14311.0,0.0421639663112859,8.0
6914.0,0.0239341920908375,10.0
11226.0,0.0154486862128912,6.0
26516.0,0.0090999272705225,2.0
9206.0,0.0073417533766367,8.0
10917.0,0.0373307992769085,6.0
11388.0,0.0204528836967554,11.0
1005.0,0.0105064416087126,12.0
7609.0,0.0168607832914615,12.0
6568.0,0.0353899047761024,11.0
3187.0,0.0,6.0
10290.0,0.0225560025480351,5.0
0.0,0.0308038761051136,9.0
801.0,0.0218842179657272,7.0
0.0,0.0303962175305542,7.0
10181.0,0.0035642837238922,8.0
0.0,0.0455333998420039,5.0
0.0,0.017888533699479,7.0
0.0,0.0232319431549596,6.0
0.0,0.0330786344490887,5.0
0.0,0.0234300948604358,1.0
0.0,0.0224432756537134,5.0
0.0,0.0064092060428111,3.0
0.0,0.031981567485832,10.0
0.0,0.0083945173917661,8.0
0.0,0.0,8.0
0.0,0.0,11.0
0.0,0.0,12.0
0.0,0.0,12.0
0.0,0.0,8.0
0.0,0.0,8.0
0.0,0.0,4.0
0.0,0.0,11.0
0.0,0.0,8.0
0.0,0.0,13.0
0.0,0.0,9.0
0.0,0.0,5.0
0.0,0.0,9.0
0.0,0.0,6.0
0.0,0.0,6.0
0.0,0.0,5.0
0.0,0.0,7.0
0.0,0.0,4.0
0.0,0.0,5.0
0.0,0.0,8.0
0.0,0.0,7.0
0.0,0.0,9.0
0.0,0.0,15.0
0.0,0.0,7.0
0.0,0.0,10.0
0.0,0.0,11.0
0.0,0.0,8.0
0.0,0.0058449075399404,2.0
0.0,0.0098108541942461,5.0
0.0,0.0,11.0
0.0,0.0133779648526673,6.0
0.0,0.0258797919506692,6.0
0.0,0.0214751757886784,9.0
0.0,0.0215921315581333,6.0
0.0,0.010090484111243,11.0
0.0,0.0194242756476988,12.0
0.0,0.0173797488684271,14.0
0.0,0.0251483093670849,12.0
0.0,0.0307245826487211,15.0
0.0,0.0102763524861045,14.0
0.0,0.0209873861549473,14.0
0.0,0.0,15.0
0.0,0.0225230972663662,14.0
0.0,0.0045484237110388,9.0
0.0,0.0321602108212957,14.0
0.0,0.0142365389525033,13.0
0.0,0.0194253901936243,15.0
0.0,0.0206505398975314,9.0
0.0,0.0109458689218031,14.0
0.0,0.0323787254722634,13.0
0.0,0.007134116715144,12.0
0.0,0.0,15.0
0.0,0.0,15.0
0.0,0.0,14.0
0.0,0.0,12.0
0.0,0.0,13.0
0.0,0.0,12.0
0.0,0.0,10.0
0.0,0.0,13.0
0.0,0.0,12.0
0.0,0.0,15.0
0.0,0.0,11.0
0.0,0.0,11.0
0.0,0.0,12.0
0.0,0.0,14.0
0.0,0.0,14.0
8846.0,0.0343464585031933,15.0
10373.0,0.0186074624567257,14.0
32949.0,0.0278759920395108,15.0
34914.0,0.0235160372549012,14.0
42524.0,0.0275185114985113,12.0
21106.0,0.0205179987992447,10.0
7160.0,0.0080244795095828,12.0
7622.0,0.0196867987948846,15.0
14376.0,0.0486998537633236,14.0
0.0,0.0169478760357507,12.0
9346.0,0.0483496935185937,9.0
3927.0,0.0244812228259664,12.0
14085.0,0.0439147611298261,12.0
20136.0,0.0359230726026475,5.0
16731.0,0.0195788997746421,9.0
16100.0,0.0171254781499701,11.0
26034.0,0.0359355397441904,14.0
20535.0,0.0452648557490251,12.0
30533.0,0.0336644024398663,11.0
10444.0,0.0198365212071689,12.0
46637.0,0.0291855332543258,12.0
32308.0,0.02378482099269,12.0
14729.0,0.024483916398221,11.0
22762.0,0.0275831984144371,11.0
25227.0,0.023167494846609,11.0
23220.0,0.0242105149852355,11.0
40035.0,0.0339791333534546,8.0
42150.0,0.0290083934326454,7.0
22689.0,0.0297656827768153,14.0
23588.0,0.0102640155121167,15.0
62191.0,0.0280087378656469,13.0
59769.0,0.0069604597432224,9.0
38299.0,0.0226077189100538,11.0
50328.0,0.0261804601669829,10.0
45944.0,0.0093100544342346,9.0
9594.0,0.0332904975614495,8.0
14571.0,0.0365565206042126,9.0
5722.0,0.0257768276142834,5.0
15809.0,0.0447620106688677,12.0
39355.0,0.035222699369968,11.0
14220.0,0.0051272674036844,8.0
12786.0,0.0139561905365439,8.0
4177.0,0.0247333371674677,12.0
5621.0,0.010961360672571,6.0
0.0,0.0118506157952388,4.0
15641.0,0.016058514882278,8.0
12976.0,0.0266885396975205,6.0
15461.0,0.012117031483379,12.0
9807.0,0.0298885652109474,0.0
16145.0,0.0251759993665854,5.0
24292.0,0.0334420752732532,9.0
15583.0,0.0280826031275352,10.0
16495.0,0.0259549349021225,9.0
8206.0,0.0372212900509388,5.0
16403.0,0.0369685976345795,6.0
12429.0,0.0100377046951356,4.0
33685.0,0.0438590137358013,5.0
21149.0,0.0335243651322919,8.0
22293.0,0.0257918421702088,6.0
6496.0,0.0291425199983416,10.0
19173.0,0.0173187954073555,7.0
14978.0,0.039778142277865,9.0
25048.0,0.026530032378532,11.0
18262.0,0.0170515778784464,8.0
4016.0,0.0325558781078603,9.0
16527.0,0.0262303358152618,12.0
19402.0,0.0255424651998335,7.0
24336.0,0.0277637461489144,10.0
27324.0,0.0260274491359286,8.0
37264.0,0.040846198244107,9.0
12370.0,0.0328393892309898,6.0
11831.0,0.0302235111502228,13.0
10227.0,0.0294237950623108,8.0
10555.0,0.0180555464345094,7.0
19762.0,0.0251830747395439,8.0
19744.0,0.0224434777805019,10.0
16272.0,0.0541519881044305,3.0
16556.0,0.0223668720484302,9.0
14794.0,0.0434801190946491,8.0
6518.0,0.0077051058943027,8.0
2423.0,0.0241421811369557,12.0
3063.0,0.0179335499359947,7.0
0.0,0.020380436062844,6.0
274.0,0.0046422801213807,3.0
3749.0,0.0355107682158554,6.0
0.0,0.0,5.0
232.0,0.0218641933002209,7.0
2233.0,0.0420550726829995,5.0
0.0,0.0033635409496553,8.0
0.0,0.0303152562471939,7.0
0.0,0.0323440068948219,4.0
0.0,0.0297960013313837,5.0
0.0,0.0138928880707271,9.0
0.0,0.0302623243644528,5.0
0.0,0.0198795794399866,8.0
0.0,0.0290837298225791,10.0
0.0,0.0,8.0
0.0,0.0,9.0
0.0,0.0,6.0
0.0,0.0,6.0
0.0,0.0,9.0
0.0,0.0,7.0
0.0,0.0,5.0
0.0,0.0,9.0
0.0,0.0,7.0
0.0,0.0,12.0
0.0,0.0,6.0
0.0,0.0,7.0
0.0,0.0,10.0
0.0,0.0,10.0
0.0,0.0,6.0
0.0,0.0,7.0
0.0,0.0,6.0
0.0,0.0,7.0
0.0,0.0,3.0
0.0,0.0,7.0
0.0,0.0,4.0
0.0,0.0,5.0
0.0,0.0,9.0
0.0,0.0,10.0
0.0,0.0,15.0
0.0,0.0,11.0
0.0,0.0191413736776678,11.0
0.0,0.0307277230748182,5.0
0.0,0.0181696247062967,4.0
0.0,0.0104164520980774,9.0
0.0,0.0122380490162587,6.0
0.0,0.020050137770323,5.0
0.0,0.0137522396258792,6.0
0.0,0.0134988171725451,6.0
0.0,0.0155273803617452,15.0
0.0,0.0172504412182279,10.0
0.0,0.0192938989287018,13.0
0.0,0.0067066615048133,13.0
0.0,0.0,13.0
0.0,0.0118022344041767,11.0
0.0,0.0270051876931383,15.0
0.0,0.0056081016419137,12.0
0.0,0.0053828695187477,12.0
0.0,0.0113034826945387,14.0
0.0,0.0280783964007862,15.0
0.0,0.0274373959233074,14.0
0.0,0.009411334782862,12.0
0.0,0.0161160242236695,14.0
0.0,0.0156495320690895,10.0
0.0,0.012837873396457,12.0
0.0,0.0285851906621205,11.0
0.0,0.0,12.0
0.0,0.0,12.0
0.0,0.0,15.0
0.0,0.0,12.0
0.0,0.0,15.0
0.0,0.0,14.0
0.0,0.0,12.0
0.0,0.0,13.0
0.0,0.0,12.0
0.0,0.0,13.0
0.0,0.0,13.0
0.0,0.0,13.0
0.0,0.0,15.0
0.0,0.0,13.0
0.0,0.0,12.0
13227.0,0.0051108811980586,12.0
1373.0,0.0237594035227331,15.0
19522.0,0.0290396515873507,13.0
45593.0,0.0275463171126394,13.0
58536.0,0.0202520876881609,15.0
32193.0,0.0217983587890816,13.0
8489.0,0.0170777650782967,15.0
5412.0,0.0425710333860887,12.0
8025.0,0.036753368516923,13.0
14882.0,0.0383818007525542,8.0
14849.0,0.0308296831651998,12.0
7187.0,0.035858095219271,15.0
11624.0,0.042113483282043,13.0
14259.0,0.0296235807284466,4.0
18843.0,0.0306524788120544,6.0
25405.0,0.0304944326821563,9.0
23930.0,0.0386126442395546,14.0
13355.0,0.0352586990573199,12.0
24465.0,0.0454451006570952,13.0
25421.0,0.0232554165002637,15.0
36930.0,0.0379837543435803,10.0
25391.0,0.0289173069512127,10.0
7496.0,0.0234169503378334,13.0
22378.0,0.0317928333316076,12.0
25942.0,0.0197286352928695,11.0
35018.0,0.0483377501864313,9.0
54953.0,0.029198705242164,11.0
35020.0,0.0179379404870776,13.0
22086.0,0.0150109548228897,13.0
22820.0,0.042699636989089,14.0
55011.0,0.0423218304330803,10.0
59745.0,0.0152034965111278,13.0
41780.0,0.0341263927372299,12.0
44724.0,0.0257959631468176,11.0
45335.0,0.0291787504115446,8.0
9823.0,0.0334637428330158,8.0
8418.0,0.0207809448789222,9.0
21475.0,0.0127898562325737,4.0
15878.0,0.0371854357601526,14.0
29272.0,0.0144152159761453,10.0
11736.0,0.0204271457927141,9.0
12466.0,0.0065713019927538,10.0
1695.0,0.0291462600250775,7.0
5745.0,0.0397463246444085,5.0
18199.0,0.0096974658194961,7.0
21156.0,0.0201808565003561,8.0
17669.0,0.0281883486891647,9.0
10821.0,0.0158466088842595,6.0
23019.0,0.0214828538488936,1.0
20555.0,0.0327737613887224,5.0
23906.0,0.018645066250571,7.0
9913.0,0.0252089267362123,9.0
23253.0,0.0264996281580247,7.0
14138.0,0.0289743422642627,6.0
13667.0,0.0254200826464599,6.0
3578.0,0.0184916767793947,6.0
21314.0,0.0393585163276244,6.0
10712.0,0.0123959707453195,5.0
11582.0,0.0403644848712029,9.0
17540.0,0.0402397941881772,7.0
15281.0,0.0216772757858661,9.0
15093.0,0.0436138605416554,13.0
11551.0,0.0286665116512517,11.0
2926.0,0.0357796419006435,9.0
11317.0,0.0226129631997719,12.0
13126.0,0.0290300168835903,15.0
8779.0,0.0285010333950387,7.0
31445.0,0.0367938197511372,13.0
24501.0,0.0289674348460622,7.0
32954.0,0.0352686651986064,9.0
9632.0,0.025131575927985,9.0
21666.0,0.0172612154671006,6.0
24962.0,0.0244027507578664,7.0
8815.0,0.0163328503326721,4.0
16853.0,0.0331515220822096,4.0
14490.0,0.0076939181539098,8.0
8301.0,0.028377969687645,6.0
7799.0,0.0200825768790897,11.0
8891.0,0.0057407658594165,13.0
1874.0,0.0353927573662003,11.0
3867.0,0.0124706644828584,8.0
3276.0,0.0272731678612149,6.0
0.0,0.0119296021525109,4.0
0.0,0.0333996997081678,5.0
2952.0,0.0172590787214095,7.0
0.0,0.0157808723559812,8.0
0.0,0.0047753954349144,11.0
255.0,0.0254347175636589,5.0
11956.0,0.0113800075073441,8.0
0.0,0.0113583903771406,7.0
0.0,0.0,7.0
0.0,0.0220245614580958,2.0
0.0,0.0328299190607805,8.0
0.0,0.0255578932114191,4.0
0.0,0.0114088225063349,6.0
0.0,0.017224982768195,8.0
0.0,0.0,8.0
0.0,0.0,10.0
0.0,0.0,8.0
0.0,0.0,8.0
0.0,0.0,9.0
0.0,0.0,7.0
0.0,0.0,6.0
0.0,0.0,10.0
0.0,0.0,5.0
0.0,0.0,12.0
0.0,0.0,8.0
0.0,0.0,4.0
0.0,0.0,8.0
0.0,0.0,13.0
0.0,0.0,8.0
0.0,0.0,5.0
0.0,0.0,7.0
0.0,0.0,5.0
0.0,0.0,4.0
0.0,0.0,6.0
0.0,0.0,7.0
0.0,0.0,9.0
0.0,0.0,15.0
0.0,0.0,11.0
0.0,0.0,12.0
0.0,0.0,14.0
0.0,0.0142441803618081,8.0
0.0,0.0141583260810818,7.0
0.0,0.0148294694446661,3.0
0.0,0.0,10.0
0.0,0.0210728201171572,7.0
0.0,0.0133762831777569,7.0
0.0,0.0140746364628896,6.0
0.0,0.0103614831286277,4.0
0.0,0.0186931255068768,15.0
0.0,0.0178046438098621,13.0
0.0,0.0100775885417044,14.0
0.0,0.0200986214505908,11.0
0.0,0.0099811982617186,13.0
0.0,0.0255009251344197,11.0
0.0,0.0116948221378105,13.0
0.0,0.0169589902169244,14.0
0.0,0.0158875826661099,15.0
0.0,0.0079679560430418,12.0
0.0,0.0041646045581639,9.0
0.0,0.023177311838365,13.0
0.0,0.0372624898937859,15.0
0.0,0.0088773644173807,12.0
0.0,0.0169528253581928,11.0
0.0,0.0142435087036213,13.0
0.0,0.0165413340282166,13.0
0.0,0.0,15.0
0.0,0.0,12.0
0.0,0.0,10.0
0.0,0.0,15.0
0.0,0.0,12.0
0.0,0.0,13.0
0.0,0.0,11.0
0.0,0.0,13.0
0.0,0.0,15.0
0.0,0.0,13.0
0.0,0.0,14.0
0.0,0.0,15.0
0.0,0.0,15.0
0.0,0.0,14.0
0.0,0.0,15.0
13599.0,0.0099651943421846,12.0
17179.0,0.011050834123141,15.0
31809.0,0.0049979186186087,14.0
33430.0,0.0313352003334101,13.0
60759.0,0.0117237290133683,15.0
32252.0,0.0162793303372299,11.0
10251.0,0.0448359131820159,12.0
5017.0,0.017448003352741,11.0
0.0,0.0322038797696342,10.0
12954.0,0.014374682483296,12.0
3032.0,0.036283121941057,12.0
10913.0,0.0212898597357254,13.0
10815.0,0.0293580741255076,15.0
14547.0,0.0109402588435767,8.0
13943.0,0.0530129919680032,9.0
8720.0,0.028163192685937,10.0
21373.0,0.0059412864103999,12.0
0.0,0.0211664553099455,14.0
38151.0,0.0449596635026897,10.0
27132.0,0.0502593089939849,11.0
40330.0,0.0242256120989424,13.0
32930.0,0.0305996517936478,14.0
14722.0,0.018986491353034,14.0
22839.0,0.0217953548880566,11.0
19362.0,0.0407370692471664,12.0
29671.0,0.0290824096823387,12.0
50232.0,0.014162133102499,11.0
32282.0,0.0304393414384296,9.0
20252.0,0.0383511112265606,12.0
30232.0,0.0352077489127403,13.0
42302.0,0.0194327544713715,12.0
55482.0,0.0304014614145811,14.0
52713.0,0.0229003079948654,11.0
48827.0,0.0203858278101356,14.0
37662.0,0.0338817613528639,10.0
20840.0,0.0385351543818361,8.0
7148.0,0.012368293512944,6.0
5807.0,0.0475913467150265,6.0
25307.0,0.0292933170714553,9.0
26670.0,0.000860637417664,11.0
9400.0,0.0252587743692364,9.0
14046.0,0.0133103091181843,5.0
6797.0,0.0127397465459355,7.0
7626.0,0.0325065923592111,9.0
5104.0,0.0360647215094355,3.0
10945.0,0.017250718723261,6.0
15307.0,0.0325851188486197,7.0
20256.0,0.0315874634915252,10.0
13043.0,0.0089337833509046,2.0
15162.0,0.0275874510171003,6.0
12183.0,0.04501365997355,9.0
17666.0,0.0160879278065077,11.0
20015.0,0.0222046487664909,10.0
9085.0,0.027903612851913,6.0
10515.0,0.0265184249260395,4.0
767.0,0.0422950339492228,7.0
21749.0,0.0099546056671365,4.0
12499.0,0.0154492262859455,10.0
24303.0,0.0376447507810002,6.0
7699.0,0.0275935906565471,8.0
13809.0,0.0159201470961999,9.0
1471.0,0.0208259366104459,12.0
17918.0,0.0156385936448753,6.0
14302.0,0.0344206124835321,9.0
9339.0,0.0295005486801975,12.0
8013.0,0.0301042799035511,8.0
28215.0,0.0186652502003451,7.0
25261.0,0.0214967212282291,11.0
28531.0,0.0348940470884623,5.0
25529.0,0.0090551685221124,6.0
12049.0,0.0329380137911264,10.0
14605.0,0.0320968805067157,10.0
21262.0,0.0222553565674006,9.0
13253.0,0.0143555147147134,6.0
24893.0,0.0258379060876913,5.0
14861.0,0.0283265478487643,7.0
13007.0,0.0201281326479865,7.0
0.0,0.0409040590151732,7.0
1500.0,0.0467826086974011,12.0
0.0,0.0194046652415781,6.0
0.0,0.0259919881676548,7.0
17008.0,0.0170375751409487,6.0
2404.0,0.0118628117102379,4.0
7521.0,0.0122870867621495,6.0
8007.0,0.0395085881201908,11.0
6083.0,0.0272792063624936,7.0
1870.0,0.022414826963682,8.0
3950.0,0.0287538447848734,2.0
0.0,0.0260695120177909,8.0
0.0,0.0339322055578686,5.0
0.0,0.0158624559664049,6.0
0.0,0.0244792358592439,3.0
0.0,0.0341001343470409,13.0
0.0,0.0,5.0
0.0,0.0287623772664118,10.0
0.0,0.0033464605965691,6.0
0.0,0.0,11.0
0.0,0.0,7.0
0.0,0.0,7.0
0.0,0.0,10.0
0.0,0.0,11.0
0.0,0.0,7.0
0.0,0.0,4.0
0.0,0.0,10.0
0.0,0.0,9.0
0.0,0.0,14.0
0.0,0.0,7.0
0.0,0.0,8.0
0.0,0.0,7.0
0.0,0.0,9.0
0.0,0.0,7.0
0.0,0.0,5.0
0.0,0.0,2.0
0.0,0.0,6.0
0.0,0.0,2.0
0.0,0.0,4.0
0.0,0.0,5.0
0.0,0.0,6.0
0.0,0.0,12.0
0.0,0.0,6.0
0.0,0.0,11.0
0.0,0.0,14.0
0.0,0.03098154839739,11.0
0.0,0.0359276312533265,6.0
0.0,0.0026376834804301,6.0
0.0,0.0277657037330983,10.0
0.0,0.03794112239159,9.0
0.0,0.0183496579532225,6.0
0.0,0.0025771831616787,3.0
0.0,0.0332423979701016,8.0
0.0,0.0235287805897526,15.0
0.0,0.0280931081390983,12.0
0.0,0.0239987511116266,15.0
0.0,0.0210203285930553,13.0
0.0,0.0130981168680713,13.0
0.0,0.0109624593743753,11.0
0.0,0.0204395810592137,15.0
0.0,0.0060789937622038,11.0
0.0,0.0311245396282888,14.0
0.0,0.0179031237502249,13.0
0.0,0.0050341697634363,13.0
0.0,0.000418309014719,14.0
0.0,0.0073295956908142,15.0
0.0,0.0,9.0
0.0,0.0362124493557318,11.0
0.0,0.0275831030424863,14.0
0.0,0.0244510691923495,14.0
0.0,0.0,14.0
0.0,0.0,12.0
0.0,0.0,13.0
0.0,0.0,10.0
0.0,0.0,15.0
0.0,0.0,13.0
0.0,0.0,11.0
0.0,0.0,12.0
0.0,0.0,15.0
0.0,0.0,12.0
0.0,0.0,15.0
0.0,0.0,15.0
0.0,0.0,14.0
0.0,0.0,14.0
0.0,0.0,15.0
6498.0,0.0178502816971331,12.0
5196.0,0.0133199854483132,13.0
16577.0,0.0198305715573266,14.0
33435.0,0.0314656385580892,12.0
49120.0,0.0128562260696253,15.0
26379.0,0.0061042507023558,14.0
23955.0,0.0192728602820234,15.0
12546.0,0.0119217663265029,12.0
10073.0,0.0138436548335503,11.0
13481.0,0.0517185289838635,15.0
14469.0,0.0623656454216359,13.0
5855.0,0.0396730930032433,15.0
1762.0,0.0334152326865227,11.0
12349.0,0.0525118460551893,6.0
12525.0,0.0352709559731555,10.0
28392.0,0.0203607204486554,9.0
20812.0,0.0296845684865533,12.0
4020.0,0.016477178070936,12.0
26064.0,0.03722811257245,13.0
14597.0,0.0279959101089602,13.0
29612.0,0.0422020869599362,12.0
22913.0,0.025900021179923,13.0
10574.0,0.0230157988007854,11.0
24247.0,0.0287048083318155,10.0
27302.0,0.0325001341058906,12.0
29737.0,0.0,10.0
49959.0,0.0293797846994269,8.0
23118.0,0.0261221233095135,11.0
22208.0,0.0258070726715081,14.0
28923.0,0.0326755267746805,15.0
53892.0,0.0373662535530339,12.0
58729.0,0.0032872863501976,14.0
49240.0,0.0357569862522148,9.0
54106.0,0.0381434243571832,8.0
51184.0,0.0173477998692873,11.0
22052.0,0.0246045833512512,8.0
8639.0,0.0240617447974353,5.0
8630.0,0.0252542193699245,5.0
22090.0,0.0255796229938325,8.0
39337.0,0.0334864767797424,11.0
24932.0,0.0336901972085987,5.0
7530.0,0.0364612099283598,9.0
821.0,0.0172544834299679,13.0
2198.0,0.0354889688661737,13.0
13017.0,0.0172029609191135,4.0
17276.0,0.0231679923064611,9.0
13530.0,0.0306327506284963,6.0
11167.0,0.0222631067102552,6.0
12659.0,0.0060068228986408,3.0
15258.0,0.0205558955506025,6.0
29526.0,0.0294285548898243,6.0
14385.0,0.0257915477732487,9.0
26983.0,0.0533651489308582,6.0
19572.0,0.0416363744763543,3.0
12286.0,0.0174726022418758,4.0
0.0,0.0456370572748761,5.0
17769.0,0.0055660786999534,7.0
2212.0,0.0389503681111917,8.0
15332.0,0.0123700808374266,7.0
15901.0,0.0413867866914094,10.0
15326.0,0.0360498028783612,12.0
16228.0,0.0148665737358861,10.0
12034.0,0.0466999922316301,13.0
13162.0,0.0282160280134488,9.0
10555.0,0.0348343307421435,9.0
10614.0,0.0199367669067347,8.0
21599.0,0.0211511659232966,6.0
21804.0,0.0197685644881774,9.0
32888.0,0.0250620483160303,11.0
19319.0,0.0203803118585517,10.0
15461.0,0.0206985870797672,6.0
12175.0,0.0134906159274663,11.0
18798.0,0.0487157173223496,6.0
24425.0,0.0311142456078696,6.0
14316.0,0.0379317977646613,7.0
19387.0,0.0172016998235678,10.0
15635.0,0.0211784912880023,6.0
22453.0,0.0239200715844723,9.0
1038.0,0.0195747772333058,11.0
3619.0,0.0168593247070004,10.0
2399.0,0.0172471447102874,8.0
0.0,0.0107626722799937,10.0
7407.0,0.0341361296476208,2.0
0.0,0.0162424670826592,9.0
485.0,0.0288485927576811,9.0
0.0,0.0050338032007095,8.0
7516.0,0.0,6.0
0.0,0.0372531308330104,6.0
390.0,0.0013751679804242,7.0
0.0,0.0378818718901781,8.0
0.0,0.0222994654087589,5.0
0.0,0.0027358625170343,7.0
0.0,0.0159887086494414,8.0
0.0,0.0287708809905133,7.0
0.0,0.0212507262031046,9.0
0.0,0.0251159005620245,7.0
0.0,0.0,7.0
0.0,0.0,10.0
0.0,0.0,9.0
0.0,0.0,7.0
0.0,0.0,8.0
0.0,0.0,9.0
0.0,0.0,8.0
0.0,0.0,9.0
0.0,0.0,10.0
0.0,0.0,14.0
0.0,0.0,3.0
0.0,0.0,5.0
0.0,0.0,12.0
0.0,0.0,10.0
0.0,0.0,5.0
0.0,0.0,8.0
0.0,0.0,2.0
0.0,0.0,6.0
0.0,0.0,6.0
0.0,0.0,6.0
0.0,0.0,2.0
0.0,0.0,8.0
0.0,0.0,11.0
0.0,0.0,11.0
0.0,0.0,14.0
0.0,0.0,12.0
0.0,0.0233434507486111,11.0
0.0,0.0221102815096161,8.0
0.0,0.0066336808795208,4.0
0.0,0.0248319801111495,11.0
0.0,0.0034893301825371,5.0
0.0,0.0,4.0
0.0,0.0320808307471121,7.0
0.0,0.0224258186952646,6.0
0.0,0.034695639635394,14.0
0.0,0.0144213025923553,12.0
0.0,0.0391071522611684,11.0
0.0,0.0220794053642969,12.0
0.0,0.020415393969691,14.0
0.0,0.0138860150809019,13.0
0.0,0.0107854170640629,10.0
0.0,0.0184858573565685,12.0
0.0,0.0,13.0
0.0,0.0217693061108992,15.0
0.0,0.0100654649786277,10.0
0.0,0.0045240523148273,15.0
0.0,0.0312693592541503,13.0
0.0,0.0255254268597701,14.0
0.0,0.0439143118886331,14.0
0.0,0.0032312908242064,13.0
0.0,0.0177057661734676,13.0
0.0,0.0,14.0
0.0,0.0,15.0
0.0,0.0,14.0
0.0,0.0,10.0
0.0,0.0,11.0
0.0,0.0,10.0
0.0,0.0,13.0
0.0,0.0,14.0
0.0,0.0,14.0
0.0,0.0,13.0
0.0,0.0,13.0
0.0,0.0,12.0
0.0,0.0,12.0
0.0,0.0,15.0
0.0,0.0,12.0
9129.0,0.018702770279855,10.0
13941.0,0.0133507139846695,11.0
31178.0,0.0043200886547497,13.0
49021.0,0.0219392814486535,15.0
48931.0,0.0240793999936483,11.0
19279.0,0.0070083296521009,12.0
7507.0,0.0292406024157559,13.0
4718.0,0.0260617015631304,14.0
5292.0,0.0114892519384833,13.0
531.0,0.0148602301036509,11.0
9163.0,0.0158530802140621,15.0
5081.0,0.0309454219815673,15.0
4791.0,0.003180571405024,12.0
17240.0,0.0346133653880254,5.0
17773.0,0.0394667346751248,9.0
26026.0,0.0390851941998186,10.0
25833.0,0.0370618039088611,10.0
7563.0,0.0263772609431995,12.0
29727.0,0.0343605559754764,13.0
18990.0,0.0471047969368139,15.0
27677.0,0.0220487576217639,12.0
29538.0,0.0356365090868119,15.0
10149.0,0.0322264808716474,14.0
18357.0,0.0454175088251052,7.0
22274.0,0.0345806077668242,10.0
28665.0,0.0279788487706609,10.0
52112.0,0.0330563900905838,12.0
33402.0,0.0370600117550898,11.0
26384.0,0.0281831944056283,13.0
27104.0,0.0227107594105322,13.0
55462.0,0.025837169388124,14.0
48802.0,0.0418916490356329,8.0
45125.0,0.0353995631188187,12.0
38394.0,0.0144359707384139,11.0
51275.0,0.0284088170410286,10.0
9866.0,0.0253847729347529,9.0
3318.0,0.0281128980912769,11.0
9999.0,0.0236217079748482,7.0
21733.0,0.0312332643946705,11.0
27078.0,0.036077009622329,11.0
17476.0,0.0165139185016137,8.0
6936.0,0.0331455194633947,9.0
16301.0,0.0160206641594427,9.0
9851.0,0.0302287789561188,7.0
0.0,0.0176862972833909,6.0
12434.0,0.0144590810252385,2.0
15858.0,0.0123339416204811,6.0
9919.0,0.0281176593677882,11.0
12204.0,0.0366488475006832,3.0
16974.0,0.0468273523156216,1.0
23076.0,0.0342763324503681,11.0
13476.0,0.0198087382890033,9.0
13252.0,0.0263054119086615,6.0
11099.0,0.0299786955648667,4.0
1498.0,0.0568691056208039,6.0
2627.0,0.0308566824168416,7.0
27501.0,0.0320087196434311,9.0
21016.0,0.032370618586919,8.0
6763.0,0.0359727923934652,10.0
8847.0,0.0227402310162964,7.0
16977.0,0.0321781320379627,11.0
13810.0,0.0169200566295386,11.0
22109.0,0.0242051125034972,10.0
20915.0,0.0175407232104343,8.0
7077.0,0.0288862950605316,12.0
4870.0,0.0311308235410859,13.0
17757.0,0.0166409942400553,7.0
28893.0,0.0258911697249782,12.0
31840.0,0.0299529527908911,5.0
35846.0,0.0132123509307337,8.0
19936.0,0.0404511719583262,7.0
13451.0,0.0365980102068138,11.0
10904.0,0.0229294051345421,5.0
10138.0,0.032444300903267,10.0
21781.0,0.0277383554038521,9.0
16717.0,0.0330743678433505,10.0
11941.0,0.0152034084407343,7.0
3750.0,0.0184940835575225,9.0
1548.0,0.0101293063502562,8.0
3451.0,0.0188014171888276,7.0
0.0,0.0,11.0
0.0,0.0327986980947418,5.0
0.0,0.0401544207569493,7.0
16101.0,0.0375156140922295,5.0
0.0,0.0262376864296945,7.0
12800.0,0.0401347344286824,9.0
5985.0,0.0220349360937497,9.0
0.0,0.0186927850845627,8.0
4666.0,0.0199306873977135,9.0
0.0,0.0250574601881877,7.0
0.0,0.0297964125420773,6.0
0.0,0.0317535455485124,4.0
0.0,0.0126261593368398,7.0
0.0,0.0043922899666736,5.0
0.0,0.012957349127646,11.0
0.0,0.0120293037809502,8.0
0.0,0.0,7.0
0.0,0.0,9.0
0.0,0.0,8.0
0.0,0.0,8.0
0.0,0.0,9.0
0.0,0.0,6.0
0.0,0.0,6.0
0.0,0.0,9.0
0.0,0.0,0.0
0.0,0.0,12.0
0.0,0.0,7.0
0.0,0.0,6.0
0.0,0.0,8.0
0.0,0.0,8.0
0.0,0.0,9.0
0.0,0.0,6.0
0.0,0.0,6.0
0.0,0.0,5.0
0.0,0.0,3.0
0.0,0.0,7.0
0.0,0.0,4.0
0.0,0.0,11.0
0.0,0.0,10.0
0.0,0.0,9.0
0.0,0.0,12.0
0.0,0.0,13.0
0.0,0.0211090815725559,10.0
0.0,0.0286155128256073,2.0
0.0,0.0036739747684289,6.0
0.0,0.0441330077098603,8.0
0.0,0.0282853404317587,10.0
0.0,0.0112850577185378,11.0
0.0,0.0,5.0
0.0,0.023477241915365,5.0
0.0,0.0317058960873486,12.0
0.0,0.0137599423375399,14.0
0.0,0.0,9.0
0.0,0.0216097528192342,14.0
0.0,0.0012000330017185,12.0
0.0,0.0145253475780212,13.0
0.0,0.0178485001816171,11.0
0.0,0.0252821988490718,14.0
0.0,0.0204888858624085,14.0
0.0,0.0077430183044687,15.0
0.0,0.0100708906814093,10.0
0.0,0.0142254693072586,14.0
0.0,0.0297978741862867,14.0
0.0,0.0049445637038169,10.0
0.0,0.008673648400199,10.0
0.0,0.0224724534249324,13.0
0.0,0.0200970532709956,14.0
0.0,0.0,12.0
0.0,0.0,12.0
0.0,0.0,14.0
0.0,0.0,12.0
0.0,0.0,14.0
0.0,0.0,13.0
0.0,0.0,13.0
0.0,0.0,15.0
0.0,0.0,11.0
0.0,0.0,13.0
0.0,0.0,12.0
0.0,0.0,14.0
0.0,0.0,13.0
0.0,0.0,12.0
0.0,0.0,10.0
24063.0,0.0312888971958991,11.0
12092.0,0.017235323027422,13.0
32488.0,0.0254029427355628,15.0
34715.0,0.023022864174679,12.0
59437.0,0.0220396132884154,15.0
33266.0,0.025217899474356,15.0
3171.0,0.0169828869978599,13.0
1574.0,0.0339538827900153,8.0
14003.0,0.036308167223719,15.0
6908.0,0.0293989555445145,14.0
9353.0,0.0337371616841029,13.0
0.0,0.0377656978242876,13.0
9699.0,0.0226241798439183,13.0
13740.0,0.0361200370254077,10.0
20291.0,0.0353359181361953,9.0
17335.0,0.0240043986089038,10.0
23492.0,0.0423133399577355,10.0
13330.0,0.0216208250193926,9.0
38356.0,0.0377909709512477,15.0
25704.0,0.0435034881439472,12.0
27792.0,0.0455933579537098,11.0
21628.0,0.0250665229290412,15.0
28789.0,0.0452276422506276,11.0
17997.0,0.0205380743031788,13.0
25193.0,0.011062252225381,13.0
28887.0,0.033575208148279,12.0
48749.0,0.0432245622513731,9.0
25951.0,0.0269671415619285,15.0
27729.0,0.0240282702222534,13.0
34232.0,0.0268629578053005,9.0
45254.0,0.0417879986809917,12.0
57183.0,0.010550879661894,10.0
33794.0,0.0263413872018889,13.0
53631.0,0.0313236270163675,10.0
42803.0,0.0181047858814184,6.0
21502.0,0.0270849257695716,8.0
5411.0,0.0279407689638503,5.0
3594.0,0.0233941124271104,6.0
31531.0,0.0209538553051776,9.0
32232.0,0.0326966317030035,12.0
20815.0,0.0252603032758607,7.0
10006.0,0.0222139156198901,7.0
0.0,0.0255340965407417,7.0
15048.0,0.0390447126551557,7.0
15633.0,0.0050662445897496,3.0
28933.0,0.0438992706407707,8.0
24413.0,0.0187113675471423,9.0
1357.0,0.0292666098240046,11.0
9790.0,0.0205670094081849,1.0
29371.0,0.0283843932449675,3.0
13177.0,0.0161759060931621,7.0
21241.0,0.0239006897266912,10.0
23688.0,0.0512353451139697,5.0
20358.0,0.0282803149910631,8.0
18931.0,0.0210619570650509,4.0
15996.0,0.01802094322566,3.0
24649.0,0.0259783204513243,4.0
21700.0,0.0372578413301593,8.0
14997.0,0.017603215065361,6.0
13591.0,0.0430587576011085,6.0
17064.0,0.0186800884045253,5.0
8752.0,0.0162407971933883,10.0
22651.0,0.0128940984059182,11.0
5020.0,0.0265626330907221,13.0
5290.0,0.0219715080656322,12.0
15366.0,0.0334957553486538,10.0
15956.0,0.047936540933546,3.0
23761.0,0.0137010404775087,15.0
19717.0,0.0296791854619766,12.0
32071.0,0.0262063001858258,11.0
9327.0,0.02163422027977,7.0
7132.0,0.0400471248848788,7.0
13862.0,0.0258141435365316,7.0
11805.0,0.0364046791241631,4.0
31186.0,0.0285569352039867,7.0
14517.0,0.0122396891065819,13.0
22271.0,0.0219135970366939,6.0
946.0,0.0408901678959075,11.0
0.0,0.0234256497966216,8.0
9687.0,0.0139475541841553,8.0
0.0,0.0205397368230618,11.0
0.0,0.0,8.0
7900.0,0.0288487868214963,7.0
9754.0,0.017685873625809,6.0
0.0,0.0161669453664885,10.0
10474.0,0.0139885287151768,6.0
3532.0,0.0312144787722861,9.0
6885.0,0.0140186039716693,5.0
0.0,0.0286731966067217,7.0
0.0,0.022247118125895,7.0
0.0,0.0108473658216835,7.0
0.0,0.0337078791778063,8.0
0.0,0.0413718599995107,8.0
0.0,0.0180669824771106,6.0
0.0,0.0257450123523777,8.0
0.0,0.0233366462355509,6.0
0.0,0.0,11.0
0.0,0.0,4.0
0.0,0.0,8.0
0.0,0.0,7.0
0.0,0.0,9.0
0.0,0.0,7.0
0.0,0.0,3.0
0.0,0.0,11.0
0.0,0.0,8.0
0.0,0.0,12.0
0.0,0.0,4.0
0.0,0.0,6.0
0.0,0.0,9.0
0.0,0.0,8.0
0.0,0.0,6.0
0.0,0.0,11.0
0.0,0.0,6.0
0.0,0.0,3.0
0.0,0.0,0.0
0.0,0.0,6.0
0.0,0.0,5.0
0.0,0.0,10.0
0.0,0.0,12.0
0.0,0.0,8.0
0.0,0.0,14.0
0.0,0.0,14.0
0.0,0.022591194973753,12.0
0.0,0.0081041045613476,4.0
0.0,0.0120864587031265,5.0
0.0,0.0116149720480851,10.0
0.0,0.010414746737889,10.0
0.0,0.0206237533534514,5.0
0.0,0.0302220429073473,7.0
0.0,0.0123601669395228,6.0
0.0,0.0257168824874409,10.0
0.0,0.016843390733188,13.0
0.0,0.0148044999814539,11.0
0.0,0.0198821371435093,14.0
0.0,0.0165497372710577,12.0
0.0,0.0111719159352183,15.0
0.0,0.0211514501836955,11.0
0.0,0.0036051921155603,13.0
0.0,0.01745570858989,14.0
0.0,0.0435044130191,15.0
0.0,0.0358644007328465,15.0
0.0,0.0116236984339247,13.0
0.0,0.0022227125046928,13.0
0.0,0.0347802319203616,11.0
0.0,0.0234072849027836,15.0
0.0,0.0173157149256038,12.0
0.0,0.0307873210610261,14.0
0.0,0.0,11.0
0.0,0.0,15.0
0.0,0.0,14.0
0.0,0.0,15.0
0.0,0.0,13.0
0.0,0.0,15.0
0.0,0.0,14.0
0.0,0.0,12.0
0.0,0.0,11.0
0.0,0.0,10.0
0.0,0.0,11.0
0.0,0.0,12.0
0.0,0.0,13.0
0.0,0.0,15.0
0.0,0.0,15.0
15958.0,0.0196041161064501,10.0
13028.0,0.0197327696933339,15.0
27933.0,0.0250287529918583,13.0
34214.0,0.0087436234679828,14.0
47691.0,0.0324986631853032,12.0
30928.0,0.0198183143198206,10.0
10499.0,0.0267837199225008,12.0
10807.0,0.0167326194239318,14.0
10908.0,0.04499189691692,10.0
15570.0,0.0021992642055816,13.0
5739.0,0.027038005398724,13.0
13675.0,0.0339348253168855,10.0
0.0,0.0373551531093143,8.0
7808.0,0.0235834887924733,8.0
14131.0,0.029488415735948,9.0
14671.0,0.0335951036278414,10.0
33266.0,0.0283667237997382,13.0
4710.0,0.025382008178047,15.0
31463.0,0.0395451606422853,15.0
11202.0,0.0421526964067534,15.0
26949.0,0.014000259873077,12.0
35745.0,0.0115214610705165,15.0
26305.0,0.0355422064436929,12.0
25995.0,0.0363542131614477,15.0
32092.0,0.0509893997996132,9.0
27396.0,0.0571674939192689,11.0
35643.0,0.0279837091284077,10.0
30512.0,0.0390183418146202,9.0
22466.0,0.0195643130332475,13.0
33263.0,0.0555713970359479,12.0
63331.0,0.0311867956194684,10.0
50279.0,0.0164736346633708,11.0
44786.0,0.0235163242693227,13.0
57065.0,0.0228163694499751,10.0
48056.0,0.0286624913253009,9.0
10273.0,0.0173722397520395,7.0
23863.0,0.0511753081152054,7.0
10493.0,0.0128092628479419,9.0
25699.0,0.0194949010009152,8.0
39022.0,0.0350382398402457,11.0
25281.0,0.021814930837737,7.0
0.0,0.0419246324040655,8.0
6215.0,0.0179476516005964,12.0
27930.0,0.0323176910989904,7.0
2225.0,0.0389891986212781,7.0
23637.0,0.0220053073012018,6.0
17793.0,0.0176338185122011,9.0
0.0,0.0260151328766136,5.0
11713.0,0.0238711671841142,4.0
17898.0,0.0456045253944465,6.0
18355.0,0.0225340508932683,9.0
11406.0,0.0299192190071097,10.0
27405.0,0.0290289744721725,8.0
14379.0,0.0343888328037261,4.0
9958.0,0.014957598028774,5.0
4321.0,0.0193688688053858,8.0
24223.0,0.0318865824161088,5.0
6748.0,0.030662902324065,6.0
7604.0,0.020868132977152,8.0
14303.0,0.0224832685386328,11.0
8361.0,0.0353653624319,10.0
8659.0,0.0177841437141962,7.0
18816.0,0.0219628358839957,9.0
16381.0,0.0185291971070733,10.0
2138.0,0.0216304657708934,9.0
3801.0,0.0289022882913212,12.0
26004.0,0.0173309694358859,8.0
19776.0,0.0430736080038046,15.0
24616.0,0.0293620307811781,7.0
26252.0,0.0211764572583115,8.0
16481.0,0.0089714894114357,11.0
12444.0,0.0341920327139869,6.0
6427.0,0.0281025905488432,2.0
10876.0,0.0300715295332921,5.0
30266.0,0.0320895673156055,3.0
19388.0,0.0182841082457558,8.0
16800.0,0.0480998753212903,5.0
0.0,0.0175575429151032,10.0
5529.0,0.0187291429773768,10.0
0.0,0.0022300645093281,7.0
8688.0,0.0271951052503044,10.0
10286.0,0.04034384409868,10.0
6604.0,0.0112100040706642,6.0
5057.0,0.0340855513106267,6.0
0.0,0.0288945885355078,8.0
5508.0,0.0210454962602787,5.0
3932.0,0.0,7.0
3069.0,0.0040626300643725,5.0
5047.0,0.0284156343371163,6.0
0.0,0.0134598100349386,10.0
0.0,0.0304820178092501,4.0
0.0,0.015140337043232,8.0
0.0,0.0223341695840242,5.0
0.0,0.0029018143070931,6.0
0.0,0.0,7.0
0.0,0.0241532694990576,5.0
0.0,0.0,7.0
0.0,0.0,9.0
0.0,0.0,8.0
0.0,0.0,5.0
0.0,0.0,8.0
0.0,0.0,11.0
0.0,0.0,6.0
0.0,0.0,9.0
0.0,0.0,8.0
0.0,0.0,13.0
0.0,0.0,7.0
0.0,0.0,4.0
0.0,0.0,11.0
0.0,0.0,10.0
0.0,0.0,8.0
0.0,0.0,5.0
0.0,0.0,5.0
0.0,0.0,3.0
0.0,0.0,6.0
0.0,0.0,7.0
0.0,0.0,3.0
0.0,0.0,9.0
0.0,0.0,10.0
0.0,0.0,10.0
0.0,0.0,9.0
0.0,0.0,14.0
0.0,0.0138225441053419,8.0
0.0,0.0220217740203035,8.0
0.0,0.0131182772439672,3.0
0.0,0.0181933264101595,9.0
0.0,0.0094787194160328,11.0
0.0,0.0229681798756958,8.0
0.0,0.0200542948193185,5.0
0.0,0.0248609339608092,6.0
0.0,0.025147105547501,15.0
0.0,0.0158533443618064,15.0
0.0,0.0128442066396776,14.0
0.0,0.0219355769593355,14.0
0.0,0.0172850245698619,15.0
0.0,0.0128248728527186,11.0
0.0,0.0170360175323597,13.0
0.0,0.0122699166013106,12.0
0.0,0.0107976152445194,12.0
0.0,0.033021653503167,15.0
0.0,0.0128236222609088,11.0
0.0,0.0263080153135579,13.0
0.0,0.0106014522977549,12.0
0.0,0.0123453777528179,13.0
0.0,0.0270958098774187,13.0
0.0,0.0,11.0
0.0,0.0142218680815106,14.0
0.0,0.0,10.0
0.0,0.0,13.0
0.0,0.0,15.0
0.0,0.0,15.0
0.0,0.0,11.0
0.0,0.0,12.0
0.0,0.0,10.0
0.0,0.0,13.0
0.0,0.0,14.0
0.0,0.0,13.0
0.0,0.0,11.0
0.0,0.0,13.0
0.0,0.0,11.0
0.0,0.0,11.0
0.0,0.0,12.0
19571.0,0.0128803038310765,11.0
5749.0,0.034101524091791,14.0
38021.0,0.0051704408571686,12.0
36957.0,0.009045179659428,12.0
56234.0,0.0162616880517055,11.0
23513.0,0.0204689388125677,11.0
4197.0,0.0251740077975494,13.0
7188.0,0.0370729755747899,15.0
4922.0,0.0128524990630514,10.0
10002.0,0.0354574776925258,10.0
6142.0,0.0416997099436633,12.0
1103.0,0.0557062604298105,13.0
0.0,0.041362956013237,12.0
15231.0,0.0217900309421831,8.0
16892.0,0.0368807476922062,8.0
17769.0,0.0418235657475659,10.0
23386.0,0.031307631260091,10.0
23342.0,0.0342502518015668,12.0
26995.0,0.0214181706308474,14.0
25286.0,0.0290551546355223,14.0
32351.0,0.0152447916658885,11.0
31428.0,0.0234341001303905,14.0
18265.0,0.0307376847900026,10.0
17658.0,0.0552244862359624,14.0
28468.0,0.0266354344936081,10.0
18936.0,0.024224578611719,10.0
54014.0,0.0313483985629853,12.0
31137.0,0.0294598691787779,10.0
30913.0,0.0286621162643629,9.0
29506.0,0.0102564307503185,13.0
54680.0,0.0076858231341292,11.0
56165.0,0.0237291603392489,12.0
53014.0,0.0200119871613131,14.0
55653.0,0.0323263924162956,10.0
47634.0,0.0442997211209632,9.0
11736.0,0.0264081800921833,1.0
16886.0,0.0226197382043269,7.0
8513.0,0.0306109676761132,9.0
15289.0,0.0227851319094714,12.0
44596.0,0.0028268078405703,12.0
20438.0,0.0479878642377605,8.0
6336.0,0.0172251689172779,5.0
12432.0,0.0,10.0
1464.0,0.0221274469377315,7.0
20833.0,0.0130398625884052,5.0
12094.0,0.0,11.0
30582.0,0.0308015061933134,10.0
7580.0,0.0445954544358499,5.0
6326.0,0.0201715322664367,3.0
17012.0,0.0358118436205555,5.0
18957.0,0.0245719782146519,8.0
13538.0,0.0313430136454252,10.0
25583.0,0.0216242385923644,11.0
10578.0,0.0119611816353298,3.0
23020.0,0.0185387167436896,6.0
9888.0,0.0392986046348625,6.0
16501.0,0.042770129878661,6.0
14851.0,0.0277990401586342,10.0
12765.0,0.0160230785460343,8.0
10764.0,0.0292381511654292,8.0
5512.0,0.0438513983620596,8.0
1183.0,0.0474236891591601,11.0
20382.0,0.0149614847007199,11.0
10964.0,0.0154852242889646,9.0
9834.0,0.0447377574853132,10.0
14560.0,0.0497774765830513,13.0
28781.0,0.022335413770323,5.0
21021.0,0.0372641139307556,9.0
22765.0,0.006682374629954,7.0
29317.0,0.0488811453530675,8.0
13372.0,0.0304860240422861,11.0
18689.0,0.033222613701724,11.0
4470.0,0.0333913450824507,12.0
12657.0,0.0265058988086237,4.0
12100.0,0.0126437525306972,6.0
14111.0,0.0086530753330751,12.0
12868.0,0.0239782911322901,6.0
16891.0,0.0361736858888288,8.0
0.0,0.0327316111949411,8.0
13888.0,0.0234536762774115,7.0
0.0,0.0241753377331227,10.0
16515.0,0.0364667767925889,8.0
0.0,0.0255899953235758,4.0
0.0,0.0143693288348202,8.0
15149.0,0.0173859267032426,4.0
13971.0,0.0227719214699764,5.0
1789.0,0.0160868108893487,8.0
4765.0,0.0066888880180177,3.0
0.0,0.0142881018696644,4.0
0.0,0.0363978070749369,7.0
0.0,0.0122973164859387,5.0
0.0,0.0250619429582835,9.0
0.0,0.0265141605328493,5.0
0.0,0.0072794381451319,7.0
0.0,0.0130893008439229,9.0
0.0,0.0009200284112642,7.0
0.0,0.0,10.0
0.0,0.0,4.0
0.0,0.0,7.0
0.0,0.0,6.0
0.0,0.0,5.0
0.0,0.0,7.0
0.0,0.0,6.0
0.0,0.0,11.0
0.0,0.0,3.0
0.0,0.0,12.0
0.0,0.0,5.0
0.0,0.0,11.0
0.0,0.0,4.0
0.0,0.0,10.0
0.0,0.0,5.0
0.0,0.0,1.0
0.0,0.0,3.0
0.0,0.0,9.0
0.0,0.0,5.0
0.0,0.0,6.0
0.0,0.0,5.0
0.0,0.0,6.0
0.0,0.0,10.0
0.0,0.0,8.0
0.0,0.0,15.0
0.0,0.0,10.0
0.0,0.0443559202623688,11.0
0.0,0.0334224906106546,4.0
0.0,0.0203674346896885,7.0
0.0,0.0188132503701516,10.0
0.0,0.0129161409814705,8.0
0.0,0.0127286476839295,8.0
0.0,0.0155298354236605,10.0
0.0,0.0109948579005787,4.0
0.0,0.0312196776189377,13.0
0.0,0.0186006068280016,12.0
0.0,0.0119224426181254,8.0
0.0,0.0177566735224419,13.0
0.0,0.0178220936947882,14.0
0.0,0.0,11.0
0.0,0.0288683153519338,15.0
0.0,0.0119540410320851,15.0
0.0,0.0,10.0
0.0,0.0267892572987107,15.0
0.0,0.0187320953504802,13.0
0.0,0.0053235915314488,11.0
0.0,0.0150300587935448,15.0
0.0,0.0007556931363264,12.0
0.0,0.0162843572354477,11.0
0.0,0.0219221684295928,12.0
0.0,0.020985657191281,13.0
0.0,0.0,12.0
0.0,0.0,14.0
0.0,0.0,14.0
0.0,0.0,13.0
0.0,0.0,8.0
0.0,0.0,10.0
0.0,0.0,15.0
0.0,0.0,15.0
0.0,0.0,14.0
0.0,0.0,11.0
0.0,0.0,13.0
0.0,0.0,15.0
0.0,0.0,12.0
0.0,0.0,12.0
0.0,0.0,15.0
14688.0,0.0069692387081808,15.0
6692.0,0.0285373239620732,13.0
31733.0,0.0234741957345831,14.0
44551.0,0.0114673261676921,13.0
41743.0,0.0137414640936168,12.0
27946.0,0.0270805204271365,13.0
12325.0,0.0176083574200172,13.0
9711.0,0.019487096101871,14.0
12279.0,0.0084727234398531,14.0
6735.0,0.0220557482040442,13.0
10148.0,0.0215122385940067,13.0
7018.0,0.0342697032601455,11.0
0.0,0.0209707140293303,12.0
14476.0,0.0217481236891528,8.0
25300.0,0.0408321195646201,11.0
17838.0,0.047683600051562,9.0
19156.0,0.0216497075515121,12.0
5757.0,0.0468028927094853,13.0
33156.0,0.0182827980086103,14.0
17961.0,0.02523867825731,14.0
34005.0,0.0448538879310694,10.0
24968.0,0.0301077844187033,15.0
20444.0,0.0160860260299812,11.0
24320.0,0.0282411057678238,14.0
28204.0,0.015449995701973,8.0
30198.0,0.0099232702773851,10.0
32452.0,0.0211519438493843,10.0
39910.0,0.0354981389413617,8.0
38363.0,0.0333260081580919,15.0
29408.0,0.0236464847238725,15.0
57123.0,0.0107124372378951,11.0
61129.0,0.0221963175203323,10.0
48180.0,0.0221175462873515,11.0
43934.0,0.0320462514294961,12.0
54479.0,0.024406171145716,8.0
23899.0,0.024851971168315,5.0
14345.0,0.0243460654823927,8.0
15320.0,0.024255858450415,8.0
19979.0,0.0486159408353271,10.0
26806.0,0.0168402688578055,10.0
25580.0,0.0306686755737314,12.0
4795.0,0.0159727309185163,8.0
19952.0,0.0250105962465999,9.0
5705.0,0.0306916516865546,9.0
4815.0,0.0458670115458667,7.0
19132.0,0.0330960518474895,6.0
16273.0,0.048733084965306,5.0
10774.0,0.0,8.0
13727.0,0.0262085803821013,3.0
24451.0,0.0194121814448125,6.0
14466.0,0.0207368362871486,4.0
3922.0,0.0108979355731118,10.0
15684.0,0.0322761845691631,10.0
16905.0,0.0200464741196678,8.0
15508.0,0.0239429799676624,5.0
9317.0,0.0269449458271802,6.0
21006.0,0.0426069007959483,5.0
15143.0,0.0239202010408282,10.0
7897.0,0.0313510049840242,8.0
12861.0,0.0389524438220296,7.0
8173.0,0.0378435979651885,10.0
11.0,0.0133509360447353,13.0
15552.0,0.0276836693475854,8.0
12366.0,0.0164272341016453,10.0
15274.0,0.0339547182600141,13.0
0.0,0.0219070139839746,11.0
20592.0,0.0216873515168638,7.0
20816.0,0.0331123219813879,13.0
25487.0,0.0480348401706765,7.0
24721.0,0.0444243482027748,6.0
15345.0,0.0430420975526356,8.0
7468.0,0.0272256341778967,10.0
17515.0,0.0301192738185904,11.0
10445.0,0.0222694178062801,6.0
13438.0,0.0249945645213559,5.0
12158.0,0.0293561976480825,13.0
7883.0,0.0312533751504235,3.0
6938.0,0.0347279333306067,11.0
14151.0,0.0245394259904908,12.0
0.0,0.0184232522239521,8.0
0.0,0.0289677726816854,8.0
8111.0,0.0085117716179805,8.0
9260.0,0.0179463919457063,3.0
5167.0,0.0323838378130589,5.0
13419.0,0.0310605964368379,7.0
0.0,0.0,6.0
11531.0,0.0297444698581108,6.0
0.0,0.0218712303570442,4.0
1471.0,0.0095319111665943,2.0
0.0,0.0258188434169443,5.0
0.0,0.0289794131435661,8.0
0.0,0.0007075898156704,6.0
0.0,0.0312060223180421,8.0
0.0,0.020502962962504,4.0
0.0,0.0116322014732796,8.0
0.0,0.0217250946017973,8.0
0.0,0.0,8.0
0.0,0.0,5.0
0.0,0.0,8.0
0.0,0.0,6.0
0.0,0.0,9.0
0.0,0.0,6.0
0.0,0.0,4.0
0.0,0.0,7.0
0.0,0.0,6.0
0.0,0.0,12.0
0.0,0.0,8.0
0.0,0.0,7.0
0.0,0.0,8.0
0.0,0.0,10.0
0.0,0.0,7.0
0.0,0.0,7.0
0.0,0.0,7.0
0.0,0.0,3.0
0.0,0.0,7.0
0.0,0.0,5.0
0.0,0.0,5.0
0.0,0.0,11.0
0.0,0.0,12.0
0.0,0.0,10.0
0.0,0.0,9.0
0.0,0.0,12.0
0.0,0.0274332219220048,11.0
0.0,0.0,6.0
0.0,0.0008423645902131,2.0
0.0,0.0086401469204633,11.0
0.0,0.0195388686777344,8.0
0.0,0.0160677879368884,5.0
0.0,0.0285195330295886,7.0
0.0,0.0107106511444878,9.0
0.0,0.0246682414018059,11.0
0.0,0.0156977866269072,14.0
0.0,0.0373983078201979,12.0
0.0,0.0461986919654465,15.0
0.0,0.0069346701113112,15.0
0.0,0.0361329101841736,15.0
0.0,0.0286303894644254,11.0
0.0,0.0105713489173288,8.0
0.0,0.0043973617802078,11.0
0.0,0.0185195076845408,13.0
0.0,0.0107425795360969,13.0
0.0,0.0179101028692461,13.0
0.0,0.0209423100512276,13.0
0.0,0.0173737658778045,13.0
0.0,0.035481015290977,15.0
0.0,0.0205075806047099,15.0
0.0,0.0081583795607122,13.0
0.0,0.0,15.0
0.0,0.0,15.0
0.0,0.0,13.0
0.0,0.0,13.0
0.0,0.0,15.0
0.0,0.0,13.0
0.0,0.0,13.0
0.0,0.0,15.0
0.0,0.0,13.0
0.0,0.0,12.0
0.0,0.0,10.0
0.0,0.0,11.0
0.0,0.0,13.0
0.0,0.0,13.0
0.0,0.0,14.0
18030.0,0.0,14.0
14877.0,0.0328374089963482,7.0
20381.0,0.0104504570441506,12.0
40554.0,0.0086205449401094,15.0
53180.0,0.027408670505426,13.0
31878.0,0.0223551975823414,9.0
8174.0,0.0459214545011308,15.0
6039.0,0.0327595605332161,14.0
2356.0,0.0213096739210422,10.0
18513.0,0.0327552238492695,13.0
14937.0,0.0282870180331533,10.0
11052.0,0.0322030127942346,14.0
7850.0,0.0387011661908081,12.0
15494.0,0.0441948057081054,5.0
18785.0,0.0366113960288357,9.0
17589.0,0.0410272368205742,11.0
35140.0,0.0227832719978795,13.0
1279.0,0.04693316283369,14.0
30356.0,0.0340676015181017,13.0
22077.0,0.0216060869901354,10.0
39860.0,0.0348704219729128,12.0
36270.0,0.0274027517973799,13.0
5047.0,0.0253635183397449,9.0
28039.0,0.0345445937269281,12.0
32559.0,0.0281282226405678,13.0
30781.0,0.0194190373490669,10.0
32447.0,0.0086805042953087,12.0
35065.0,0.0218351864254446,13.0
25674.0,0.0296010535983574,15.0
25325.0,0.0185499211509913,12.0
56434.0,0.0403223635046845,8.0
53809.0,0.0142067576629011,13.0
44337.0,0.0283105029239159,14.0
50151.0,0.0350961820672542,8.0
43715.0,0.0298562247503493,6.0
17002.0,0.0144728270039334,10.0
18932.0,0.0173524019979145,8.0
12099.0,0.0195778022483506,5.0
30146.0,0.0207546581523867,10.0
29084.0,0.0163674903880291,10.0
18866.0,0.0262644806151941,7.0
1731.0,0.0398681978423935,9.0
13178.0,0.0153108326994819,5.0
9886.0,0.0271918053647432,8.0
10085.0,0.02874197754462,7.0
12134.0,0.0176778517799672,9.0
25365.0,0.0254185616704373,10.0
6496.0,0.0291951592433092,7.0
16616.0,0.0219941446945275,3.0
17011.0,0.0128293115091419,2.0
10688.0,0.026494682850131,7.0
15087.0,0.0315880608494453,11.0
34818.0,0.0222321418425014,9.0
6554.0,0.0256865168655783,5.0
10734.0,0.0165649870963019,7.0
9356.0,0.0249960653740661,9.0
22967.0,0.0291449436414193,4.0
15641.0,0.0266469738400369,8.0
17582.0,0.029032076863013,7.0
10464.0,0.0186042356502376,10.0
22200.0,0.0319689759469123,6.0
5615.0,0.0517959620592985,9.0
26496.0,0.0183273758492563,11.0
6578.0,0.0329747032447587,10.0
12438.0,0.0241010538513389,12.0
9567.0,0.0238139430461052,12.0
23487.0,0.0209465932835815,5.0
29241.0,0.0126050535341977,6.0
21537.0,0.0513602759597557,11.0
23885.0,0.0084592172766507,8.0
15283.0,0.0181642319654124,8.0
11513.0,0.0211257993839676,6.0
19336.0,0.0395255695238945,7.0
17598.0,0.0303670639423114,4.0
14428.0,0.0,4.0
7129.0,0.0163728481452477,7.0
14357.0,0.0313775943865625,3.0
8117.0,0.0147478130460059,10.0
8866.0,0.0105554045941637,12.0
526.0,0.0337694690626558,7.0
298.0,0.0385739998004514,9.0
8571.0,0.0197614132125478,5.0
0.0,0.0164124631434713,3.0
0.0,0.0202823683614617,8.0
4092.0,0.015742294075489,5.0
0.0,0.0055243044217242,10.0
0.0,0.0139332219397232,9.0
10552.0,0.008559432703804,6.0
0.0,0.0006223860636956,5.0
0.0,0.0298923493903903,6.0
0.0,0.0090066967685892,5.0
0.0,0.0368631114686693,2.0
0.0,0.0268521205610485,10.0
0.0,0.0191144685071264,5.0
0.0,0.0328357179449473,6.0
0.0,0.0030011920820754,8.0
0.0,0.0,6.0
0.0,0.0,7.0
0.0,0.0,5.0
0.0,0.0,11.0
0.0,0.0,8.0
0.0,0.0,9.0
0.0,0.0,5.0
0.0,0.0,9.0
0.0,0.0,6.0
0.0,0.0,15.0
0.0,0.0,8.0
0.0,0.0,3.0
0.0,0.0,11.0
0.0,0.0,12.0
0.0,0.0,2.0
0.0,0.0,5.0
0.0,0.0,5.0
0.0,0.0,6.0
0.0,0.0,4.0
0.0,0.0,6.0
0.0,0.0,7.0
0.0,0.0,11.0
0.0,0.0,13.0
0.0,0.0,7.0
0.0,0.0,14.0
0.0,0.0,12.0
0.0,0.0294905336739338,11.0
0.0,0.0277251541868602,7.0
0.0,0.0100803029182104,3.0
0.0,0.0258511381603024,11.0
0.0,0.0,8.0
0.0,0.0135024425984298,7.0
0.0,0.0,7.0
0.0,0.0223186598973634,6.0
0.0,0.0371473083444405,12.0
0.0,0.0195379570463911,11.0
0.0,0.0107247321514072,15.0
0.0,0.0237032025455673,9.0
0.0,0.014005765121662,15.0
0.0,0.0040640599499614,10.0
0.0,0.0197001319797157,15.0
0.0,0.0197084142065385,13.0
0.0,0.0311589942491704,15.0
0.0,0.0038959275167253,11.0
0.0,0.0154217584163307,11.0
0.0,0.0189068776498849,13.0
0.0,0.0133959352119536,11.0
0.0,0.0097141506683714,10.0
0.0,0.0057780918987437,12.0
0.0,0.0057025346368072,8.0
0.0,0.0287371635053396,14.0
0.0,0.0,10.0
0.0,0.0,15.0
0.0,0.0,9.0
0.0,0.0,10.0
0.0,0.0,15.0
0.0,0.0,11.0
0.0,0.0,11.0
0.0,0.0,12.0
0.0,0.0,13.0
0.0,0.0,13.0
0.0,0.0,12.0
0.0,0.0,12.0
0.0,0.0,12.0
0.0,0.0,13.0
0.0,0.0,14.0
16410.0,0.009186253603854,14.0
19436.0,0.015095844465872,14.0
27176.0,0.0241320235736293,15.0
35600.0,0.004332646936903,11.0
50806.0,0.0262777322273345,12.0
33486.0,0.0198294190044902,13.0
3647.0,0.0396009316424185,12.0
14089.0,0.032198128207255,12.0
0.0,0.0322394605032713,14.0
16297.0,0.0331200366784703,12.0
14649.0,0.0216739495575104,14.0
9613.0,0.033097652543408,12.0
13477.0,0.0436852410680586,11.0
6904.0,0.0401826079478511,6.0
21579.0,0.0150425709133202,11.0
20696.0,0.0428615160340459,11.0
21249.0,0.0361766418322861,10.0
12292.0,0.0192949110808754,12.0
33930.0,0.0330355611578296,12.0
24660.0,0.0254416146036923,11.0
23831.0,0.0349815276939005,11.0
41573.0,0.0259360289707601,15.0
10529.0,0.0138828289174415,11.0
16898.0,0.0428838709582009,12.0
29225.0,0.0237153556289502,10.0
26718.0,0.0468076375519039,11.0
43391.0,0.0342273619872999,15.0
24109.0,0.0092892088765618,10.0
19386.0,0.030825349365479,10.0
32706.0,0.024462574557252,12.0
60458.0,0.0289619438092352,13.0
48093.0,0.0311475012961309,11.0
41523.0,0.0164234386584344,14.0
52536.0,0.0332552171674994,8.0
44598.0,0.0305814674228325,10.0
9287.0,0.0312372886808385,8.0
9438.0,0.0362007672167562,4.0
17697.0,0.0323639870849305,4.0
30858.0,0.0167107221798378,8.0
25868.0,0.0228157629406087,12.0
36396.0,0.0223361621454949,10.0
12374.0,0.0242761967280058,9.0
9221.0,0.0189165888294484,8.0
21440.0,0.0239621168297547,8.0
60.0,0.0250557646226713,6.0
24080.0,0.0521911227967948,9.0
16821.0,0.0194705835638252,9.0
0.0,0.0364834068793874,12.0
17322.0,0.0275744507264866,4.0
27628.0,0.0422994098831764,2.0
26613.0,0.0344708142594374,7.0
9069.0,0.0189559402497851,10.0
15408.0,0.0253140423725331,11.0
18646.0,0.0222606227329924,8.0
14965.0,0.0206174829807784,8.0
5806.0,0.0351116969280525,9.0
28731.0,0.026985737212512,7.0
16264.0,0.0222197467814391,10.0
12578.0,0.0310520815859743,6.0
19380.0,0.0071855027867151,8.0
10411.0,0.0309946702433846,7.0
6601.0,0.0105883971479832,11.0
22552.0,0.0194445665442133,11.0
16588.0,0.033619492070191,9.0
19800.0,0.0207882611326755,12.0
11269.0,0.0222440972406279,15.0
30679.0,0.0284486740245886,8.0
14458.0,0.0348276428604979,12.0
33101.0,0.0117931362170948,8.0
16777.0,0.0219691305685783,4.0
16250.0,0.0375023575884344,8.0
13375.0,0.0243083415284547,4.0
10750.0,0.0107559854498947,8.0
1994.0,0.0347266522264388,7.0
32989.0,0.0352304993423692,1.0
5158.0,0.0203004542573164,9.0
8894.0,0.030977860323434,6.0
5774.0,0.0410039082930576,12.0
0.0,0.0294272402951747,6.0
9037.0,0.0099442501435709,12.0
8050.0,0.0370085808194668,9.0
0.0,0.012856698267748,11.0
7958.0,0.0233311135998564,6.0
5060.0,0.0035651270577623,5.0
2486.0,0.0179577580196888,9.0
1014.0,0.02780774798951,7.0
5502.0,0.0337030746898775,10.0
761.0,0.026180412863348,5.0
2848.0,0.0271858965061056,6.0
0.0,0.024987048178605,6.0
0.0,0.0331021935113704,7.0
0.0,0.0066062403958066,8.0
0.0,0.0212415541542647,7.0
0.0,0.0134273180854317,4.0
0.0,0.0,6.0
0.0,0.0197430604995482,8.0
0.0,0.0,9.0
0.0,0.0,7.0
0.0,0.0,6.0
0.0,0.0,8.0
0.0,0.0,9.0
0.0,0.0,7.0
0.0,0.0,5.0
0.0,0.0,11.0
0.0,0.0,4.0
0.0,0.0,15.0
0.0,0.0,10.0
0.0,0.0,8.0
0.0,0.0,9.0
0.0,0.0,10.0
0.0,0.0,4.0
0.0,0.0,11.0
0.0,0.0,4.0
0.0,0.0,7.0
0.0,0.0,6.0
0.0,0.0,6.0
0.0,0.0,4.0
0.0,0.0,11.0
0.0,0.0,11.0
0.0,0.0,9.0
0.0,0.0,7.0
0.0,0.0,12.0
0.0,0.0161379181509615,11.0
0.0,0.0409911573653453,4.0
0.0,0.0233629785719373,4.0
0.0,0.0,10.0
0.0,0.0298552562551587,9.0
0.0,0.0102193975543027,9.0
0.0,0.0294922062690472,9.0
0.0,0.0161938959327462,5.0
0.0,0.0056546657263247,12.0
0.0,0.0130246894189597,15.0
0.0,0.0239018294080339,10.0
0.0,0.0008027957792771,9.0
0.0,0.0128993681184695,12.0
0.0,0.0160959326141229,13.0
0.0,0.0226085993894276,13.0
0.0,0.0101956242429026,14.0
0.0,0.0103127048873114,14.0
0.0,0.0157784602468824,15.0
0.0,0.0323583012968406,12.0
0.0,0.0310735734840663,11.0
0.0,0.0127065752718656,14.0
0.0,0.017012076610379,10.0
0.0,0.0,13.0
0.0,0.0019737370132584,14.0
0.0,0.0086232233050978,12.0
0.0,0.0,14.0
0.0,0.0,12.0
0.0,0.0,15.0
0.0,0.0,11.0
0.0,0.0,11.0
0.0,0.0,13.0
0.0,0.0,15.0
0.0,0.0,14.0
0.0,0.0,12.0
0.0,0.0,11.0
0.0,0.0,12.0
0.0,0.0,12.0
0.0,0.0,11.0
0.0,0.0,13.0
0.0,0.0,14.0
14329.0,0.0113672954733832,13.0
1730.0,0.001713970833369,11.0
19092.0,0.0251747100012656,13.0
35922.0,0.0250139517722609,10.0
50072.0,0.0008409090018367,12.0
30125.0,0.0194301166792221,12.0
5404.0,0.0264114841796165,11.0
7807.0,0.0368469378664351,13.0
0.0,0.039197489479364,14.0
14165.0,0.0310280534247184,15.0
10741.0,0.0157550353381814,14.0
8086.0,0.0399450805113944,13.0
7599.0,0.0384389894594431,13.0
4817.0,0.0249519910243559,8.0
13321.0,0.0109251169854494,8.0
25427.0,0.0407789121348502,14.0
16025.0,0.0209826893711176,13.0
0.0,0.0145250587583251,13.0
34154.0,0.0296636822906052,15.0
26018.0,0.0397126396611641,15.0
31905.0,0.0176784365618088,12.0
33598.0,0.0431060111558764,10.0
13357.0,0.0236073126937544,13.0
26670.0,0.0379506393178098,14.0
28697.0,0.0179088588500176,12.0
33921.0,0.016019469459871,10.0
46102.0,0.026390965240334,15.0
41304.0,0.0277180521670056,14.0
28689.0,0.0399369676058762,14.0
21396.0,0.0133998443081716,13.0
54216.0,0.0310861336575239,6.0
50995.0,0.0269069621604914,11.0
44484.0,0.0219468796509519,13.0
60401.0,0.0264862562235572,9.0
45818.0,0.0328408272622017,11.0
17548.0,0.0388099983270188,9.0
13349.0,0.0267601019882631,10.0
3140.0,0.0269948589140545,5.0
28593.0,0.0123232545478684,8.0
30451.0,0.0018016722729679,12.0
17677.0,0.0316834417321426,8.0
15948.0,0.0253534555479519,8.0
12377.0,0.0204085264160462,11.0
15681.0,0.0107505300924961,10.0
14718.0,0.0204586764917799,6.0
5193.0,0.0270755928264363,8.0
12018.0,0.0352396218745537,6.0
3183.0,0.0222622544204536,7.0
19833.0,0.0297608596493768,4.0
25462.0,0.0382758346020378,7.0
29845.0,0.0271577119645472,11.0
27524.0,0.0148458518734605,11.0
22717.0,0.0134537082527548,10.0
6197.0,0.0233901482636863,7.0
21026.0,0.0220578713905894,7.0
13443.0,0.0183642316010687,5.0
16431.0,0.0249112937022133,6.0
17448.0,0.0258107310509216,8.0
15273.0,0.0307544423932541,8.0
10740.0,0.0307169429268195,8.0
16599.0,0.0208529556422218,8.0
4915.0,0.0317304654411465,12.0
14083.0,0.0202359754559859,11.0
18744.0,0.0126432795784887,9.0
529.0,0.0343935643783593,13.0
13487.0,0.0338762289752151,13.0
14116.0,0.0288080585342954,6.0
23364.0,0.0313641163200333,12.0
31156.0,0.0288526453700695,5.0
33290.0,0.0326090481931843,10.0
9333.0,0.0221219611421881,5.0
912.0,0.0389200218373249,5.0
17833.0,0.0123751519139516,5.0
6295.0,0.0443048825988051,5.0
16807.0,0.0164885656677852,2.0
10437.0,0.0145336850422491,9.0
7480.0,0.0120700086979595,2.0
5824.0,0.0176731948227754,8.0
7466.0,0.0209502140196597,12.0
0.0,0.0060814650014341,8.0
0.0,0.0164612862110264,9.0
7624.0,0.0127559628980185,9.0
9136.0,0.016616403224275,4.0
8137.0,0.0252303695290047,2.0
4915.0,0.0152460528449318,11.0
0.0,0.021180501513788,11.0
2510.0,0.0266585987553447,7.0
5379.0,0.0058192162195962,3.0
732.0,0.0422420755752986,2.0
0.0,0.0098114269028247,8.0
0.0,0.023653000248205,8.0
0.0,0.0276668153063825,8.0
0.0,0.0392125459207276,8.0
0.0,0.0230686306256088,7.0
0.0,0.0341578560614114,8.0
0.0,0.0369826684705125,8.0
0.0,0.0,7.0
0.0,0.0,8.0
0.0,0.0,9.0
0.0,0.0,8.0
0.0,0.0,7.0
0.0,0.0,9.0
0.0,0.0,3.0
0.0,0.0,11.0
0.0,0.0,8.0
0.0,0.0,11.0
0.0,0.0,7.0
0.0,0.0,7.0
0.0,0.0,8.0
0.0,0.0,9.0
0.0,0.0,4.0
0.0,0.0,3.0
0.0,0.0,5.0
0.0,0.0,8.0
0.0,0.0,3.0
0.0,0.0,3.0
0.0,0.0,3.0
0.0,0.0,6.0
0.0,0.0,13.0
0.0,0.0,11.0
0.0,0.0,13.0
0.0,0.0,13.0
0.0,0.0449854756168653,12.0
0.0,0.0112978663112566,5.0
0.0,0.0261185291350416,4.0
0.0,0.0340598508483262,10.0
0.0,0.0192387212704419,8.0
0.0,0.0155779008137815,5.0
0.0,0.0288095180080927,1.0
0.0,0.0178001614119756,4.0
0.0,0.0131936999381054,12.0
0.0,0.0072829769392982,13.0
0.0,0.0226494677090483,12.0
0.0,0.0239666591923366,15.0
0.0,0.0152460330329804,14.0
0.0,0.0229568789039437,15.0
0.0,0.020703406381839,13.0
0.0,0.0055507416624454,10.0
0.0,0.0098978425894031,11.0
0.0,0.0228902795758096,15.0
0.0,0.0175164060716342,11.0
0.0,0.0272578842099789,9.0
0.0,0.0192924352171294,11.0
0.0,0.0158832484029804,9.0
0.0,0.0435141732783353,13.0
0.0,0.032245371810606,11.0
0.0,0.0150931579619522,13.0
0.0,0.0,11.0
0.0,0.0,9.0
0.0,0.0,13.0
0.0,0.0,12.0
0.0,0.0,11.0
0.0,0.0,12.0
0.0,0.0,13.0
0.0,0.0,12.0
0.0,0.0,15.0
0.0,0.0,15.0
0.0,0.0,11.0
0.0,0.0,12.0
0.0,0.0,15.0
0.0,0.0,14.0
0.0,0.0,13.0
13908.0,0.0219655924156332,14.0
7516.0,0.0100373622096183,14.0
33213.0,0.0305557123379997,10.0
42964.0,0.0324290493966078,15.0
61500.0,0.0090543905025744,9.0
21975.0,0.044025040847835,10.0
955.0,0.054329224544881,14.0
10348.0,0.0214185887989979,13.0
12870.0,0.029226772614396,15.0
11104.0,0.0230385794006604,13.0
1458.0,0.0298015448857065,14.0
6120.0,0.0296888009982413,11.0
6519.0,0.0335695379925608,13.0
24323.0,0.0278690942424186,8.0
18936.0,0.0417137352962721,11.0
13755.0,0.0438012807176579,11.0
17798.0,0.0423291284874104,11.0
22433.0,0.0332095913060776,9.0
32383.0,0.0437977957003606,15.0
20264.0,0.0181750856190188,15.0
26936.0,0.0261868366239989,15.0
18102.0,0.0148851649649309,14.0
6707.0,0.0333210193170171,10.0
27065.0,0.0323796960138741,9.0
26866.0,0.0261985398754217,13.0
25779.0,0.0318153628095842,13.0
49039.0,0.0254250643234973,12.0
25085.0,0.0431802929034365,10.0
27930.0,0.016889350484618,12.0
36372.0,0.0310654134697057,13.0
66961.0,0.0324065654231755,14.0
43661.0,0.0410941955839541,8.0
51247.0,0.0122331358877706,12.0
60078.0,0.0289383142160608,7.0
45530.0,6.457581045381244e-05,10.0
11917.0,0.0261650939946985,10.0
11038.0,0.0494980609173155,6.0
8466.0,0.0090335203304441,9.0
16675.0,0.0114679106258843,13.0
26807.0,0.0164640415919892,12.0
20311.0,0.0317876313529927,6.0
28476.0,0.02857556690838,8.0
15574.0,0.0290532347258164,8.0
16793.0,0.0162202954944615,11.0
16750.0,0.038260723634686,6.0
17995.0,0.0187734846995971,8.0
4952.0,0.0337108285460187,7.0
0.0,0.0294575000754363,8.0
8706.0,0.0286283283468518,3.0
16420.0,0.0289275417892698,4.0
26000.0,0.0183456200045656,5.0
3752.0,0.04636135011685,10.0
17181.0,0.0102387359281665,9.0
20755.0,0.0287082565382108,5.0
13985.0,0.027873371529945,5.0
14514.0,0.0212104631145328,8.0
23549.0,0.0315956127014833,5.0
18441.0,0.0272808705935595,10.0
12352.0,0.0150720585194427,7.0
16294.0,0.0277161201481571,8.0
11200.0,0.0319028778630945,7.0
0.0,0.0180365152704534,11.0
22515.0,0.0441525742183861,10.0
14925.0,0.0461735807933924,9.0
18723.0,0.0128381770177938,7.0
3276.0,0.0210719460258828,15.0
21045.0,0.034726782495149,9.0
20516.0,0.030973535704797,14.0
25116.0,0.0185099039498296,10.0
24319.0,0.0096341334819414,10.0
11865.0,0.0327888456744473,9.0
17335.0,0.0364629342556659,7.0
12395.0,0.0342238608847654,9.0
17966.0,0.0053969882881227,5.0
21124.0,0.0368912047843652,5.0
16852.0,0.0108021046545907,10.0
8279.0,0.0346215774696592,8.0
15582.0,0.0331532804118134,11.0
0.0,0.0209607106359322,12.0
1781.0,0.0156709467005582,6.0
9728.0,0.0124368249020029,10.0
6667.0,0.0228207503457002,6.0
7868.0,0.0112620666219532,7.0
544.0,0.0177967878923262,7.0
0.0,0.0125870658086295,4.0
195.0,0.0211172324733472,8.0
0.0,0.0097247368299659,8.0
2129.0,0.0276495528461304,8.0
11515.0,0.0421727849806639,6.0
0.0,0.0093263044759057,2.0
0.0,0.0147048473542274,4.0
0.0,0.0220826524369135,6.0
0.0,0.0112526217757998,9.0
0.0,0.0262829473429497,3.0
0.0,0.0321244745516813,9.0
0.0,0.0181313092397374,7.0
0.0,0.0,11.0
0.0,0.0,8.0
0.0,0.0,7.0
0.0,0.0,7.0
0.0,0.0,8.0
0.0,0.0,7.0
0.0,0.0,4.0
0.0,0.0,9.0
0.0,0.0,4.0
0.0,0.0,13.0
0.0,0.0,2.0
0.0,0.0,3.0
0.0,0.0,10.0
0.0,0.0,8.0
0.0,0.0,7.0
0.0,0.0,3.0
0.0,0.0,6.0
0.0,0.0,9.0
0.0,0.0,2.0
0.0,0.0,7.0
0.0,0.0,3.0
0.0,0.0,7.0
0.0,0.0,9.0
0.0,0.0,11.0
0.0,0.0,11.0
0.0,0.0,14.0
0.0,0.0169038024634292,11.0
0.0,0.0309215418542751,3.0
0.0,0.0156098198072268,5.0
0.0,0.0205339062871623,10.0
0.0,0.0,7.0
0.0,0.0105822495671372,7.0
0.0,0.0185270988258987,8.0
0.0,0.0013859746931412,7.0
0.0,0.0284325229544352,15.0
0.0,0.0166266440595225,9.0
0.0,0.0169079305601817,12.0
0.0,0.0202222089166453,12.0
0.0,0.0336401049892152,13.0
0.0,0.0054475557595916,9.0
0.0,0.0,14.0
0.0,0.0177381797793951,12.0
0.0,0.0197905108696523,8.0
0.0,0.0224183138683802,11.0
0.0,0.0295024476876259,13.0
0.0,6.758880086894792e-07,13.0
0.0,0.0062380128187336,9.0
0.0,0.0250064078297724,14.0
0.0,0.0083111996551845,13.0
0.0,0.0147217761936584,12.0
0.0,0.0083080665965506,14.0
0.0,0.0,12.0
0.0,0.0,13.0
0.0,0.0,14.0
0.0,0.0,14.0
0.0,0.0,12.0
0.0,0.0,11.0
0.0,0.0,13.0
0.0,0.0,10.0
0.0,0.0,5.0
0.0,0.0,14.0
0.0,0.0,12.0
0.0,0.0,15.0
0.0,0.0,13.0
0.0,0.0,13.0
0.0,0.0,12.0
12604.0,0.0100858278639095,12.0
5550.0,0.0193625934368801,13.0
24803.0,0.0271725195793348,14.0
40235.0,0.0311054345708472,14.0
57312.0,0.0061050287120371,15.0
26741.0,0.0326247907654105,15.0
4098.0,0.0202925779757794,15.0
11041.0,0.0186025222262675,12.0
3725.0,0.0338906986797858,14.0
10171.0,0.0139158977075152,13.0
9045.0,0.0375425208934217,15.0
6210.0,0.0232108584634878,14.0
565.0,0.0293241439540234,13.0
15461.0,0.0404656723387153,10.0
20477.0,0.0561082976952603,10.0
18402.0,0.0390224931463795,15.0
21963.0,0.0267033933625231,14.0
10853.0,0.0319419836749528,12.0
14963.0,0.0413200082408053,14.0
24108.0,0.0204097770067295,13.0
34820.0,0.0267932379102675,12.0
36311.0,0.0251665500798035,15.0
10188.0,0.0317906922595536,13.0
32875.0,0.0391739694682008,11.0
18398.0,0.0206399339089029,9.0
26450.0,0.0349262371296526,13.0
30213.0,0.0135336249126869,10.0
31098.0,0.0324654420041382,11.0
35112.0,0.0347776657572823,15.0
33181.0,0.0295298123098621,12.0
54166.0,0.0392104995930854,11.0
53603.0,0.0,8.0
38782.0,0.0228899939154251,15.0
43613.0,0.0547297295099776,13.0
37439.0,0.0295303567773383,9.0
8388.0,0.0364432221725889,11.0
9904.0,0.0096266629243694,9.0
12848.0,0.0269712711005191,4.0
23616.0,0.0141291270695696,8.0
36169.0,0.0151491380383962,10.0
29650.0,0.0212783905374796,8.0
7835.0,0.045972363047014,8.0
12019.0,0.0292922940756821,9.0
13825.0,0.037182811601699,9.0
4116.0,0.0388816041392419,3.0
11959.0,0.04238762760804,3.0
17900.0,0.0045409885865718,8.0
13497.0,0.0218166373868644,10.0
4494.0,0.0236591881730866,6.0
18255.0,0.0236349805934976,5.0
23432.0,0.0236546451978666,12.0
20081.0,0.0151904458641715,10.0
12675.0,0.019812196399044,9.0
9354.0,0.0447377128118995,5.0
14761.0,0.0426641408532793,7.0
13027.0,0.0359737399791378,5.0
15996.0,0.0097031101458108,3.0
21209.0,0.021927671656127,3.0
7189.0,0.0440110647174677,7.0
4623.0,0.0253071954327501,9.0
13892.0,0.0291048327511402,9.0
10274.0,0.0191348816443433,11.0
13136.0,0.0362111985052109,12.0
17951.0,0.0036363504643591,9.0
5381.0,0.0408848319644229,9.0
12110.0,0.0342941672808739,14.0
27387.0,0.0168259525857434,7.0
27375.0,0.0310929960408128,10.0
22211.0,0.0151050262356007,7.0
21887.0,0.0360615030323701,10.0
9592.0,0.0348088572027713,11.0
18281.0,0.0404012007248441,7.0
21354.0,0.042851724143237,5.0
20271.0,0.0204893233485956,9.0
22001.0,0.0217767227645035,8.0
25793.0,0.0360062921935415,8.0
17846.0,0.0485187842609731,3.0
0.0,0.0094369058097305,8.0
3863.0,0.0078495846681566,13.0
2353.0,0.036681442185761,10.0
13878.0,0.026029875061848,5.0
4549.0,0.0185967132102336,10.0
0.0,0.0199024428403953,6.0
5870.0,0.0166563113409021,8.0
1662.0,0.010644352430251,5.0
0.0,0.0166485451977821,6.0
14061.0,0.0137973285354043,6.0
0.0,0.0185625690500953,4.0
2495.0,0.0244182343137777,6.0
0.0,0.0314269224671496,6.0
0.0,0.025157850696052,9.0
0.0,0.0267014154394044,6.0
0.0,0.0076082457523971,9.0
0.0,0.0219156442185074,6.0
0.0,0.0327011398014344,8.0
0.0,0.0189674118110616,10.0
0.0,0.0,5.0
0.0,0.0,9.0
0.0,0.0,12.0
0.0,0.0,8.0
0.0,0.0,6.0
0.0,0.0,7.0
0.0,0.0,1.0
0.0,0.0,12.0
0.0,0.0,5.0
0.0,0.0,12.0
0.0,0.0,5.0
0.0,0.0,8.0
0.0,0.0,9.0
0.0,0.0,8.0
0.0,0.0,8.0
0.0,0.0,8.0
0.0,0.0,4.0
0.0,0.0,4.0
0.0,0.0,5.0
0.0,0.0,6.0
0.0,0.0,5.0
0.0,0.0,5.0
0.0,0.0,12.0
0.0,0.0,9.0
0.0,0.0,10.0
0.0,0.0,12.0
0.0,0.0145975331595723,9.0
0.0,0.0171727613797622,5.0
0.0,0.0047771956873483,4.0
0.0,0.0167408359672198,7.0
0.0,0.0183425109142067,12.0
0.0,0.0262332510167689,5.0
0.0,0.0450963594709425,4.0
0.0,0.0034173224712522,4.0
0.0,0.0151436745716656,12.0
0.0,0.0113655136411913,11.0
0.0,0.0289516779255801,12.0
0.0,0.0143756991363191,12.0
0.0,0.009887897779415,13.0
0.0,0.0082708854506853,15.0
0.0,0.0149599188926346,14.0
0.0,0.0044283100254717,15.0
0.0,0.0215423170948084,15.0
0.0,0.0206015881982938,15.0
0.0,0.0214525622233567,11.0
0.0,0.0313693928961652,12.0
0.0,0.0185247694561337,12.0
0.0,0.0198770251633838,11.0
0.0,0.0228364313670776,15.0
0.0,0.035253165684555,14.0
0.0,0.019091575765822,13.0
0.0,0.0,15.0
0.0,0.0,10.0
0.0,0.0,15.0
0.0,0.0,13.0
0.0,0.0,13.0
0.0,0.0,15.0
0.0,0.0,12.0
0.0,0.0,14.0
0.0,0.0,13.0
0.0,0.0,15.0
0.0,0.0,14.0
0.0,0.0,11.0
0.0,0.0,14.0
0.0,0.0,15.0
0.0,0.0,13.0
14686.0,0.0253368114579485,13.0
4699.0,0.0336111953252612,13.0
24922.0,0.0413852771120591,13.0
30400.0,0.0032912821482673,14.0
56085.0,0.0161301511777405,11.0
31747.0,0.0200021668142331,12.0
8442.0,0.0104915891926164,10.0
2651.0,0.0243506691387516,13.0
13160.0,0.0120981705298344,11.0
9377.0,0.0507966684178265,9.0
7627.0,0.0161162608200842,10.0
13396.0,0.0321045627523575,10.0
5800.0,0.0456462965227274,13.0
18110.0,0.027945527714769,6.0
15594.0,0.0341145002337828,10.0
13567.0,0.0192826267274895,14.0
22521.0,0.0374328860895189,12.0
8469.0,0.0386672506379456,14.0
27656.0,0.006429058465366,14.0
14003.0,0.0377225981150244,14.0
24421.0,0.0235005971095234,14.0
25973.0,0.0173837026633626,12.0
11395.0,0.050980590693682,11.0
22400.0,0.0516205480740337,10.0
19761.0,0.0237574659004842,11.0
41534.0,0.0310928974813303,8.0
38806.0,0.0184902456436577,10.0
17182.0,0.0251044620554264,10.0
35241.0,0.0220319348134392,9.0
28661.0,0.0287512083632757,10.0
57694.0,0.0262355971671051,12.0
53970.0,0.0447753738108262,12.0
46650.0,0.0288072431641178,14.0
48559.0,0.0173582674321694,9.0
47961.0,0.0243273427016691,5.0
16480.0,0.0123674045448189,9.0
15294.0,0.0311604717076393,9.0
11251.0,0.012372603809064,8.0
23675.0,0.018237666820087,8.0
27184.0,0.0222625422728713,15.0
28938.0,0.0330160317534519,6.0
10064.0,0.0312394733371808,10.0
15739.0,0.0246951672850495,9.0
961.0,0.0259318186817081,7.0
4731.0,0.0,5.0
23212.0,0.0106142168591518,10.0
10410.0,0.0352242939365081,8.0
8601.0,0.0246644299190083,9.0
15601.0,0.0169710239920818,5.0
31532.0,0.0316606104425719,9.0
25379.0,0.0325711922774749,7.0
5807.0,0.0121313800347982,15.0
30707.0,0.0370750236067835,7.0
23579.0,0.0293565653853856,3.0
22055.0,0.0223251751242858,5.0
0.0,0.0095825374685469,4.0
36435.0,0.0125445911053507,4.0
18700.0,0.033743032655401,8.0
7229.0,0.0240410493451453,6.0
19867.0,0.0216354779603878,9.0
21901.0,0.0179672493065347,8.0
3633.0,0.01785696356512,9.0
14426.0,0.0315149923274168,13.0
27015.0,0.0157113876658623,13.0
2800.0,0.0217981629356739,12.0
16615.0,0.0094583572524447,12.0
24524.0,0.0339903289135882,7.0
24606.0,0.0257355255702947,10.0
34987.0,0.0311087403416529,8.0
19115.0,0.0463534350073728,5.0
9372.0,0.0439671287151318,8.0
15976.0,0.0408508164492573,10.0
16033.0,0.0116042163193505,9.0
11047.0,0.0410249962955957,8.0
14786.0,0.0531898156493587,10.0
10533.0,0.0112601655264742,7.0
11475.0,0.0171138856273083,4.0
7288.0,0.0202088105389339,10.0
0.0,0.0310877354361794,14.0
0.0,0.0444726941203519,7.0
4723.0,0.0148492973889271,6.0
11590.0,0.0286371874434675,7.0
0.0,0.0097604559277093,8.0
0.0,0.0094034787269342,2.0
407.0,0.0131247260677414,5.0
0.0,0.0382709873493151,12.0
0.0,0.0241046302417112,8.0
7428.0,0.0,6.0
0.0,0.0226543064456872,7.0
0.0,0.0107335172662649,8.0
0.0,0.0319383288908217,5.0
0.0,0.0186957370677054,1.0
0.0,0.0,9.0
0.0,0.0183598801700519,5.0
0.0,0.01726526271342,5.0
0.0,0.0123303805512039,9.0
0.0,0.0,6.0
0.0,0.0,8.0
0.0,0.0,8.0
0.0,0.0,8.0
0.0,0.0,8.0
0.0,0.0,9.0
0.0,0.0,4.0
0.0,0.0,11.0
0.0,0.0,11.0
0.0,0.0,15.0
0.0,0.0,10.0
0.0,0.0,9.0
0.0,0.0,12.0
0.0,0.0,6.0
0.0,0.0,9.0
0.0,0.0,6.0
0.0,0.0,6.0
0.0,0.0,4.0
0.0,0.0,2.0
0.0,0.0,2.0
0.0,0.0,1.0
0.0,0.0,8.0
0.0,0.0,12.0
0.0,0.0,11.0
0.0,0.0,13.0
0.0,0.0,12.0
0.0,0.0145365648403871,12.0
0.0,0.0026038871649669,4.0
0.0,0.0290736835679191,8.0
0.0,0.0408938408630601,11.0
0.0,0.0259311753321214,7.0
0.0,0.0066729725153577,4.0
0.0,0.0211681463728377,7.0
0.0,0.0176443783543292,2.0
0.0,0.0188256040595032,13.0
0.0,0.0102649385488778,12.0
0.0,0.0038654609905487,15.0
0.0,0.0158725584757747,11.0
0.0,0.0217136353135704,15.0
0.0,0.0205945778853911,13.0
0.0,0.0223856047885437,12.0
0.0,0.0449573552917169,15.0
0.0,0.0285511092001516,10.0
0.0,0.0415345294592355,12.0
0.0,0.0171236563797943,12.0
0.0,0.0041198607346632,13.0
0.0,0.0027043849379631,15.0
0.0,0.0183247698707273,11.0
0.0,0.0132843432302043,12.0
0.0,0.0150497739550558,13.0
0.0,0.0265834487343429,10.0
0.0,0.0,11.0
0.0,0.0,11.0
0.0,0.0,15.0
0.0,0.0,14.0
0.0,0.0,13.0
0.0,0.0,9.0
0.0,0.0,11.0
0.0,0.0,8.0
0.0,0.0,12.0
0.0,0.0,12.0
0.0,0.0,15.0
0.0,0.0,10.0
0.0,0.0,11.0
0.0,0.0,13.0
0.0,0.0,15.0
20732.0,0.0151631597640457,12.0
14111.0,0.0,11.0
22822.0,0.0547289213533304,13.0
42691.0,0.0033021618008483,12.0
49288.0,0.0165229332399179,12.0
37057.0,0.02640862390866,15.0
17382.0,0.0408725421396389,10.0
10812.0,0.0,13.0
4329.0,0.0239234732754528,12.0
11427.0,0.0342916830129772,15.0
9667.0,0.0376186684585743,12.0
9014.0,0.0320736612821176,11.0
9681.0,0.0161243517775718,10.0
20425.0,0.0272154717451035,8.0
12881.0,0.0207553247301607,6.0
15669.0,0.0406111548200889,11.0
28816.0,0.0309885333062174,12.0
11860.0,0.022159972113174,10.0
29496.0,0.0315192044467842,15.0
8552.0,0.036358295680244,14.0
31164.0,0.0284743656845305,10.0
36677.0,0.0348067394234774,14.0
23444.0,0.0245015310721537,13.0
19237.0,0.0459186966702787,10.0
19033.0,0.0439726677259342,11.0
37363.0,0.0312621531714829,9.0
37002.0,0.0448284694079631,11.0
25036.0,0.0268340115094428,7.0
28637.0,0.0377971845853323,12.0
26817.0,0.0259766309131331,10.0
42867.0,0.0101969606987417,12.0
52517.0,0.0197498351387039,14.0
49094.0,0.0281833926886369,14.0
51167.0,0.0184905295114883,10.0
54281.0,0.0484391285514137,8.0
8698.0,0.0141288748991777,7.0
12214.0,0.0187039418379972,8.0
8902.0,0.0,7.0
19894.0,0.0406200432985816,11.0
33934.0,0.0276163884887487,10.0
23593.0,0.0101054885827048,13.0
14940.0,0.0399487358192344,8.0
13561.0,0.0259798166127165,8.0
19961.0,0.0231707757963661,9.0
4217.0,0.0190271148243113,8.0
15452.0,0.0205250965926141,7.0
11346.0,0.0032991018583632,11.0
4543.0,0.0439043227219858,8.0
12218.0,0.0159522628203075,7.0
20850.0,0.0353127600383245,7.0
24707.0,0.0328921180140385,6.0
11075.0,0.0271489093836763,10.0
30806.0,0.0265551167635521,13.0
6711.0,0.0306902976479839,10.0
11334.0,0.041907139572705,8.0
0.0,0.0163403284038699,3.0
27412.0,0.0311939913468543,4.0
15083.0,0.0148198618151298,11.0
7223.0,0.022860547146024,11.0
10256.0,0.0329456121247893,6.0
7314.0,0.0378215792655585,7.0
15205.0,0.0055644473736605,10.0
10181.0,0.027738191614553,9.0
11150.0,0.0,10.0
5876.0,0.0373134358290537,9.0
11748.0,0.020292876118248,12.0
31137.0,0.0393354659662656,5.0
29223.0,0.026965818640185,8.0
24610.0,0.0287290386003041,8.0
24984.0,0.0219103679161588,7.0
11090.0,0.0324844633054123,6.0
11175.0,0.038091678924759,3.0
13768.0,0.017125102539776,7.0
216.0,0.0265220719813992,5.0
29955.0,0.0458774684249942,4.0
18449.0,0.02101163496112,12.0
12566.0,0.0106407329400009,5.0
12099.0,0.0286144371863555,8.0
10832.0,0.0190086226473266,15.0
5336.0,0.0283299397471612,6.0
0.0,0.0311485342126586,11.0
6855.0,0.0186427385941314,7.0
7348.0,0.0242189521685046,6.0
0.0,0.0139938926279092,7.0
2165.0,0.0240573486303326,7.0
0.0,0.0212523778239896,9.0
0.0,0.01768233142521,5.0
5889.0,0.0125815249094817,6.0
8988.0,0.0378438644844034,9.0
0.0,0.0321079920213605,7.0
0.0,0.030829571400125,5.0
0.0,0.0079492867298222,4.0
0.0,0.0265227971054378,7.0
0.0,0.0127239570436015,4.0
0.0,0.0265856630881987,5.0
0.0,0.0,10.0
0.0,0.0,7.0
0.0,0.0,10.0
0.0,0.0,5.0
0.0,0.0,9.0
0.0,0.0,3.0
0.0,0.0,10.0
0.0,0.0,6.0
0.0,0.0,8.0
0.0,0.0,7.0
0.0,0.0,15.0
0.0,0.0,4.0
0.0,0.0,2.0
0.0,0.0,9.0
0.0,0.0,8.0
0.0,0.0,6.0
0.0,0.0,4.0
0.0,0.0,8.0
0.0,0.0,10.0
0.0,0.0,5.0
0.0,0.0,5.0
0.0,0.0,3.0
0.0,0.0,10.0
0.0,0.0,11.0
0.0,0.0,12.0
0.0,0.0,9.0
0.0,0.0,13.0
0.0,0.014096223976333,11.0
0.0,0.0291211084648078,4.0
0.0,0.0152760105292446,4.0
0.0,0.0337890351561447,9.0
0.0,0.0083921978416758,13.0
0.0,0.0253618324833997,5.0
0.0,0.0210774370065918,8.0
0.0,0.0217334801561007,5.0
0.0,0.0375993493832556,12.0
0.0,0.0180865722041315,15.0
0.0,0.0065872970804451,15.0
0.0,0.0201713724413164,12.0
0.0,0.0201118099855698,10.0
0.0,0.0308812338116146,13.0
0.0,0.0125180193450824,15.0
0.0,0.0372403496416304,14.0
0.0,0.01089917935833,13.0
0.0,0.034955989036999,12.0
0.0,0.0209526672315198,13.0
0.0,0.0163517921087847,15.0
0.0,0.0212460477155399,11.0
0.0,0.0128272777234815,12.0
0.0,0.0175163552602168,13.0
0.0,0.0170063838262014,12.0
0.0,0.0276178689252229,14.0
0.0,0.0,12.0
0.0,0.0,13.0
0.0,0.0,15.0
0.0,0.0,11.0
0.0,0.0,14.0
0.0,0.0,10.0
0.0,0.0,13.0
0.0,0.0,13.0
0.0,0.0,14.0
0.0,0.0,14.0
0.0,0.0,11.0
0.0,0.0,13.0
0.0,0.0,14.0
0.0,0.0,7.0
0.0,0.0,13.0
19795.0,0.0239263726891539,15.0
2059.0,0.0231415049687419,14.0
33168.0,0.0120179726073902,14.0
41863.0,0.0,14.0
56901.0,0.0274050965023576,15.0
33553.0,0.0281006786985809,14.0
7630.0,0.0236807134843868,10.0
8837.0,0.0083171027033042,13.0
14346.0,0.0374008795072437,14.0
9817.0,0.0272414692513286,13.0
12724.0,0.0268313826274793,10.0
454.0,0.0344629047408399,15.0
8886.0,0.0517906277384543,14.0
15493.0,0.0447629451716634,8.0
15786.0,0.0472660789531753,10.0
24483.0,0.0413158678537095,7.0
18875.0,0.0167936109538615,12.0
16710.0,0.0267439427333196,13.0
28471.0,0.0207840821292295,15.0
13419.0,0.0407002294975923,12.0
41826.0,0.0147052489056422,12.0
35448.0,0.0138169572457618,13.0
20107.0,0.0325660315044169,15.0
20507.0,0.0375124705840599,8.0
22856.0,0.0196704687354497,11.0
25465.0,0.0294687553126083,9.0
43985.0,0.0284890297130768,9.0
46692.0,0.0379210845378035,11.0
12834.0,0.0205739780611608,14.0
42113.0,0.0210576318152507,12.0
56262.0,0.0420983440331463,11.0
48534.0,0.0295270256027085,11.0
38899.0,0.0068499856664044,15.0
60373.0,0.0257077085100544,10.0
45334.0,0.0287194525774516,9.0
14546.0,0.0269716886842565,7.0
16365.0,0.0276804756205817,9.0
13461.0,0.0255487690586371,4.0
31565.0,0.0299783358398975,11.0
38820.0,0.0208274156712257,8.0
24362.0,0.0259803454626571,7.0
18027.0,0.0268373710052343,7.0
2595.0,0.041331573309444,9.0
8135.0,0.0304089275172048,8.0
13457.0,0.028528922883415,6.0
16304.0,0.0302237199053417,5.0
16948.0,0.0226732752442241,9.0
0.0,0.0315500097029254,8.0
15446.0,0.0193131300775945,4.0
19468.0,0.0215103301912497,10.0
28749.0,0.0250528515972079,7.0
7498.0,0.0610208876565255,13.0
25967.0,0.0406122244668661,12.0
21177.0,0.0597445898456799,8.0
8126.0,0.0154634999771533,4.0
5047.0,0.0266474497861834,7.0
21708.0,0.0299185358154494,5.0
6822.0,0.0179032587880428,11.0
9905.0,0.0217400247985791,10.0
9808.0,0.0229066792373614,6.0
12055.0,0.0353546558472392,10.0
4184.0,0.020890330842979,9.0
12542.0,0.0340747596019423,11.0
13230.0,0.0381365859470517,7.0
6223.0,0.0578973810016744,11.0
5798.0,0.0142749483688537,12.0
23099.0,0.0196014953760553,7.0
32680.0,0.0330017158157103,12.0
21606.0,0.0325975942783878,8.0
29041.0,0.0322258116157776,9.0
11297.0,0.0198392910898086,8.0
8637.0,0.0240010426690555,7.0
21610.0,0.0292913682003418,7.0
10547.0,0.0196197055734266,5.0
17897.0,0.0196948225118086,1.0
16698.0,0.0155915671129346,8.0
3406.0,0.032665889917435,3.0
0.0,0.0254983513711422,15.0
0.0,0.0176830625988739,13.0
8455.0,0.0264911006201234,12.0
5196.0,0.0183126934741558,9.0
0.0,0.0226931958977304,9.0
0.0,0.0,5.0
11478.0,0.0,6.0
11475.0,0.0329237948289621,6.0
42.0,0.0120256109192317,10.0
0.0,0.0,8.0
542.0,0.0076036547206161,4.0
6658.0,0.0357388031829623,9.0
0.0,0.032485906836872,4.0
0.0,0.0191852604709326,4.0
0.0,0.0073619462241322,5.0
0.0,0.0330099174007912,6.0
0.0,0.0295641542536869,12.0
0.0,0.0102511382047305,7.0
0.0,0.024371407257298,5.0
0.0,0.0,10.0
0.0,0.0,5.0
0.0,0.0,8.0
0.0,0.0,8.0
0.0,0.0,5.0
0.0,0.0,10.0
0.0,0.0,10.0
0.0,0.0,12.0
0.0,0.0,7.0
0.0,0.0,13.0
0.0,0.0,11.0
0.0,0.0,5.0
0.0,0.0,5.0
0.0,0.0,7.0
0.0,0.0,5.0
0.0,0.0,8.0
0.0,0.0,8.0
0.0,0.0,4.0
0.0,0.0,5.0
0.0,0.0,5.0
0.0,0.0,3.0
0.0,0.0,10.0
0.0,0.0,11.0
0.0,0.0,13.0
0.0,0.0,11.0
0.0,0.0,13.0
0.0,0.0060202388201219,8.0
0.0,0.0233922414162498,2.0
0.0,0.0292626435786639,4.0
0.0,0.0267589949379663,7.0
0.0,0.0070576014382778,5.0
0.0,0.0002003796168484,6.0
0.0,0.0015061795036065,5.0
0.0,0.0314531698935193,6.0
0.0,0.0257628587468172,12.0
0.0,0.0275765569341386,13.0
0.0,0.0124406549272462,15.0
0.0,0.0297364605948667,15.0
0.0,0.020299244260365,12.0
0.0,0.0048140202623735,14.0
0.0,0.0132919049999836,13.0
0.0,0.0066363126386833,15.0
0.0,0.0160675919484781,11.0
0.0,0.0341970228087339,15.0
0.0,0.005568966687874,13.0
0.0,0.0119736933711429,12.0
0.0,0.0237851040554922,15.0
0.0,0.0195971718954386,13.0
0.0,0.0128698518778461,11.0
0.0,0.0219069834607164,14.0
0.0,0.0300067104980573,15.0
0.0,0.0,14.0
0.0,0.0,11.0
0.0,0.0,11.0
0.0,0.0,11.0
0.0,0.0,14.0
0.0,0.0,12.0
0.0,0.0,15.0
0.0,0.0,14.0
0.0,0.0,11.0
0.0,0.0,15.0
0.0,0.0,12.0
0.0,0.0,12.0
0.0,0.0,12.0
0.0,0.0,8.0
0.0,0.0,9.0
19435.0,0.0129537291270848,15.0
12585.0,0.0332065769556416,11.0
26323.0,0.0283705049993317,9.0
38035.0,0.0134435515675218,13.0
49775.0,0.0197626335445856,11.0
26288.0,0.0216298155792748,15.0
2567.0,0.0112640638945199,14.0
20310.0,0.0,12.0
12024.0,0.0195368215148572,13.0
13555.0,0.0392804976112346,15.0
8710.0,0.0368124683525569,15.0
4266.0,0.0329996273362354,14.0
12008.0,0.0395082094427845,14.0
16195.0,0.0328294370630306,9.0
16864.0,0.0458393445362003,9.0
18977.0,0.0366775602797306,10.0
17620.0,0.0259343938380922,12.0
11180.0,0.0330827688324918,14.0
16821.0,0.0498574104992023,14.0
18133.0,0.0214714102684437,12.0
38407.0,0.0343877887809256,13.0
25441.0,0.0521496572631442,13.0
23644.0,0.027923784091729,12.0
20878.0,0.0282734584080428,12.0
23794.0,0.0404461606354591,9.0
30449.0,0.044132225390177,11.0
45936.0,0.0337955350627588,9.0
34182.0,0.031080725459959,10.0
30682.0,0.0391995826877199,13.0
39439.0,0.0236796353135054,13.0
48851.0,0.0211181157061115,10.0
57559.0,0.0135667040703469,10.0
43289.0,0.025582274100055,15.0
47731.0,0.0375010666037628,10.0
41542.0,0.0313397883048033,6.0
23460.0,0.0266324839478144,9.0
15019.0,0.021724693294706,6.0
14838.0,0.009520238638478,6.0
30047.0,0.0017652013269492,10.0
33746.0,0.0151716983359263,10.0
18833.0,0.0247865964998322,7.0
1964.0,0.0305032004883358,7.0
10424.0,0.0399740303570329,7.0
15248.0,0.0369480693139637,7.0
4696.0,0.0282533026201193,4.0
27218.0,0.0220690405069227,11.0
0.0,0.0154903995210816,7.0
7267.0,0.0278657730536122,11.0
21782.0,0.0318850522645412,3.0
27166.0,0.0126544391268699,6.0
23964.0,0.0138007290630979,8.0
18280.0,0.0330744871585714,8.0
24857.0,0.0237052653332255,8.0
21571.0,0.0188515632090905,8.0
14796.0,0.0241213063653764,5.0
5854.0,0.0322578334842164,7.0
9318.0,0.0181332232334812,8.0
3499.0,0.0228649472350863,9.0
7363.0,0.0208022276697274,9.0
15406.0,0.0129451635097304,9.0
9670.0,0.0236541980465834,7.0
21154.0,0.0316911251303913,10.0
10488.0,0.0291835958493269,12.0
14616.0,0.0373298256634434,10.0
15207.0,0.0106785323208139,9.0
7712.0,0.0347435316192436,13.0
26659.0,0.0200784338203441,6.0
22252.0,0.0224862281502073,10.0
31808.0,0.0372311048484792,9.0
38205.0,0.0076202464303047,6.0
17186.0,0.0261387916350951,8.0
14914.0,0.0384675909309045,11.0
17876.0,0.0281007309160873,11.0
23065.0,0.0354471267578383,5.0
31235.0,0.0454631778287774,1.0
24512.0,0.0325793974221779,10.0
8392.0,0.0098706829365672,5.0
7732.0,0.0142234565039936,7.0
0.0,0.0112642618726643,9.0
50.0,0.0137151296929463,9.0
20778.0,0.0371121502962102,6.0
1757.0,0.0357020699325012,8.0
0.0,0.011450338609973,5.0
0.0,0.0124569116755312,8.0
4919.0,0.0212244049416424,5.0
0.0,0.0221514939913704,10.0
11267.0,0.0092295768462176,5.0
0.0,0.0329103652500949,5.0
7651.0,0.0103773056891439,7.0
0.0,0.005408643501271,5.0
0.0,0.029253468001113,7.0
0.0,0.0136662613927401,2.0
0.0,0.007611976045862,7.0
0.0,0.0156500934288383,6.0
0.0,0.0268535969670913,4.0
0.0,0.0120800488794961,6.0
0.0,0.0,9.0
0.0,0.0,8.0
0.0,0.0,10.0
0.0,0.0,9.0
0.0,0.0,6.0
0.0,0.0,8.0
0.0,0.0,3.0
0.0,0.0,14.0
0.0,0.0,8.0
0.0,0.0,14.0
0.0,0.0,7.0
0.0,0.0,8.0
0.0,0.0,7.0
0.0,0.0,9.0
0.0,0.0,5.0
0.0,0.0,6.0
0.0,0.0,6.0
0.0,0.0,4.0
0.0,0.0,4.0
0.0,0.0,6.0
0.0,0.0,6.0
0.0,0.0,8.0
0.0,0.0,9.0
0.0,0.0,10.0
0.0,0.0,11.0
0.0,0.0,14.0
0.0,0.0122106095588303,9.0
0.0,0.0049859069573127,3.0
0.0,0.0109435710122215,4.0
0.0,0.0357624443708758,11.0
0.0,0.0210493573626782,9.0
0.0,0.0203056535734332,6.0
0.0,0.0088332562140088,8.0
0.0,0.0398315866307833,5.0
0.0,0.0305468983430985,14.0
0.0,0.0271599192441486,13.0
0.0,0.0260895375902826,13.0
0.0,0.0281705250395231,14.0
0.0,0.0026121278276331,12.0
0.0,0.0145009073752132,12.0
0.0,0.0108229911166212,12.0
0.0,0.0080630819977823,12.0
0.0,0.0007744275579909,11.0
0.0,0.0235894953400611,15.0
0.0,0.0008463662340672,12.0
0.0,0.0065521154065593,11.0
0.0,0.0244289674811424,15.0
0.0,0.0,14.0
0.0,0.0068007558050229,11.0
0.0,0.0171671348836004,12.0
0.0,0.0192509469250066,12.0
0.0,0.0,11.0
0.0,0.0,12.0
0.0,0.0,15.0
0.0,0.0,9.0
0.0,0.0,12.0
0.0,0.0,11.0
0.0,0.0,15.0
0.0,0.0,11.0
0.0,0.0,15.0
0.0,0.0,15.0
0.0,0.0,13.0
0.0,0.0,12.0
0.0,0.0,13.0
0.0,0.0,13.0
0.0,0.0,13.0
12979.0,0.0363555734551217,13.0
13192.0,0.0174404205865884,11.0
30406.0,0.0158689165773593,10.0
33007.0,0.0348190389892261,13.0
48227.0,0.0291602607348854,11.0
35935.0,0.0175390311508884,13.0
10972.0,0.0175551715045694,12.0
15192.0,0.0464922815045134,15.0
50.0,0.0359051639941904,13.0
10864.0,0.04203414941548,14.0
3521.0,0.0296183925618343,13.0
19137.0,0.0239333316101808,13.0
0.0,0.0196970065267166,12.0
8685.0,0.0392086806792888,8.0
17320.0,0.0212800768051008,8.0
20098.0,0.0334740588770031,10.0
28520.0,0.0424952879315491,14.0
12348.0,0.0392919538490203,12.0
25050.0,0.0292484349315845,13.0
12232.0,0.0203843092343351,12.0
35293.0,0.0257064585589971,10.0
38466.0,0.0078501691508837,12.0
3695.0,0.0302659373952587,11.0
28997.0,0.0150696311362012,14.0
33867.0,0.0332758568120605,11.0
40433.0,0.0171876825545093,10.0
37378.0,0.0038126435741954,10.0
23881.0,0.0328379179814269,8.0
15580.0,0.0173200600262842,15.0
37846.0,0.0095300294251532,15.0
48869.0,0.015994763632351,12.0
57502.0,0.0326199456697291,10.0
44986.0,0.0221065838501454,11.0
49217.0,0.0207038630106013,9.0
43137.0,0.0276912453017228,8.0
6625.0,0.0371439691864532,10.0
18252.0,0.0227051091802227,9.0
6522.0,0.0269635323466232,6.0
15411.0,0.0314365999968861,11.0
41242.0,0.0149072299818973,9.0
9304.0,0.0449682058525637,6.0
15105.0,0.0294694663007965,13.0
22333.0,0.0281788949935277,9.0
6893.0,0.0093351266105713,8.0
5252.0,0.0211268121430675,7.0
28651.0,0.04257327868171,11.0
21400.0,0.0105567628091741,9.0
0.0,0.0259562084138722,6.0
8160.0,0.0202246009896509,3.0
21482.0,0.0368034626071652,5.0
14271.0,0.0336512063704185,5.0
12966.0,0.0471354577788697,10.0
20753.0,0.0432981408818157,9.0
2716.0,0.0062401492980328,5.0
14117.0,0.0179102526443696,6.0
3149.0,0.0198773020680998,8.0
21372.0,0.0379906222508585,4.0
14549.0,0.0214776349027891,8.0
5522.0,0.0029981776756472,9.0
16899.0,0.0183364994676747,11.0
19614.0,0.0417513203926221,8.0
10542.0,0.0061449176849266,9.0
6309.0,0.0146459174143281,11.0
8360.0,0.0213981886646197,10.0
11306.0,0.0573251530476786,13.0
7957.0,0.0371635747737909,14.0
12785.0,0.0168427593086511,10.0
23871.0,0.0413078795024414,11.0
25018.0,0.0287332733937553,11.0
22384.0,0.0318812909300572,8.0
15378.0,0.0420416665530398,9.0
14315.0,0.0271254999136946,10.0
13079.0,0.0389656372900645,6.0
12089.0,0.0420872559822434,8.0
26623.0,0.0453117827256478,6.0
15139.0,0.0313116244808136,8.0
10798.0,0.0312708956321276,5.0
11448.0,0.0257190961704109,7.0
5601.0,0.0343287304641119,12.0
2118.0,0.0222780522991988,9.0
4566.0,0.0288802443357909,10.0
2608.0,0.010227954812473,8.0
0.0,0.028640899137079,6.0
741.0,0.0334176307191472,3.0
0.0,0.015629697745172,7.0
9783.0,0.0006304117354268,10.0
6678.0,0.0136374082429464,8.0
0.0,0.0261085671684582,7.0
2221.0,0.0288870054156077,5.0
0.0,0.019852453543114,7.0
0.0,0.0,11.0
0.0,0.0238909313538694,3.0
0.0,0.018828876732923,3.0
0.0,0.0090219901747223,6.0
0.0,0.0197904484353968,11.0
0.0,0.0124660962995766,8.0
0.0,0.0,7.0
0.0,0.0,7.0
0.0,0.0,8.0
0.0,0.0,5.0
0.0,0.0,9.0
0.0,0.0,7.0
0.0,0.0,6.0
0.0,0.0,9.0
0.0,0.0,7.0
0.0,0.0,11.0
0.0,0.0,6.0
0.0,0.0,5.0
0.0,0.0,7.0
0.0,0.0,8.0
0.0,0.0,2.0
0.0,0.0,4.0
0.0,0.0,6.0
0.0,0.0,6.0
0.0,0.0,6.0
0.0,0.0,5.0
0.0,0.0,4.0
0.0,0.0,12.0
0.0,0.0,10.0
0.0,0.0,8.0
0.0,0.0,10.0
0.0,0.0,11.0
0.0,0.0063032061527697,11.0
0.0,0.0102196972597311,4.0
0.0,3.9563143903530856e-05,5.0
0.0,0.0111929871287815,13.0
0.0,0.0245175711157673,7.0
0.0,0.016841615564596,6.0
0.0,0.0080906187594036,8.0
0.0,0.0286302543717296,4.0
0.0,0.0352882611823676,15.0
0.0,0.0220263859815441,12.0
0.0,0.0182647785693726,15.0
0.0,0.0179697039264319,14.0
0.0,0.0246427872924426,13.0
0.0,0.0,15.0
0.0,0.0319000579117896,13.0
0.0,0.0139022473811205,15.0
0.0,0.0130137384538437,13.0
0.0,0.0220578984448452,11.0
0.0,0.0237713846633138,11.0
0.0,0.0114545733897863,14.0
0.0,0.0173354935743552,12.0
0.0,0.0185636220741046,15.0
0.0,0.0177862125161861,11.0
0.0,0.0149249257717309,15.0
0.0,0.0178197807526519,12.0
0.0,0.0,10.0
0.0,0.0,13.0
0.0,0.0,13.0
0.0,0.0,15.0
0.0,0.0,11.0
0.0,0.0,15.0
0.0,0.0,13.0
0.0,0.0,14.0
0.0,0.0,14.0
0.0,0.0,15.0
0.0,0.0,14.0
0.0,0.0,13.0
0.0,0.0,12.0
0.0,0.0,11.0
0.0,0.0,14.0
15564.0,0.0192068363995036,9.0
0.0,0.0158586076701886,11.0
29031.0,0.0272612046481353,11.0
43364.0,0.0246658813646004,12.0
61756.0,0.0278327783551653,13.0
32753.0,0.025408406597697,11.0
1922.0,0.026036213846864,11.0
8758.0,0.0287467168212379,14.0
206.0,0.0132699562220175,15.0
621.0,0.0244630383264474,11.0
9645.0,0.0278771057491665,13.0
9537.0,0.0352328009801232,11.0
16102.0,0.043212829609497,13.0
12165.0,0.0228719215043624,6.0
20509.0,0.0336784032886283,4.0
19506.0,0.0588733300821203,9.0
20145.0,0.0484448841085947,12.0
18104.0,0.0426241957240953,11.0
23065.0,0.0021162614085707,15.0
10949.0,0.0343049667402825,12.0
37910.0,0.0420876828801577,10.0
30241.0,0.0263299578202796,15.0
16172.0,0.0290894421198453,12.0
26023.0,0.02567501164884,11.0
26949.0,0.0467527278307182,10.0
36272.0,0.0371229286818712,10.0
34243.0,0.0385243441574945,10.0
31389.0,0.0188086841467395,11.0
20168.0,0.0327892562526864,15.0
29402.0,0.031708364200607,15.0
50258.0,0.0352040370951003,10.0
62896.0,0.0132490991761334,12.0
46225.0,0.0328934807260572,14.0
53391.0,0.0366886068236219,9.0
44591.0,0.0188238215454681,7.0
14281.0,0.041329912284707,8.0
16017.0,0.0113037336362525,8.0
5476.0,0.0377570941350271,5.0
20446.0,0.0331267855992541,10.0
38794.0,0.0386025088097082,9.0
15261.0,0.0074171042903782,4.0
0.0,0.0148018491227769,6.0
16600.0,0.0081236588614576,4.0
8351.0,0.0262438868029837,9.0
7307.0,0.0235345303189138,9.0
21045.0,0.0282937261195503,7.0
4860.0,0.0383572613910873,9.0
0.0,0.033151855155174,9.0
8037.0,0.0208415540311326,3.0
26636.0,0.029855692323027,4.0
29957.0,0.0437862505556213,8.0
9835.0,0.0220868461940162,12.0
15406.0,0.0066725266677558,8.0
7835.0,0.0375593519725995,8.0
13002.0,0.0218646505386635,7.0
10425.0,0.003352487178954,6.0
28426.0,0.0330328349825706,3.0
7528.0,0.0317620433939392,9.0
19817.0,0.0171906294528494,7.0
9697.0,0.0180131868450454,8.0
17392.0,0.0341350827215971,6.0
16416.0,0.0110858984965576,10.0
24310.0,0.0400104552060726,9.0
7193.0,0.0175188700369354,13.0
12915.0,0.0451662259818883,10.0
1036.0,0.0384945947159981,12.0
24878.0,0.0250801924315484,6.0
16771.0,0.0503860563152404,15.0
30246.0,0.0384838750526634,6.0
19065.0,0.0287329334668026,8.0
9470.0,0.0226744900840045,8.0
15263.0,0.0492136746362086,6.0
21998.0,0.0410279490745283,8.0
7167.0,0.0250430842419435,5.0
18471.0,0.0266490121328968,5.0
10313.0,0.0444050339815385,12.0
16558.0,0.0148180978341745,1.0
7104.0,0.0151077147702111,8.0
0.0,0.0321639694505024,10.0
9779.0,0.0305640969969555,9.0
9375.0,0.0221730351880857,4.0
6114.0,0.0158845633356967,8.0
755.0,0.0248643769355452,6.0
0.0,0.0126299745326143,3.0
0.0,0.0432859096797732,7.0
5809.0,0.0229889021603938,7.0
0.0,0.0253997964455917,5.0
11172.0,0.0156800690215421,4.0
10645.0,0.0415283296401804,9.0
0.0,0.0275004880830401,4.0
0.0,0.0139430181912195,4.0
0.0,0.0,0.0
0.0,0.0208865362400316,8.0
0.0,0.0337016765179728,4.0
0.0,0.0130103323320593,10.0
0.0,0.0321956702997133,7.0
0.0,0.0,9.0
0.0,0.0,8.0
0.0,0.0,8.0
0.0,0.0,8.0
0.0,0.0,8.0
0.0,0.0,11.0
0.0,0.0,9.0
0.0,0.0,9.0
0.0,0.0,7.0
0.0,0.0,15.0
0.0,0.0,6.0
0.0,0.0,4.0
0.0,0.0,9.0
0.0,0.0,8.0
0.0,0.0,7.0
0.0,0.0,8.0
0.0,0.0,4.0
0.0,0.0,4.0
0.0,0.0,5.0
0.0,0.0,6.0
0.0,0.0,3.0
0.0,0.0,9.0
0.0,0.0,10.0
0.0,0.0,10.0
0.0,0.0,14.0
0.0,0.0,12.0
0.0,0.0033272022967974,9.0
0.0,0.0223554062167252,7.0
0.0,0.025567879553002,5.0
0.0,0.0125924654885611,10.0
0.0,0.0205994124628362,5.0
0.0,0.0173668990882054,4.0
0.0,0.0171283511302496,9.0
0.0,0.0258349843185062,3.0
0.0,0.0197520430086861,12.0
0.0,0.0196768166509701,12.0
0.0,0.0312820185403622,15.0
0.0,0.0204875979299203,9.0
0.0,0.026545077704098,14.0
0.0,0.0175258618211429,10.0
0.0,0.0097144396897981,15.0
0.0,0.0227245941749223,13.0
0.0,0.0,15.0
0.0,0.0220919428750904,12.0
0.0,0.0159049570884191,10.0
0.0,0.0113291540169188,14.0
0.0,0.0,10.0
0.0,0.0355345402582152,13.0
0.0,0.0254836006547682,13.0
0.0,0.0,13.0
0.0,0.0,11.0
0.0,0.0,13.0
0.0,0.0,12.0
0.0,0.0,12.0
0.0,0.0,15.0
0.0,0.0,15.0
0.0,0.0,10.0
0.0,0.0,13.0
0.0,0.0,14.0
0.0,0.0,13.0
0.0,0.0,13.0
0.0,0.0,13.0
0.0,0.0,10.0
0.0,0.0,15.0
0.0,0.0,15.0
0.0,0.0,15.0
13689.0,0.0405381446103703,13.0
9658.0,0.0186022474547985,12.0
27091.0,0.0067239151975358,15.0
38286.0,0.0192318481640072,12.0
51199.0,0.0170803137312695,13.0
31459.0,0.0076068574472582,14.0
0.0,0.0351304544911448,8.0
6762.0,0.0277735589140174,12.0
1141.0,0.0284349121954353,13.0
9347.0,0.0234920689916821,14.0
0.0,0.0431532029678334,13.0
5237.0,0.0391890127887054,12.0
0.0,0.0338468463738242,8.0
6438.0,0.0327831854143584,10.0
26419.0,0.0351753700428658,7.0
18962.0,0.0343652061521885,10.0
30543.0,0.0435007545471876,12.0
6611.0,0.0272146675255567,13.0
32058.0,0.0272613492026574,13.0
21594.0,0.0548014398315203,11.0
32199.0,0.0377974657738973,10.0
27654.0,0.0422281511791049,12.0
21169.0,0.0385481315053746,10.0
24571.0,0.0371290396021169,12.0
24741.0,0.0214172722281971,12.0
33451.0,0.028507848973167,12.0
32896.0,0.0219953648463896,12.0
46611.0,0.0312088760499861,9.0
27864.0,0.0365173795416495,11.0
34172.0,0.0399097178489234,14.0
60297.0,0.0183956334446759,11.0
58728.0,0.0341928036198185,13.0
56566.0,0.0176284414899512,13.0
53031.0,0.0297316797574075,10.0
44710.0,0.0371593845972515,8.0
13207.0,0.0327373703727185,7.0
9272.0,0.0424514862833837,7.0
5597.0,0.0209670139482782,8.0
34263.0,0.0200985990387302,9.0
38373.0,0.0233007264756171,7.0
16842.0,0.0199065267524601,9.0
9089.0,0.0173576566304071,5.0
4973.0,0.0300563763582566,10.0
5095.0,0.0392740662973334,9.0
5261.0,0.027857169967558,3.0
16890.0,0.0337140089237302,7.0
16959.0,0.0275795792652434,6.0
12108.0,0.0273129920108087,9.0
13400.0,0.0280760353768224,4.0
16674.0,0.0263046597177036,4.0
22743.0,0.0344035894184077,9.0
10995.0,0.0213537231040378,13.0
16299.0,0.0305402434651468,8.0
17701.0,0.0293897576198725,5.0
14881.0,0.0237317724600168,6.0
3416.0,0.025756947974054,3.0
24220.0,0.0154183644300565,9.0
20128.0,0.0209133618528105,11.0
4336.0,0.0283580575372281,7.0
24948.0,0.0260402647674588,11.0
13058.0,0.0188627849343395,6.0
9561.0,0.0222162190660709,9.0
20870.0,0.0202901319855691,9.0
16861.0,0.0542511312193289,10.0
10092.0,0.0444343296809054,9.0
11309.0,0.0233827749586953,13.0
28902.0,0.0413849973976641,5.0
18868.0,0.0290299114436931,13.0
22678.0,0.0314072423164783,11.0
17298.0,0.0275566340610765,6.0
11509.0,0.0385945574649944,8.0
14853.0,0.0126545117944622,9.0
25820.0,0.0272288249860364,8.0
9146.0,0.0285054367940514,7.0
16338.0,0.0390522637360202,4.0
14129.0,0.0189872486605419,9.0
18548.0,0.0226412177896446,5.0
7280.0,0.0234361555935452,7.0
0.0,0.0283528617236419,13.0
11689.0,0.0110291578711805,9.0
3825.0,0.0129227892072655,7.0
9105.0,0.0142701819157435,9.0
5497.0,0.01328914117385,6.0
0.0,0.0264241598705991,3.0
0.0,0.0391491477619105,1.0
0.0,0.0246226278202791,6.0
3179.0,0.0246641181237212,6.0
9449.0,0.021941552173702,6.0
7608.0,0.0180571855982215,3.0
0.0,0.0416964369892226,6.0
0.0,0.0058625841291742,6.0
0.0,0.0266355104987892,6.0
0.0,0.0229432109539502,6.0
0.0,0.0003126561002146,5.0
0.0,0.0199844239278837,10.0
0.0,0.0,8.0
0.0,0.0,11.0
0.0,0.0,7.0
0.0,0.0,7.0
0.0,0.0,8.0
0.0,0.0,6.0
0.0,0.0,11.0
0.0,0.0,5.0
0.0,0.0,11.0
0.0,0.0,6.0
0.0,0.0,13.0
0.0,0.0,4.0
0.0,0.0,5.0
0.0,0.0,9.0
0.0,0.0,7.0
0.0,0.0,3.0
0.0,0.0,6.0
0.0,0.0,6.0
0.0,0.0,7.0
0.0,0.0,8.0
0.0,0.0,6.0
0.0,0.0,6.0
0.0,0.0,7.0
0.0,0.0,10.0
0.0,0.0,10.0
0.0,0.0,10.0
0.0,0.0,12.0
0.0,0.0171924156662243,12.0
0.0,0.0209504832077802,3.0
0.0,0.010654602792364,3.0
0.0,0.0214176800613933,8.0
0.0,0.022963420867436,7.0
0.0,0.0389384367478646,6.0
0.0,0.047500677740638,9.0
0.0,0.005139242813643,5.0
0.0,0.0190168267197116,13.0
0.0,0.0192021877094294,15.0
0.0,0.0178172846170358,13.0
0.0,0.0112296172091076,14.0
0.0,0.021490593560417,14.0
0.0,0.0098353693386169,13.0
0.0,0.0256861335900072,14.0
0.0,0.014549687093294,13.0
0.0,0.0175843134634605,15.0
0.0,0.0181887422016232,15.0
0.0,0.006216543607103,14.0
0.0,0.0096161453341711,15.0
0.0,0.0291456909449917,11.0
0.0,0.0291819109971543,11.0
0.0,0.0242267284365675,15.0
0.0,0.024810605108149,12.0
0.0,0.0221111102978676,12.0
0.0,0.0,13.0
0.0,0.0,11.0
0.0,0.0,13.0
0.0,0.0,11.0
0.0,0.0,14.0
0.0,0.0,13.0
0.0,0.0,13.0
0.0,0.0,14.0
0.0,0.0,11.0
0.0,0.0,13.0
0.0,0.0,12.0
0.0,0.0,13.0
0.0,0.0,14.0
0.0,0.0,11.0
0.0,0.0,12.0
15629.0,0.0098040209683098,15.0
6168.0,0.0201645727294431,13.0
22272.0,0.0343246086266859,9.0
36001.0,0.0339460167432765,10.0
49370.0,0.0226241353390069,15.0
32518.0,0.0233076449833757,14.0
6873.0,0.0140242062397657,13.0
7255.0,0.0387484153771113,13.0
9696.0,0.0200722330099631,12.0
8627.0,0.0197570435504471,15.0
14024.0,0.0238083209332827,11.0
369.0,0.0434680743683053,15.0
0.0,0.0222473725819719,11.0
26393.0,0.044880568862749,5.0
15492.0,0.0445496155737512,9.0
18773.0,0.027596712950049,11.0
28762.0,0.0458169607598092,10.0
16615.0,0.0397412884946328,13.0
34193.0,0.0383288304798132,13.0
11205.0,0.0068889080142317,15.0
23472.0,0.0334900769794358,13.0
36231.0,0.0358935947997006,13.0
15518.0,0.0315511770564954,13.0
22789.0,0.0075603418023568,12.0
21809.0,0.0250324970648226,11.0
43273.0,0.0288366924009133,6.0
44964.0,0.0310288680307215,11.0
29377.0,0.030023142243527,5.0
28922.0,0.0378516914884296,13.0
26033.0,0.0355491012952559,13.0
46065.0,0.009003225447862,14.0
55701.0,0.0240343317510429,14.0
39630.0,0.0109706103361667,13.0
45662.0,0.0226132662591768,10.0
47849.0,0.0371212810074487,8.0
25908.0,0.0443105120993388,7.0
17581.0,0.0222855351693922,8.0
1238.0,0.0398752796093935,2.0
25721.0,0.0323937942535462,10.0
35177.0,0.0176606544855571,10.0
20509.0,0.0214387586211655,5.0
6413.0,0.0275206199975096,11.0
22346.0,0.0295903992832173,9.0
13495.0,0.0431681657531847,5.0
8778.0,0.0147903496848283,7.0
10713.0,0.036442568784732,8.0
13876.0,0.0275113661709692,9.0
0.0,0.0179660149565656,8.0
9376.0,0.0397782454216361,2.0
18536.0,0.0435361151552768,6.0
24279.0,0.028019660933799,10.0
12817.0,0.0442597331372162,8.0
26049.0,0.0168531609489051,11.0
14287.0,0.0238551489182592,5.0
11562.0,0.0163393864002296,3.0
10232.0,0.028667192014517,8.0
29670.0,0.022266005516074,5.0
23386.0,0.0207798260435891,10.0
9775.0,0.0217821327339937,6.0
7450.0,0.0415822205754041,12.0
15620.0,0.0361374772700966,10.0
9771.0,0.051797225855502,12.0
9050.0,0.03221737543097,11.0
19075.0,0.0131488366245781,8.0
6474.0,0.0275156743771638,7.0
11068.0,0.0352376269159146,10.0
19081.0,0.0339535794464998,6.0
22340.0,0.0359072462150091,13.0
24819.0,0.037721601817729,8.0
27726.0,0.0297229857547094,9.0
10564.0,0.0170030189071665,8.0
12442.0,0.0295626201877687,9.0
21037.0,0.0253369827888799,10.0
11859.0,0.029229233913804,6.0
20850.0,0.0232985832428041,2.0
6307.0,0.0260576689460457,10.0
21311.0,0.0035161991032245,6.0
10534.0,0.0185845050317798,11.0
6236.0,0.0307765589396471,6.0
7785.0,0.0193612224691842,7.0
5333.0,0.0310586881520622,14.0
3311.0,0.0226690747916864,8.0
9535.0,0.0259377619132404,5.0
4122.0,0.0234626906078213,10.0
10554.0,0.0048060502641724,9.0
20576.0,0.0321934687556405,4.0
0.0,0.0181804244203885,6.0
5398.0,0.0248394549505546,4.0
257.0,0.0207937596450164,8.0
0.0,0.0,5.0
0.0,0.0146863253683095,5.0
0.0,0.0233557878761661,3.0
0.0,0.0260131903876646,8.0
0.0,0.01590315325671,7.0
0.0,0.006697606101039,11.0
0.0,0.0210792816628364,9.0
0.0,0.0,11.0
0.0,0.0,10.0
0.0,0.0,9.0
0.0,0.0,7.0
0.0,0.0,5.0
0.0,0.0,10.0
0.0,0.0,4.0
0.0,0.0,12.0
0.0,0.0,4.0
0.0,0.0,15.0
0.0,0.0,4.0
0.0,0.0,9.0
0.0,0.0,11.0
0.0,0.0,11.0
0.0,0.0,7.0
0.0,0.0,5.0
0.0,0.0,1.0
0.0,0.0,7.0
0.0,0.0,3.0
0.0,0.0,2.0
0.0,0.0,5.0
0.0,0.0,8.0
0.0,0.0,11.0
0.0,0.0,12.0
0.0,0.0,8.0
0.0,0.0,10.0
0.0,0.0260560201804608,11.0
0.0,0.0411646795395711,2.0
0.0,0.0224529180082584,4.0
0.0,0.0150386569575494,8.0
0.0,0.0150247056177858,6.0
0.0,0.005163197350283,7.0
0.0,0.0240335257445525,6.0
0.0,0.0219051046598289,9.0
0.0,0.0218574254830548,11.0
0.0,0.0072732743457936,11.0
0.0,0.0202881569985242,15.0
0.0,0.0272560335337854,15.0
0.0,0.0126615626774415,14.0
0.0,0.0056102227210766,11.0
0.0,0.0278130122294411,11.0
0.0,0.009500900641638,13.0
0.0,0.019214557368994,13.0
0.0,0.0177089260639894,10.0
0.0,0.0132769289199474,12.0
0.0,0.008221972530064,11.0
0.0,0.0122222350609946,12.0
0.0,0.0115386601756268,12.0
0.0,0.0,15.0
0.0,0.0215590239977136,15.0
0.0,0.0308578626633767,15.0
0.0,0.0,11.0
0.0,0.0,15.0
0.0,0.0,11.0
0.0,0.0,15.0
0.0,0.0,12.0
0.0,0.0,15.0
0.0,0.0,12.0
0.0,0.0,15.0
0.0,0.0,13.0
0.0,0.0,14.0
0.0,0.0,15.0
0.0,0.0,12.0
0.0,0.0,13.0
0.0,0.0,15.0
0.0,0.0,14.0
19493.0,0.0147747976735756,15.0
6161.0,0.0169195418951038,11.0
26928.0,0.0277917524371572,12.0
39003.0,0.0134743708422672,15.0
41798.0,0.0379715947637465,11.0
26762.0,0.0044417595399202,15.0
12719.0,0.0278714459284723,11.0
11333.0,0.0162630403559183,15.0
9265.0,0.0462114396815974,10.0
4183.0,0.0424252777243653,15.0
0.0,0.0327954178921321,12.0
17801.0,0.0359169657538522,15.0
10765.0,0.0260571462129121,13.0
9906.0,0.0438164484988641,9.0
28318.0,0.0287430527184906,9.0
21277.0,0.0293768419244865,8.0
19570.0,0.0319122452826153,11.0
9221.0,0.0377627239323234,9.0
29794.0,0.0462469715511932,14.0
16931.0,0.0378988530524933,15.0
25925.0,0.0280730567663681,12.0
26683.0,0.0320480164860295,14.0
21670.0,0.0194554935001656,12.0
23705.0,0.0572888754166274,15.0
30382.0,0.028630349178618,7.0
27398.0,0.0398615802040035,10.0
51204.0,0.0311026942101731,10.0
32074.0,0.0214792420984425,8.0
27956.0,0.0165316917223003,14.0
24986.0,0.035051299022881,13.0
58166.0,0.0375021861216753,11.0
58460.0,0.0349259985562304,8.0
38498.0,0.019032038468466,12.0
51481.0,0.0153885853987149,12.0
46051.0,0.034910354674782,5.0
19781.0,0.0163276237924872,13.0
8620.0,0.0203393977132396,9.0
7756.0,0.0207080996774658,7.0
24309.0,0.041300651156423,11.0
32177.0,0.032270827216819,10.0
9092.0,0.0217166960883312,8.0
0.0,0.0272415723664293,5.0
5495.0,0.0136006972877691,8.0
14732.0,0.0300928661986438,5.0
5840.0,0.0347591983582085,5.0
9917.0,0.023890475827917,6.0
7474.0,0.0378653545292635,12.0
0.0,0.0460503954946273,8.0
14322.0,0.0393219199961174,5.0
9294.0,0.0315250949159107,7.0
19663.0,0.015174467970042,7.0
17181.0,0.0126318585318039,11.0
24474.0,0.0246587168157486,10.0
19430.0,0.0280430327433084,5.0
12317.0,0.0163985487882912,6.0
9706.0,0.0283262634878063,9.0
30162.0,0.0319362361663596,9.0
22300.0,0.0321566636303878,8.0
4109.0,0.025648333510808,11.0
11683.0,0.0187192038317777,10.0
2237.0,0.0181354599997208,5.0
6324.0,0.0263877924871488,12.0
22008.0,0.0400412951236554,8.0
17580.0,0.0248682293364661,12.0
21190.0,0.0394303539838837,9.0
13890.0,0.0416101460713267,9.0
22844.0,0.0148000323592958,6.0
18262.0,0.0231380814574992,13.0
34228.0,0.0174205896417089,11.0
26022.0,0.0270455380022931,8.0
10393.0,0.0214253953434464,7.0
8887.0,0.0236027472181673,8.0
20620.0,0.0384627289184637,8.0
14090.0,0.0453808098590511,6.0
18092.0,0.035459103186943,6.0
22518.0,0.0279289828796546,6.0
12797.0,0.0270238370237622,4.0
7943.0,0.0404172885448375,10.0
1455.0,0.0378103034008314,11.0
16421.0,0.0275276002979436,9.0
0.0,0.0150579719143263,11.0
2910.0,0.0290361320604205,5.0
0.0,0.034448496990706,3.0
7396.0,0.0341701047311417,5.0
2532.0,0.0121735224434797,9.0
3230.0,0.0176447745639766,8.0
0.0,0.0311713011104554,8.0
0.0,0.0191442917010027,9.0
0.0,0.018889367586831,4.0
0.0,0.0277431481288011,8.0
0.0,0.0417501856509051,6.0
0.0,0.0203465254579175,6.0
0.0,0.0202027235771272,11.0
0.0,0.0208542952051053,5.0
0.0,0.010074768892715,10.0
0.0,0.0037324807774808,10.0
0.0,0.0,10.0
0.0,0.0,10.0
0.0,0.0,8.0
0.0,0.0,7.0
0.0,0.0,7.0
0.0,0.0,5.0
0.0,0.0,4.0
0.0,0.0,10.0
0.0,0.0,6.0
0.0,0.0,11.0
0.0,0.0,10.0
0.0,0.0,9.0
0.0,0.0,9.0
0.0,0.0,6.0
0.0,0.0,6.0
0.0,0.0,2.0
0.0,0.0,4.0
0.0,0.0,4.0
0.0,0.0,4.0
0.0,0.0,7.0
0.0,0.0,6.0
0.0,0.0,9.0
0.0,0.0,15.0
0.0,0.0,12.0
0.0,0.0,13.0
0.0,0.0,10.0
0.0,0.0169875922063277,12.0
0.0,0.0053682654927102,5.0
0.0,0.0154379710216353,3.0
0.0,0.0172213240272298,13.0
0.0,0.0186973816391273,7.0
0.0,0.0227667651466054,4.0
0.0,0.0379046126724016,10.0
0.0,0.0140656403295567,5.0
0.0,0.0192900870119907,13.0
0.0,0.0185388155496832,12.0
0.0,0.0099857135230751,15.0
0.0,0.0,14.0
0.0,0.0233915485081581,15.0
0.0,0.0259936373723777,13.0
0.0,0.0187207394772616,14.0
0.0,0.0192947918948641,13.0
0.0,0.0,12.0
0.0,0.0178148255337418,15.0
0.0,0.0128748010735783,15.0
0.0,0.0243242820531498,11.0
0.0,0.0204297437767024,11.0
0.0,0.0130655119124449,15.0
0.0,0.0020657152554836,12.0
0.0,0.0198351857997595,12.0
0.0,0.0091260489311739,15.0
0.0,0.0,15.0
0.0,0.0,12.0
0.0,0.0,15.0
0.0,0.0,13.0
0.0,0.0,14.0
0.0,0.0,12.0
0.0,0.0,14.0
0.0,0.0,11.0
0.0,0.0,11.0
0.0,0.0,9.0
0.0,0.0,12.0
0.0,0.0,13.0
0.0,0.0,14.0
0.0,0.0,15.0
0.0,0.0,11.0
15046.0,0.0252959841190948,13.0
0.0,0.014479369845692,12.0
29928.0,0.0218857777116104,12.0
47435.0,0.0285750362300595,10.0
52692.0,0.0155468469272063,12.0
32853.0,0.0212010993936006,12.0
18980.0,0.0386438266073157,9.0
13602.0,0.016435497881137,14.0
6240.0,0.0214894455759653,15.0
24153.0,0.0492298320659475,14.0
20432.0,0.0431789402080357,9.0
3006.0,0.0297121927381329,15.0
0.0,0.0255048780353081,11.0
19164.0,0.0533937208633702,8.0
17504.0,0.0469975131084621,4.0
20471.0,0.0353117577425369,8.0
22280.0,0.0007977813810633,13.0
7480.0,0.0330666472311588,13.0
31925.0,0.0450899288799077,13.0
19534.0,0.0201002433218489,12.0
28313.0,0.017705780402229,10.0
23203.0,0.0340611229299378,15.0
16208.0,0.0353258177436559,12.0
29003.0,0.0121624000764437,11.0
19681.0,0.0464348190004852,10.0
24209.0,0.0297374720295621,11.0
41690.0,0.0306431275248953,13.0
31791.0,0.0488862489254621,10.0
34569.0,0.0260097259941164,15.0
31262.0,0.0258160568252035,15.0
54639.0,0.0231594877649975,13.0
51671.0,0.0289500649748704,12.0
55035.0,0.0462862865068494,13.0
62201.0,0.046447823398601,12.0
50800.0,0.0174862552416605,11.0
18072.0,0.0213153840672406,12.0
3676.0,0.0365517534839982,6.0
14458.0,0.0255425284147755,3.0
31399.0,0.01837168637238,9.0
32292.0,0.0222789334849388,10.0
19146.0,0.034541355343733,6.0
22938.0,0.0221858048489657,11.0
10367.0,0.0243702300574124,7.0
3698.0,0.0264697440499751,11.0
13724.0,0.002904034821909,9.0
23429.0,0.0372515559996135,6.0
14523.0,0.0344030145781752,7.0
13976.0,0.0134902479132868,12.0
14503.0,0.0231881142391037,7.0
17158.0,0.0373026369829463,7.0
31553.0,0.0362749650586293,9.0
15078.0,0.0326177995905643,9.0
19909.0,0.0356926529702566,8.0
23741.0,0.0294822280762644,6.0
5536.0,0.0432414022442247,3.0
3746.0,0.0307192354757261,4.0
21859.0,0.0138895663656199,7.0
15270.0,0.0209614471164762,8.0
2731.0,0.0241432815048423,11.0
18344.0,0.0284212156490078,8.0
16702.0,0.0360040392187136,10.0
14088.0,0.0316633645593335,9.0
17204.0,0.0452312718135382,7.0
9136.0,0.0313407391837362,12.0
2519.0,0.0138870105937678,13.0
3548.0,0.0242127265728283,13.0
23088.0,0.0101149514261642,7.0
23489.0,0.0072833243727871,12.0
22414.0,0.031520002455935,9.0
30604.0,0.0329596750698746,11.0
9985.0,0.0274210384147798,10.0
9563.0,0.0112066604575766,10.0
18491.0,0.035435522701026,8.0
20258.0,0.0402031711452078,4.0
29173.0,0.0069695795467856,7.0
16650.0,0.010197607961662,11.0
24481.0,0.0321173848142995,7.0
15621.0,0.0201383545479257,8.0
927.0,0.0116357629288813,14.0
0.0,0.0246610234345537,5.0
0.0,0.0151664798639104,13.0
1653.0,0.0201964829728108,10.0
4027.0,0.0206800625463383,2.0
10288.0,0.0110156186414207,5.0
1130.0,0.0308279939164499,6.0
994.0,0.0138407337723516,5.0
9787.0,0.03357735460631,12.0
4797.0,0.0205850820396768,6.0
0.0,0.0432378742416763,4.0
0.0,0.036945657572236,5.0
0.0,0.0118953685075316,6.0
0.0,0.0070661446129109,6.0
0.0,0.0111620691210522,12.0
0.0,0.0,7.0
0.0,0.0293326921497018,7.0
0.0,0.0162804235876276,5.0
0.0,0.0,13.0
0.0,0.0,10.0
0.0,0.0,7.0
0.0,0.0,13.0
0.0,0.0,8.0
0.0,0.0,7.0
0.0,0.0,5.0
0.0,0.0,10.0
0.0,0.0,6.0
0.0,0.0,12.0
0.0,0.0,7.0
0.0,0.0,7.0
0.0,0.0,6.0
0.0,0.0,6.0
0.0,0.0,6.0
0.0,0.0,4.0
0.0,0.0,6.0
0.0,0.0,6.0
0.0,0.0,6.0
0.0,0.0,5.0
0.0,0.0,4.0
0.0,0.0,11.0
0.0,0.0,10.0
0.0,0.0,9.0
0.0,0.0,14.0
0.0,0.0,15.0
0.0,0.0186450252116169,7.0
0.0,0.011545165800601,8.0
0.0,0.018284721639379,2.0
0.0,0.0151268968329602,10.0
0.0,0.0009099299023625,6.0
0.0,0.0238553862230781,7.0
0.0,0.0281228791369578,9.0
0.0,0.0178462379122,4.0
0.0,0.005420402572938,14.0
0.0,0.0305658573902841,14.0
0.0,0.0024051858653508,11.0
0.0,0.0118114988589667,15.0
0.0,0.0359854258894682,15.0
0.0,0.0396285504962643,12.0
0.0,0.0128954807418254,15.0
0.0,0.007713045945023,15.0
0.0,0.0306843720608561,11.0
0.0,0.0066773003803324,15.0
0.0,0.0182406558419498,12.0
0.0,0.0266163168653237,15.0
0.0,0.0191865126959442,14.0
0.0,0.0217995413539691,14.0
0.0,0.0075350683054133,15.0
0.0,0.0039411462403569,13.0
0.0,0.0315137253568749,11.0
0.0,0.0,15.0
0.0,0.0,12.0
0.0,0.0,13.0
0.0,0.0,11.0
0.0,0.0,14.0
0.0,0.0,12.0
0.0,0.0,14.0
0.0,0.0,12.0
0.0,0.0,11.0
0.0,0.0,15.0
0.0,0.0,11.0
0.0,0.0,14.0
0.0,0.0,13.0
0.0,0.0,15.0
0.0,0.0,11.0
16710.0,0.022602862201136,11.0
0.0,0.0193074315619578,15.0
24101.0,0.0038476226697472,13.0
26426.0,0.0274170523103114,13.0
54830.0,0.0133610626619295,11.0
23605.0,0.0184024966689727,12.0
9414.0,0.0051381605603283,15.0
6063.0,0.0408882154214896,12.0
7683.0,0.0372191881711493,11.0
9850.0,0.0184564561886695,12.0
16105.0,0.0392352219858542,13.0
1843.0,0.0223769988575001,11.0
8263.0,0.043590330211102,13.0
17832.0,0.0191935797159368,10.0
18743.0,0.0315802906063795,6.0
18135.0,0.0323745298222747,7.0
26209.0,0.0341908658692658,10.0
7135.0,0.0264417557300711,12.0
36870.0,0.0250228923176895,8.0
19644.0,0.0126955262292022,12.0
37587.0,0.0384061519541339,12.0
30593.0,0.034281404535265,11.0
16773.0,0.022955876664503,10.0
17500.0,0.0282097500786467,11.0
22256.0,0.0147506133573871,9.0
23091.0,0.0214663824099488,11.0
38331.0,0.0335662300476822,11.0
35635.0,0.0266844570142544,13.0
26681.0,0.0294726618548437,13.0
31456.0,0.0080283390781331,13.0
55332.0,0.0257044471330573,12.0
50169.0,0.0193287493607528,13.0
49088.0,0.0343527216008836,11.0
54279.0,0.0274050822960986,8.0
50720.0,0.015460121109588,7.0
15389.0,0.0386901332932124,10.0
14029.0,0.020834174298157,8.0
17105.0,0.0280616952079574,4.0
27383.0,0.0144490818280773,9.0
33760.0,0.0156188194639798,10.0
16709.0,0.022616921265681,10.0
2890.0,0.0297470998034392,5.0
9923.0,0.0376033926074003,8.0
11551.0,0.041316152366163,10.0
7602.0,0.0384812903424229,3.0
19628.0,0.0211951674375037,5.0
20326.0,0.030632811591727,8.0
7770.0,0.0085345090854479,5.0
13983.0,0.0255563503819812,3.0
11850.0,0.0115259303790149,4.0
29474.0,0.0215191449608893,9.0
9599.0,0.0268524612550046,8.0
17547.0,0.0263307107368795,9.0
10961.0,0.0421567489163345,7.0
22279.0,0.0313961928336429,4.0
5012.0,0.0153765774382449,8.0
19591.0,0.0239892952250772,8.0
15558.0,0.0238258167118128,8.0
12315.0,0.0171145098198892,10.0
21834.0,0.0296293506816609,6.0
28482.0,0.0460857386612093,8.0
6018.0,0.0369059701594002,11.0
11752.0,0.0269136754787632,14.0
22158.0,0.0317441674326544,9.0
10830.0,0.035711281082796,10.0
13582.0,0.0311389471583716,11.0
15031.0,0.0452896275128737,8.0
24920.0,0.0111393969651862,15.0
23558.0,0.0236825293035081,10.0
25987.0,0.0393444922267798,5.0
16176.0,0.0337575548861196,10.0
15114.0,0.0369115439903386,9.0
17252.0,0.0426802040041675,8.0
13700.0,0.0270469361567484,5.0
14450.0,0.0138250014246785,6.0
17666.0,0.023986902284692,7.0
10926.0,0.0053940416286165,6.0
14380.0,0.0237485216106184,6.0
648.0,0.0182892683350538,12.0
0.0,0.0075759667057472,6.0
2546.0,0.0091653609286393,8.0
6293.0,0.0100013523509409,7.0
10159.0,0.0108187443159676,9.0
0.0,0.011542096016679,3.0
0.0,0.0085935482189113,6.0
5125.0,0.0309825679301546,7.0
11804.0,0.0388398058111151,8.0
0.0,0.0318284001939382,5.0
10712.0,0.0072627421542705,6.0
0.0,0.029180264280027,7.0
0.0,0.0161222933597661,6.0
0.0,0.0108235181380262,8.0
0.0,0.0153146474802228,5.0
0.0,0.0253500863197502,3.0
0.0,0.0120662543131702,10.0
0.0,0.0231227968567095,7.0
0.0,0.0,7.0
0.0,0.0,7.0
0.0,0.0,8.0
0.0,0.0,10.0
0.0,0.0,10.0
0.0,0.0,7.0
0.0,0.0,2.0
0.0,0.0,7.0
0.0,0.0,8.0
0.0,0.0,12.0
0.0,0.0,3.0
0.0,0.0,3.0
0.0,0.0,9.0
0.0,0.0,10.0
0.0,0.0,4.0
0.0,0.0,5.0
0.0,0.0,4.0
0.0,0.0,5.0
0.0,0.0,6.0
0.0,0.0,9.0
0.0,0.0,2.0
0.0,0.0,7.0
0.0,0.0,12.0
0.0,0.0,11.0
0.0,0.0,12.0
0.0,0.0,11.0
0.0,0.0141422861088913,8.0
0.0,0.0331420691682461,5.0
0.0,0.0077781038055624,8.0
0.0,0.0193764664098296,9.0
0.0,0.018877862516599,5.0
0.0,0.0101513881245338,8.0
0.0,0.0002941534006913,6.0
0.0,0.0362198845262779,6.0
0.0,0.0021602017407914,14.0
0.0,0.026680191245756,15.0
0.0,0.0083248780275186,13.0
0.0,0.0143660961651157,12.0
0.0,0.0201733714216789,11.0
0.0,0.0366509255694545,14.0
0.0,0.0067966169301588,13.0
0.0,0.0218251334884334,12.0
0.0,0.0145061141987988,14.0
0.0,0.0244695714254781,14.0
0.0,0.026980631985306,11.0
0.0,0.0029804772198581,12.0
0.0,0.0252576481215787,11.0
0.0,0.0103475344167098,11.0
0.0,0.0139212358686279,11.0
0.0,0.0074180112667354,14.0
0.0,0.0213392216609619,15.0
0.0,0.0,13.0
0.0,0.0,13.0
0.0,0.0,14.0
0.0,0.0,15.0
0.0,0.0,14.0
0.0,0.0,15.0
0.0,0.0,15.0
0.0,0.0,11.0
0.0,0.0,13.0
0.0,0.0,11.0
0.0,0.0,10.0
0.0,0.0,15.0
0.0,0.0,13.0
0.0,0.0,10.0
0.0,0.0,12.0
12934.0,0.026795303620051,14.0
9852.0,0.021174383174033,12.0
26119.0,0.0071498677883027,10.0
37542.0,0.007401551171172,14.0
43309.0,0.0335871146697094,13.0
22710.0,0.0016132716753372,12.0
9744.0,0.0080199115635987,12.0
1946.0,0.0244384074235766,11.0
6786.0,0.0293339181533251,14.0
0.0,0.0296057895508421,13.0
5126.0,0.0459867379278081,15.0
27.0,0.014854329225448,15.0
5803.0,0.0216313632826065,15.0
19458.0,0.0292790306553508,7.0
15028.0,0.0394097415351336,9.0
30024.0,0.0176917358927856,11.0
15769.0,0.0330280545125875,10.0
11853.0,0.0341945392948713,10.0
26160.0,0.0244831880951241,15.0
5941.0,0.0345601453319918,11.0
32423.0,0.0223875615504066,14.0
34332.0,0.0218771401908771,15.0
19673.0,0.0567043748908876,13.0
28435.0,0.0291004015423158,12.0
15022.0,0.0117574451605206,11.0
22995.0,0.0141577797018565,6.0
41392.0,0.0324802926773422,11.0
21994.0,0.0414791398904357,10.0
33473.0,0.0558008914444365,13.0
31687.0,0.0204575050437565,14.0
73854.0,0.0167278615461896,13.0
47509.0,0.0289841025851112,14.0
52963.0,0.0276077820448962,13.0
57155.0,0.0277358795377566,12.0
46618.0,0.0206657873589888,8.0
14638.0,0.010851187180083,5.0
14560.0,0.0167254202153687,10.0
9632.0,0.0304715951819103,6.0
34460.0,0.022220533222877,9.0
30089.0,0.0393859178649887,6.0
21683.0,0.0095549598385428,9.0
10506.0,0.0227836776175348,7.0
13621.0,0.0267511024025149,9.0
9217.0,0.010095363463557,9.0
6650.0,0.0306279052655392,5.0
14062.0,0.0241918603274337,7.0
9138.0,0.012130263334088,4.0
7364.0,0.0309593140207512,13.0
16374.0,0.0376176635989125,7.0
14413.0,0.0321108168477829,8.0
21487.0,0.0189801688915974,9.0
20273.0,0.0230318193427737,12.0
27998.0,0.0394282730387948,7.0
12973.0,0.0243747625981534,5.0
9267.0,0.0100593095594302,1.0
14803.0,0.0148799925086735,8.0
26463.0,0.0381301802988579,6.0
30713.0,0.0151179716403869,9.0
3173.0,0.0360766454551848,8.0
7931.0,0.0110113216186138,13.0
13840.0,0.0116667628642508,11.0
5060.0,0.0144026364003358,5.0
3180.0,0.0,8.0
14988.0,0.0313767347336826,10.0
4623.0,0.0213395242810711,10.0
4794.0,0.0468917611402443,12.0
34294.0,0.0338781170010943,7.0
22646.0,0.0287965842047133,13.0
18178.0,0.0200480863670549,9.0
21489.0,0.045024685068836,7.0
7722.0,0.0318028607891432,7.0
17749.0,0.0313290347064574,10.0
16571.0,0.0194071427261352,8.0
13647.0,0.0222237446760752,6.0
17575.0,0.0345498421778801,4.0
15766.0,0.0294682424415508,8.0
22193.0,0.0237098939943841,6.0
0.0,0.0223701738248908,6.0
3270.0,0.0375662805428784,12.0
5717.0,0.0255175953442769,9.0
0.0,0.0390189355435403,7.0
4222.0,0.0197787562284858,9.0
4205.0,0.0415035870080994,7.0
7444.0,0.0174253040644716,2.0
0.0,0.0164439391201339,6.0
1238.0,0.0209282045003048,5.0
6796.0,0.0302154606481602,9.0
12107.0,0.0113251126285368,6.0
0.0,0.0089091674020557,5.0
0.0,0.0368548200031303,8.0
0.0,0.0314239855306204,6.0
0.0,0.0090800485564516,4.0
0.0,0.003439992044538,7.0
0.0,0.0138062642357629,3.0
0.0,0.0196941228542474,11.0
0.0,3.0219666532643047e-05,7.0
0.0,0.0,6.0
0.0,0.0,8.0
0.0,0.0,7.0
0.0,0.0,8.0
0.0,0.0,12.0
0.0,0.0,7.0
0.0,0.0,7.0
0.0,0.0,12.0
0.0,0.0,4.0
0.0,0.0,15.0
0.0,0.0,7.0
0.0,0.0,6.0
0.0,0.0,10.0
0.0,0.0,11.0
0.0,0.0,4.0
0.0,0.0,9.0
0.0,0.0,4.0
0.0,0.0,5.0
0.0,0.0,8.0
0.0,0.0,8.0
0.0,0.0,4.0
0.0,0.0,9.0
0.0,0.0,14.0
0.0,0.0,9.0
0.0,0.0,9.0
0.0,0.0,9.0
0.0,0.0120201936921383,8.0
0.0,0.0313760256146272,6.0
0.0,0.0,2.0
0.0,0.009033649504355,10.0
0.0,0.0101994951030559,10.0
0.0,0.0180694459182987,7.0
0.0,0.0153899806029754,9.0
0.0,0.0325718747978305,6.0
0.0,0.0,13.0
0.0,0.0258565074859487,12.0
0.0,0.005113638963975,13.0
0.0,0.0244747435893666,10.0
0.0,0.017876694429678,11.0
0.0,0.0289197274987276,14.0
0.0,0.0145049189666802,14.0
0.0,0.0015315415748453,12.0
0.0,0.0215761891892,13.0
0.0,0.0075639318945715,12.0
0.0,0.0097634449915916,15.0
0.0,0.0,12.0
0.0,0.0255094597718029,13.0
0.0,0.0,15.0
0.0,0.0231909148283254,12.0
0.0,0.0201637744206546,9.0
0.0,0.024106055952381,14.0
0.0,0.0,15.0
0.0,0.0,15.0
0.0,0.0,15.0
0.0,0.0,15.0
0.0,0.0,11.0
0.0,0.0,14.0
0.0,0.0,9.0
0.0,0.0,12.0
0.0,0.0,14.0
0.0,0.0,13.0
0.0,0.0,14.0
0.0,0.0,14.0
0.0,0.0,13.0
0.0,0.0,10.0
0.0,0.0,11.0
15656.0,0.0108528710252556,13.0
11741.0,0.00514532623314,11.0
30980.0,0.0,14.0
46224.0,0.0087036286216445,10.0
53991.0,0.0212593269380944,11.0
23230.0,0.0237339576818641,14.0
232.0,0.0332086747320864,15.0
7596.0,0.024361995076866,15.0
0.0,0.0429303996729466,11.0
1225.0,0.0228351815149397,12.0
9921.0,0.0246497598973914,13.0
14491.0,0.0273545933843385,15.0
15014.0,0.045313722952403,13.0
17623.0,0.0277155340453012,8.0
21485.0,0.0113885623094549,11.0
22747.0,0.033019292477501,12.0
16597.0,0.0141307730044364,14.0
5997.0,0.0296824917284147,15.0
35145.0,0.0386853682652927,15.0
20326.0,0.0367063288364557,8.0
35177.0,0.0212479961360671,14.0
29637.0,0.0397032597620742,13.0
14674.0,0.0312841257284947,13.0
27132.0,0.0171623888461829,13.0
19886.0,0.0217892193584718,9.0
24192.0,0.041008190514579,8.0
40807.0,0.0231283840117083,15.0
25916.0,0.0231284530209291,12.0
32212.0,0.0300901590530204,8.0
32403.0,0.0312526385903188,10.0
49412.0,0.0318224621287432,8.0
65965.0,0.029002062536607,13.0
51700.0,0.0083139163209139,10.0
50211.0,0.0298904457640853,6.0
45619.0,0.0106433797377205,9.0
14467.0,0.0286923276980133,7.0
13727.0,0.0196569037993145,10.0
11293.0,0.034954150285273,1.0
25429.0,0.0127646420400838,8.0
32606.0,0.0160142602866764,13.0
24875.0,0.0141442530489218,10.0
1517.0,0.0282620195622864,6.0
12032.0,0.023261368584912,8.0
10639.0,0.0208754861627214,9.0
18418.0,0.0243961887051119,1.0
22507.0,0.0370296385884992,8.0
15212.0,0.0362382416489999,6.0
4481.0,0.0370446800653479,9.0
21517.0,0.01271707147696,5.0
16998.0,0.0,0.0
16182.0,0.0248118927614688,11.0
13416.0,0.0172600982686431,13.0
27511.0,0.0070549618990886,7.0
22274.0,0.0325300012657639,4.0
19755.0,0.0151897384307184,5.0
3458.0,0.0236882839952194,8.0
30125.0,0.0369440772559235,6.0
17498.0,0.0042327142374118,5.0
15932.0,0.0099491981142246,7.0
15592.0,0.0204251427094526,7.0
13647.0,0.0369686747745803,8.0
10651.0,0.0106501201407566,9.0
11142.0,0.0151611537130202,11.0
6846.0,0.0040248470165568,13.0
19528.0,0.0367553702987635,9.0
14767.0,0.0195593993558672,12.0
32170.0,0.022477873723702,5.0
18498.0,0.0445704008168162,14.0
28559.0,0.0169021774009758,5.0
24686.0,0.0235899113973443,7.0
18493.0,0.0363988108119739,6.0
13930.0,0.0358690336674566,9.0
18099.0,0.0055612413257349,8.0
22537.0,0.0044704712538042,10.0
33632.0,0.0227013402290276,4.0
14803.0,0.0393751502923777,9.0
15714.0,0.0233791756358707,3.0
5490.0,0.0167224525708196,9.0
4561.0,0.0194078157829886,10.0
0.0,0.0260071082408269,7.0
4467.0,0.0,7.0
4170.0,0.0099023698761626,7.0
0.0,0.0204266297225795,7.0
1683.0,0.0341264620684391,6.0
0.0,0.0225667086319818,9.0
0.0,0.0200031102987802,9.0
8066.0,0.0199028586876399,5.0
4494.0,0.0323264211341138,8.0
1498.0,0.013373392801273,7.0
0.0,0.0,8.0
0.0,0.0220799417345526,8.0
0.0,0.024548510518331,4.0
0.0,0.0140565746284158,9.0
0.0,0.0101252541023807,5.0
0.0,0.0219538470037413,6.0
0.0,0.0134132838179128,10.0
0.0,0.0,10.0
0.0,0.0,7.0
0.0,0.0,9.0
0.0,0.0,7.0
0.0,0.0,7.0
0.0,0.0,11.0
0.0,0.0,4.0
0.0,0.0,8.0
0.0,0.0,5.0
0.0,0.0,12.0
0.0,0.0,4.0
0.0,0.0,9.0
0.0,0.0,9.0
0.0,0.0,8.0
0.0,0.0,5.0
0.0,0.0,10.0
0.0,0.0,5.0
0.0,0.0,6.0
0.0,0.0,4.0
0.0,0.0,6.0
0.0,0.0,7.0
0.0,0.0,11.0
0.0,0.0,11.0
0.0,0.0,10.0
0.0,0.0,14.0
0.0,0.0,12.0
0.0,0.0199153669363333,10.0
0.0,0.0220430043446135,3.0
0.0,0.0,1.0
0.0,0.0091862211936662,10.0
0.0,0.0422255527768829,9.0
0.0,0.0164856694803182,6.0
0.0,0.0255043500237787,6.0
0.0,0.0082795475392076,5.0
0.0,0.0247430565296964,13.0
0.0,0.0240466430147635,15.0
0.0,0.0465529400691989,12.0
0.0,0.0268473229141968,14.0
0.0,0.0304285281005659,15.0
0.0,0.0098412864588767,12.0
0.0,0.0110213593178142,11.0
0.0,0.0152758369056253,13.0
0.0,0.0003160025864243,12.0
0.0,0.0206896685238679,15.0
0.0,0.0242733240845401,13.0
0.0,0.0114754593882683,15.0
0.0,0.0040923915762752,14.0
0.0,0.0243422691684703,13.0
0.0,0.0036995879371242,15.0
0.0,0.0055862849427867,14.0
0.0,0.0070638944561111,15.0
0.0,0.0,12.0
0.0,0.0,15.0
0.0,0.0,12.0
0.0,0.0,11.0
0.0,0.0,11.0
0.0,0.0,14.0
0.0,0.0,11.0
0.0,0.0,12.0
0.0,0.0,12.0
0.0,0.0,13.0
0.0,0.0,13.0
0.0,0.0,11.0
0.0,0.0,9.0
0.0,0.0,12.0
0.0,0.0,15.0
11142.0,0.0113936644080061,14.0
6291.0,0.021350707224502,13.0
29983.0,0.0226462571130304,11.0
33462.0,0.0236532425983366,12.0
56000.0,0.0097180579256127,12.0
28212.0,0.0221971195940867,13.0
5971.0,0.0294579671200992,15.0
8263.0,0.0313863578796459,14.0
3440.0,0.0183824045668924,13.0
9104.0,0.0313243861597531,10.0
7535.0,0.046801210281481,13.0
7310.0,0.0474990052571487,12.0
0.0,0.0339854966932503,13.0
11644.0,0.0243652107652121,9.0
22538.0,0.0179977479227256,8.0
9934.0,0.0384201626783809,8.0
16907.0,0.0213193377571353,12.0
5054.0,0.0240389125656142,15.0
27172.0,0.0385768158414273,15.0
19720.0,0.0170230439049193,12.0
32813.0,0.0211518961403915,13.0
39515.0,0.0278028430532622,12.0
18136.0,0.0342632130845199,11.0
15570.0,0.0101898079451067,11.0
17230.0,0.0270513623281789,8.0
23660.0,0.0307214455486986,9.0
52299.0,0.0270436358969197,11.0
40027.0,0.0314230438398219,8.0
42776.0,0.0233015071679322,12.0
29712.0,0.0481255414225191,13.0
52930.0,0.0312843586621787,11.0
52148.0,0.0383246056290017,12.0
53045.0,0.0329796790257346,12.0
45161.0,0.0176088681232787,11.0
45081.0,0.022242732792113,6.0
20759.0,0.0259009414429956,11.0
9781.0,0.0423431627208059,9.0
20267.0,0.0163218030128991,3.0
11785.0,0.0253069713791516,9.0
25685.0,0.0209289816249505,10.0
19037.0,0.0224411933610348,8.0
8341.0,0.0114175859665875,8.0
15025.0,0.0274549908961049,5.0
5228.0,0.017576910546846,8.0
10263.0,0.0168375238249689,7.0
13725.0,0.0185979892610177,7.0
15072.0,0.0107443042148902,7.0
3066.0,0.036725982901027,8.0
9905.0,0.0342068890253246,5.0
20893.0,0.0412095332564613,9.0
23587.0,0.0142282227291871,10.0
8853.0,0.0274647459903223,11.0
23862.0,0.0139880861940925,8.0
14914.0,0.0206028406134319,2.0
9873.0,0.0321021703162081,6.0
2284.0,0.0239996193129463,7.0
14710.0,0.0278235445443362,5.0
14088.0,0.0333106320174732,10.0
11126.0,0.0271361383846355,9.0
6916.0,0.0350800468713914,7.0
20385.0,0.0343762183578697,7.0
955.0,0.0274156444782049,9.0
26337.0,0.0198035256471835,8.0
3015.0,0.0218048235710541,13.0
13626.0,0.0443985387394799,8.0
6022.0,0.0412931571379691,12.0
16247.0,0.0339140562279053,6.0
32631.0,0.0493640129876727,14.0
27970.0,0.0215332694933913,8.0
24404.0,0.0079520915860584,5.0
13721.0,0.0209730273074871,6.0
22783.0,0.032490068629608,8.0
20345.0,0.0169614345722576,5.0
7166.0,0.0321847984363758,8.0
24089.0,0.0370012802482054,4.0
11089.0,0.009760111671209,9.0
16703.0,0.0229323380241397,7.0
8151.0,0.0389952745701929,11.0
3421.0,0.03155692019238,12.0
8359.0,0.0349580129761722,10.0
2067.0,0.0296979016227182,7.0
5848.0,0.0070806244069297,6.0
0.0,0.0056292220395697,8.0
2322.0,0.0150446353155717,10.0
3834.0,0.0124455292613073,5.0
0.0,0.0219721905688007,11.0
0.0,0.0145230339149939,5.0
0.0,0.0254319738994635,7.0
4303.0,0.0150675971496917,6.0
0.0,0.0214616493155752,8.0
0.0,0.0317405450897112,10.0
0.0,0.0026259473462429,5.0
0.0,0.0182469917194992,10.0
0.0,0.0095255409559699,8.0
0.0,0.0169437088942687,9.0
0.0,0.0,10.0
0.0,0.0,4.0
0.0,0.0,11.0
0.0,0.0,9.0
0.0,0.0,7.0
0.0,0.0,9.0
0.0,0.0,4.0
0.0,0.0,5.0
0.0,0.0,9.0
0.0,0.0,2.0
0.0,0.0,11.0
0.0,0.0,4.0
0.0,0.0,4.0
0.0,0.0,10.0
0.0,0.0,12.0
0.0,0.0,5.0
0.0,0.0,6.0
0.0,0.0,5.0
0.0,0.0,7.0
0.0,0.0,9.0
0.0,0.0,7.0
0.0,0.0,4.0
0.0,0.0,9.0
0.0,0.0,12.0
0.0,0.0,12.0
0.0,0.0,14.0
0.0,0.0,10.0
0.0,0.0224111090710769,11.0
0.0,0.0167850136603752,6.0
0.0,0.0207074843044314,9.0
0.0,0.0118048042545661,8.0
0.0,0.0184087868888324,8.0
0.0,0.0,5.0
0.0,0.0077748139724396,5.0
0.0,0.0174746293116956,8.0
0.0,0.0281019350215122,12.0
0.0,0.0090675548932842,15.0
0.0,0.03741273063618,15.0
0.0,0.0165390466418247,15.0
0.0,0.0255001266051955,14.0
0.0,0.006760898420556,11.0
0.0,0.00617312569275,10.0
0.0,0.0006774658993894,14.0
0.0,0.0105412337175244,11.0
0.0,0.0206255051835735,13.0
0.0,0.0174093351962921,13.0
0.0,0.0095659226005911,10.0
0.0,0.0026224643562148,12.0
0.0,0.014863674763256,11.0
0.0,0.0127399061053462,11.0
0.0,0.0013901626304431,15.0
0.0,0.0181970367931634,12.0
0.0,0.0,12.0
0.0,0.0,11.0
0.0,0.0,13.0
0.0,0.0,10.0
0.0,0.0,14.0
0.0,0.0,12.0
0.0,0.0,15.0
0.0,0.0,12.0
0.0,0.0,15.0
0.0,0.0,13.0
0.0,0.0,15.0
0.0,0.0,11.0
0.0,0.0,13.0
0.0,0.0,15.0
0.0,0.0,15.0
13261.0,0.0108097299897048,13.0
5672.0,0.0087641527293234,14.0
23923.0,0.0404784964395172,9.0
36549.0,0.0057210150667426,10.0
44798.0,0.0134810139589605,14.0
36113.0,0.012302499292722,15.0
6195.0,0.0160351929438057,14.0
13913.0,0.0410402943115852,11.0
13213.0,0.0192220085309478,15.0
10492.0,0.0198760396662903,13.0
15482.0,0.0327688592757105,12.0
9326.0,0.0531215017085352,11.0
13384.0,0.0343332657919442,14.0
7606.0,0.0450563106123652,6.0
13961.0,0.0552976109722313,13.0
11677.0,0.0134998408485295,8.0
17358.0,0.0401259903692267,12.0
3029.0,0.0239404241524991,10.0
31549.0,0.0386710498913037,14.0
21190.0,0.0161645228964908,14.0
26467.0,0.0326600840793209,10.0
37001.0,0.0253784375595583,9.0
25675.0,0.0266426076866921,9.0
25740.0,0.0289148351317837,11.0
26237.0,0.0299674034439471,11.0
30423.0,0.0131689033294769,11.0
43029.0,0.0232702299263883,9.0
29853.0,0.0378691382992466,7.0
24508.0,0.0363820098088625,11.0
44681.0,0.0177885096109331,13.0
55947.0,0.0313455649319842,15.0
52205.0,0.034097267293723,13.0
47361.0,0.0,14.0
58202.0,0.0217398808156699,11.0
45878.0,0.0086191253215046,9.0
21265.0,0.0229333151434369,7.0
15464.0,0.0102390790250697,6.0
8701.0,0.0287318664567946,6.0
33148.0,0.0444509768359723,12.0
39599.0,0.0343058555521333,11.0
19809.0,0.0350213126583794,8.0
13778.0,0.0451182343948963,9.0
5472.0,0.0209694636349065,8.0
8951.0,0.0313864841183916,7.0
0.0,0.0189231716454019,5.0
4056.0,0.0430630683590973,8.0
15354.0,0.0294397781447706,6.0
0.0,0.0411262774776325,4.0
11627.0,0.0405507759078967,7.0
20729.0,0.0104474725926526,6.0
32527.0,0.01956167496387,9.0
10007.0,0.0211756912720588,8.0
20927.0,0.0,9.0
0.0,0.0342884266808189,6.0
18394.0,0.0359832019232404,3.0
11352.0,0.046758048009839,5.0
24133.0,0.0463380448275099,7.0
11955.0,0.030881610008418,10.0
22756.0,0.0293236924569452,9.0
12960.0,0.0278283773536885,10.0
14436.0,0.0187255807686174,10.0
5600.0,0.023180165564546,12.0
16629.0,0.0383844858870702,9.0
5749.0,0.022869494976339,10.0
4072.0,0.0318108754945679,9.0
3229.0,0.0156552111538579,11.0
24343.0,0.0327147488829284,7.0
21813.0,0.0301222727806181,13.0
17904.0,0.0355538845859831,10.0
22835.0,0.0238560940506509,7.0
12258.0,0.0466585713025377,7.0
22246.0,0.0080024833297716,6.0
14779.0,0.0471401686345594,9.0
12289.0,0.0068970165575784,5.0
14592.0,0.0287168545287223,5.0
23540.0,0.0102975984336442,10.0
5526.0,0.0464462766665554,2.0
7666.0,0.0349732964557592,12.0
157.0,0.0237889420361698,12.0
2501.0,0.0277566105143402,10.0
7537.0,0.0198767193328639,12.0
0.0,0.027120889592106,10.0
1071.0,0.0335733879614917,6.0
9228.0,0.0242394652693338,8.0
3958.0,0.0411328545954575,4.0
8812.0,0.0493178326843915,8.0
9058.0,0.014437285779266,5.0
4572.0,0.0277559144692512,6.0
1860.0,0.0271337956714834,4.0
0.0,0.005772811776133,7.0
0.0,0.0081404148053713,10.0
0.0,0.0246536537319551,5.0
0.0,0.0170672293853112,8.0
0.0,0.022070228332382,9.0
0.0,0.0337555732982199,7.0
0.0,0.0120790124303712,6.0
0.0,0.0,7.0
0.0,0.0,9.0
0.0,0.0,8.0
0.0,0.0,9.0
0.0,0.0,9.0
0.0,0.0,7.0
0.0,0.0,4.0
0.0,0.0,10.0
0.0,0.0,8.0
0.0,0.0,11.0
0.0,0.0,4.0
0.0,0.0,5.0
0.0,0.0,9.0
0.0,0.0,10.0
0.0,0.0,5.0
0.0,0.0,6.0
0.0,0.0,6.0
0.0,0.0,4.0
0.0,0.0,3.0
0.0,0.0,7.0
0.0,0.0,5.0
0.0,0.0,7.0
0.0,0.0,9.0
0.0,0.0,10.0
0.0,0.0,13.0
0.0,0.0,10.0
0.0,0.0243590766285429,8.0
0.0,0.0166282130087466,7.0
0.0,0.0222966355068099,5.0
0.0,0.0146508927649972,9.0
0.0,0.0120108541930702,7.0
0.0,0.0292253984445187,7.0
0.0,0.0414356167946657,9.0
0.0,0.0289177197575099,7.0
0.0,0.0189704451018795,14.0
0.0,0.0251672335889332,10.0
0.0,0.0303284951965104,9.0
0.0,0.006398060619558,12.0
0.0,0.0169461446586856,11.0
0.0,0.0,12.0
0.0,0.0,15.0
0.0,0.0,14.0
0.0,0.0004321033480466,14.0
0.0,0.0256992990550461,15.0
0.0,0.0009594084758509,13.0
0.0,0.0360254603401366,8.0
0.0,0.0,12.0
0.0,0.0268766993785646,15.0
0.0,0.007491072008634,13.0
0.0,0.0157857284888197,14.0
0.0,0.0147454491412724,12.0
0.0,0.0,15.0
0.0,0.0,10.0
0.0,0.0,14.0
0.0,0.0,15.0
0.0,0.0,12.0
0.0,0.0,11.0
0.0,0.0,11.0
0.0,0.0,12.0
0.0,0.0,7.0
0.0,0.0,13.0
0.0,0.0,14.0
0.0,0.0,13.0
0.0,0.0,13.0
0.0,0.0,11.0
0.0,0.0,14.0
15571.0,0.0158278505979945,15.0
4074.0,0.0165060980472952,13.0
31349.0,0.0266835145213202,10.0
35625.0,0.0108707721680246,9.0
39901.0,0.0296043377062185,15.0
27761.0,0.0230062398285753,12.0
8750.0,0.0332814831360478,11.0
10310.0,0.0280516837650777,15.0
9989.0,0.0293981281523327,11.0
10349.0,0.0550996845678647,12.0
15559.0,0.0411378864661475,13.0
9271.0,0.0431828683851438,14.0
10304.0,0.0512983197619816,14.0
25622.0,0.0162597551611612,8.0
14518.0,0.0225263680316755,12.0
25275.0,0.0371418443313922,11.0
27580.0,0.0525110806872522,11.0
12258.0,0.0348676041755023,11.0
26390.0,0.0520980431723703,12.0
17166.0,0.0506698629639923,12.0
36959.0,0.0321732938527829,11.0
30351.0,0.0258980040145701,14.0
13643.0,0.0401370082568911,12.0
21888.0,0.0276841156933219,13.0
12516.0,0.0405732750946941,12.0
28360.0,0.0409037506269509,9.0
41358.0,0.0222167049999638,12.0
29656.0,0.011589456518301,8.0
35699.0,0.0309469401536834,15.0
28764.0,0.0256572100023021,12.0
49369.0,0.034963941798546,11.0
54948.0,0.0269742558895836,13.0
48376.0,0.0287966947720888,10.0
57307.0,0.0217832402297058,8.0
50066.0,0.0066574241675825,9.0
21131.0,0.0115741433836696,7.0
11700.0,0.0120397183616856,8.0
13018.0,0.0189000512180788,6.0
21436.0,0.0288204177087633,9.0
32683.0,0.0204244898029986,11.0
28238.0,0.0244479084004566,11.0
10418.0,0.042470176792188,7.0
8829.0,0.0290435348284567,8.0
13640.0,0.0276961953512848,6.0
4436.0,0.0315547602400633,5.0
18906.0,0.0190342800260155,5.0
10384.0,0.028262497196371,7.0
1270.0,0.0198054262073344,6.0
6892.0,0.0256418467895916,4.0
18169.0,0.0335566830460596,5.0
37186.0,0.0393792845405396,9.0
3317.0,0.0241851066901803,12.0
18848.0,0.0378219172281716,8.0
21145.0,0.0116839891993937,7.0
18047.0,0.0278708294786416,9.0
17564.0,0.0304861427015818,7.0
28028.0,0.0289753844926292,3.0
7868.0,0.0398591735196024,7.0
10750.0,0.0158167132398405,5.0
12506.0,0.0263704988813584,9.0
19447.0,0.0250150126300414,6.0
10848.0,0.0318836452612163,12.0
18790.0,0.037988642451679,11.0
18676.0,0.0210715843415191,9.0
11551.0,0.0290733899125317,7.0
2265.0,0.0338564108728516,14.0
23456.0,0.029338295579064,5.0
21528.0,0.0351294816668388,13.0
22098.0,0.0337683894423347,9.0
22244.0,0.0387412250159248,6.0
18194.0,0.0302853784674375,8.0
8116.0,0.0188444461147956,8.0
26152.0,0.0349627515151758,11.0
22953.0,0.0355054659358637,4.0
28923.0,0.0314651651897436,5.0
7919.0,0.0167823520577612,10.0
8427.0,0.0376380565333489,1.0
13421.0,0.014669938822433,9.0
12110.0,0.0156930044784667,11.0
7241.0,0.005667628122277,7.0
11534.0,0.016604741391001,11.0
0.0,0.0305449180466949,7.0
1406.0,0.0193119330176194,5.0
7890.0,0.000243657353409,5.0
10735.0,0.0316717523796493,6.0
11224.0,0.0099497544400866,8.0
3105.0,0.0206345617457917,10.0
8372.0,0.0119645765418206,9.0
0.0,0.0217420875515112,5.0
0.0,0.0127139918180495,12.0
0.0,0.0116606752577485,8.0
0.0,0.0031589280661093,6.0
0.0,0.0359595875236239,10.0
0.0,0.0196469140494764,11.0
0.0,0.0113518498442794,6.0
0.0,0.0089381808061756,10.0
0.0,0.0,4.0
0.0,0.0,8.0
0.0,0.0,5.0
0.0,0.0,11.0
0.0,0.0,7.0
0.0,0.0,8.0
0.0,0.0,8.0
0.0,0.0,11.0
0.0,0.0,8.0
0.0,0.0,15.0
0.0,0.0,6.0
0.0,0.0,7.0
0.0,0.0,8.0
0.0,0.0,11.0
0.0,0.0,6.0
0.0,0.0,7.0
0.0,0.0,5.0
0.0,0.0,7.0
0.0,0.0,3.0
0.0,0.0,6.0
0.0,0.0,5.0
0.0,0.0,4.0
0.0,0.0,12.0
0.0,0.0,9.0
0.0,0.0,15.0
0.0,0.0,12.0
0.0,0.0137522682920548,9.0
0.0,0.0357377409777624,4.0
0.0,0.0086097907528756,7.0
0.0,0.0215780652166672,11.0
0.0,0.0002888197257409,7.0
0.0,0.0315209356988374,6.0
0.0,0.0,4.0
0.0,0.0186427796334246,12.0
0.0,0.0181706826854552,12.0
0.0,0.0373911791783657,14.0
0.0,0.0005380053971352,12.0
0.0,0.0204295465944436,12.0
0.0,0.0226631395821236,11.0
0.0,0.0260597016036951,10.0
0.0,0.0127451912538571,15.0
0.0,0.0098138980182155,15.0
0.0,0.0275720050744632,13.0
0.0,0.0092697526302643,15.0
0.0,0.0179854796292455,14.0
0.0,0.0225620468655505,12.0
0.0,0.0089887281106857,12.0
0.0,0.0317896129518025,15.0
0.0,0.0158959658903284,14.0
0.0,0.0182954257864575,11.0
0.0,0.0099152689039396,14.0
0.0,0.0,13.0
0.0,0.0,14.0
0.0,0.0,12.0
0.0,0.0,12.0
0.0,0.0,14.0
0.0,0.0,14.0
0.0,0.0,12.0
0.0,0.0,12.0
0.0,0.0,12.0
0.0,0.0,11.0
0.0,0.0,11.0
0.0,0.0,13.0
0.0,0.0,15.0
0.0,0.0,12.0
0.0,0.0,11.0
6736.0,0.0264484610578372,12.0
12084.0,0.0,15.0
27574.0,0.0226012756202927,13.0
36402.0,0.0351723126887483,13.0
60071.0,0.0245957312001514,13.0
30980.0,0.0228548961859033,14.0
11673.0,0.0365378012852485,11.0
17061.0,0.0184168836798869,13.0
6734.0,0.0148308198908537,13.0
20654.0,0.0336058240997957,15.0
13546.0,0.0134785720272859,10.0
4881.0,0.0263557857258002,15.0
1607.0,0.0155734320386417,15.0
16411.0,0.0156450286709085,7.0
20954.0,0.0279077009257657,11.0
9419.0,0.0432288682521037,12.0
16356.0,0.0539993345651766,15.0
11904.0,0.0359465118802013,14.0
26585.0,0.046574125290355,10.0
18992.0,0.0165008578994703,14.0
34607.0,0.0300770448533971,13.0
32356.0,0.0413816507608061,15.0
27816.0,0.0396816537335443,15.0
23674.0,0.0176571799905382,12.0
21572.0,0.0105805555368138,8.0
24882.0,0.0165180761528509,8.0
46403.0,0.0390226529566072,11.0
33973.0,0.0239521278006513,11.0
24495.0,0.0144037165309,14.0
31663.0,0.0289049169976466,11.0
63255.0,0.024067873472407,13.0
56616.0,0.0306139115363309,12.0
39049.0,0.0073913487118037,10.0
59430.0,0.0280384278287249,12.0
37109.0,0.0361820494979816,10.0
24532.0,0.0421528099580028,7.0
1375.0,0.0261937046171552,10.0
8108.0,0.0451828089907529,6.0
17369.0,0.0249065166426635,5.0
35439.0,0.0240719620604092,14.0
17978.0,0.036790560669994,12.0
9434.0,0.0364856662419012,4.0
17464.0,0.0392936614748797,4.0
11086.0,0.0142269856313496,11.0
15995.0,0.0210196110040003,5.0
30131.0,0.0277779317200562,8.0
10427.0,0.0210374447594044,5.0
14242.0,0.0435083711155929,7.0
5331.0,0.0522041054563817,5.0
20892.0,0.0351749551404982,7.0
24149.0,0.0277977576418963,9.0
16474.0,0.0340764995900615,9.0
18429.0,0.0136782120247384,7.0
18841.0,0.0072348332000066,3.0
9669.0,0.0252536142617724,9.0
281.0,0.0218051396908817,9.0
20204.0,0.0245689277901452,7.0
23269.0,0.0332918157681652,8.0
15390.0,0.0331545747371079,9.0
7336.0,0.0257200479961706,7.0
12151.0,0.0264027118333438,7.0
11119.0,0.0296645537225245,11.0
21805.0,0.0027331999327945,10.0
20003.0,0.0119016980620241,11.0
12725.0,0.0449495773769454,8.0
2915.0,0.0142723270059876,15.0
21256.0,0.0307119720026762,7.0
24733.0,0.0350186637243498,11.0
23946.0,0.0363770418832458,7.0
17246.0,0.0229624615154016,8.0
11496.0,0.0297306347757948,7.0
15797.0,0.0262545414952239,11.0
25902.0,0.0137635746770805,8.0
10487.0,0.0501555290377154,5.0
11111.0,0.0299820962863046,4.0
23943.0,0.0318115983360435,5.0
12311.0,0.0140652582876974,3.0
15169.0,0.0315396186852418,10.0
0.0,0.0155513693103499,15.0
4365.0,0.0119162795232143,10.0
3564.0,0.0155741393486883,11.0
0.0,0.0099827876019213,6.0
2971.0,0.0145803555774996,9.0
5713.0,0.0223278287102935,6.0
1694.0,0.0328375185633894,10.0
972.0,0.0021436826293214,8.0
0.0,0.0425632636497449,8.0
2781.0,0.0197464022196048,9.0
6174.0,0.0328786312011319,4.0
0.0,0.0285069748017237,7.0
0.0,0.0239518133884359,4.0
0.0,0.0345595815761748,7.0
0.0,0.0170920977725109,7.0
0.0,0.0241080044787128,5.0
0.0,0.0,10.0
0.0,0.0148379925221328,10.0
0.0,0.0,6.0
0.0,0.0,6.0
0.0,0.0,7.0
0.0,0.0,5.0
0.0,0.0,9.0
0.0,0.0,8.0
0.0,0.0,7.0
0.0,0.0,12.0
0.0,0.0,5.0
0.0,0.0,14.0
0.0,0.0,8.0
0.0,0.0,6.0
0.0,0.0,9.0
0.0,0.0,7.0
0.0,0.0,4.0
0.0,0.0,5.0
0.0,0.0,5.0
0.0,0.0,5.0
0.0,0.0,2.0
0.0,0.0,9.0
0.0,0.0,7.0
0.0,0.0,7.0
0.0,0.0,10.0
0.0,0.0,10.0
0.0,0.0,14.0
0.0,0.0,11.0
0.0,0.0223128157307718,9.0
0.0,0.0190936548203396,4.0
0.0,0.0,1.0
0.0,0.0233561569309065,9.0
0.0,0.0042692617327478,10.0
0.0,0.0257680419432829,7.0
0.0,0.0211892018006498,6.0
0.0,0.0226170726136541,8.0
0.0,0.0088845769021285,11.0
0.0,0.0247640006657197,15.0
0.0,0.0169135830583037,12.0
0.0,0.0221565060964998,13.0
0.0,0.0447739619155013,15.0
0.0,0.0,15.0
0.0,0.0061299426097514,14.0
0.0,0.0216231393606922,12.0
0.0,0.0327419247790359,15.0
0.0,0.0219000577697574,14.0
0.0,0.0138553723508232,13.0
0.0,0.0239247512131064,15.0
0.0,0.019417387610637,14.0
0.0,0.0270069668132107,12.0
0.0,0.021875852077807,13.0
0.0,0.011034318313967,12.0
0.0,0.0157565936113077,11.0
0.0,0.0,12.0
0.0,0.0,13.0
0.0,0.0,13.0
0.0,0.0,14.0
0.0,0.0,14.0
0.0,0.0,13.0
0.0,0.0,12.0
0.0,0.0,13.0
0.0,0.0,13.0
0.0,0.0,13.0
0.0,0.0,15.0
0.0,0.0,12.0
0.0,0.0,15.0
0.0,0.0,15.0
0.0,0.0,12.0
13655.0,0.0453340387586256,14.0
5257.0,0.0330877197526814,14.0
34970.0,0.0250233775859381,14.0
36941.0,0.0250184093009824,13.0
61810.0,0.0322629734635286,15.0
24179.0,0.0012440751122053,8.0
10144.0,0.031056365402204,11.0
5121.0,0.0298793278341137,13.0
6068.0,0.027981697069969,14.0
8253.0,0.0549472139225704,15.0
8638.0,0.0235658072389733,13.0
16126.0,0.014488372334925,10.0
8676.0,0.0355083837754564,14.0
6638.0,0.0208991872032114,6.0
19191.0,0.024284706532567,10.0
14958.0,0.032664947858225,7.0
19304.0,0.0357168773352721,12.0
19750.0,0.0485119981169278,11.0
28344.0,0.0417352336047119,8.0
15605.0,0.0129950958515714,13.0
27886.0,0.0341343647927821,12.0
29148.0,0.0094446401591739,11.0
19548.0,0.0410532892780382,11.0
30149.0,0.0466889696308947,12.0
30599.0,0.0378961707029777,10.0
41541.0,0.0371705716890481,11.0
37711.0,0.010424412604784,7.0
38648.0,0.0391369119247396,12.0
30068.0,0.0321311553802675,13.0
21840.0,0.020860219933108,11.0
57375.0,0.0253731204572673,11.0
60730.0,0.024516592575275,12.0
48473.0,0.009825167440304,14.0
67069.0,0.0084906379931552,11.0
41602.0,0.0126637320464907,8.0
9047.0,0.0359726590077657,6.0
29587.0,0.0330424878781673,11.0
13751.0,0.0565080548558425,7.0
36556.0,0.0074639787592144,8.0
29699.0,0.0350316017852722,11.0
14823.0,0.0284621823986464,8.0
6445.0,0.0175564000902227,12.0
0.0,0.0298190033901044,10.0
9117.0,0.0202859868389358,7.0
1928.0,0.0189516984395742,7.0
34701.0,0.0166163168239007,8.0
16392.0,0.0121699546228703,7.0
0.0,0.0289580775727798,7.0
8658.0,0.014735311952835,3.0
18825.0,0.016060218417848,6.0
37446.0,0.0327978853869703,7.0
935.0,0.0362818183090249,9.0
21291.0,0.0303938836612553,10.0
4736.0,0.0104490845188649,6.0
15953.0,0.0438485374954329,3.0
721.0,0.0371553482745065,10.0
17056.0,0.0157637487608985,6.0
25017.0,0.0345399119391793,7.0
16546.0,0.0239396750240062,7.0
24014.0,0.0418939158269064,7.0
18193.0,0.0215606426054141,5.0
8320.0,0.0323972094265041,10.0
18103.0,0.0219601037054422,9.0
12067.0,0.0181564243714786,8.0
1536.0,0.0278033141632388,12.0
20320.0,0.0220790041448762,11.0
26899.0,0.0184659604232752,7.0
23491.0,0.038828580642582,10.0
30705.0,0.0262685266972053,9.0
27232.0,0.0376068532504092,6.0
15542.0,0.0194674643187445,9.0
4715.0,0.0170675845681811,9.0
19274.0,0.0225053974328277,5.0
4318.0,0.0270206667691273,4.0
25434.0,0.0073184349841189,5.0
7022.0,0.0306318289819659,11.0
11211.0,0.0266088002821755,2.0
8926.0,0.0323588289541741,9.0
4664.0,0.0305739328655998,12.0
930.0,0.0166424855501733,11.0
0.0,0.0148097774350829,11.0
2467.0,0.0117370222110369,10.0
0.0,0.0560328472478368,7.0
0.0,0.0169542135741711,7.0
0.0,0.0185727864818831,5.0
1517.0,0.0107681778529191,9.0
0.0,0.0176155488738161,6.0
0.0,0.0103139353101422,5.0
0.0,0.0430396832846748,3.0
0.0,0.0270481779524765,7.0
0.0,0.0039137420050811,6.0
0.0,0.025097174496455,3.0
0.0,0.0148911406649862,8.0
0.0,0.0104275098708305,8.0
0.0,0.0224375296163768,7.0
0.0,0.0021233928760405,5.0
0.0,0.0,8.0
0.0,0.0,9.0
0.0,0.0,7.0
0.0,0.0,7.0
0.0,0.0,10.0
0.0,0.0,10.0
0.0,0.0,7.0
0.0,0.0,12.0
0.0,0.0,7.0
0.0,0.0,12.0
0.0,0.0,8.0
0.0,0.0,6.0
0.0,0.0,8.0
0.0,0.0,6.0
0.0,0.0,7.0
0.0,0.0,8.0
0.0,0.0,6.0
0.0,0.0,6.0
0.0,0.0,5.0
0.0,0.0,7.0
0.0,0.0,9.0
0.0,0.0,9.0
0.0,0.0,15.0
0.0,0.0,9.0
0.0,0.0,10.0
0.0,0.0,13.0
0.0,0.0143680450414719,10.0
0.0,0.0106333780420268,7.0
0.0,0.0254142045720133,6.0
0.0,0.0299400211722554,10.0
0.0,0.01387791362315,9.0
0.0,0.0109798750982827,3.0
0.0,0.0186563567624205,3.0
0.0,0.0,7.0
0.0,0.0224090074674475,11.0
0.0,0.0295891801398631,15.0
0.0,0.0226868583508048,11.0
0.0,0.0,11.0
0.0,0.0265270566432041,10.0
0.0,0.0430059894770284,14.0
0.0,0.0033015752234279,14.0
0.0,0.0271871253620319,15.0
0.0,0.0209249772704878,9.0
0.0,0.0,12.0
0.0,0.0215549996376778,12.0
0.0,0.0135989415370584,14.0
0.0,0.0134331477168179,13.0
0.0,0.0109912574733911,9.0
0.0,0.029832624189134,14.0
0.0,0.0110025680778006,15.0
0.0,0.0267411843924852,14.0
0.0,0.0,11.0
0.0,0.0,12.0
0.0,0.0,11.0
0.0,0.0,13.0
0.0,0.0,13.0
0.0,0.0,14.0
0.0,0.0,15.0
0.0,0.0,11.0
0.0,0.0,10.0
0.0,0.0,9.0
0.0,0.0,14.0
0.0,0.0,11.0
0.0,0.0,11.0
0.0,0.0,15.0
0.0,0.0,15.0
18224.0,0.0308433289723255,14.0
10501.0,0.0051088472242337,13.0
26542.0,0.0184305427834969,14.0
46593.0,0.0326418860967284,15.0
57257.0,0.0145379890155263,15.0
22284.0,0.0371529456629002,15.0
14745.0,0.0229757132264578,12.0
17725.0,0.0286765091691734,11.0
9261.0,0.0340835502493014,11.0
11958.0,0.0420301643646072,14.0
18359.0,0.0218115079168449,15.0
7376.0,0.0322216501186083,15.0
0.0,0.0426008564621716,12.0
16217.0,0.0328835999456878,9.0
16556.0,0.0241164656250731,10.0
25185.0,0.0396697694131605,10.0
16520.0,0.0281625941359993,11.0
7257.0,0.032103539578907,12.0
27918.0,0.0311074295991989,11.0
23292.0,0.0310507692453814,12.0
33416.0,0.0338238901029889,13.0
28274.0,0.0069863214051403,14.0
20190.0,0.0270136376791629,14.0
20060.0,0.0139786490383991,15.0
21399.0,0.015116370803181,8.0
31955.0,0.0394267145782874,10.0
44144.0,0.0164178372480256,10.0
39459.0,0.040512579908365,6.0
26667.0,0.0375736354438577,13.0
28477.0,0.0205122626902083,11.0
63377.0,0.0281740695856249,11.0
48420.0,0.0282204227023341,13.0
51490.0,0.0492477835124067,9.0
44796.0,0.0032417469613241,13.0
42264.0,0.0079595333051419,8.0
22349.0,0.0254934780601523,7.0
7229.0,0.0190800790073678,8.0
6820.0,0.0431524731236446,5.0
37129.0,0.0192736407825049,12.0
17086.0,0.0292526552477685,8.0
18644.0,0.0242747615647559,9.0
4242.0,0.0478564773737731,9.0
7458.0,0.0318835602934377,7.0
16508.0,0.023316816305621,5.0
15199.0,0.0485175817856486,2.0
11491.0,0.0065462987180866,8.0
6406.0,0.0365027509196176,9.0
19264.0,0.017924065479489,10.0
19113.0,0.0414843774107996,4.0
17585.0,0.0410930465049592,6.0
24043.0,0.0184774272649681,7.0
835.0,0.028607460691815,8.0
22264.0,0.0338169002424776,8.0
13095.0,0.0260483493455435,6.0
9736.0,0.0155954060101468,7.0
9205.0,0.0258180108080233,3.0
24956.0,0.0253494681671442,9.0
16214.0,0.0310725458695426,8.0
14880.0,0.0172651078494493,9.0
8408.0,0.0158579917947439,8.0
9408.0,0.0250114947659006,9.0
10770.0,0.0033131965115694,10.0
15008.0,0.0414205761185368,9.0
12039.0,0.0190976275891638,10.0
9228.0,0.0315070000876338,10.0
10606.0,0.0364018748137796,10.0
16802.0,0.0391899470117526,3.0
8700.0,0.0260336965918762,12.0
20229.0,0.0224250320157452,11.0
24788.0,0.0360974563500313,8.0
11266.0,0.0242376024755313,8.0
23131.0,0.0347018538870242,5.0
15939.0,0.0193446514803704,6.0
11590.0,0.024927942215859,8.0
27624.0,0.0246511968720298,2.0
21701.0,0.0307403319798049,11.0
3740.0,0.0327821266298604,4.0
11601.0,0.0291322262717414,11.0
11073.0,0.0322614003743402,10.0
6121.0,0.0309648900791191,11.0
5626.0,0.0145125402837142,9.0
10751.0,0.0162231219862414,6.0
0.0,0.001440864830158,5.0
10426.0,0.0171866517901743,9.0
0.0,0.0324418976128103,9.0
3470.0,0.0257134212615196,9.0
0.0,0.0321952444151161,7.0
0.0,0.0221536063084754,7.0
0.0,0.0128647775547784,7.0
0.0,0.0265620371325288,6.0
0.0,0.0200718794555241,9.0
0.0,0.0263842935649472,6.0
0.0,0.0159774842515845,9.0
0.0,0.0107886478443189,1.0
0.0,0.0034207437265087,3.0
0.0,0.0520269388994311,7.0
0.0,0.0,7.0
0.0,0.0,10.0
0.0,0.0,7.0
0.0,0.0,6.0
0.0,0.0,9.0
0.0,0.0,7.0
0.0,0.0,7.0
0.0,0.0,15.0
0.0,0.0,4.0
0.0,0.0,14.0
0.0,0.0,10.0
0.0,0.0,10.0
0.0,0.0,10.0
0.0,0.0,6.0
0.0,0.0,2.0
0.0,0.0,9.0
0.0,0.0,3.0
0.0,0.0,2.0
0.0,0.0,6.0
0.0,0.0,3.0
0.0,0.0,5.0
0.0,0.0,10.0
0.0,0.0,12.0
0.0,0.0,10.0
0.0,0.0,10.0
0.0,0.0,13.0
0.0,0.0128111117486495,10.0
0.0,0.0025525746738729,8.0
0.0,0.0338180437008513,1.0
0.0,0.014280950344298,8.0
0.0,0.0,9.0
0.0,0.0281832915798058,3.0
0.0,0.0216066507935516,5.0
0.0,0.0133649766972557,5.0
0.0,0.014905036273054,12.0
0.0,0.0137395436754922,14.0
0.0,0.0153651609007906,13.0
0.0,0.0094917466275169,11.0
0.0,0.0172772056266117,14.0
0.0,0.0137725791663399,12.0
0.0,0.0203631134923358,10.0
0.0,0.0162367989333274,15.0
0.0,0.0215151713282665,11.0
0.0,0.0101601017817139,15.0
0.0,0.0034922476102111,14.0
0.0,0.0168242068968051,14.0
0.0,0.0126156956364511,12.0
0.0,0.0262270281284777,12.0
0.0,0.0109812698159177,13.0
0.0,0.0239489445790125,15.0
0.0,0.0130766911945868,14.0
0.0,0.0,12.0
0.0,0.0,15.0
0.0,0.0,13.0
0.0,0.0,13.0
0.0,0.0,12.0
0.0,0.0,9.0
0.0,0.0,13.0
0.0,0.0,14.0
0.0,0.0,13.0
0.0,0.0,13.0
0.0,0.0,13.0
0.0,0.0,14.0
0.0,0.0,10.0
0.0,0.0,13.0
0.0,0.0,13.0
10452.0,0.0312280545593884,10.0
11166.0,0.0048258316083454,15.0
21203.0,0.0170045554939596,11.0
35926.0,0.0188153159068562,13.0
38096.0,0.0410860164695085,10.0
20279.0,0.0157322058806232,13.0
17600.0,0.0332802046000822,14.0
2306.0,0.021410785933718,14.0
3608.0,0.038188815374174,12.0
10506.0,0.0309030614331176,12.0
12632.0,0.0097115465988758,13.0
9368.0,0.0384898551554852,15.0
2026.0,0.029273028903708,14.0
14733.0,0.0336523292633678,6.0
8893.0,0.0197606833559147,15.0
23658.0,0.0586833263578199,11.0
28761.0,0.0236326812494501,12.0
12388.0,0.037792082586611,10.0
32757.0,0.0482766463700219,14.0
7804.0,0.0497877680246924,15.0
24986.0,0.0134021140960516,11.0
38102.0,0.0550070302004074,14.0
21592.0,0.029587147125684,11.0
20395.0,0.0393542374979853,14.0
28553.0,0.0355963518682503,8.0
21597.0,0.034445166406285,10.0
40522.0,0.0172037985282343,10.0
28937.0,0.0389393868186972,11.0
30810.0,0.035114917693654,15.0
28155.0,0.0269087851231772,13.0
53080.0,0.0265920204136552,9.0
50814.0,0.015704043437817,11.0
58160.0,0.0218201464323435,12.0
53880.0,0.0228095771015144,5.0
43498.0,0.0277197469596152,5.0
12549.0,0.03263205180517,10.0
5007.0,0.0309881337195572,9.0
9387.0,0.0375202139518544,3.0
16382.0,0.0276924943341383,10.0
24224.0,0.0275517048177715,10.0
14958.0,0.026200764314603,9.0
1320.0,0.0005680581716519,7.0
12572.0,0.0351834662221314,3.0
11309.0,0.0267678810560006,8.0
2559.0,0.0277247497734334,7.0
21170.0,0.0210944312193907,6.0
13457.0,0.0315325021627503,11.0
11423.0,0.0255400394174969,8.0
13005.0,0.0160319330691398,5.0
23654.0,0.0265288242793025,8.0
23222.0,0.0462038821318114,10.0
12950.0,0.0296958378383428,12.0
25336.0,0.0256137953542018,9.0
19862.0,0.0314211970422285,7.0
7208.0,0.0217444126412751,2.0
535.0,0.0103364426732913,2.0
23387.0,0.0289346377241681,7.0
34134.0,0.0250793955716538,10.0
11402.0,0.0009917944910621,8.0
18942.0,0.0445582180011978,10.0
11828.0,0.022622329325919,13.0
10228.0,0.0172330481648922,10.0
19411.0,0.0150519589436732,10.0
10398.0,0.0240004957676109,10.0
889.0,0.0358771593363494,11.0
3639.0,0.0567348231582299,13.0
18386.0,0.0182076133747624,2.0
26546.0,0.0398870264105194,13.0
28073.0,0.0304099223759372,7.0
15967.0,0.0195085129832948,11.0
14092.0,0.0406172990142102,9.0
14973.0,0.0266430667779932,7.0
16370.0,0.035503402992772,8.0
4894.0,0.0248767504452425,2.0
26320.0,0.0325323291784828,6.0
7107.0,0.0100508601260912,9.0
13018.0,0.0343391504519245,5.0
15776.0,0.0355512876494368,8.0
6574.0,0.0286114547326721,11.0
2953.0,0.0033982271093625,9.0
4860.0,0.0416562842426889,13.0
5037.0,0.0212158222285542,7.0
0.0,0.0064524238176339,7.0
535.0,0.0189805433265844,6.0
989.0,0.0173491396478163,7.0
377.0,0.036938476385605,7.0
6806.0,0.0108301019005672,12.0
1538.0,0.0228484845334302,8.0
6941.0,0.0430161515317562,5.0
0.0,0.0106819623919564,9.0
0.0,0.01123961841775,5.0
0.0,0.0090500389820903,5.0
0.0,0.0146076222580135,6.0
0.0,0.0103583737878533,8.0
0.0,0.0204346311409613,12.0
0.0,0.0187334515212733,8.0
0.0,0.0,6.0
0.0,0.0,9.0
0.0,0.0,6.0
0.0,0.0,10.0
0.0,0.0,10.0
0.0,0.0,9.0
0.0,0.0,5.0
0.0,0.0,11.0
0.0,0.0,4.0
0.0,0.0,14.0
0.0,0.0,4.0
0.0,0.0,6.0
0.0,0.0,10.0
0.0,0.0,7.0
0.0,0.0,2.0
0.0,0.0,6.0
0.0,0.0,5.0
0.0,0.0,2.0
0.0,0.0,7.0
0.0,0.0,7.0
0.0,0.0,5.0
0.0,0.0,7.0
0.0,0.0,12.0
0.0,0.0,13.0
0.0,0.0,10.0
0.0,0.0,12.0
0.0,0.0405845979252071,14.0
0.0,0.027732783376162,5.0
0.0,0.0268156649300037,2.0
0.0,0.0180939042103693,8.0
0.0,0.0328156851744459,9.0
0.0,0.008566732696034,2.0
0.0,0.0230648134418692,5.0
0.0,0.0082071038768816,9.0
0.0,0.0123065420065981,14.0
0.0,0.0161314593408947,14.0
0.0,0.0146376517467418,15.0
0.0,0.0198766834936351,14.0
0.0,0.0009200934765968,11.0
0.0,0.0110630353852916,12.0
0.0,0.0180786342260991,13.0
0.0,0.0,15.0
0.0,0.0197067715046682,11.0
0.0,0.0087326186336599,10.0
0.0,0.0197723744195045,13.0
0.0,0.018710083713887,14.0
0.0,0.0099187080804947,12.0
0.0,0.0,11.0
0.0,0.0243480469607869,14.0
0.0,0.0147720417426464,12.0
0.0,0.0221549902400858,13.0
0.0,0.0,11.0
0.0,0.0,11.0
0.0,0.0,13.0
0.0,0.0,14.0
0.0,0.0,13.0
0.0,0.0,12.0
0.0,0.0,12.0
0.0,0.0,12.0
0.0,0.0,12.0
0.0,0.0,11.0
0.0,0.0,13.0
0.0,0.0,15.0
0.0,0.0,13.0
0.0,0.0,15.0
0.0,0.0,13.0
21895.0,0.0294580474015252,14.0
5591.0,0.0328411426314933,9.0
25862.0,0.0046929711997444,9.0
32278.0,0.0327549043390568,10.0
48966.0,0.0188770480398371,9.0
34286.0,0.020959000875956,9.0
14431.0,0.0219105665353654,11.0
6093.0,0.0176045047256224,11.0
4307.0,0.0380811494410709,12.0
6904.0,0.0499623680291046,15.0
16644.0,0.0209397489927962,9.0
17830.0,0.0313847702399002,11.0
128.0,0.0311616139563716,11.0
26259.0,0.0421051953911084,8.0
12288.0,0.0293409321266419,8.0
27973.0,0.0400703917665351,14.0
24774.0,0.058892250813052,12.0
3202.0,0.0274327358223256,13.0
28378.0,0.0343003067976855,9.0
6651.0,0.0329717925770724,14.0
39662.0,0.0299120762220079,14.0
28420.0,0.0501254093505986,10.0
12591.0,0.0352185907940852,10.0
20446.0,0.0318739432798874,12.0
19861.0,0.0211422171495683,7.0
25080.0,0.0383367564494705,9.0
39354.0,0.0270090244181301,10.0
32122.0,0.048291122545275,13.0
31717.0,0.0299287305146626,11.0
29208.0,0.0094557446897119,13.0
63635.0,0.0214193003332259,8.0
53562.0,0.039755219714867,7.0
51781.0,0.0092003095713133,12.0
56524.0,0.0090085513461424,7.0
48248.0,0.0313986398208635,7.0
12847.0,0.0240683329122019,8.0
21589.0,0.0387387261699559,12.0
16476.0,0.0245489605897046,4.0
12753.0,0.0097232951783659,11.0
28727.0,0.0189773958510341,11.0
21304.0,0.0053861262355396,6.0
11693.0,0.0338552354658427,7.0
1466.0,0.0154367720522557,5.0
5114.0,0.0187641251210232,8.0
10367.0,0.026521842026582,5.0
12900.0,0.0473272330172246,8.0
2736.0,0.0231795088981033,12.0
1384.0,0.013453354377106,8.0
476.0,0.0205994688953217,1.0
15942.0,0.0080566282117932,8.0
26586.0,0.0213454458973507,7.0
19989.0,0.012639675597312,11.0
12128.0,0.0341937812103109,7.0
11901.0,0.0096079053556931,5.0
9693.0,0.0408387215830057,6.0
10317.0,0.0228791530807963,7.0
34211.0,0.0193910348901732,6.0
11422.0,0.0242347109660704,6.0
13071.0,0.0287651791367001,11.0
7315.0,0.0223947105209022,7.0
10239.0,0.0061682756617118,7.0
9782.0,0.0183195212419827,6.0
14900.0,0.0332511155026378,9.0
16660.0,0.0225725134409151,7.0
12394.0,0.0264584546546628,13.0
3239.0,0.0433711605994656,13.0
26475.0,0.0267402298085164,9.0
18762.0,0.0130296060353685,10.0
29450.0,0.0268439049326002,6.0
21369.0,0.044071820908016,10.0
18408.0,0.0258729082656509,7.0
10403.0,0.0263188902105167,7.0
11437.0,0.0233675115378804,9.0
15469.0,0.0302332894246002,8.0
18060.0,0.0021395283708599,7.0
22585.0,0.0092315084046608,8.0
16728.0,0.0348889233481257,3.0
876.0,0.0184877216056141,9.0
0.0,0.0316111057558882,12.0
11552.0,0.0100255449927062,8.0
5204.0,0.0196698567551291,11.0
475.0,0.0354260781756071,10.0
0.0,0.0247403266940556,7.0
19108.0,0.0152262854491422,7.0
8295.0,0.01389484572573,7.0
0.0,0.0197995859105739,9.0
2958.0,0.0197226058025171,8.0
0.0,0.0220704650451435,7.0
0.0,0.0135527863981365,3.0
0.0,0.0344410421757677,7.0
0.0,0.0186618947873777,4.0
0.0,0.0153672609378663,4.0
0.0,0.0216867853697567,6.0
0.0,0.0185713297387836,4.0
0.0,0.0227682334939069,8.0
0.0,0.0210281423494879,8.0
0.0,0.0,9.0
0.0,0.0,7.0
0.0,0.0,9.0
0.0,0.0,11.0
0.0,0.0,6.0
0.0,0.0,8.0
0.0,0.0,5.0
0.0,0.0,10.0
0.0,0.0,2.0
0.0,0.0,15.0
0.0,0.0,4.0
0.0,0.0,8.0
0.0,0.0,12.0
0.0,0.0,5.0
0.0,0.0,7.0
0.0,0.0,8.0
0.0,0.0,4.0
0.0,0.0,8.0
0.0,0.0,10.0
0.0,0.0,6.0
0.0,0.0,8.0
0.0,0.0,7.0
0.0,0.0,14.0
0.0,0.0,13.0
0.0,0.0,12.0
0.0,0.0,15.0
0.0,0.024043881376749,7.0
0.0,0.0019854778238533,8.0
0.0,0.0313924513886602,6.0
0.0,0.0183151667501357,8.0
0.0,0.0291796359539085,9.0
0.0,0.0311311261200901,4.0
0.0,0.0,4.0
0.0,0.0211683737667102,8.0
0.0,0.0063528924736359,10.0
0.0,0.0287380672443723,11.0
0.0,0.0014663487758481,11.0
0.0,0.0261169843158952,13.0
0.0,0.0297723981064402,13.0
0.0,0.0153720366882359,15.0
0.0,0.0127992788224399,13.0
0.0,0.0382720264493681,13.0
0.0,0.0300753162647299,12.0
0.0,0.000752499458962,11.0
0.0,0.0086384705890441,12.0
0.0,0.0121472787221856,12.0
0.0,0.0,12.0
0.0,0.0054037976698571,12.0
0.0,0.0204021249901703,14.0
0.0,0.0232320846834501,14.0
0.0,0.0,10.0
0.0,0.0,14.0
0.0,0.0,12.0
0.0,0.0,15.0
0.0,0.0,11.0
0.0,0.0,13.0
0.0,0.0,11.0
0.0,0.0,15.0
0.0,0.0,12.0
0.0,0.0,14.0
0.0,0.0,14.0
0.0,0.0,12.0
0.0,0.0,10.0
0.0,0.0,13.0
0.0,0.0,11.0
0.0,0.0,11.0
13268.0,0.0173260141770678,14.0
0.0,0.0201350444846545,13.0
22530.0,0.0281609219042456,12.0
40660.0,0.0273987958363128,15.0
49586.0,0.0209300262578246,15.0
29609.0,0.0155047357811079,10.0
3648.0,0.0063364105818227,12.0
11186.0,0.0262113357975201,13.0
9764.0,0.0271516575028689,15.0
9026.0,0.0282107117634777,13.0
10165.0,0.0239905271284385,12.0
9584.0,0.0384332703402256,12.0
5182.0,0.0380398751341806,13.0
28098.0,0.0307099445134779,7.0
22900.0,0.0323276288890276,10.0
16602.0,0.0270287298145956,9.0
27960.0,0.0397282264463217,15.0
12520.0,0.0293688121464975,14.0
35780.0,0.0290212677918206,10.0
15015.0,0.0331977480051022,12.0
17198.0,0.0389142702969847,14.0
28729.0,0.0200608695809866,14.0
23146.0,0.0369711958753902,11.0
24062.0,0.0117040846169974,10.0
20368.0,0.0345627373665343,12.0
19328.0,0.0480771161803399,11.0
44454.0,0.0193652886369978,7.0
23510.0,0.0341662562550893,8.0
25454.0,0.0166721271591861,14.0
30370.0,0.0455989835669609,12.0
52791.0,0.0173469024720862,11.0
54200.0,0.0421070279859643,10.0
40301.0,0.0363641327480699,12.0
48545.0,0.0,9.0
43726.0,0.0419726166636579,9.0
13810.0,0.020203376866802,8.0
22397.0,0.0430389016733877,7.0
10432.0,0.0142870514706551,3.0
31311.0,0.0268593166350891,11.0
25517.0,0.028418601855849,12.0
13933.0,0.0315602094960697,4.0
6904.0,0.029560077818806,10.0
21897.0,0.0449825480468625,9.0
24118.0,0.0222393457063156,11.0
14044.0,0.0093967525199805,5.0
22850.0,0.026121452376879,9.0
7037.0,0.01720894983235,8.0
6181.0,0.0276720769971505,10.0
21564.0,0.0259430472844421,7.0
20018.0,0.0079197437525641,6.0
20271.0,0.0188770501086804,10.0
13813.0,0.0111290100840107,9.0
19701.0,0.0439237781383546,9.0
13176.0,0.019887989168104,4.0
18718.0,0.0317399727131613,8.0
6698.0,0.0392618976781928,7.0
37035.0,0.0261905959215686,9.0
18546.0,0.0509140621024147,11.0
121.0,0.0456302527123503,5.0
11284.0,0.0352877272349292,7.0
20456.0,0.0272883588483284,11.0
24018.0,0.022941637404759,10.0
19168.0,0.0185918775483946,10.0
6996.0,0.0252848327346792,12.0
9184.0,0.0285187879540451,12.0
11404.0,0.0411594933897356,12.0
31982.0,0.0242654455587445,5.0
18600.0,0.024499707509589,15.0
39792.0,0.0313570174368064,4.0
23548.0,0.0335477024127519,5.0
16060.0,0.0387863546475168,9.0
18593.0,0.0299931125184947,8.0
18416.0,0.0055532087614986,8.0
11125.0,0.0075600858939752,8.0
17172.0,0.0457247944083319,5.0
7425.0,0.0116490966911072,9.0
8234.0,0.0375934650782639,5.0
17461.0,0.018178170319232,6.0
9445.0,0.043793986583046,13.0
0.0,0.0208729693547177,10.0
6444.0,0.0246250607244154,10.0
0.0,0.0113303864617442,9.0
0.0,0.0232739555051198,6.0
7254.0,0.0211232736551513,7.0
1548.0,0.0308267618054913,7.0
195.0,0.0192728111836541,8.0
9680.0,0.0139708319898397,4.0
2941.0,0.0264703382261442,5.0
550.0,0.0197106907536081,7.0
0.0,0.0,4.0
0.0,0.0152528020310088,6.0
0.0,0.0278086382399292,3.0
0.0,0.0,8.0
0.0,0.0093143388046981,1.0
0.0,0.0253583472192122,9.0
0.0,0.0,9.0
0.0,0.0,6.0
0.0,0.0,9.0
0.0,0.0,10.0
0.0,0.0,7.0
0.0,0.0,8.0
0.0,0.0,11.0
0.0,0.0,4.0
0.0,0.0,12.0
0.0,0.0,7.0
0.0,0.0,12.0
0.0,0.0,7.0
0.0,0.0,4.0
0.0,0.0,6.0
0.0,0.0,6.0
0.0,0.0,5.0
0.0,0.0,3.0
0.0,0.0,7.0
0.0,0.0,3.0
0.0,0.0,5.0
0.0,0.0,5.0
0.0,0.0,3.0
0.0,0.0,9.0
0.0,0.0,11.0
0.0,0.0,9.0
0.0,0.0,11.0
0.0,0.0,12.0
0.0,0.0337924404542237,11.0
0.0,0.0086296472941629,3.0
0.0,0.0246011069100801,8.0
0.0,0.0128268153618616,14.0
0.0,0.0153965437089648,8.0
0.0,0.0245325468347445,13.0
0.0,0.0184441368414467,5.0
0.0,0.0,7.0
0.0,0.0143671941479346,13.0
0.0,0.0004999888135428,12.0
0.0,0.0090080445067695,15.0
0.0,0.0218966250540369,14.0
0.0,0.0133688559121892,15.0
0.0,0.0,15.0
0.0,0.0259145658033363,12.0
0.0,0.0035121416361017,15.0
0.0,0.022571055297557,15.0
0.0,0.0157229492718929,12.0
0.0,0.0165429610456436,12.0
0.0,0.0076136486442075,10.0
0.0,0.0002097504035784,13.0
0.0,0.0178889895729241,13.0
0.0,0.0324068407239606,13.0
0.0,0.0067303556766776,13.0
0.0,0.0107392413409291,13.0
0.0,0.0,12.0
0.0,0.0,10.0
0.0,0.0,13.0
0.0,0.0,11.0
0.0,0.0,15.0
0.0,0.0,12.0
0.0,0.0,13.0
0.0,0.0,10.0
0.0,0.0,12.0
0.0,0.0,15.0
0.0,0.0,12.0
0.0,0.0,13.0
0.0,0.0,15.0
0.0,0.0,14.0
0.0,0.0,12.0
2318.0,0.0,13.0
84.0,0.0243060185017394,15.0
33755.0,0.0388010389329611,14.0
51022.0,0.0028040577396927,13.0
59131.0,0.0104076471750424,15.0
30792.0,0.0230313619592722,14.0
1367.0,0.0341517702540257,11.0
10412.0,0.0480459144739916,13.0
7126.0,0.0131144875659214,15.0
6631.0,0.0391382954596734,15.0
14062.0,0.0340717156944006,13.0
8266.0,0.0299932252874386,12.0
10165.0,0.0292072619907966,10.0
11549.0,0.0319170382235716,6.0
14723.0,0.0219942167894511,9.0
11872.0,0.0488086790628649,9.0
20515.0,0.0254497466471893,12.0
14805.0,0.0422978617907443,13.0
27163.0,0.0241610772732672,12.0
27916.0,0.0530047331397143,12.0
36548.0,0.0197527076862906,13.0
31597.0,0.0292782532776472,13.0
19177.0,0.0355248697583388,11.0
26222.0,0.0300800708267561,11.0
32301.0,0.0332821358293675,9.0
33690.0,0.0374728503138116,10.0
42527.0,0.0357546099601504,12.0
38564.0,0.0159791787135824,10.0
24662.0,0.0132374881296994,13.0
18715.0,0.0313079406816523,14.0
53304.0,0.0207762910755444,8.0
52655.0,0.0258425971459633,11.0
32534.0,0.0231458900206985,10.0
42139.0,0.0274506356387887,8.0
41137.0,0.0362118685641303,8.0
8492.0,0.0134458944983502,8.0
11962.0,0.0465353217251095,6.0
11244.0,0.0185169626454141,3.0
14143.0,0.0284692733976938,10.0
29269.0,0.0249098943789147,8.0
23823.0,0.0251998146836045,6.0
13658.0,0.0252745910318177,10.0
17001.0,0.0230268004111465,10.0
2109.0,0.0347817347210976,11.0
6292.0,0.0375366351641007,5.0
21619.0,0.022433312399507,7.0
5720.0,0.0344465196262772,8.0
1341.0,0.0289553815542184,7.0
10764.0,0.0182653251185898,4.0
18004.0,0.0261668430775073,9.0
23539.0,0.033510411727464,11.0
1197.0,0.0271535742753725,11.0
19044.0,0.0258159961451124,9.0
15020.0,0.0203352480937896,3.0
8119.0,0.0289599267014034,9.0
4548.0,0.026376910397381,8.0
27625.0,0.0146097433450426,3.0
10584.0,0.0254583511256394,11.0
13846.0,0.0412884937878884,10.0
13270.0,0.0179463932881406,7.0
12318.0,0.0363265713518135,10.0
6796.0,0.0017226864610475,13.0
12740.0,0.0327546028178351,10.0
10653.0,0.0214375253334403,8.0
1657.0,0.0321330483148194,10.0
13825.0,0.044598963412937,12.0
25214.0,0.0308457232758582,8.0
21965.0,0.0317030605778144,10.0
16134.0,0.030738590602502,9.0
21938.0,0.0374878582131465,11.0
5733.0,0.0089073286385091,10.0
16725.0,0.0375598521918232,9.0
8723.0,0.0240052505710501,7.0
13054.0,0.0343863832371894,6.0
27781.0,0.0327005105767166,4.0
12457.0,0.0213828411981424,9.0
11189.0,0.0434391554932909,5.0
0.0,0.0230113282154653,11.0
6403.0,0.017437626161647,11.0
7785.0,0.0268234626715497,11.0
0.0,0.0183582501507504,7.0
5486.0,0.019353196523312,9.0
4638.0,0.0279678871346933,3.0
2627.0,0.006514925507425,6.0
4406.0,0.0214625854946593,7.0
14127.0,0.0368521153841812,11.0
0.0,0.0324126918755299,8.0
9318.0,0.0245946998613742,9.0
4851.0,0.0189577289326497,5.0
0.0,0.0141317421269868,6.0
0.0,0.0152977426383767,5.0
0.0,0.0190727413208691,2.0
0.0,0.0117076320602371,5.0
0.0,0.0383206881041695,6.0
0.0,0.0147457231429953,7.0
0.0,0.0203721456559818,6.0
0.0,0.0,9.0
0.0,0.0,10.0
0.0,0.0,8.0
0.0,0.0,8.0
0.0,0.0,10.0
0.0,0.0,8.0
0.0,0.0,6.0
0.0,0.0,11.0
0.0,0.0,7.0
0.0,0.0,12.0
0.0,0.0,7.0
0.0,0.0,5.0
0.0,0.0,10.0
0.0,0.0,5.0
0.0,0.0,4.0
0.0,0.0,7.0
0.0,0.0,6.0
0.0,0.0,9.0
0.0,0.0,3.0
0.0,0.0,8.0
0.0,0.0,5.0
0.0,0.0,12.0
0.0,0.0,10.0
0.0,0.0,12.0
0.0,0.0,12.0
0.0,0.0,10.0
0.0,0.0167879168857409,10.0
0.0,0.0022425347103681,6.0
0.0,0.034498143735592,5.0
0.0,0.0266076823968903,9.0
0.0,0.0190575478802101,6.0
0.0,0.0251212731891433,5.0
0.0,0.0325749682119457,4.0
0.0,0.0135464560467892,4.0
0.0,0.0,9.0
0.0,0.0279515662637386,13.0
0.0,0.0394008239511182,9.0
0.0,0.0177111249250042,15.0
0.0,0.0307354200096862,15.0
0.0,0.0049177552988722,15.0
0.0,0.00172333503608,10.0
0.0,0.0,13.0
0.0,0.0308810978907988,11.0
0.0,0.0183265817298309,15.0
0.0,0.0127061502829066,12.0
0.0,0.0318060387947736,13.0
0.0,0.037111563858677,15.0
0.0,0.0163342691096537,14.0
0.0,0.0107551043052299,15.0
0.0,0.0036334243267293,15.0
0.0,0.022985395503628,15.0
0.0,0.0,11.0
0.0,0.0,12.0
0.0,0.0,14.0
0.0,0.0,15.0
0.0,0.0,15.0
0.0,0.0,15.0
0.0,0.0,12.0
0.0,0.0,12.0
0.0,0.0,15.0
0.0,0.0,14.0
0.0,0.0,15.0
0.0,0.0,12.0
0.0,0.0,13.0
0.0,0.0,15.0
0.0,0.0,11.0
7168.0,0.0204619790536053,12.0
0.0,0.0306381695408101,12.0
33208.0,0.0016112450982952,11.0
41587.0,0.0300742494802895,11.0
51439.0,0.0263025757532999,13.0
30886.0,0.0181648646394677,11.0
9665.0,0.0338835811837372,14.0
5451.0,0.0242136407769238,12.0
10258.0,0.0197263866163393,12.0
7428.0,0.0456775764201147,11.0
11552.0,0.0262901952580155,13.0
10318.0,0.0342473130615898,12.0
9672.0,0.0254543927488599,12.0
11627.0,0.027453365785169,8.0
27920.0,0.0314500067448397,10.0
18838.0,0.0421155027254761,13.0
30276.0,0.026277301516899,12.0
12274.0,0.0327045295852627,13.0
28516.0,0.0360107066765668,14.0
8650.0,0.0496420228814189,12.0
33371.0,0.0402256752355022,13.0
28007.0,0.0112166467400837,14.0
23276.0,0.0279929404003217,9.0
28723.0,0.0282472923802768,15.0
22508.0,0.0362306044167124,9.0
24456.0,0.0199685238098268,12.0
38572.0,0.0311534198001916,9.0
31913.0,0.0267790861310492,7.0
26702.0,0.0351106188476065,12.0
24021.0,0.0084331040668043,15.0
59848.0,0.0266308803067867,15.0
47479.0,0.0279039652941984,13.0
47809.0,0.0217094058460797,14.0
63649.0,0.0276703952219999,11.0
44124.0,0.0440047842993057,5.0
11738.0,0.0352242870397151,8.0
5336.0,0.0232388190363961,8.0
20876.0,0.0225100024713226,1.0
28484.0,0.0285447887050635,9.0
30843.0,0.0275151284058212,9.0
15545.0,0.0243256312452928,8.0
20795.0,0.0180072247695849,7.0
19486.0,0.0278001356293614,9.0
15380.0,0.020770067569705,9.0
7784.0,0.0345835920610938,5.0
13055.0,0.0197800371332965,7.0
0.0,0.0130763139518095,5.0
656.0,0.0255164447140948,11.0
2921.0,0.0156186716038096,2.0
10294.0,0.0185881208115345,7.0
16321.0,0.0217517131030778,8.0
16816.0,0.0235916660716018,12.0
9804.0,0.0331756296768557,9.0
12795.0,0.0164405283852341,3.0
15873.0,0.0079059090781148,7.0
6210.0,0.0262344572903549,7.0
16001.0,0.0226863742331429,5.0
17993.0,0.0397228399983823,9.0
12668.0,0.0224898584424888,7.0
2596.0,0.0177377494358668,8.0
9592.0,0.0347802756767826,9.0
7306.0,0.0284719592988079,11.0
15858.0,0.0381144353145757,8.0
7636.0,0.0368027490324049,11.0
8926.0,0.0218469000844783,12.0
15831.0,0.0307317728765131,8.0
0.0,0.0390843820486961,6.0
17391.0,0.0424783869668122,12.0
36278.0,0.0328687817824797,6.0
24714.0,0.0244555993897555,9.0
9355.0,0.037150427295237,10.0
4950.0,0.0331187652554872,8.0
14685.0,0.0269137115076054,9.0
10451.0,0.0272620373897827,9.0
29142.0,0.0319430933765948,5.0
12871.0,0.0152322685990607,11.0
11766.0,0.0143920840716853,5.0
941.0,0.0096183515223028,8.0
0.0,0.0184042722114729,12.0
4067.0,0.0311336711148044,9.0
1002.0,0.0131044040605559,7.0
5676.0,0.0182868144315941,6.0
7498.0,0.0257618429644847,4.0
5166.0,0.0409392519653323,6.0
3244.0,0.0088596566763045,7.0
2832.0,0.0263063178906898,8.0
4203.0,0.0167604466329127,8.0
0.0,0.0291828961578673,5.0
107.0,0.0246257481520063,7.0
0.0,0.0254374717815739,1.0
0.0,0.0175288252614484,5.0
0.0,0.0170502222729872,1.0
0.0,0.0253854487753194,8.0
0.0,0.0311827656124573,8.0
0.0,0.0113305590061727,12.0
0.0,0.0163522898522494,9.0
0.0,0.0,8.0
0.0,0.0,9.0
0.0,0.0,6.0
0.0,0.0,6.0
0.0,0.0,7.0
0.0,0.0,9.0
0.0,0.0,5.0
0.0,0.0,10.0
0.0,0.0,9.0
0.0,0.0,13.0
0.0,0.0,7.0
0.0,0.0,9.0
0.0,0.0,5.0
0.0,0.0,8.0
0.0,0.0,5.0
0.0,0.0,7.0
0.0,0.0,5.0
0.0,0.0,6.0
0.0,0.0,4.0
0.0,0.0,6.0
0.0,0.0,5.0
0.0,0.0,4.0
0.0,0.0,11.0
0.0,0.0,14.0
0.0,0.0,12.0
0.0,0.0,11.0
0.0,0.0058936385682345,9.0
0.0,0.0141229446691839,4.0
0.0,0.0075998188207769,8.0
0.0,0.0160483160204173,11.0
0.0,0.0189535785071925,9.0
0.0,0.0231008244606864,3.0
0.0,0.0152661498513825,9.0
0.0,0.0112506727091624,7.0
0.0,0.0401357125616016,11.0
0.0,0.0075226584101372,13.0
0.0,0.0355368816226908,11.0
0.0,0.0182857693861921,14.0
0.0,0.0084087940847283,15.0
0.0,0.0210664803577187,9.0
0.0,0.0286445939393529,15.0
0.0,0.0316368143573344,13.0
0.0,0.0058241380811862,13.0
0.0,0.0209559740447545,12.0
0.0,0.0320997528298715,14.0
0.0,0.028221510375887,11.0
0.0,0.0244191488399129,10.0
0.0,0.0008660484443942,11.0
0.0,0.0105390582816721,15.0
0.0,0.0062117655764733,12.0
0.0,0.0310103231571063,11.0
0.0,0.0,11.0
0.0,0.0,10.0
0.0,0.0,13.0
0.0,0.0,14.0
0.0,0.0,15.0
0.0,0.0,10.0
0.0,0.0,12.0
0.0,0.0,10.0
0.0,0.0,11.0
0.0,0.0,9.0
0.0,0.0,14.0
0.0,0.0,12.0
0.0,0.0,15.0
0.0,0.0,13.0
0.0,0.0,14.0
23295.0,0.0183086733307361,14.0
12743.0,0.0244227342395026,11.0
25328.0,0.0205516175607943,13.0
39367.0,0.0252113934743071,15.0
47670.0,0.0283605909972527,14.0
32932.0,0.0303505264964732,15.0
7584.0,0.0327789568069318,13.0
11434.0,0.0232630721821043,12.0
6477.0,0.0394883495458878,11.0
17.0,0.0059136919885076,10.0
25312.0,0.0287243508308693,13.0
11363.0,0.0270357107891597,12.0
7649.0,0.0413474800460593,13.0
19677.0,0.0445763928062441,9.0
19409.0,0.0234790076828151,10.0
21231.0,0.0174729862925835,14.0
1787.0,0.0313098416903524,11.0
10915.0,0.0348533248787762,15.0
30290.0,0.0231594539708597,14.0
22730.0,0.0336228358222239,15.0
26606.0,0.0312364520063169,12.0
20306.0,0.034508116152476,12.0
22236.0,0.0374970156580529,12.0
22744.0,0.0309065459669525,13.0
31690.0,0.0295455162079468,15.0
29585.0,0.0306249858951605,9.0
46336.0,0.0250450035700228,14.0
35549.0,0.0331300137433745,11.0
27294.0,0.0094068394225009,11.0
32298.0,0.0362397451281088,14.0
58190.0,0.0281263528513698,9.0
52062.0,0.014110184040266,13.0
50425.0,0.0327665121406172,15.0
56943.0,0.030546208885386,11.0
41825.0,0.0230919404021608,8.0
14735.0,0.0286124354073665,8.0
12360.0,0.0236069128336901,7.0
8832.0,0.0556036761315744,5.0
18126.0,0.0200158892190854,9.0
27574.0,0.0105400098801063,12.0
13776.0,0.0160145262314641,10.0
9662.0,0.0088924785259066,7.0
10895.0,0.0176275291353695,10.0
14468.0,0.0263886551341636,9.0
6111.0,0.0200545896972428,6.0
12532.0,0.0161893358673346,11.0
14769.0,0.0248977835943776,8.0
0.0,0.0179818051563981,3.0
6968.0,0.0108796704480763,4.0
22773.0,0.0228532284414836,4.0
27463.0,0.0294212019968623,4.0
16765.0,0.0208514143280723,8.0
25797.0,0.0319091163439963,7.0
3065.0,0.0321238906110501,5.0
15975.0,0.043588491851224,7.0
7493.0,0.0295795704363557,2.0
24258.0,0.0168996166763603,3.0
8387.0,0.0184602774194274,9.0
10180.0,0.0285140453277519,11.0
16896.0,0.0276068840719783,6.0
10473.0,0.0114345134033722,8.0
21045.0,0.0249963513627969,9.0
21609.0,0.040642078707018,7.0
12718.0,0.0540281094089777,9.0
16311.0,0.0161124127160324,12.0
7121.0,0.0555786743590576,13.0
9615.0,0.0340470879694877,2.0
29088.0,0.0268553244582032,12.0
44438.0,0.0286488344449761,6.0
18296.0,0.0097791268939171,10.0
6821.0,0.0326471414946636,6.0
19099.0,0.0315505373602649,10.0
18130.0,0.0214607236344801,5.0
14277.0,0.0158852954615677,6.0
19370.0,0.0071778498249136,7.0
13098.0,0.0225708549185207,8.0
14778.0,0.0336508589519446,5.0
8460.0,0.0404145761693444,7.0
3981.0,0.029990394832496,13.0
9753.0,0.019851214468312,10.0
3969.0,0.0293418238490942,8.0
11166.0,0.013806147822391,7.0
0.0,0.0160305629335501,4.0
0.0,0.0037434726315797,6.0
0.0,0.0243923803088344,7.0
948.0,0.0124985742026361,9.0
4243.0,0.0126038258818221,8.0
8427.0,0.0136872498302486,6.0
3061.0,0.0045368461740147,8.0
0.0,0.0240394821438562,5.0
0.0,0.0291637814993489,8.0
0.0,0.0310874129275492,4.0
0.0,0.0136927243200095,7.0
0.0,0.0255547183334891,5.0
0.0,0.0121938110232292,6.0
0.0,0.0402826225857084,8.0
0.0,0.0,4.0
0.0,0.0,8.0
0.0,0.0,7.0
0.0,0.0,7.0
0.0,0.0,5.0
0.0,0.0,12.0
0.0,0.0,7.0
0.0,0.0,9.0
0.0,0.0,9.0
0.0,0.0,11.0
0.0,0.0,7.0
0.0,0.0,6.0
0.0,0.0,10.0
0.0,0.0,8.0
0.0,0.0,6.0
0.0,0.0,1.0
0.0,0.0,7.0
0.0,0.0,3.0
0.0,0.0,6.0
0.0,0.0,8.0
0.0,0.0,2.0
0.0,0.0,8.0
0.0,0.0,9.0
0.0,0.0,10.0
0.0,0.0,11.0
0.0,0.0,13.0
0.0,0.0149117016644785,11.0
0.0,0.0340169937584778,5.0
0.0,0.0334444405675644,3.0
0.0,0.0233861199493879,8.0
0.0,0.0325809001232238,3.0
0.0,0.0199341733836284,3.0
0.0,0.0207955507328221,6.0
0.0,0.0381180570082253,7.0
0.0,0.0214718827409947,14.0
0.0,0.0182024945311237,15.0
0.0,0.0074048713882758,12.0
0.0,0.014700670381247,13.0
0.0,0.0214287676346599,13.0
0.0,0.0186054310994229,12.0
0.0,0.027106757911405,14.0
0.0,0.0147161517673308,15.0
0.0,0.0283234516209242,15.0
0.0,0.0090108591552333,12.0
0.0,0.020659672387347,13.0
0.0,0.0200749392380229,15.0
0.0,0.0219085064543926,13.0
0.0,0.0265023625135559,15.0
0.0,0.0040409350720486,12.0
0.0,0.0052026744580995,14.0
0.0,0.0091559584766483,14.0
0.0,0.0,13.0
0.0,0.0,14.0
0.0,0.0,13.0
0.0,0.0,14.0
0.0,0.0,11.0
0.0,0.0,11.0
0.0,0.0,12.0
0.0,0.0,11.0
0.0,0.0,12.0
0.0,0.0,15.0
0.0,0.0,15.0
0.0,0.0,12.0
0.0,0.0,15.0
0.0,0.0,12.0
0.0,0.0,12.0
17126.0,0.0176533888354769,12.0
3603.0,0.0454217001087522,14.0
32473.0,0.0423624101289166,11.0
41366.0,0.0082640400134628,14.0
38318.0,0.0226578071301724,11.0
28490.0,0.0365513970781583,14.0
0.0,0.0,13.0
9490.0,0.0207743057723889,10.0
14792.0,0.0142837800681211,12.0
11379.0,0.0420238035375244,15.0
4290.0,0.0212713818355289,14.0
15439.0,0.030369525174066,15.0
5652.0,0.0384610948784129,15.0
16679.0,0.0323709910333327,8.0
7663.0,0.0348933654921992,12.0
14012.0,0.0375219137260792,12.0
21043.0,0.0468161926223623,12.0
11858.0,0.0304367259848441,13.0
20624.0,0.0196940472355538,12.0
24875.0,0.0217510380941247,14.0
39700.0,0.0337590768006641,12.0
31663.0,0.0240553716788347,12.0
23875.0,0.035210433835411,12.0
34974.0,0.0404027502548137,10.0
25507.0,0.0310707239165257,10.0
22432.0,0.0277398344266135,9.0
47259.0,0.0218315489604814,14.0
43066.0,0.033393307143676,10.0
30308.0,0.0299136616444693,14.0
30045.0,0.050205885876838,12.0
67366.0,0.0254925899301397,11.0
54134.0,0.0285650696571279,11.0
52830.0,0.0292245297899211,13.0
55305.0,0.0234370497651576,7.0
41129.0,0.0274075239684172,11.0
17131.0,0.0335754146844508,7.0
6671.0,0.0116600797426603,7.0
10142.0,0.0207108852764514,3.0
16940.0,0.0282029602147507,11.0
30359.0,0.0334537820651136,9.0
19981.0,0.0257881634588658,10.0
8717.0,0.0281295556722565,9.0
4318.0,0.0211423766649757,5.0
13332.0,0.0237043784310052,6.0
7165.0,0.0339270910758993,5.0
17582.0,0.0055730468684284,8.0
21113.0,0.034447337470459,7.0
3554.0,0.0080717594603914,5.0
19872.0,0.0422444284975666,2.0
20049.0,0.0264742921410755,2.0
11982.0,0.0230874797146398,9.0
7401.0,0.0417261354467157,10.0
20874.0,0.0196534646177142,7.0
24151.0,0.0215296043029885,4.0
5679.0,0.0380030062037336,10.0
6359.0,0.0379779066821515,3.0
25203.0,0.0292815655568439,4.0
17993.0,0.0092223589133693,8.0
14335.0,0.0280829401067561,13.0
13713.0,0.0217665019652746,8.0
15126.0,0.0360458366413799,7.0
5265.0,0.02711699812567,11.0
9004.0,0.0209489588786963,13.0
10790.0,0.0070948699496147,6.0
0.0,0.027053612064877,11.0
4295.0,0.0078980256520851,15.0
18489.0,0.025501703932796,8.0
23393.0,0.0303277706636004,12.0
28667.0,0.028783073642773,8.0
24753.0,0.0438215774645215,7.0
12767.0,0.0243124655832017,6.0
10004.0,0.0196538122251739,5.0
3900.0,0.026586950253665,8.0
3235.0,0.0142703485859942,3.0
24217.0,0.0206220986487194,5.0
14243.0,0.0237431939673602,11.0
2299.0,0.0285376931709944,6.0
9182.0,0.0178413111966722,12.0
0.0,0.0281385260018288,9.0
8327.0,0.0331961946862924,8.0
9893.0,0.0170004479626875,6.0
11078.0,0.0185213388105697,8.0
2598.0,0.0165798527045538,7.0
1860.0,0.0129192337850321,6.0
1609.0,0.0281002528956215,7.0
0.0,0.0150071449685402,9.0
6451.0,0.0114411030479952,10.0
8084.0,0.0077437576286612,9.0
12731.0,0.0140587875058485,7.0
0.0,0.0235434654590801,7.0
0.0,0.0098111113434284,4.0
0.0,0.0108303300950721,7.0
0.0,0.0069838339442562,10.0
0.0,0.0,7.0
0.0,0.0193917277095019,7.0
0.0,0.0351249736813957,8.0
0.0,0.0,10.0
0.0,0.0,8.0
0.0,0.0,9.0
0.0,0.0,11.0
0.0,0.0,8.0
0.0,0.0,6.0
0.0,0.0,3.0
0.0,0.0,8.0
0.0,0.0,4.0
0.0,0.0,13.0
0.0,0.0,5.0
0.0,0.0,4.0
0.0,0.0,11.0
0.0,0.0,9.0
0.0,0.0,6.0
0.0,0.0,3.0
0.0,0.0,4.0
0.0,0.0,7.0
0.0,0.0,4.0
0.0,0.0,5.0
0.0,0.0,6.0
0.0,0.0,10.0
0.0,0.0,12.0
0.0,0.0,8.0
0.0,0.0,11.0
0.0,0.0,12.0
0.0,0.0077732792394243,10.0
0.0,0.0286912944899107,6.0
0.0,0.0376580984696745,6.0
0.0,0.0400981679356495,10.0
0.0,0.0248459575096463,8.0
0.0,0.0167846588303541,4.0
0.0,0.0286339004067518,6.0
0.0,0.0221035491676318,6.0
0.0,0.0212984787715385,12.0
0.0,0.0059939877575361,13.0
0.0,0.0198392447496425,12.0
0.0,0.0189116155089221,15.0
0.0,0.0015608419730765,13.0
0.0,0.0099276402594257,14.0
0.0,0.0340579761475956,15.0
0.0,0.023104420164256,15.0
0.0,0.0199242123226355,13.0
0.0,0.0387035865882885,11.0
0.0,0.0137043833556061,11.0
0.0,0.0103908994385697,9.0
0.0,0.0177794345521892,14.0
0.0,0.0136908606561471,15.0
0.0,0.0257503349417919,11.0
0.0,0.0073606166155359,10.0
0.0,0.0182559849457529,12.0
0.0,0.0,13.0
0.0,0.0,14.0
0.0,0.0,13.0
0.0,0.0,13.0
0.0,0.0,12.0
0.0,0.0,11.0
0.0,0.0,10.0
0.0,0.0,15.0
0.0,0.0,11.0
0.0,0.0,13.0
0.0,0.0,12.0
0.0,0.0,13.0
0.0,0.0,10.0
0.0,0.0,12.0
0.0,0.0,10.0
11553.0,0.004594877585212,13.0
13858.0,0.0356176888283152,11.0
26941.0,0.0208348406120522,15.0
34425.0,0.0243264646553558,12.0
49368.0,0.0045524956658959,12.0
28786.0,0.0,15.0
12507.0,0.0243221620609312,11.0
7815.0,0.0430844452908073,14.0
6939.0,0.018594778795896,12.0
7445.0,0.0353368702067548,13.0
0.0,0.0342123542207778,10.0
11746.0,0.024407255921436,15.0
0.0,0.0440067433671368,13.0
22407.0,0.0381472781541042,8.0
27756.0,0.0288094375911096,11.0
27342.0,0.0175709799959809,14.0
29366.0,0.0291704104963637,12.0
2949.0,0.0493897604243186,11.0
32436.0,0.0213923546375314,12.0
8581.0,0.0336797702547252,12.0
45686.0,0.0398758582375643,8.0
36359.0,0.0162426392015046,12.0
24516.0,0.0386105857604526,12.0
12660.0,0.0459967381189809,15.0
25965.0,0.0291069748124611,9.0
24785.0,0.0564076514495678,15.0
36113.0,0.0269916799694138,9.0
28363.0,0.0253101877508857,11.0
23583.0,0.0302895595724475,14.0
26567.0,0.0254525604440641,13.0
59248.0,0.0191858219366311,10.0
47321.0,0.0348365375493529,14.0
50584.0,0.0252045299119712,13.0
44289.0,0.0311647186792735,10.0
47768.0,0.0383608946666162,4.0
18252.0,0.0235409142609644,9.0
7576.0,0.0284506574999668,7.0
26978.0,0.0321549111905903,4.0
31118.0,0.0221767763158274,9.0
31686.0,0.0414783866900945,11.0
22000.0,0.0361926256980109,6.0
18087.0,0.028928924096778,5.0
657.0,0.0345513346548032,11.0
7928.0,0.0153220372215562,10.0
5303.0,0.042383045053385,4.0
12559.0,0.0189037314893966,7.0
20859.0,0.0211782376268984,10.0
15924.0,0.0301621876529395,10.0
17181.0,0.0373734094122645,6.0
24569.0,0.0320220797558118,3.0
25129.0,0.0252875409497953,6.0
3442.0,0.0200420450503898,9.0
25542.0,0.0179441067072031,8.0
8238.0,0.02786765389355,7.0
10759.0,0.0309804462275647,6.0
7248.0,0.0328426773887357,3.0
16492.0,0.0233939783595053,6.0
7583.0,0.012696984392748,4.0
10723.0,0.014442841965088,6.0
12444.0,0.0199603648207948,9.0
11240.0,0.0443358879674646,8.0
14111.0,0.0172677678619864,12.0
26523.0,0.0315763875079717,12.0
6119.0,0.0273379432568324,6.0
6723.0,0.0218944836257558,11.0
3915.0,0.024213288520319,13.0
21185.0,0.0200950478073718,5.0
25420.0,0.0254155969779322,10.0
34564.0,0.013185573582773,13.0
22901.0,0.020032442343534,7.0
8227.0,0.0176468490447306,6.0
20787.0,0.0368184701221248,7.0
23485.0,0.0439245861257433,10.0
19385.0,0.0234076465141227,8.0
30759.0,0.0352459629767888,4.0
12972.0,0.0396188966781743,9.0
9686.0,0.0169307896976099,6.0
0.0,0.0393989104564604,9.0
1943.0,0.0167073385680663,7.0
0.0,0.0235674573352667,10.0
13411.0,0.0124864104047942,7.0
9638.0,0.0413409438103184,6.0
3640.0,0.0289474910929117,1.0
0.0,0.0231767210025998,7.0
6439.0,0.0179264050675648,3.0
5962.0,0.0374194710355183,6.0
0.0,0.0141955841420837,10.0
11183.0,0.0196108788278012,6.0
3208.0,0.0175671583261471,10.0
0.0,0.025418543136691,2.0
0.0,0.0228032836637665,1.0
0.0,0.0243726033352105,6.0
0.0,0.0070085974095284,10.0
0.0,0.013489621639298,2.0
0.0,0.0101953544426319,7.0
0.0,0.0134856312596312,7.0
0.0,0.0,6.0
0.0,0.0,7.0
0.0,0.0,4.0
0.0,0.0,6.0
0.0,0.0,12.0
0.0,0.0,6.0
0.0,0.0,7.0
0.0,0.0,9.0
0.0,0.0,7.0
0.0,0.0,12.0
0.0,0.0,6.0
0.0,0.0,6.0
0.0,0.0,8.0
0.0,0.0,9.0
0.0,0.0,5.0
0.0,0.0,6.0
0.0,0.0,7.0
0.0,0.0,5.0
0.0,0.0,11.0
0.0,0.0,6.0
0.0,0.0,6.0
0.0,0.0,11.0
0.0,0.0,10.0
0.0,0.0,14.0
0.0,0.0,14.0
0.0,0.0,11.0
0.0,0.0060337631830216,8.0
0.0,0.0255527400211189,8.0
0.0,0.000354932331285,3.0
0.0,0.0205142535439679,13.0
0.0,0.0006565998375152,9.0
0.0,0.0331562977760302,6.0
0.0,0.017408610862395,3.0
0.0,0.0241301986621433,7.0
0.0,0.0205683515038025,9.0
0.0,0.0007416578438509,13.0
0.0,0.0084440141462573,14.0
0.0,0.0203484117210456,15.0
0.0,0.0098515756543548,13.0
0.0,0.0089096711559699,10.0
0.0,0.0315796889682495,12.0
0.0,0.0077050041205782,11.0
0.0,0.0107083804780379,10.0
0.0,0.0435402202269704,14.0
0.0,0.0099645471952404,13.0
0.0,0.0211009189848401,11.0
0.0,0.0012689147662176,11.0
0.0,0.0,13.0
0.0,0.0,10.0
0.0,0.0195247823531271,11.0
0.0,0.0310866527899311,14.0
0.0,0.0,15.0
0.0,0.0,15.0
0.0,0.0,15.0
0.0,0.0,13.0
0.0,0.0,10.0
0.0,0.0,8.0
0.0,0.0,10.0
0.0,0.0,10.0
0.0,0.0,12.0
0.0,0.0,15.0
0.0,0.0,13.0
0.0,0.0,15.0
0.0,0.0,10.0
0.0,0.0,11.0
0.0,0.0,12.0
13479.0,0.0324167955714204,14.0
5391.0,0.0366713424677685,11.0
31184.0,0.0270921062069422,15.0
28543.0,0.0256026175216208,15.0
64278.0,0.0097035571370209,9.0
20407.0,0.0191938020083732,9.0
9714.0,0.0317788976384172,14.0
0.0,0.0213730039023645,15.0
1438.0,0.0196876997279002,13.0
14595.0,0.0261560440749615,14.0
21449.0,0.0393044332708115,11.0
4088.0,0.0347004424090848,8.0
7080.0,0.0507892955490604,12.0
13593.0,0.0220299808985164,9.0
9647.0,0.0329116991241482,9.0
26854.0,0.0208088583941862,12.0
17161.0,0.0123310631038367,10.0
15486.0,0.0448493188048081,11.0
25388.0,0.0303775257116606,11.0
21564.0,0.0289042053620852,12.0
29703.0,0.0288019719993726,10.0
34609.0,0.0276837522392616,12.0
26976.0,0.0316340793975296,14.0
31347.0,0.0211152121847777,14.0
17854.0,0.0188735906386635,9.0
24798.0,0.012743439552632,14.0
39888.0,0.0526376737165139,10.0
32771.0,0.0435788168304416,12.0
29919.0,0.025573047010183,15.0
26544.0,0.0296095059291678,12.0
47168.0,0.0190247397435025,8.0
46121.0,0.0312048555798131,10.0
52042.0,0.0140573003973892,15.0
44650.0,0.0089495583569948,10.0
46700.0,0.0134453728062794,5.0
17533.0,0.0192574121654502,6.0
9534.0,0.0335314075062289,9.0
28269.0,0.0021116508440848,9.0
27346.0,0.0108175448327886,9.0
36506.0,0.0392995350122734,10.0
16955.0,0.0304934125031501,8.0
2499.0,0.0107576167144194,7.0
6775.0,0.0408133776206316,8.0
17142.0,0.0303045501565547,12.0
12381.0,0.0309461778776332,3.0
14520.0,0.0225165378411097,7.0
14836.0,0.022322113482465,10.0
8228.0,0.0101524327041615,7.0
0.0,0.0313623329516388,5.0
15011.0,0.0262172552027412,4.0
22155.0,0.0305594775792946,7.0
4640.0,0.0248849706330066,14.0
31350.0,0.0281967077208238,8.0
12278.0,0.0129508615441983,3.0
10855.0,0.0318495781319102,9.0
6541.0,0.0435226438567458,7.0
17410.0,0.0330274972955187,1.0
17017.0,0.0206552806851743,12.0
11152.0,0.0276600464584992,8.0
15407.0,0.0352495384989768,11.0
11777.0,0.0099529057854501,7.0
13899.0,0.0405206368792826,5.0
17598.0,0.0392005264186006,12.0
15527.0,0.0334058141769277,11.0
5990.0,0.0374994025956906,15.0
8669.0,0.0189890073379006,14.0
24266.0,0.0100624305145146,3.0
24651.0,0.0361886591732977,10.0
28410.0,0.015966949606925,9.0
20926.0,0.0169786301600325,7.0
0.0,0.0313053478672525,8.0
16714.0,0.0402725831420794,10.0
24122.0,0.0300359829566387,9.0
11861.0,0.016518769668731,10.0
23148.0,0.0302285277702742,4.0
18483.0,0.0423334739885259,10.0
11202.0,0.0371408382630334,3.0
20144.0,0.0238590335003018,10.0
2680.0,0.0091360112415497,11.0
0.0,0.0115858871876905,7.0
5667.0,0.0308597832424632,11.0
2145.0,0.0168618839035809,7.0
6963.0,0.0152844320900793,5.0
5103.0,0.0226496472647472,7.0
5178.0,0.0189384443799875,8.0
0.0,0.0373269329064512,8.0
1168.0,0.0098325834344856,8.0
14320.0,0.0204727277548249,7.0
3496.0,0.0114365711737771,10.0
0.0,0.0324049348624377,5.0
0.0,0.0219458167400636,11.0
0.0,0.0020024426764524,4.0
0.0,0.0311880534294137,12.0
0.0,0.0206864440200111,3.0
0.0,0.0159509778272,8.0
0.0,0.0274596452514923,9.0
0.0,0.0,10.0
0.0,0.0,8.0
0.0,0.0,8.0
0.0,0.0,5.0
0.0,0.0,7.0
0.0,0.0,11.0
0.0,0.0,4.0
0.0,0.0,11.0
0.0,0.0,7.0
0.0,0.0,11.0
0.0,0.0,6.0
0.0,0.0,9.0
0.0,0.0,8.0
0.0,0.0,9.0
0.0,0.0,5.0
0.0,0.0,7.0
0.0,0.0,6.0
0.0,0.0,5.0
0.0,0.0,2.0
0.0,0.0,5.0
0.0,0.0,2.0
0.0,0.0,5.0
0.0,0.0,12.0
0.0,0.0,10.0
0.0,0.0,14.0
0.0,0.0,12.0
0.0,0.0301913795489543,10.0
0.0,0.0223739379573743,7.0
0.0,0.0,5.0
0.0,0.0058964740264932,9.0
0.0,0.0039177886190828,7.0
0.0,0.0252239258911853,6.0
0.0,0.0205692780429491,9.0
0.0,0.0342246733555301,7.0
0.0,0.0204132229751137,14.0
0.0,0.021249561175524,15.0
0.0,0.0130517601716902,11.0
0.0,0.0206547657628406,8.0
0.0,0.0230665926347739,14.0
0.0,0.0178317688195749,11.0
0.0,0.0310550637372469,13.0
0.0,0.0,15.0
0.0,0.0143864479723935,13.0
0.0,0.0089265134141093,14.0
0.0,0.0237044710593651,15.0
0.0,0.0117873416756527,13.0
0.0,0.006306377065964,12.0
0.0,0.0,15.0
0.0,0.0254905997152946,15.0
0.0,0.0098365532714475,15.0
0.0,0.0154013058155653,13.0
0.0,0.0,15.0
0.0,0.0,11.0
0.0,0.0,14.0
0.0,0.0,15.0
0.0,0.0,13.0
0.0,0.0,13.0
0.0,0.0,15.0
0.0,0.0,13.0
0.0,0.0,13.0
0.0,0.0,13.0
0.0,0.0,14.0
0.0,0.0,11.0
0.0,0.0,14.0
0.0,0.0,13.0
0.0,0.0,13.0
13771.0,0.0225203777676978,15.0
11649.0,0.0238197554241215,14.0
33637.0,0.0258986731419279,10.0
42009.0,0.0180854490840596,13.0
59594.0,0.0376245320946255,13.0
34041.0,0.0037787946970932,11.0
17672.0,0.0271796483868096,11.0
6970.0,0.0382082258899811,11.0
5649.0,0.0314242977275552,15.0
15663.0,0.0436927497500737,14.0
4515.0,0.0359171323648425,15.0
4784.0,0.0355870681427349,15.0
18573.0,0.0267616302534885,11.0
15625.0,0.0470526250402787,8.0
15821.0,0.0350658736538446,10.0
13805.0,0.0,12.0
20427.0,0.0080058097600427,11.0
2889.0,0.0504349709242439,14.0
22503.0,0.0354782157206763,15.0
16612.0,0.0254220111661792,12.0
28788.0,0.0307923679295251,14.0
30600.0,0.0180660615584976,15.0
14283.0,0.0440113165263647,14.0
22778.0,0.0119901054239004,13.0
24342.0,0.0457744612320198,9.0
29918.0,0.0374452730360438,8.0
52683.0,0.0140263942959595,10.0
30953.0,0.0243409969558589,13.0
29131.0,0.0198246144321981,11.0
18127.0,0.0257750955469395,14.0
43582.0,0.0292414676626118,11.0
68095.0,0.0112732618315566,10.0
43755.0,0.0192210574784565,12.0
45778.0,0.0443181483874742,10.0
47025.0,0.0471018464381804,9.0
15976.0,0.0309209294987562,6.0
20434.0,0.025790330985631,6.0
12082.0,0.0109531210002754,4.0
24903.0,0.0173588207608326,11.0
18169.0,0.0192633225017935,7.0
29420.0,0.032014577509825,8.0
10585.0,0.0383933091944283,7.0
18367.0,0.0352808891012028,9.0
13511.0,0.0192343932618966,7.0
6459.0,0.01114428611409,2.0
8543.0,0.0256456971348474,9.0
10838.0,0.0349714317252088,9.0
13332.0,0.0297349354504606,6.0
11637.0,0.0152772772925954,5.0
20765.0,0.0341815579263454,8.0
21138.0,0.033054670947848,8.0
24397.0,0.0303561241955147,11.0
22655.0,0.0352431423934408,8.0
14325.0,0.0354666240279407,5.0
9867.0,0.0260210742538663,7.0
945.0,0.0209582736931611,5.0
21860.0,0.0468666970693445,4.0
11163.0,0.0255224428582154,8.0
14986.0,0.0170635389875693,7.0
22664.0,0.0225108964883984,11.0
19074.0,0.0410462785200648,6.0
15302.0,0.0390706563027128,9.0
12274.0,0.0195194593219507,10.0
7468.0,0.0534708324574644,8.0
20066.0,0.0155498098290429,11.0
14177.0,0.0243249692802274,10.0
18471.0,0.0177110058194536,5.0
18408.0,0.0046922025111189,15.0
27653.0,0.0,7.0
20784.0,0.0326668857056254,7.0
11352.0,0.0416953035736762,8.0
20821.0,0.0242189553437595,7.0
23606.0,0.0277397541126755,11.0
18908.0,0.0301643406894139,6.0
13955.0,0.0307819956341766,8.0
7290.0,0.0260152575636078,10.0
8419.0,0.0,9.0
12958.0,0.0216501318785896,7.0
5976.0,0.0276763016463103,10.0
7762.0,0.0,10.0
7083.0,0.0170594820045524,12.0
3409.0,0.0001616964826251,6.0
0.0,0.0,2.0
16536.0,0.0162769670846105,6.0
0.0,0.025172253357138,10.0
2348.0,0.0118547435169741,3.0
14067.0,0.0227559213334018,7.0
1785.0,0.0011233784372445,7.0
0.0,0.0128432812267691,7.0
0.0,0.012544607038357,4.0
0.0,0.0260290341433421,8.0
0.0,0.022516410038136,7.0
0.0,0.0466272733955422,5.0
0.0,0.0105517384686554,6.0
0.0,0.0155779318301283,9.0
0.0,0.0171046538621033,8.0
0.0,0.0,6.0
0.0,0.0,7.0
0.0,0.0,10.0
0.0,0.0,8.0
0.0,0.0,5.0
0.0,0.0,6.0
0.0,0.0,6.0
0.0,0.0,11.0
0.0,0.0,9.0
0.0,0.0,13.0
0.0,0.0,4.0
0.0,0.0,5.0
0.0,0.0,10.0
0.0,0.0,7.0
0.0,0.0,7.0
0.0,0.0,7.0
0.0,0.0,7.0
0.0,0.0,4.0
0.0,0.0,6.0
0.0,0.0,4.0
0.0,0.0,5.0
0.0,0.0,7.0
0.0,0.0,11.0
0.0,0.0,14.0
0.0,0.0,13.0
0.0,0.0,11.0
0.0,0.0171548338156797,7.0
0.0,0.0205094451269236,6.0
0.0,0.0292363986801677,2.0
0.0,0.0025163740493644,10.0
0.0,0.0226408179790487,10.0
0.0,0.0,4.0
0.0,0.0249385885980871,3.0
0.0,0.0126510656732555,7.0
0.0,0.0122793051341203,14.0
0.0,0.0020677341449653,13.0
0.0,0.0315153199738191,11.0
0.0,0.0274239625963314,8.0
0.0,0.0345718646898994,12.0
0.0,0.0065539382546149,15.0
0.0,0.0370309042983101,10.0
0.0,0.0155467138502608,12.0
0.0,0.0,12.0
0.0,0.0137932619446262,12.0
0.0,0.0051396103327745,14.0
0.0,0.0132272785985028,13.0
0.0,0.0,15.0
0.0,0.0146591851869636,15.0
0.0,0.0463663155187517,15.0
0.0,0.0090674140636766,12.0
0.0,0.0252890517536389,11.0
0.0,0.0,13.0
0.0,0.0,12.0
0.0,0.0,15.0
0.0,0.0,12.0
0.0,0.0,14.0
0.0,0.0,13.0
0.0,0.0,14.0
0.0,0.0,14.0
0.0,0.0,14.0
0.0,0.0,14.0
0.0,0.0,13.0
0.0,0.0,15.0
0.0,0.0,12.0
0.0,0.0,11.0
0.0,0.0,14.0
8411.0,0.0,11.0
496.0,0.0217549888214393,13.0
34682.0,0.0250400452979062,13.0
39549.0,0.0289454651493699,11.0
43433.0,0.0264466979297055,15.0
22964.0,0.0,13.0
11819.0,0.0003594770189341,12.0
9028.0,0.032790989593215,12.0
0.0,0.0298544366056485,12.0
10936.0,0.0380680293898735,13.0
9494.0,0.0403503482955867,13.0
6688.0,0.0185870696424583,10.0
1265.0,0.0357719803109176,10.0
18032.0,0.0326104587018206,11.0
26577.0,0.0276773536982238,11.0
11996.0,0.0312043173464893,12.0
18434.0,0.0409491593360955,9.0
9114.0,0.0299806931424368,14.0
22173.0,0.0320599284988149,13.0
13287.0,0.0412778269259204,15.0
38162.0,0.0309772139985994,10.0
35061.0,0.0429947959707683,9.0
29936.0,0.0406604165470599,15.0
21368.0,0.0334897938390043,12.0
17610.0,0.0256285108572611,10.0
27641.0,0.0387834901450128,10.0
40192.0,0.0420986117006648,12.0
39186.0,0.0310391566400608,11.0
42770.0,0.0431368414582904,10.0
29738.0,0.0282681630303414,12.0
52757.0,0.0290622656558339,9.0
49674.0,0.0295564635891085,14.0
47765.0,0.0238527739001337,12.0
46652.0,0.0,10.0
46788.0,0.0023420736508564,10.0
13384.0,0.017642145306965,6.0
11395.0,0.0355763225548344,11.0
16728.0,0.0182245251565072,8.0
18744.0,0.0310545962437419,8.0
18510.0,0.0431513120669521,13.0
17569.0,0.0289618440572962,7.0
5740.0,0.037397099820997,7.0
1919.0,0.0187169375655657,8.0
11474.0,0.0241354285576889,10.0
4326.0,0.01937752165929,6.0
18136.0,0.0220373708095411,7.0
17223.0,0.0135687315311642,7.0
0.0,0.0167542296536528,10.0
4296.0,0.014541171008307,4.0
12056.0,0.0305906064242327,7.0
24035.0,0.0299921474103493,10.0
11183.0,0.0163790571049104,12.0
17753.0,0.020684023485399,5.0
24089.0,0.0332746076825762,2.0
18581.0,0.0282875308501154,7.0
0.0,0.0059814204307322,5.0
20353.0,0.0324786205942735,4.0
24014.0,0.0387777869284317,9.0
9394.0,0.033499702103939,7.0
14485.0,0.0234359778474996,11.0
12191.0,0.0275684009364552,8.0
13036.0,0.030988556353251,8.0
12996.0,0.0373671487784738,7.0
13772.0,0.0170809784439311,14.0
9481.0,0.0128281039360645,11.0
13615.0,0.0301783422314902,12.0
17685.0,0.0335979803052938,0.0
27935.0,0.0278480872845348,12.0
23360.0,0.0079487692869122,8.0
18822.0,0.0507740360529322,11.0
12959.0,0.0382201430406367,8.0
4858.0,0.0270542779245756,9.0
28403.0,0.0498298321735764,6.0
15318.0,0.0247169400916892,5.0
20428.0,0.0368568359200811,6.0
19077.0,0.0317323328319767,12.0
5935.0,0.0016025460670428,5.0
8902.0,0.0266750263887931,6.0
6915.0,0.0069506526682848,12.0
0.0,0.0165296124538074,10.0
6496.0,0.0214996865971366,9.0
3956.0,0.0154772762200831,8.0
0.0,0.005747779130398,4.0
0.0,0.0198931203108744,7.0
0.0,0.0171679926178013,9.0
237.0,0.0095456031650082,11.0
0.0,0.0192208400565992,11.0
4092.0,0.0047963370812915,6.0
147.0,0.0248838765919494,6.0
0.0,0.0370295162680397,8.0
0.0,0.0138550206063514,4.0
0.0,0.0192505015610459,8.0
0.0,0.0186766812654316,12.0
0.0,0.0359896372152787,8.0
0.0,0.0196518361105957,8.0
0.0,0.0252236456299082,7.0
0.0,0.0,7.0
0.0,0.0,7.0
0.0,0.0,11.0
0.0,0.0,6.0
0.0,0.0,7.0
0.0,0.0,10.0
0.0,0.0,6.0
0.0,0.0,11.0
0.0,0.0,3.0
0.0,0.0,10.0
0.0,0.0,5.0
0.0,0.0,10.0
0.0,0.0,11.0
0.0,0.0,7.0
0.0,0.0,7.0
0.0,0.0,7.0
0.0,0.0,8.0
0.0,0.0,5.0
0.0,0.0,5.0
0.0,0.0,6.0
0.0,0.0,5.0
0.0,0.0,6.0
0.0,0.0,13.0
0.0,0.0,7.0
0.0,0.0,14.0
0.0,0.0,12.0
0.0,0.0419634763225434,12.0
0.0,0.0240408031151741,8.0
0.0,0.0124325290744152,8.0
0.0,0.0162206596544394,12.0
0.0,0.015871495612958,9.0
0.0,0.0354091525750477,7.0
0.0,0.0346244874134782,5.0
0.0,0.0214455224871271,7.0
0.0,0.0364016409699385,13.0
0.0,0.0,13.0
0.0,0.0340147687487325,12.0
0.0,0.0240115038717367,11.0
0.0,0.0263481962818535,13.0
0.0,0.0025313939368778,14.0
0.0,0.0209575779564718,15.0
0.0,0.0226752900678594,14.0
0.0,0.0390879108058182,15.0
0.0,0.015355146069639,13.0
0.0,0.0282373160192492,14.0
0.0,0.0142857695319501,12.0
0.0,0.0156136322489951,13.0
0.0,0.0245446439949131,13.0
0.0,0.0131727253552018,15.0
0.0,0.0142501346296571,15.0
0.0,0.0050117139462028,14.0
0.0,0.0,14.0
0.0,0.0,14.0
0.0,0.0,12.0
0.0,0.0,12.0
0.0,0.0,12.0
0.0,0.0,15.0
0.0,0.0,11.0
0.0,0.0,12.0
0.0,0.0,11.0
0.0,0.0,15.0
0.0,0.0,13.0
0.0,0.0,15.0
0.0,0.0,14.0
0.0,0.0,11.0
0.0,0.0,15.0
16521.0,0.004711957368548,15.0
9372.0,0.0195828773781373,9.0
22777.0,0.0338818675763051,13.0
40840.0,0.021168986349485,15.0
47459.0,0.0131206335288787,15.0
24836.0,0.0062724476618145,15.0
14920.0,0.015798528498158,12.0
15237.0,0.0115859912255434,13.0
3130.0,0.0379349161479821,14.0
893.0,0.0244676087982713,8.0
7744.0,0.0218193996679188,14.0
8770.0,0.0384531992627502,15.0
4513.0,0.0276038502504204,14.0
16064.0,0.0438846764056116,8.0
14406.0,0.0284452707284945,11.0
30752.0,0.0201295016500494,8.0
15722.0,0.0302697613779206,10.0
3348.0,0.0237977840040274,13.0
24157.0,0.047908898373711,9.0
14226.0,0.0222616803343883,13.0
28698.0,0.0272581414664932,11.0
32603.0,0.0291688070626274,14.0
14580.0,0.0036363163088022,12.0
23047.0,0.0258911728232842,14.0
27616.0,0.0426685301135641,10.0
35718.0,0.0264574846545988,9.0
30673.0,0.0301651917901336,11.0
25308.0,0.0200551623363099,7.0
41609.0,0.0390582970994418,13.0
33147.0,0.0132598273349814,12.0
54048.0,0.0342423042425764,13.0
56518.0,0.0331091424927662,10.0
44465.0,0.0388211191964507,10.0
50468.0,0.0195328976065291,11.0
45259.0,0.018886713630633,5.0
23442.0,0.0283469543316348,10.0
19183.0,0.0244038391997399,7.0
0.0,0.046102219013642,4.0
19277.0,0.0223587315330126,14.0
27649.0,0.0162535526547522,8.0
9557.0,0.0213652546661541,9.0
2752.0,0.0190334585676611,6.0
8804.0,0.0245405454968673,6.0
9246.0,0.0206046808249876,8.0
5171.0,0.0339479698948317,8.0
11938.0,0.0306343482565923,11.0
13992.0,0.0238743181517227,10.0
7607.0,0.0223295089681758,10.0
13910.0,0.0321623654650034,6.0
19551.0,0.0062918292566675,4.0
30648.0,0.0450304045592523,10.0
7619.0,0.0237648275982322,10.0
22259.0,0.012741781407248,9.0
4302.0,0.0186518288134508,3.0
11869.0,0.0232036169164035,4.0
3827.0,0.0459272131474419,4.0
19933.0,0.0167420098237814,4.0
18398.0,0.0396515095143522,8.0
8931.0,0.0307475746888364,7.0
18431.0,0.0399443251567398,7.0
16159.0,0.0191895142263882,10.0
16881.0,0.0349195068637594,10.0
25386.0,0.042186605470235,8.0
9948.0,0.0283129967739381,11.0
9802.0,0.040587791675615,8.0
1830.0,0.0326115392571506,14.0
26086.0,0.0345062485672761,5.0
22026.0,0.0185421251618712,10.0
26077.0,0.0201562736453487,5.0
22108.0,0.0396479964151322,8.0
871.0,0.0262243472323396,10.0
4116.0,0.0143797819680055,6.0
25315.0,0.0264772210954847,7.0
16722.0,0.014393181718969,9.0
17396.0,0.0177772541967072,6.0
13568.0,0.0370111169292882,10.0
20281.0,0.0125120369486702,5.0
17399.0,0.0388584723998237,7.0
0.0,0.0141938680174124,8.0
0.0,0.0195801661471614,8.0
5592.0,0.0,7.0
0.0,0.0267367039176569,12.0
9246.0,0.0337491978129713,7.0
11163.0,0.0042083993279887,8.0
2568.0,0.019391663742527,6.0
583.0,0.0297687558651621,4.0
195.0,0.0298185909137452,9.0
0.0,0.0,4.0
0.0,0.0277614918881663,5.0
0.0,0.0048457222762051,5.0
0.0,0.0308183839821409,6.0
0.0,0.0202013300721516,6.0
0.0,0.0378027381717449,12.0
0.0,0.0258341031872524,2.0
0.0,0.0078754886369104,6.0
0.0,0.0221437163510888,6.0
0.0,0.0,7.0
0.0,0.0,8.0
0.0,0.0,9.0
0.0,0.0,10.0
0.0,0.0,9.0
0.0,0.0,6.0
0.0,0.0,8.0
0.0,0.0,12.0
0.0,0.0,6.0
0.0,0.0,13.0
0.0,0.0,10.0
0.0,0.0,5.0
0.0,0.0,6.0
0.0,0.0,9.0
0.0,0.0,6.0
0.0,0.0,9.0
0.0,0.0,4.0
0.0,0.0,3.0
0.0,0.0,2.0
0.0,0.0,8.0
0.0,0.0,6.0
0.0,0.0,8.0
0.0,0.0,9.0
0.0,0.0,5.0
0.0,0.0,15.0
0.0,0.0,14.0
0.0,0.0114469698208918,8.0
0.0,0.0309808926951104,5.0
0.0,0.015179661338962,3.0
0.0,0.0246490534126018,8.0
0.0,0.0250881939174412,10.0
0.0,0.0142096040045799,9.0
0.0,0.0241092448479237,6.0
0.0,0.0089554416505456,6.0
0.0,0.038808161426666,11.0
0.0,0.0052534860318676,11.0
0.0,0.0066969736545562,15.0
0.0,0.0147109436829632,12.0
0.0,0.0429827170103042,11.0
0.0,0.0246750097967938,11.0
0.0,0.0070934023693001,15.0
0.0,0.0295389338967256,13.0
0.0,0.0170356386201649,13.0
0.0,0.0021081674365897,13.0
0.0,0.0,14.0
0.0,0.0242981136509787,14.0
0.0,0.019106447589205,14.0
0.0,0.0163073707418499,9.0
0.0,0.019890128036242,10.0
0.0,0.0223953305471554,14.0
0.0,0.0198861907410479,12.0
0.0,0.0,13.0
0.0,0.0,13.0
0.0,0.0,13.0
0.0,0.0,15.0
0.0,0.0,11.0
0.0,0.0,14.0
0.0,0.0,14.0
0.0,0.0,12.0
0.0,0.0,13.0
0.0,0.0,13.0
0.0,0.0,15.0
0.0,0.0,13.0
0.0,0.0,15.0
0.0,0.0,15.0
0.0,0.0,15.0
18530.0,0.0271498369827181,11.0
6032.0,0.0146717111546259,14.0
31009.0,0.0153102257375082,14.0
34796.0,0.0048081039029303,15.0
56770.0,0.0351518519217088,15.0
30666.0,0.0209710526314367,12.0
16922.0,0.0397416246460826,12.0
9136.0,0.0092522211174914,15.0
15368.0,0.0330950231504069,13.0
4196.0,0.0415534449289843,12.0
10536.0,0.0170804308432908,13.0
13116.0,0.0118671217713405,15.0
1770.0,0.0098328710786875,12.0
5678.0,0.0421043151718715,8.0
19604.0,0.0492794484439285,10.0
20953.0,0.0375759082221112,8.0
14459.0,0.03250348109107,10.0
4899.0,0.0359635577891161,14.0
37655.0,0.0200617271871363,11.0
8483.0,0.0254183253777979,12.0
34123.0,0.0154743048669866,14.0
30423.0,0.0414862743813819,9.0
23457.0,0.0314566459113928,9.0
32999.0,0.0294847124026547,10.0
20374.0,0.0305285638263106,7.0
35091.0,0.0458401690429237,10.0
35919.0,0.0566004796189977,12.0
30167.0,0.0432999062779311,8.0
29313.0,0.0232661006087489,12.0
39864.0,0.0415349896922846,11.0
54800.0,0.0363610963396831,15.0
44916.0,0.027169714317629,11.0
49115.0,0.025636526460202,13.0
50883.0,0.0202112524028315,11.0
47008.0,0.0320276751751532,7.0
20498.0,0.0126168506262597,7.0
10241.0,0.0380243261795524,8.0
12932.0,0.029423331056038,6.0
30034.0,0.0160259635518189,8.0
28945.0,0.0290010919164578,10.0
23162.0,0.0460685510760817,8.0
0.0,0.0025683640092355,6.0
19780.0,0.0,9.0
11263.0,0.0384771384616408,7.0
770.0,0.0311733727059487,8.0
24274.0,0.0422236369963981,5.0
5056.0,0.0399660735848817,10.0
9214.0,0.0100661703365278,6.0
12174.0,0.0368711264459386,5.0
13658.0,0.0313197015426444,2.0
23384.0,0.0449802863497911,10.0
7225.0,0.0293245824811397,6.0
22392.0,0.0255520752383492,8.0
22379.0,0.026684267479535,4.0
19152.0,0.0194771091555046,6.0
7309.0,0.0440035823932713,2.0
21075.0,0.0385123287380146,7.0
9367.0,0.0151187634141797,6.0
27708.0,0.0120594941843605,12.0
11962.0,0.0218178954563733,8.0
9136.0,0.0200791713589248,8.0
7157.0,0.0117048986424663,12.0
18892.0,0.0297897696719156,9.0
9685.0,0.0250796387679187,9.0
0.0,0.0182666827342627,12.0
0.0,0.0351794788966938,13.0
24417.0,0.016224645861366,3.0
19113.0,0.035557901295026,12.0
33119.0,0.0271062538858134,8.0
26692.0,0.021285137255528,9.0
16329.0,0.0240574699065678,6.0
22056.0,0.0241296242068279,6.0
14277.0,0.0271478746097529,5.0
7615.0,0.0003046684279379,7.0
21163.0,0.0164248889733003,8.0
18654.0,0.0337781394124679,8.0
18342.0,0.036306815942257,7.0
0.0,0.0559525557845946,11.0
8503.0,0.0120351175355115,13.0
0.0,0.0168894177081072,7.0
4187.0,0.015715864731201,11.0
12175.0,0.0228257838326658,12.0
405.0,0.019014561481372,3.0
6412.0,0.025774810806243,7.0
2808.0,0.015552093099728,7.0
0.0,0.0203040683747574,8.0
1302.0,0.0281509727573841,9.0
2423.0,0.0262828439087494,8.0
10572.0,0.0281018990827664,6.0
0.0,0.0085189016961132,7.0
0.0,0.045814412030642,8.0
0.0,0.0066433289326421,4.0
0.0,0.0199310154690482,6.0
0.0,0.0155015574764161,5.0
0.0,0.0087467880926905,7.0
0.0,0.0371902400506096,12.0
0.0,0.0,10.0
0.0,0.0,8.0
0.0,0.0,7.0
0.0,0.0,8.0
0.0,0.0,7.0
0.0,0.0,9.0
0.0,0.0,4.0
0.0,0.0,8.0
0.0,0.0,8.0
0.0,0.0,13.0
0.0,0.0,6.0
0.0,0.0,8.0
0.0,0.0,7.0
0.0,0.0,7.0
0.0,0.0,6.0
0.0,0.0,5.0
0.0,0.0,6.0
0.0,0.0,3.0
0.0,0.0,3.0
0.0,0.0,8.0
0.0,0.0,8.0
0.0,0.0,10.0
0.0,0.0,14.0
0.0,0.0,8.0
0.0,0.0,13.0
0.0,0.0,12.0
0.0,0.0063737225656162,8.0
0.0,0.0064567528280242,6.0
0.0,0.0074685757522128,4.0
0.0,0.0,12.0
0.0,0.009187307285162,7.0
0.0,0.0090073071380876,7.0
0.0,0.0024534871580054,5.0
0.0,0.0268648161413088,6.0
0.0,0.0271485168980551,14.0
0.0,0.0130851099296282,11.0
0.0,0.0066040867767061,12.0
0.0,0.0206736724298565,14.0
0.0,0.0362130543046724,10.0
0.0,0.00966511196697,13.0
0.0,0.0419977117195797,11.0
0.0,0.015116228532335,15.0
0.0,0.0061717961176725,13.0
0.0,0.0184049840953303,10.0
0.0,0.0211146016850352,13.0
0.0,0.023010957356469,13.0
0.0,0.0145118225298761,12.0
0.0,0.0175186077450958,10.0
0.0,0.0226630508582175,15.0
0.0,0.033075779045018,14.0
0.0,0.0216882697086194,14.0
0.0,0.0,11.0
0.0,0.0,15.0
0.0,0.0,11.0
0.0,0.0,11.0
0.0,0.0,12.0
0.0,0.0,13.0
0.0,0.0,12.0
0.0,0.0,12.0
0.0,0.0,10.0
0.0,0.0,15.0
0.0,0.0,11.0
0.0,0.0,13.0
0.0,0.0,11.0
0.0,0.0,15.0
0.0,0.0,14.0
8893.0,0.0146400493064657,14.0
1869.0,0.0258453722188839,11.0
28440.0,0.0249441387095837,13.0
39043.0,0.0110711256308322,14.0
54905.0,0.0375594900073337,9.0
20256.0,0.0112957890298429,9.0
12083.0,0.0423141113713,13.0
9313.0,0.0238664211818511,12.0
0.0,0.0146891107615548,13.0
4460.0,0.0381550835592109,15.0
4747.0,0.0345705614886035,12.0
8431.0,0.028477181225685,15.0
0.0,0.0426751337469408,13.0
22748.0,0.0290641953824127,8.0
7302.0,0.041697933093739,8.0
22758.0,0.030485659436107,11.0
17634.0,0.0194887130083354,11.0
5462.0,0.0184548082246369,10.0
22129.0,0.0266304525606102,12.0
25176.0,0.0312012477657913,15.0
35170.0,0.0425027108327449,13.0
31669.0,0.0362312836063857,14.0
7769.0,0.0247709744976913,11.0
25856.0,0.0297673846277972,12.0
23358.0,0.0229403322202009,8.0
28601.0,0.0282505177299952,13.0
43562.0,0.0685255403461795,12.0
26162.0,0.0167633149696136,10.0
28731.0,0.0372213118578055,14.0
25108.0,0.0240323199018388,11.0
61794.0,0.0086542240066426,14.0
43731.0,0.0158931383496341,11.0
47363.0,0.0317425327622581,14.0
44963.0,0.0468123829431331,10.0
47743.0,0.0262817833065705,5.0
18434.0,0.0221723613635305,7.0
19501.0,0.0322551471198281,9.0
14319.0,0.0167308414147889,4.0
29459.0,0.0327787249337858,8.0
30392.0,0.0378613423379474,7.0
31518.0,0.0385107627584066,12.0
4593.0,0.0036345714362491,8.0
11243.0,0.0319490530708159,10.0
19733.0,0.0237080707016959,7.0
13055.0,0.0039791839767776,6.0
8764.0,0.0071893564930121,8.0
5594.0,0.0299587077509312,9.0
4886.0,0.0280769295540689,8.0
3092.0,0.0200815163565833,3.0
24797.0,0.0299872824480467,8.0
29608.0,0.041291600133752,10.0
18776.0,0.0203994317941709,11.0
12643.0,0.0202792216297706,8.0
16448.0,0.0311040434533643,6.0
18828.0,0.0180685062232622,5.0
17792.0,0.0061904016556432,10.0
27391.0,0.038448044899283,9.0
10981.0,0.0371264275124787,10.0
15611.0,0.0300343769812283,11.0
15109.0,0.0349755453930597,10.0
14125.0,0.0335691554423691,6.0
12015.0,0.034201839290208,11.0
25392.0,0.0193917888259937,10.0
12439.0,0.0208247214080183,9.0
3154.0,0.0400921737793051,9.0
7208.0,0.036798358735275,14.0
13453.0,0.0282705330533234,7.0
30931.0,0.0289722720027246,13.0
18935.0,0.013678522823606,6.0
26836.0,0.0300458967894577,6.0
3757.0,0.0231705839670811,7.0
6226.0,0.0276476288572053,7.0
9011.0,0.0243323231931344,8.0
19683.0,0.0290238297644083,5.0
23486.0,0.0491499273485047,7.0
13716.0,0.0297861647432601,12.0
14594.0,0.0299074495840639,5.0
13616.0,0.0,7.0
5742.0,0.0384328468881039,8.0
3943.0,0.0102643913095501,10.0
14089.0,0.0238782177927228,6.0
10426.0,0.0394619287671199,7.0
6508.0,0.0146084592181095,8.0
2818.0,0.0376085598542391,5.0
10897.0,0.0175822143441001,7.0
7577.0,0.0094599895015769,10.0
12773.0,0.0113199484791105,7.0
4516.0,0.0383755590416383,7.0
0.0,0.0122822291952857,7.0
0.0,0.0102720537321861,4.0
0.0,0.021187803997094,5.0
0.0,0.0204150687933226,6.0
0.0,0.0198465139924008,7.0
0.0,0.0048588829583542,10.0
0.0,0.0218537510971784,7.0
0.0,0.0072489938359408,9.0
0.0,0.0,9.0
0.0,0.0,4.0
0.0,0.0,7.0
0.0,0.0,9.0
0.0,0.0,8.0
0.0,0.0,8.0
0.0,0.0,4.0
0.0,0.0,10.0
0.0,0.0,8.0
0.0,0.0,9.0
0.0,0.0,6.0
0.0,0.0,9.0
0.0,0.0,8.0
0.0,0.0,11.0
0.0,0.0,8.0
0.0,0.0,10.0
0.0,0.0,4.0
0.0,0.0,10.0
0.0,0.0,5.0
0.0,0.0,6.0
0.0,0.0,3.0
0.0,0.0,6.0
0.0,0.0,14.0
0.0,0.0,6.0
0.0,0.0,12.0
0.0,0.0,11.0
0.0,0.0189965154619947,6.0
0.0,0.0200860746424447,5.0
0.0,0.0311808353640755,3.0
0.0,0.0263547788390944,10.0
0.0,0.0183835914745059,7.0
0.0,0.0352674261383482,8.0
0.0,0.0055669209110764,7.0
0.0,0.0154060951877024,6.0
0.0,0.0113897338993594,13.0
0.0,0.0304669323411796,12.0
0.0,0.0215408607501255,12.0
0.0,0.0227439136714849,13.0
0.0,0.0168741148158984,12.0
0.0,0.0345606332844301,12.0
0.0,0.0125458609391145,14.0
0.0,0.0173023348187278,11.0
0.0,0.0088092501140127,13.0
0.0,0.0163154144071745,14.0
0.0,0.0261705945853642,13.0
0.0,0.0106938265853238,11.0
0.0,0.0201724088665491,12.0
0.0,0.0307902643564012,11.0
0.0,0.0014616439751275,14.0
0.0,0.0268361152905841,15.0
0.0,0.0396346641725019,15.0
0.0,0.0,10.0
0.0,0.0,13.0
0.0,0.0,14.0
0.0,0.0,8.0
0.0,0.0,13.0
0.0,0.0,15.0
0.0,0.0,12.0
0.0,0.0,14.0
0.0,0.0,12.0
0.0,0.0,15.0
0.0,0.0,14.0
0.0,0.0,13.0
0.0,0.0,11.0
0.0,0.0,12.0
0.0,0.0,14.0
14119.0,0.0142340526969042,13.0
7061.0,0.0141885822033912,11.0
29500.0,0.0265396925510722,13.0
41954.0,0.0208287999890506,13.0
48727.0,0.0290408823497592,15.0
32777.0,0.0255257078922872,15.0
2692.0,0.0080353219638476,15.0
9122.0,0.0011887847973594,13.0
10855.0,0.043733497735697,7.0
18.0,0.0262808966741336,12.0
11259.0,0.0217555830699918,13.0
0.0,0.0360835377541765,11.0
9860.0,0.0234549056184292,10.0
20137.0,0.0096243613563342,8.0
14386.0,0.016850959092779,10.0
25633.0,0.0320786321806248,10.0
9965.0,0.0364351641347377,12.0
7350.0,0.0525367374959671,14.0
34483.0,0.0246322818302072,13.0
15286.0,0.0454498845887658,11.0
35598.0,0.0420388943824991,14.0
41617.0,0.0341744373167094,14.0
23069.0,0.0326511777747712,10.0
30353.0,0.0200646159906674,12.0
24051.0,0.0262968197043549,11.0
36048.0,0.0351073829191522,7.0
44331.0,0.0257950594352476,11.0
36605.0,0.0414485248918443,8.0
10642.0,0.043926326901835,15.0
32209.0,0.0171347983609186,13.0
55990.0,0.0312176720216879,9.0
46217.0,0.0200579529023482,12.0
41070.0,0.0287055862334379,10.0
54719.0,0.0298361733672128,8.0
38601.0,0.0191459882194353,7.0
20578.0,0.0211707960596382,7.0
15286.0,0.0331984274298395,7.0
0.0,0.0234023039213656,1.0
28429.0,0.0322118212627234,9.0
31968.0,0.0387079724661191,10.0
20823.0,0.0239345451724091,11.0
15201.0,0.0265672907585801,9.0
15054.0,0.0254251865077776,6.0
16875.0,0.0078063621003696,8.0
14370.0,0.0077401128434018,3.0
22427.0,0.0171119499481344,8.0
10639.0,0.0382702890745476,12.0
1941.0,0.0295181662026598,5.0
13865.0,0.0322059059463921,7.0
22167.0,0.0335478073922698,5.0
29578.0,0.0137094438647037,8.0
8830.0,0.0388226882776042,11.0
32322.0,0.0117733866911838,6.0
19227.0,0.0426377489724891,3.0
18455.0,0.0216601895583669,5.0
0.0,0.0095170671084479,7.0
29620.0,0.0070933443953124,8.0
13045.0,0.0033694161222568,6.0
3785.0,0.0395206213445868,9.0
6850.0,0.0207760102762232,6.0
15307.0,0.0424592790361359,6.0
13797.0,0.0351028130120637,3.0
6395.0,0.0260796449392866,11.0
5151.0,0.0240806267531464,11.0
10179.0,0.0123351659343827,13.0
0.0,0.0223564268533529,9.0
12688.0,0.0218167786804503,4.0
29724.0,0.0246175868686575,6.0
24959.0,0.0273250544184841,10.0
33837.0,0.0112228083436404,2.0
8672.0,0.0414678812244212,7.0
20051.0,0.0223358975220902,10.0
20794.0,0.0355065595209926,8.0
3081.0,0.0169756039706173,4.0
20422.0,0.0205351725465016,6.0
4967.0,0.0009412026579067,10.0
9674.0,0.0129415009964313,6.0
2895.0,0.0198152305433704,8.0
0.0,0.0138355857882033,12.0
1113.0,0.0133832294161883,10.0
0.0,0.0154911979565611,10.0
7087.0,0.0202361239612046,9.0
9224.0,0.0358102965674849,6.0
8710.0,0.0224634503635341,5.0
6554.0,0.008895126426751,10.0
2277.0,0.013941081954149,5.0
0.0,0.0342030090286284,9.0
8377.0,0.0191740600874632,6.0
0.0,0.0050890313598313,5.0
0.0,0.02056799399317,11.0
0.0,0.0118677303911132,6.0
0.0,0.0085381793981647,3.0
0.0,0.0289002655203076,8.0
0.0,0.0180924901970728,3.0
0.0,0.0308350704681129,6.0
0.0,0.0224531467488032,11.0
0.0,0.0,8.0
0.0,0.0,7.0
0.0,0.0,9.0
0.0,0.0,6.0
0.0,0.0,7.0
0.0,0.0,8.0
0.0,0.0,4.0
0.0,0.0,12.0
0.0,0.0,6.0
0.0,0.0,13.0
0.0,0.0,7.0
0.0,0.0,5.0
0.0,0.0,10.0
0.0,0.0,8.0
0.0,0.0,4.0
0.0,0.0,7.0
0.0,0.0,5.0
0.0,0.0,5.0
0.0,0.0,5.0
0.0,0.0,4.0
0.0,0.0,4.0
0.0,0.0,11.0
0.0,0.0,12.0
0.0,0.0,8.0
0.0,0.0,12.0
0.0,0.0,12.0
0.0,0.0094362958087972,11.0
0.0,0.0172924196872085,3.0
0.0,0.0119599506877721,7.0
0.0,0.0420770315884173,10.0
0.0,0.0234476000535342,7.0
0.0,0.019573491482483,10.0
0.0,0.0119203522330465,8.0
0.0,0.0011321649070033,5.0
0.0,0.0187487630038147,13.0
0.0,0.0256978098741948,10.0
0.0,0.0196221113289139,10.0
0.0,0.0100756559709066,15.0
0.0,0.0140173000689116,10.0
0.0,0.0176186108977693,12.0
0.0,0.0025258065736077,12.0
0.0,0.0246277135872526,14.0
0.0,0.0169443238080125,15.0
0.0,0.0309713172557347,14.0
0.0,0.0100698839863414,13.0
0.0,0.0090212139107381,15.0
0.0,0.0267159979708883,13.0
0.0,0.0152921604998216,13.0
0.0,0.0091226768779216,11.0
0.0,0.0,6.0
0.0,0.0093063400130073,11.0
0.0,0.0,11.0
0.0,0.0,12.0
0.0,0.0,13.0
0.0,0.0,14.0
0.0,0.0,11.0
0.0,0.0,14.0
0.0,0.0,12.0
0.0,0.0,9.0
0.0,0.0,10.0
0.0,0.0,15.0
0.0,0.0,15.0
0.0,0.0,13.0
0.0,0.0,12.0
0.0,0.0,10.0
0.0,0.0,13.0
14926.0,0.033139410676267,13.0
20793.0,0.0269355045535334,13.0
27116.0,0.0422730351516211,11.0
45618.0,0.0075382225102507,10.0
48044.0,0.0313670189616545,14.0
36113.0,0.0065847157456016,15.0
0.0,0.0271870980907441,13.0
12156.0,0.0247215687254055,12.0
13248.0,0.0307409003878201,15.0
12954.0,0.0246490824421738,15.0
24853.0,0.0305242607149729,14.0
14753.0,0.0225903961311598,11.0
0.0,0.0048568974211003,15.0
28623.0,0.0402298088505309,9.0
21033.0,0.0264755750112404,10.0
8687.0,0.0423860912153954,11.0
14681.0,0.0371485651706268,11.0
7804.0,0.0149683011878065,14.0
24449.0,0.02701415384463,13.0
15462.0,0.0135031720270638,12.0
30999.0,0.0432909004157028,11.0
32489.0,0.0107560317862516,12.0
20255.0,0.0370798636071128,12.0
25320.0,0.0109811609061586,14.0
19763.0,0.0206860441882588,12.0
35689.0,0.0311204417396613,11.0
36024.0,0.0402774658783976,14.0
40189.0,0.0191423161175308,9.0
27794.0,0.0183693808070977,12.0
22039.0,0.0436257561724082,13.0
49908.0,0.0471258417326389,8.0
57849.0,0.0160045125810051,14.0
47737.0,0.039882283363195,12.0
51019.0,0.0281889519124533,9.0
40467.0,0.0312236948348379,6.0
3416.0,0.0336061593796166,6.0
14144.0,0.0329937132086745,10.0
4676.0,0.0202631775250217,9.0
24557.0,0.0215425941944531,10.0
34919.0,0.0338723875582525,13.0
22218.0,0.0429053659500361,11.0
12305.0,0.0268802701191938,9.0
3264.0,0.0362155281059681,10.0
16541.0,0.0309871928013298,8.0
6518.0,0.0221085797866106,6.0
17236.0,0.0303774360083362,8.0
30298.0,0.0282505045244606,7.0
4970.0,0.0131728548421266,9.0
8316.0,0.0210523213530577,4.0
23308.0,0.0286498627312528,6.0
22646.0,0.0086399407113994,9.0
10456.0,0.0325400626513311,15.0
27315.0,0.0350855925000151,7.0
1322.0,0.0278119828984324,6.0
12609.0,0.0411303388316617,4.0
5524.0,0.0085418884253729,8.0
39985.0,0.00413822155734,5.0
8082.0,0.0374151919415657,9.0
19078.0,0.0355334786486086,10.0
11115.0,0.0369298282396299,9.0
16026.0,0.0152378155669118,6.0
13075.0,0.0441645613658267,10.0
13175.0,0.0341759434507067,6.0
6605.0,0.0134313891108603,12.0
2810.0,0.0219744007298032,7.0
0.0,0.0162759616725676,11.0
32742.0,0.0387344040072986,8.0
15307.0,0.0262178260176062,14.0
26765.0,0.0181481870355707,3.0
29701.0,0.0272044374589125,11.0
7455.0,0.0267941982804942,8.0
12617.0,0.0260738613714,10.0
29457.0,0.0115946780300182,10.0
24012.0,0.0407294586754168,4.0
26171.0,0.0416250771732883,7.0
21408.0,0.0172222696129414,10.0
14011.0,0.0330695483185694,4.0
15452.0,0.0025891998836906,11.0
8113.0,0.0018147839249776,11.0
9016.0,0.011339567061836,9.0
0.0,0.0360457472109174,10.0
0.0,0.0412424589815803,7.0
0.0,0.0287210203625193,6.0
9554.0,0.0172394768888722,7.0
4745.0,0.0,6.0
7038.0,0.0258754358198133,7.0
10663.0,0.0017939001253244,5.0
0.0,0.0254292000059525,6.0
0.0,0.015185845379047,8.0
0.0,0.0222580819300664,4.0
0.0,0.012049874923126,5.0
0.0,0.0260042106259468,4.0
0.0,0.0107811716664959,10.0
0.0,0.0161200717709393,5.0
0.0,0.0094453084030821,9.0
0.0,0.0105384261946326,7.0
0.0,0.0,11.0
0.0,0.0,9.0
0.0,0.0,7.0
0.0,0.0,7.0
0.0,0.0,9.0
0.0,0.0,10.0
0.0,0.0,9.0
0.0,0.0,9.0
0.0,0.0,3.0
0.0,0.0,13.0
0.0,0.0,3.0
0.0,0.0,4.0
0.0,0.0,8.0
0.0,0.0,10.0
0.0,0.0,2.0
0.0,0.0,4.0
0.0,0.0,8.0
0.0,0.0,5.0
0.0,0.0,5.0
0.0,0.0,7.0
0.0,0.0,5.0
0.0,0.0,11.0
0.0,0.0,10.0
0.0,0.0,14.0
0.0,0.0,14.0
0.0,0.0,10.0
0.0,0.0272904599911955,10.0
0.0,0.0,0.0
0.0,0.0380393686750405,5.0
0.0,0.0,8.0
0.0,0.0384528037988577,7.0
0.0,0.0111047872018721,5.0
0.0,0.0025884408887333,4.0
0.0,0.0265324750903659,5.0
0.0,0.0135535689351788,14.0
0.0,0.0248316334282996,11.0
0.0,0.0205464731217549,13.0
0.0,0.0133910400960705,11.0
0.0,0.0184117387195624,12.0
0.0,0.0,10.0
0.0,0.0167765804508718,14.0
0.0,0.0234393616902704,10.0
0.0,0.02844836135237,12.0
0.0,0.0135192519374553,14.0
0.0,0.0132373236542943,12.0
0.0,0.0257026233714641,12.0
0.0,0.0254102326839411,11.0
0.0,0.0178040544074945,13.0
0.0,0.0122417833263091,12.0
0.0,0.0417720772582844,15.0
0.0,0.0147719562360038,13.0
0.0,0.0,14.0
0.0,0.0,12.0
0.0,0.0,14.0
0.0,0.0,13.0
0.0,0.0,12.0
0.0,0.0,15.0
0.0,0.0,13.0
0.0,0.0,11.0
0.0,0.0,10.0
0.0,0.0,11.0
0.0,0.0,13.0
0.0,0.0,12.0
0.0,0.0,14.0
0.0,0.0,15.0
0.0,0.0,11.0
21365.0,0.0075090783898991,15.0
16209.0,0.0191825887236895,13.0
23147.0,0.0342703723515691,13.0
35071.0,0.0236119838701192,12.0
52371.0,0.0140037231416615,11.0
30431.0,0.0094926993469565,12.0
4842.0,0.0253556653307417,14.0
11266.0,0.0188593359466291,15.0
10939.0,0.010941495056048,13.0
14914.0,0.0185149322745537,12.0
17267.0,0.0200990114660149,11.0
18885.0,0.0223875510618139,15.0
10762.0,0.0264674985159341,9.0
22865.0,0.0200859712448912,10.0
17877.0,0.039654345074105,9.0
20888.0,0.0298159039459219,10.0
8718.0,0.0519348935224945,15.0
2209.0,0.034481660719221,12.0
18558.0,0.0329239096579519,9.0
8476.0,0.0337858185756826,14.0
24912.0,0.0193166371032495,11.0
35932.0,0.0286489777640721,13.0
18643.0,0.0194575606968854,10.0
14516.0,0.0116258386246576,14.0
18673.0,0.0474703828163518,12.0
34244.0,0.0209624669290073,9.0
44728.0,0.0176140102322552,8.0
30922.0,0.0264546950216655,10.0
28648.0,0.0171027084193878,15.0
28506.0,0.0177999410578367,11.0
58782.0,0.0422193884800941,9.0
46120.0,0.0327606890221879,15.0
34820.0,0.0218552662222354,15.0
57145.0,0.0148241884279939,10.0
51502.0,0.0208186234032992,10.0
15945.0,0.0136638700768197,12.0
9916.0,0.0455455795647827,10.0
5846.0,0.0056054947723182,3.0
24441.0,0.0330162423016571,12.0
35393.0,0.029835310736437,11.0
10446.0,0.0352647232870499,11.0
5414.0,0.0228642773287518,7.0
9460.0,0.0352641569469475,6.0
11250.0,0.0189049902564742,6.0
9580.0,0.0370964473191804,2.0
13414.0,0.0211009223300794,4.0
20789.0,0.0266789865956705,6.0
4436.0,0.0157673303593311,6.0
1642.0,0.0240008389787037,4.0
15443.0,0.028319399244041,7.0
22927.0,0.0302220101670231,10.0
17895.0,0.034502958469015,11.0
12796.0,0.0484978976391494,8.0
13776.0,0.0194964091975071,3.0
6525.0,0.0171651886589637,5.0
12852.0,0.0227436921318181,6.0
12623.0,0.0125124400005375,6.0
19806.0,0.0346701449460411,11.0
6377.0,0.0284574502269213,9.0
16686.0,0.026585547270747,8.0
1587.0,0.021416683787858,9.0
15350.0,0.0244633222175076,9.0
21690.0,0.032148995460068,9.0
11999.0,0.0165567180541866,12.0
0.0,0.016003242133779,10.0
3084.0,0.0239860481952239,11.0
13565.0,0.0213125081080399,9.0
11307.0,0.0216341386092568,13.0
27522.0,0.0168112292007796,8.0
32433.0,0.0470094108352679,9.0
9934.0,0.0299764580173799,8.0
9390.0,0.0225894093303731,10.0
22397.0,0.0187365792877416,6.0
7204.0,0.0351950105516917,7.0
12193.0,0.0326859464191029,7.0
12063.0,0.0460098896291054,11.0
14169.0,0.0236033695617305,4.0
2349.0,0.0062142410787928,8.0
7586.0,0.0290030710058074,15.0
6435.0,0.0211543644866783,11.0
7648.0,0.0301401927677133,13.0
274.0,0.0314729145871081,8.0
7385.0,0.0275244530413894,8.0
0.0,0.0311662140282043,4.0
9990.0,0.0321471604554915,7.0
3421.0,0.0226005076322411,8.0
0.0,0.0316347692764975,10.0
10039.0,0.00896196897033,3.0
0.0,0.0156764838981112,6.0
0.0,0.0131497718799788,8.0
0.0,0.0266403374695776,10.0
0.0,0.0166748552465298,5.0
0.0,0.0287511547129043,5.0
0.0,0.0270879288553174,7.0
0.0,0.0065439703941696,7.0
0.0,0.0313564071253127,9.0
0.0,0.0,8.0
0.0,0.0,9.0
0.0,0.0,7.0
0.0,0.0,9.0
0.0,0.0,9.0
0.0,0.0,10.0
0.0,0.0,3.0
0.0,0.0,11.0
0.0,0.0,4.0
0.0,0.0,14.0
0.0,0.0,7.0
0.0,0.0,4.0
0.0,0.0,7.0
0.0,0.0,7.0
0.0,0.0,10.0
0.0,0.0,4.0
0.0,0.0,4.0
0.0,0.0,4.0
0.0,0.0,1.0
0.0,0.0,7.0
0.0,0.0,6.0
0.0,0.0,7.0
0.0,0.0,13.0
0.0,0.0,10.0
0.0,0.0,9.0
0.0,0.0,9.0
0.0,0.021997763514985,10.0
0.0,0.0329919491938878,5.0
0.0,0.0282490905040616,3.0
0.0,0.0172388443826002,7.0
0.0,0.007196188184846,8.0
0.0,0.018563143313252,5.0
0.0,0.0383232920737871,8.0
0.0,0.0,7.0
0.0,0.0118208067812044,11.0
0.0,0.0339056486985062,15.0
0.0,0.0114800239318837,14.0
0.0,0.0,10.0
0.0,0.0223869068023672,11.0
0.0,0.014642556150299,15.0
0.0,0.0200063787929162,13.0
0.0,0.0109746749275435,10.0
0.0,0.0105475262063747,15.0
0.0,0.0067125782396651,15.0
0.0,0.0055620439498359,11.0
0.0,0.0094757817367016,12.0
0.0,0.0067560055468124,10.0
0.0,0.0229175588499561,15.0
0.0,0.0250018616251972,13.0
0.0,0.0171585251173774,12.0
0.0,0.0209585770199613,11.0
0.0,0.0,14.0
0.0,0.0,11.0
0.0,0.0,13.0
0.0,0.0,13.0
0.0,0.0,12.0
0.0,0.0,13.0
0.0,0.0,11.0
0.0,0.0,13.0
0.0,0.0,11.0
0.0,0.0,14.0
0.0,0.0,10.0
0.0,0.0,9.0
0.0,0.0,11.0
0.0,0.0,12.0
0.0,0.0,11.0
18312.0,0.0219857599175726,12.0
0.0,0.0225234101271005,15.0
24523.0,0.0219321077746267,13.0
40134.0,0.0283039546695596,10.0
43607.0,0.035091764849382,11.0
33250.0,0.0267319111494436,15.0
14145.0,0.0262236544878793,12.0
21522.0,0.0207987253375754,12.0
3310.0,0.0235172374303561,13.0
19678.0,0.03740624546243,13.0
8166.0,0.03154898037326,15.0
6613.0,0.0066968464346296,13.0
8072.0,0.0139468732470726,15.0
26820.0,0.0253939331459229,10.0
14851.0,0.033780503016406,11.0
18270.0,0.0595716788813135,10.0
21913.0,0.0517255818722015,11.0
10279.0,0.0364312777644628,14.0
20513.0,0.0246427138644778,12.0
8255.0,0.0198156649085483,11.0
29947.0,0.0289538467862028,11.0
33430.0,0.0462855931558163,15.0
11088.0,0.0211835203470323,11.0
18755.0,0.0332435046629276,12.0
13766.0,0.0368101112327763,8.0
22464.0,0.0193862709797996,9.0
47350.0,0.0246898096040447,9.0
20330.0,0.0155387351609807,10.0
30865.0,0.0319062789185589,15.0
31487.0,0.0296245553577462,12.0
61109.0,0.0158578372441252,11.0
64807.0,0.0239916642940449,11.0
43549.0,0.0147168279712439,13.0
51259.0,0.0141148248047616,11.0
34987.0,0.0251256310289203,10.0
16669.0,0.0434041172333102,7.0
17687.0,0.0426814781524592,6.0
19120.0,0.0197530131563023,3.0
24086.0,0.0149862293022794,8.0
26318.0,0.0094634823622633,7.0
23623.0,0.0260957572858265,9.0
19135.0,0.0370507481300921,10.0
17194.0,0.025098316785189,7.0
13199.0,0.0062150609022153,9.0
10622.0,0.0353289909444163,4.0
15318.0,0.0293666153860293,7.0
11817.0,0.031242222495205,6.0
12120.0,0.0143858180615071,7.0
6849.0,0.030479041154163,3.0
21257.0,0.0549136228378591,7.0
22065.0,0.0003020822179515,6.0
10110.0,0.0256412312669851,14.0
23497.0,0.0195783303645133,8.0
3188.0,0.0342849310643213,6.0
5990.0,0.0113649890545511,6.0
3357.0,0.0298665081606917,4.0
13442.0,0.0219134110609212,6.0
12599.0,0.0452597151682842,6.0
11590.0,0.0311153442139348,8.0
15634.0,0.0271519415313923,7.0
15832.0,0.0143746207010664,10.0
4440.0,0.0357477788566798,10.0
20257.0,0.0111426056216549,12.0
11704.0,0.0228796229030186,9.0
12406.0,0.0277390195087266,12.0
5071.0,0.0179441434765577,15.0
20110.0,0.0134551185947392,7.0
25847.0,0.0130600424710041,11.0
23588.0,0.019407080214154,12.0
25634.0,0.0315486142936155,7.0
28892.0,0.0235343930214647,8.0
10840.0,0.0210578996140103,5.0
16369.0,0.0006559364087237,10.0
8524.0,0.0307346528864529,4.0
24789.0,0.018946334200967,6.0
13674.0,0.0101666474354566,9.0
6178.0,0.041251067597372,5.0
2260.0,0.0350452292890248,11.0
7904.0,0.0430486712362574,9.0
1696.0,0.0269772401707327,5.0
10508.0,0.0114364920791581,8.0
1948.0,0.0264582856683854,5.0
0.0,0.0051826681235027,2.0
5805.0,0.0211033250555014,2.0
0.0,0.0189814277384122,4.0
1780.0,0.0155885730470597,7.0
11884.0,0.0039264607500402,6.0
1465.0,0.020349545302543,7.0
0.0,0.0157425221809227,5.0
0.0,0.029681927656317,6.0
0.0,0.0192569519915867,5.0
0.0,0.0268481566271178,6.0
0.0,0.0330562611471317,10.0
0.0,0.03024849188853,6.0
0.0,0.0204194372798151,7.0
0.0,0.0246244335916468,7.0
0.0,0.0,10.0
0.0,0.0,8.0
0.0,0.0,10.0
0.0,0.0,8.0
0.0,0.0,10.0
0.0,0.0,7.0
0.0,0.0,7.0
0.0,0.0,11.0
0.0,0.0,3.0
0.0,0.0,13.0
0.0,0.0,6.0
0.0,0.0,7.0
0.0,0.0,11.0
0.0,0.0,8.0
0.0,0.0,5.0
0.0,0.0,2.0
0.0,0.0,8.0
0.0,0.0,3.0
0.0,0.0,6.0
0.0,0.0,5.0
0.0,0.0,1.0
0.0,0.0,4.0
0.0,0.0,12.0
0.0,0.0,10.0
0.0,0.0,11.0
0.0,0.0,13.0
0.0,0.0366485441377831,13.0
0.0,0.0124669400170602,5.0
0.0,0.0230853115413149,2.0
0.0,0.0167110144475747,10.0
0.0,0.0,8.0
0.0,0.0283492540865086,7.0
0.0,0.0017690668060043,3.0
0.0,0.0241225373458231,5.0
0.0,0.0226845506486266,13.0
0.0,0.020147599554828,13.0
0.0,0.0199190858334128,11.0
0.0,0.0269058482130847,12.0
0.0,0.0133695513563127,11.0
0.0,0.0,12.0
0.0,0.0177865389520375,11.0
0.0,0.0178996157437646,11.0
0.0,0.006554283969372,11.0
0.0,0.0418710028829774,12.0
0.0,0.0117252711505483,10.0
0.0,0.0074766640260753,12.0
0.0,0.0137111436069906,15.0
0.0,0.0433341273636837,10.0
0.0,0.0139126700841607,15.0
0.0,0.0182793319441051,9.0
0.0,0.0145468209988752,10.0
0.0,0.0,14.0
0.0,0.0,15.0
0.0,0.0,13.0
0.0,0.0,12.0
0.0,0.0,13.0
0.0,0.0,14.0
0.0,0.0,13.0
0.0,0.0,11.0
0.0,0.0,14.0
0.0,0.0,15.0
0.0,0.0,11.0
0.0,0.0,15.0
0.0,0.0,14.0
0.0,0.0,12.0
0.0,0.0,13.0
7935.0,0.0247806440374255,15.0
2131.0,0.0364310407820465,12.0
29072.0,0.0194788822071792,10.0
41670.0,0.0136065187279234,11.0
50574.0,0.0182971579336513,13.0
33029.0,0.0,14.0
4247.0,0.0147714087845942,13.0
2085.0,0.0180615045677611,12.0
4526.0,0.0300944701283677,15.0
0.0,0.0319709755606313,15.0
9759.0,0.0209230373773955,14.0
2858.0,0.0249581116254437,15.0
3514.0,0.0283447757059961,11.0
19409.0,0.0307389695270186,10.0
10848.0,0.0269027733795807,11.0
19371.0,0.0070657498765308,8.0
22081.0,0.0361813201147293,10.0
15114.0,0.0424968499600944,11.0
27013.0,0.0411477827517615,15.0
16877.0,0.0298311322038986,14.0
16354.0,0.0310698104443786,14.0
24561.0,0.0246144626176287,13.0
13482.0,0.0352563314562282,9.0
24067.0,0.022000548205501,12.0
24485.0,0.0413192816462046,9.0
29710.0,0.0337553831180256,11.0
57617.0,0.0195038457948279,7.0
38982.0,0.030298109822066,10.0
20491.0,0.0165662342082202,13.0
25892.0,0.0453417028713291,14.0
61209.0,0.0504353929848625,13.0
56581.0,0.030600698796357,9.0
46898.0,0.0152239948546026,11.0
55552.0,0.0262719002724875,13.0
45117.0,0.015222774190738,11.0
12695.0,0.0065965915940453,7.0
8017.0,0.0274376504082902,9.0
5930.0,0.0120215315449706,5.0
32640.0,0.0202733441768147,12.0
37621.0,0.037350682811386,9.0
11041.0,0.0252289435723787,6.0
10633.0,0.0241770084776697,10.0
19432.0,0.0320801267431634,9.0
16142.0,0.0307669982663231,9.0
741.0,0.0228668004205676,4.0
14153.0,0.0483765236441699,6.0
5007.0,0.0239663564637093,5.0
9673.0,0.0253383079366714,10.0
7828.0,0.0295173743744337,3.0
18694.0,0.0381853211688544,5.0
23349.0,0.0274900450462829,9.0
7387.0,0.0365998548959435,9.0
30215.0,0.0251839985993782,9.0
20468.0,0.0483105623140611,3.0
21333.0,0.0179656307521526,5.0
11593.0,0.0142415713851588,8.0
21102.0,0.0467407993812539,3.0
9826.0,0.0299843481688934,7.0
13046.0,0.0427823295039925,8.0
10822.0,0.0318438513486235,6.0
13973.0,0.0163296647660422,7.0
1884.0,0.0321661235848577,10.0
14196.0,0.0507396762717754,10.0
9165.0,0.0423437796181458,9.0
4993.0,0.0454095687806978,12.0
12636.0,0.0070137875262189,15.0
20161.0,0.0461115261018859,3.0
26309.0,0.0293099177872979,15.0
32522.0,0.0356258775651876,6.0
31042.0,0.0322383251623769,9.0
15760.0,0.0258263729284836,5.0
11670.0,0.0222994644537793,9.0
14991.0,0.0347763547962024,8.0
3691.0,0.0292970707534042,6.0
21110.0,0.0163890380033923,7.0
16379.0,0.0226830693527155,10.0
10759.0,0.0174247872204283,5.0
15267.0,0.0159904073906381,10.0
5979.0,0.0306784922884221,9.0
6898.0,0.0282334355795206,9.0
0.0,0.0223615843157179,7.0
3736.0,0.0441595875374745,9.0
1269.0,0.0215669747644675,5.0
4295.0,0.0282756686009643,9.0
5666.0,0.0153856214058448,6.0
2642.0,0.007675712666605,10.0
0.0,0.0237704672939049,8.0
9797.0,0.0131521869998221,7.0
0.0,0.021496221697045,5.0
0.0,0.028416934436608,7.0
0.0,0.0130832471661538,5.0
0.0,0.0,3.0
0.0,0.0205159076234248,7.0
0.0,0.0243949456318966,1.0
0.0,0.0168198368435832,8.0
0.0,0.0064629257862283,5.0
0.0,0.0,8.0
0.0,0.0,11.0
0.0,0.0,8.0
0.0,0.0,7.0
0.0,0.0,8.0
0.0,0.0,7.0
0.0,0.0,4.0
0.0,0.0,10.0
0.0,0.0,9.0
0.0,0.0,10.0
0.0,0.0,2.0
0.0,0.0,2.0
0.0,0.0,8.0
0.0,0.0,8.0
0.0,0.0,4.0
0.0,0.0,6.0
0.0,0.0,6.0
0.0,0.0,7.0
0.0,0.0,5.0
0.0,0.0,8.0
0.0,0.0,4.0
0.0,0.0,10.0
0.0,0.0,8.0
0.0,0.0,10.0
0.0,0.0,12.0
0.0,0.0,13.0
0.0,0.015317860666611,8.0
0.0,0.0154018529161707,4.0
0.0,0.0128947141633676,3.0
0.0,0.0438336554324245,7.0
0.0,0.0,6.0
0.0,0.0,5.0
0.0,0.0124862451674446,7.0
0.0,0.0163098951981056,4.0
0.0,0.0093159282184819,10.0
0.0,0.0,15.0
0.0,0.0117430693380642,13.0
0.0,0.0,15.0
0.0,0.0129677884309829,15.0
0.0,0.0205017649396074,11.0
0.0,0.0026052932290407,13.0
0.0,0.0175405468268849,14.0
0.0,0.0186936747981866,14.0
0.0,0.0321573701765023,14.0
0.0,0.0060747879178208,13.0
0.0,0.0,14.0
0.0,0.0216484040708667,10.0
0.0,0.0081240483606801,14.0
0.0,0.0234495373813606,12.0
0.0,0.0122868426038001,15.0
0.0,0.0249609723970133,15.0
0.0,0.0,15.0
0.0,0.0,8.0
0.0,0.0,9.0
0.0,0.0,15.0
0.0,0.0,13.0
0.0,0.0,12.0
0.0,0.0,13.0
0.0,0.0,15.0
0.0,0.0,12.0
0.0,0.0,14.0
0.0,0.0,14.0
0.0,0.0,14.0
0.0,0.0,11.0
0.0,0.0,15.0
0.0,0.0,12.0
8347.0,0.0075853726380697,11.0
17016.0,0.0151529683433789,14.0
37040.0,0.0217259891656639,12.0
48788.0,0.0234477781926985,13.0
45983.0,0.0363519899320757,13.0
21926.0,0.0186100116056583,13.0
6402.0,0.0237607116531514,15.0
13926.0,0.0228008293955262,12.0
4828.0,0.0345318590816903,13.0
7068.0,0.0283477306845125,13.0
12923.0,0.0378453933575952,15.0
7805.0,0.0153612372253086,10.0
1421.0,0.0359101068152007,15.0
19517.0,0.0276996064436285,8.0
20515.0,0.028948305815418,7.0
23869.0,0.0191096591406717,3.0
31290.0,0.0383753117008579,12.0
3497.0,0.0356370368595312,10.0
21895.0,0.0289032412490063,12.0
16746.0,0.0343532177258272,13.0
32454.0,0.044779248015368,12.0
40052.0,0.0341208859405078,12.0
21001.0,0.0167513035657801,10.0
24564.0,0.0411308692791474,13.0
28541.0,0.0215153398903118,12.0
24667.0,0.0179745128681731,13.0
40152.0,0.0298593806759417,13.0
35273.0,0.0331190834967212,13.0
29148.0,0.0243705246318052,12.0
40139.0,0.0034058391815249,14.0
55517.0,0.0172575843799758,9.0
54721.0,0.0166621823173803,13.0
38639.0,0.0270832688324808,14.0
55693.0,0.0,10.0
51064.0,0.0248870738734267,9.0
22829.0,0.0221926317927159,7.0
12098.0,0.0241008974928847,5.0
11362.0,0.0240057920792424,4.0
28436.0,0.0299991191585255,13.0
38754.0,0.0019659578665632,13.0
20492.0,0.0413264709623593,9.0
4828.0,0.0277856605926354,11.0
5827.0,0.0126466790569383,8.0
12716.0,0.027430697301883,11.0
10481.0,0.0164873470438717,6.0
1588.0,0.0424425972388875,8.0
12405.0,0.0100054533767461,6.0
11961.0,0.0212211660673072,12.0
10284.0,0.014918386631103,4.0
24996.0,0.0241525826512344,6.0
27892.0,0.015865638823533,6.0
9413.0,0.038198667752048,6.0
29505.0,0.0132929700999806,7.0
27790.0,0.0373914223765846,7.0
18531.0,0.0246609071757098,7.0
0.0,0.0324864163030612,7.0
27069.0,0.0178681725971641,6.0
11229.0,0.0298346384423733,7.0
16694.0,0.0171379624066604,9.0
14904.0,0.0095330054715394,10.0
11940.0,0.0186222262041618,6.0
4644.0,0.0392937442333689,12.0
18019.0,0.0250614391598682,13.0
12611.0,0.0169877198648366,8.0
5143.0,0.0351203787458324,9.0
9851.0,0.0273445178196602,13.0
29365.0,0.0256838956609057,6.0
19550.0,0.0189930428833191,10.0
22068.0,0.0090504932416541,7.0
30873.0,0.0350531545145285,8.0
17112.0,0.0421658057081665,9.0
7722.0,0.0236349081966181,10.0
11678.0,0.0295867788688109,5.0
12627.0,0.019222190561176,1.0
20548.0,0.0223610465006566,4.0
10875.0,0.0270039701357345,8.0
11386.0,0.0349432888889589,4.0
16158.0,0.0272903848008122,11.0
6136.0,0.0204448334579295,8.0
6210.0,0.019126577140506,10.0
3785.0,0.0383900833612563,6.0
3995.0,0.0,7.0
3505.0,0.029171513219668,5.0
361.0,0.0204878969635652,6.0
0.0,0.0214007088820332,6.0
9594.0,0.0065104562377718,11.0
1269.0,0.03765998216884,11.0
0.0,0.0144775954141033,7.0
3589.0,0.0158585545787073,5.0
0.0,0.0320470400046714,6.0
0.0,0.0108098762889507,4.0
0.0,0.0,5.0
0.0,0.0244806405979256,12.0
0.0,0.0194523342273164,12.0
0.0,0.0044854357513568,6.0
0.0,0.0200658621172826,8.0
0.0,0.0,6.0
0.0,0.0,7.0
0.0,0.0,10.0
0.0,0.0,7.0
0.0,0.0,8.0
0.0,0.0,8.0
0.0,0.0,6.0
0.0,0.0,9.0
0.0,0.0,8.0
0.0,0.0,15.0
0.0,0.0,7.0
0.0,0.0,2.0
0.0,0.0,9.0
0.0,0.0,7.0
0.0,0.0,6.0
0.0,0.0,7.0
0.0,0.0,5.0
0.0,0.0,5.0
0.0,0.0,6.0
0.0,0.0,5.0
0.0,0.0,2.0
0.0,0.0,12.0
0.0,0.0,15.0
0.0,0.0,7.0
0.0,0.0,15.0
0.0,0.0,9.0
0.0,0.0,11.0
0.0,0.0166151852437107,5.0
0.0,0.0,4.0
0.0,0.0124758777529735,9.0
0.0,0.0167692351509871,10.0
0.0,0.002273602333486,5.0
0.0,0.0027947107485129,3.0
0.0,0.0323245708892867,6.0
0.0,0.0,14.0
0.0,0.0247202126423198,14.0
0.0,0.0067731017280228,11.0
0.0,0.019726020353761,11.0
0.0,0.0205211658252122,10.0
0.0,0.0232539157093535,13.0
0.0,0.0218664150659686,12.0
0.0,0.0,12.0
0.0,0.003055680512984,15.0
0.0,0.0121852383767723,12.0
0.0,0.0236728668542239,14.0
0.0,0.0123091052915252,11.0
0.0,0.0241613754114715,15.0
0.0,0.0017442574503144,12.0
0.0,0.0211035247460912,8.0
0.0,0.0141703392756818,15.0
0.0,0.0131985740158031,13.0
0.0,0.0,15.0
0.0,0.0,14.0
0.0,0.0,14.0
0.0,0.0,15.0
0.0,0.0,9.0
0.0,0.0,14.0
0.0,0.0,13.0
0.0,0.0,11.0
0.0,0.0,14.0
0.0,0.0,15.0
0.0,0.0,15.0
0.0,0.0,12.0
0.0,0.0,14.0
0.0,0.0,11.0
0.0,0.0,14.0
16828.0,0.030766445118236,13.0
3785.0,0.0298638887890631,12.0
28445.0,0.018633824135152,12.0
43734.0,0.0136755962253705,11.0
55783.0,0.0235692117860828,14.0
20647.0,0.012636695402684,13.0
5627.0,0.0198747990412089,13.0
0.0,0.0309155516622379,13.0
2988.0,0.0260284642793783,9.0
6766.0,0.0260099767906042,9.0
17573.0,0.0297937956332656,14.0
1892.0,0.0372256905949165,13.0
14542.0,0.0464534331429999,12.0
19269.0,0.0287385801585586,8.0
23783.0,0.0418521683601369,7.0
31641.0,0.0598870626274102,12.0
17314.0,0.0336826689016355,12.0
3958.0,0.0380251170874233,12.0
28023.0,0.0344443863126011,11.0
12941.0,0.0294961688004874,15.0
34962.0,0.029222619743402,13.0
33846.0,0.0290243089465505,13.0
15391.0,0.0253762274052621,9.0
19783.0,0.0150239888305313,10.0
15589.0,0.0222970974393015,9.0
32487.0,0.0280503659146816,12.0
41804.0,0.0354057757616797,8.0
30558.0,0.0420001582145415,13.0
22447.0,0.0336703173240535,15.0
29415.0,0.0239535884535543,13.0
59408.0,0.0488359039896657,12.0
56495.0,0.0235349916129547,10.0
50820.0,0.0258147036347571,12.0
55860.0,0.0205406833796796,11.0
36169.0,0.0265697159605088,6.0
23643.0,0.014536294272807,13.0
20002.0,0.0321069887854537,8.0
0.0,0.0272912669239305,4.0
33218.0,0.0340485583223721,13.0
32027.0,0.0353117411506506,8.0
24287.0,0.0388669527617486,5.0
7435.0,0.0199401865270139,11.0
7507.0,0.0316895437073455,5.0
7184.0,0.0100538862648666,8.0
5849.0,0.0224899330699181,7.0
23434.0,0.0229645988740986,10.0
13218.0,0.0061172608544958,9.0
6680.0,0.029131336386773,6.0
1984.0,0.0,6.0
17661.0,0.0169625374918127,4.0
25919.0,0.0050734757249761,7.0
13296.0,0.0309292616234685,10.0
20821.0,0.0340201145081825,7.0
14137.0,0.0225842652173867,5.0
27334.0,0.0283013958755141,6.0
6977.0,0.029720937752025,5.0
28611.0,0.0442098898047279,5.0
9347.0,0.0491736984366264,8.0
11784.0,0.0154642612023021,3.0
17383.0,0.0310284898395963,11.0
18977.0,0.0368270288357851,7.0
16603.0,0.0305366834134743,8.0
9885.0,0.0267505696849919,11.0
2744.0,0.0373742016948351,10.0
0.0,0.0323559136582884,7.0
15847.0,0.0286627373131697,12.0
19221.0,0.0282416944076288,6.0
30828.0,0.0409580317407358,13.0
26593.0,0.0411867062306984,8.0
30408.0,0.0227883951205646,8.0
19053.0,0.0196008485767065,9.0
18297.0,0.0091038606367958,8.0
25795.0,0.0126979623990715,8.0
23141.0,0.0270094369928709,4.0
36319.0,0.0173798975120184,4.0
17914.0,0.029988046866908,8.0
19928.0,0.0523247184099543,7.0
7929.0,0.0066748901634725,8.0
4016.0,0.0336224700035653,11.0
3661.0,0.0369185285222876,7.0
11478.0,0.0104187226632139,8.0
2422.0,0.0084222217099644,8.0
11.0,0.0097621320330437,3.0
1750.0,0.0004519060790909,3.0
8672.0,0.0231553705261914,9.0
5164.0,0.0003096284269965,7.0
9449.0,0.0276445101852117,11.0
0.0,0.0205668466225348,9.0
4991.0,0.0038679068050356,7.0
0.0,0.0163167372579316,6.0
0.0,0.0351830349591374,6.0
0.0,0.0112833623681987,3.0
0.0,0.0229230337559891,10.0
0.0,0.035418299303791,2.0
0.0,0.0006595158811888,5.0
0.0,0.0155924785013929,8.0
0.0,0.0,5.0
0.0,0.0,7.0
0.0,0.0,6.0
0.0,0.0,5.0
0.0,0.0,7.0
0.0,0.0,7.0
0.0,0.0,1.0
0.0,0.0,6.0
0.0,0.0,9.0
0.0,0.0,13.0
0.0,0.0,7.0
0.0,0.0,6.0
0.0,0.0,9.0
0.0,0.0,10.0
0.0,0.0,6.0
0.0,0.0,3.0
0.0,0.0,6.0
0.0,0.0,3.0
0.0,0.0,8.0
0.0,0.0,4.0
0.0,0.0,7.0
0.0,0.0,6.0
0.0,0.0,11.0
0.0,0.0,13.0
0.0,0.0,14.0
0.0,0.0,11.0
0.0,0.0214435179408681,8.0
0.0,0.0243487152796963,4.0
0.0,0.0133016593539492,7.0
0.0,0.0054881032442307,12.0
0.0,0.0306105567517426,8.0
0.0,0.0002883021048636,8.0
0.0,0.008332549818876,7.0
0.0,0.0292071011714708,4.0
0.0,0.022819901727202,15.0
0.0,0.0299838845545403,14.0
0.0,0.0167301847863355,15.0
0.0,0.0184707236934519,10.0
0.0,0.0475632402676585,13.0
0.0,0.01774875561276,12.0
0.0,0.0292223280495317,15.0
0.0,0.0175486391832819,11.0
0.0,0.0330612270355992,11.0
0.0,0.0203612632099305,14.0
0.0,0.0133704081691735,15.0
0.0,0.030662472965493,12.0
0.0,0.0129824541558005,12.0
0.0,0.0086224071374557,13.0
0.0,0.0321967707978429,13.0
0.0,0.0,14.0
0.0,0.0185998773317108,14.0
0.0,0.0,10.0
0.0,0.0,13.0
0.0,0.0,13.0
0.0,0.0,14.0
0.0,0.0,13.0
0.0,0.0,14.0
0.0,0.0,15.0
0.0,0.0,10.0
0.0,0.0,14.0
0.0,0.0,13.0
0.0,0.0,11.0
0.0,0.0,14.0
0.0,0.0,12.0
0.0,0.0,14.0
0.0,0.0,10.0
8658.0,0.032306324644104,12.0
12740.0,0.0147504310178497,15.0
29597.0,0.0276031649077332,14.0
37812.0,0.0207811452913011,13.0
45061.0,0.0287917654484841,15.0
23938.0,0.0118982684962298,11.0
10443.0,0.0121551898379472,15.0
4623.0,0.0344182201385967,13.0
17793.0,0.0255630222718657,12.0
22164.0,0.0371569100293092,11.0
8330.0,0.016466579738563,11.0
13173.0,0.0359322586056591,13.0
7925.0,0.0294674764862094,12.0
16975.0,0.0291452858255645,2.0
17044.0,0.0274326681520891,11.0
16624.0,0.0552146087362324,9.0
27168.0,0.0321808575705647,12.0
29729.0,0.0283900449982565,12.0
40493.0,0.0516014043906672,11.0
22750.0,0.0232602447698027,12.0
28557.0,0.0221232449134697,12.0
35026.0,0.0421120763514239,10.0
14645.0,0.0191637220627294,11.0
26089.0,0.0471750914901166,12.0
33426.0,0.0320819943348541,10.0
31750.0,0.0174858836913927,10.0
38128.0,0.0296055113837102,11.0
40486.0,0.0097382113589219,7.0
20175.0,0.0384785393935913,14.0
35828.0,0.0159526538319859,14.0
54201.0,0.0394091738685747,12.0
60885.0,0.009681750410066,10.0
41358.0,0.0373750963443019,15.0
62899.0,0.0174191514800492,9.0
46263.0,0.0231558679737707,9.0
22252.0,0.0186042629131521,12.0
7304.0,0.0189827141343662,6.0
6097.0,0.0371477475207856,5.0
24267.0,0.0270058377198423,10.0
35224.0,0.0369252470851826,8.0
17636.0,0.0159413350962821,5.0
6563.0,0.0086998171326837,5.0
7442.0,0.007759826422599,10.0
5981.0,0.0440037411012683,8.0
16476.0,0.0262573930806723,6.0
18474.0,0.0393857348533551,6.0
9405.0,0.0293058797271332,7.0
4672.0,0.0195330840807994,11.0
18193.0,0.0243995579000399,2.0
8905.0,0.0369767794729285,6.0
18497.0,0.0244103883526142,10.0
13153.0,0.0264030813201155,8.0
26511.0,0.0179709106628137,6.0
10059.0,0.0196384347256596,5.0
12614.0,0.0514193610444263,4.0
16855.0,0.009570942741517,7.0
26037.0,0.0211557377010251,7.0
20908.0,0.0421520300336284,4.0
8638.0,0.0148224598553928,6.0
0.0,0.0424036481941634,10.0
23019.0,0.0246866795726141,9.0
14311.0,0.0322849049918489,12.0
13296.0,0.0369128252649213,12.0
7269.0,0.0273708008325994,7.0
0.0,0.0214904408960273,13.0
7258.0,0.0261612534733558,13.0
23276.0,0.0257136532140929,8.0
11885.0,0.0427883892462826,13.0
26574.0,0.034487567362836,9.0
21744.0,0.0237054369964553,8.0
21606.0,0.0406823618391491,9.0
16952.0,0.0220486856748435,5.0
14533.0,0.0347666140906132,8.0
10356.0,0.0407363715207158,8.0
26822.0,0.0329430508061127,2.0
14222.0,0.0377479286795739,7.0
15837.0,0.0107035654559128,6.0
9090.0,0.0186765623311198,10.0
0.0,0.038950556225716,10.0
0.0,0.028209636431363,10.0
8365.0,0.0309894699364079,8.0
0.0,0.0413021767986559,6.0
0.0,0.0,5.0
4810.0,0.0053820139198008,8.0
1891.0,0.0213875583941771,10.0
3011.0,0.0280781646742652,11.0
1434.0,0.0048086254435279,11.0
16598.0,0.019419060260853,6.0
0.0,0.0266022479083347,4.0
0.0,0.0364343607718288,7.0
0.0,0.0041487024900009,7.0
0.0,0.0169930684213978,5.0
0.0,0.0179879297751522,9.0
0.0,0.0125854760116777,6.0
0.0,0.0317212865846694,6.0
0.0,0.0194536843082815,9.0
0.0,0.0,11.0
0.0,0.0,10.0
0.0,0.0,5.0
0.0,0.0,8.0
0.0,0.0,6.0
0.0,0.0,7.0
0.0,0.0,3.0
0.0,0.0,8.0
0.0,0.0,8.0
0.0,0.0,10.0
0.0,0.0,1.0
0.0,0.0,6.0
0.0,0.0,9.0
0.0,0.0,7.0
0.0,0.0,5.0
0.0,0.0,8.0
0.0,0.0,2.0
0.0,0.0,8.0
0.0,0.0,4.0
0.0,0.0,10.0
0.0,0.0,4.0
0.0,0.0,7.0
0.0,0.0,12.0
0.0,0.0,11.0
0.0,0.0,12.0
0.0,0.0,15.0
0.0,0.008116778291282,8.0
0.0,0.0263347744842164,3.0
0.0,0.0204185154047904,5.0
0.0,0.0217082386157226,10.0
0.0,0.0143662707664424,12.0
0.0,0.0164780633058126,4.0
0.0,0.0168255887366481,7.0
0.0,0.0178845175162614,4.0
0.0,0.0105858636771539,13.0
0.0,0.0456299375747174,12.0
0.0,0.0225198039934923,15.0
0.0,0.0263682596559878,12.0
0.0,0.0227809684994194,15.0
0.0,0.0115092635186344,15.0
0.0,0.0181537373462946,15.0
0.0,0.0166786841824939,14.0
0.0,0.0233471719248278,13.0
0.0,0.0196769569424341,13.0
0.0,0.0160310973494477,14.0
0.0,0.0199169466532773,15.0
0.0,0.0251702190994826,13.0
0.0,0.0105817136818734,14.0
0.0,0.0362193893642163,12.0
0.0,0.0240619748581402,12.0
0.0,0.0071477078008496,15.0
0.0,0.0,13.0
0.0,0.0,15.0
0.0,0.0,13.0
0.0,0.0,11.0
0.0,0.0,14.0
0.0,0.0,14.0
0.0,0.0,15.0
0.0,0.0,10.0
0.0,0.0,13.0
0.0,0.0,13.0
0.0,0.0,14.0
0.0,0.0,9.0
0.0,0.0,11.0
0.0,0.0,14.0
0.0,0.0,12.0
21089.0,0.0061288737332258,13.0
10193.0,0.0283079657427389,14.0
33175.0,0.0056325084780118,13.0
34532.0,0.0,12.0
49860.0,0.0238954913892116,12.0
28945.0,0.0228892651465078,12.0
5200.0,0.0140805528750504,14.0
7089.0,0.0273185209143414,15.0
5037.0,0.0445476353058044,14.0
8590.0,0.0355276056558487,15.0
9687.0,0.0481017712147725,15.0
1526.0,0.0401677073585918,12.0
8618.0,0.0381154719035014,15.0
7785.0,0.0422747584665262,9.0
16085.0,0.029480767443809,7.0
11536.0,0.0162515502329782,5.0
34560.0,0.0236341184542531,11.0
12541.0,0.0434090254648545,10.0
24288.0,0.0411165512899912,12.0
21833.0,0.0131067848194002,15.0
25149.0,0.0055152702218262,13.0
33357.0,0.0365366231889861,11.0
20377.0,0.0388543665325442,8.0
16199.0,0.0275240555759866,11.0
19629.0,0.0286296085423699,10.0
17187.0,0.0471133236081085,8.0
47809.0,0.0221993162311797,9.0
23529.0,0.0246961159683705,10.0
23391.0,0.0331978173627197,12.0
34428.0,0.0179517376077937,15.0
67405.0,0.0352048104644798,10.0
59397.0,0.0193180459802243,10.0
42992.0,0.0278729353752712,9.0
51534.0,0.0335415231247601,6.0
33328.0,0.0212191307879166,10.0
10350.0,0.0267549044483106,9.0
9930.0,0.0161128401995429,9.0
0.0,0.0442803268055091,7.0
28747.0,0.019161120569531,9.0
25433.0,0.0212035502841736,12.0
20655.0,0.0261576050434431,7.0
9921.0,0.0143265801140603,8.0
23486.0,0.0276492397591014,6.0
10107.0,0.0262399022694922,11.0
10414.0,0.0432152135371183,7.0
29255.0,0.035772923003506,8.0
21682.0,0.0275833077829119,7.0
4921.0,0.0287020219537077,9.0
10581.0,0.0271917073351216,1.0
18272.0,0.0350359775821944,5.0
35945.0,0.0396254708162909,9.0
8595.0,0.018706863887889,10.0
24185.0,0.0449421052668893,9.0
14290.0,0.0442318367263845,2.0
3807.0,0.0270720083686173,4.0
5159.0,0.0152424263009624,7.0
19767.0,0.0218491396503008,6.0
17270.0,0.0160964136197132,7.0
13190.0,0.0365010852693763,7.0
3362.0,0.0233837309943654,9.0
2028.0,0.0488705625693944,8.0
10581.0,0.0279257690871404,10.0
19203.0,0.0394393499978888,11.0
22807.0,0.0447519710701183,8.0
4151.0,0.0312682702731367,13.0
9185.0,0.0331639418142055,11.0
26684.0,0.016245100998054,9.0
24095.0,0.025095547101931,15.0
24207.0,0.0294157317022704,7.0
31533.0,0.0319720517433144,11.0
16222.0,0.0253744612524565,10.0
11171.0,0.0209131135603034,4.0
19568.0,0.0223737720686947,7.0
5740.0,0.0330027914360348,4.0
22378.0,0.0280686156234428,1.0
8172.0,0.0217159950989073,10.0
1852.0,0.0080105626750485,4.0
5032.0,0.0121946830690778,8.0
0.0,0.0161152481608659,11.0
373.0,0.0173899167227404,7.0
0.0,0.041298420568239,6.0
5892.0,0.0305559725440084,9.0
7971.0,0.0262294337077294,6.0
9615.0,0.0048271602523698,8.0
2550.0,0.0316926153356988,8.0
594.0,0.015241501697531,12.0
10808.0,0.0211833422845421,8.0
10425.0,0.0266300434246321,7.0
229.0,0.0056539265257825,7.0
0.0,0.0165756964755903,6.0
0.0,0.0287673682514481,6.0
0.0,0.0111079625003866,6.0
0.0,0.0069069468800386,10.0
0.0,0.0277682772121591,4.0
0.0,0.0095763504385956,8.0
0.0,0.0191161863917941,10.0
0.0,0.0,11.0
0.0,0.0,8.0
0.0,0.0,6.0
0.0,0.0,9.0
0.0,0.0,8.0
0.0,0.0,9.0
0.0,0.0,5.0
0.0,0.0,9.0
0.0,0.0,4.0
0.0,0.0,15.0
0.0,0.0,9.0
0.0,0.0,7.0
0.0,0.0,9.0
0.0,0.0,6.0
0.0,0.0,5.0
0.0,0.0,7.0
0.0,0.0,3.0
0.0,0.0,3.0
0.0,0.0,5.0
0.0,0.0,7.0
0.0,0.0,7.0
0.0,0.0,6.0
0.0,0.0,12.0
0.0,0.0,7.0
0.0,0.0,10.0
0.0,0.0,12.0
0.0,0.0238560865311277,13.0
0.0,0.0276110529967402,4.0
0.0,0.0356320001815216,8.0
0.0,0.0279313304491177,7.0
0.0,0.0129699704408672,11.0
0.0,0.0004937136783806,6.0
0.0,0.0265016792163425,8.0
0.0,0.0140564968981191,7.0
0.0,0.0080446066552063,13.0
0.0,0.0096973991198992,11.0
0.0,0.0257123279868905,11.0
0.0,0.0113426667034993,10.0
0.0,0.0302883406619024,13.0
0.0,0.0157864130672289,11.0
0.0,0.0208256594836758,15.0
0.0,0.0234264653542797,12.0
0.0,0.0087585640623911,15.0
0.0,0.0029988628563247,14.0
0.0,0.0125145329268939,12.0
0.0,0.0067699919978662,12.0
0.0,0.0038537390445505,10.0
0.0,0.0130602301198586,14.0
0.0,0.0214461291937283,14.0
0.0,0.0091912033403058,14.0
0.0,0.0238851131844928,11.0
0.0,0.0,9.0
0.0,0.0,14.0
0.0,0.0,15.0
0.0,0.0,13.0
0.0,0.0,13.0
0.0,0.0,13.0
0.0,0.0,15.0
0.0,0.0,9.0
0.0,0.0,13.0
0.0,0.0,14.0
0.0,0.0,13.0
0.0,0.0,13.0
0.0,0.0,14.0
0.0,0.0,12.0
0.0,0.0,13.0
11546.0,0.0254077646101469,14.0
0.0,0.0241128218111189,11.0
21908.0,0.0137046167160921,15.0
46635.0,0.0228741188245957,13.0
51186.0,0.0154595490778473,12.0
29223.0,0.0203015972088927,15.0
10296.0,0.0304905479085109,13.0
15498.0,0.0400898916989241,12.0
100.0,0.0375019529930794,15.0
6347.0,0.0177903419690446,14.0
5873.0,0.0087386113119272,15.0
5067.0,0.0357507663484214,15.0
12210.0,0.0232819369708857,15.0
11844.0,0.0349736416790197,11.0
15554.0,0.0211229260291974,10.0
29748.0,0.0285714611795412,9.0
20989.0,0.0491177248978415,11.0
14908.0,0.0250228296477613,14.0
36240.0,0.0242972842985565,12.0
32377.0,0.0286785842995285,12.0
38913.0,0.0407772527350254,15.0
24287.0,0.0421379501744878,12.0
19205.0,0.0211426038525575,14.0
24629.0,0.0290344638617165,12.0
24892.0,0.0453939541837076,10.0
24639.0,0.0109009366917,11.0
34813.0,0.0334338176761662,10.0
23465.0,0.0111377321685628,6.0
23578.0,0.0035001116201823,11.0
27071.0,0.0287864495020321,9.0
51267.0,0.0139547532265115,11.0
61830.0,0.0530990434422393,15.0
42704.0,0.0111038792841864,13.0
35229.0,0.0135091177069365,7.0
45498.0,0.0161994602617487,9.0
15450.0,0.0140606095658756,6.0
16755.0,0.0131285077000366,10.0
17122.0,0.0359733982086049,4.0
19554.0,0.0383049841158584,10.0
33587.0,0.0259402237846649,10.0
19995.0,0.0105498587133368,6.0
13735.0,0.0306585083271775,6.0
20857.0,0.0159997554905341,9.0
9414.0,0.0155474146761298,8.0
0.0,0.0277635568232591,7.0
17344.0,0.0286882935698892,9.0
10130.0,0.033019997727594,8.0
0.0,0.0151806799788208,8.0
9293.0,0.0352996777471225,4.0
27487.0,0.0193512045006191,4.0
30184.0,0.0463366629968266,9.0
4739.0,0.0429855459874482,11.0
27021.0,0.0146194045971375,7.0
10184.0,0.0063639329696005,4.0
18544.0,0.0289144506205415,8.0
11100.0,0.02743064801159,7.0
18802.0,0.0184444629436284,4.0
10089.0,0.0242058821061867,9.0
23469.0,0.0213599998739325,10.0
3334.0,0.0288267092112796,6.0
8763.0,0.0086696789619953,7.0
10974.0,0.0459406745509192,9.0
13938.0,0.0258135279710769,11.0
13214.0,0.0329329556685546,9.0
14757.0,0.037066669595651,14.0
15804.0,0.0337848403915868,12.0
23900.0,0.0495096659764502,3.0
22226.0,0.0369667207922864,11.0
20619.0,0.0348948763747953,11.0
33888.0,0.0434831255195301,5.0
23283.0,0.0208403648753052,7.0
22687.0,0.0363540135078741,8.0
23278.0,0.0061827884407996,9.0
7827.0,0.0130964132455898,6.0
24172.0,0.0173604609325761,1.0
15409.0,0.0169639374857708,9.0
19994.0,0.0208927936214084,5.0
10008.0,0.0097364215793672,10.0
0.0,0.0403515944473887,13.0
4252.0,0.0064920744177181,9.0
143.0,0.034074867145681,7.0
0.0,0.02953201262223,9.0
0.0,0.0254753263166847,3.0
0.0,0.0207648112933765,7.0
9354.0,0.0252803443020284,8.0
0.0,0.0155722163469665,12.0
4990.0,0.022794949695225,8.0
10681.0,0.0079890647717503,5.0
0.0,0.0,8.0
0.0,0.0153687633701019,8.0
0.0,0.0134596413312248,4.0
0.0,0.0143628229197473,7.0
0.0,0.0183430208877013,8.0
0.0,0.0,8.0
0.0,0.0155649737983763,7.0
0.0,0.0113046170523501,9.0
0.0,0.0,5.0
0.0,0.0,9.0
0.0,0.0,8.0
0.0,0.0,8.0
0.0,0.0,11.0
0.0,0.0,5.0
0.0,0.0,7.0
0.0,0.0,8.0
0.0,0.0,5.0
0.0,0.0,15.0
0.0,0.0,6.0
0.0,0.0,4.0
0.0,0.0,7.0
0.0,0.0,7.0
0.0,0.0,4.0
0.0,0.0,5.0
0.0,0.0,3.0
0.0,0.0,0.0
0.0,0.0,5.0
0.0,0.0,6.0
0.0,0.0,5.0
0.0,0.0,11.0
0.0,0.0,11.0
0.0,0.0,6.0
0.0,0.0,10.0
0.0,0.0,9.0
0.0,0.0100356175441676,8.0
0.0,0.0115657943842162,5.0
0.0,0.010146569428006,7.0
0.0,0.0132142466094217,11.0
0.0,0.0110642978089294,7.0
0.0,0.0221296484488226,7.0
0.0,0.0108287174323224,8.0
0.0,0.0181364131238018,5.0
0.0,0.0211699587446112,13.0
0.0,0.0177217800267864,15.0
0.0,0.0264761005057907,12.0
0.0,0.0208966347446054,15.0
0.0,0.0087299438219548,13.0
0.0,0.0190246932447521,11.0
0.0,0.0087155754680081,15.0
0.0,0.0193625766676182,12.0
0.0,0.0089046731146219,15.0
0.0,0.0303750946280625,12.0
0.0,0.0225936057452103,13.0
0.0,0.0223478111905159,11.0
0.0,0.0155496933590908,9.0
0.0,0.0231907920037544,12.0
0.0,0.0401525773324816,14.0
0.0,0.0052603483661691,15.0
0.0,0.0038651818577551,15.0
0.0,0.0,11.0
0.0,0.0,15.0
0.0,0.0,14.0
0.0,0.0,13.0
0.0,0.0,15.0
0.0,0.0,13.0
0.0,0.0,13.0
0.0,0.0,13.0
0.0,0.0,13.0
0.0,0.0,12.0
0.0,0.0,12.0
0.0,0.0,15.0
0.0,0.0,12.0
0.0,0.0,12.0
0.0,0.0,14.0
13950.0,0.0176007423893786,14.0
7419.0,0.0145574959308463,10.0
25455.0,0.0163670304840587,15.0
36380.0,0.0287523643489362,11.0
54406.0,0.0057434595256724,14.0
36944.0,0.0314014699962094,10.0
7802.0,0.0196634828039322,14.0
4658.0,0.0282376487111069,13.0
2803.0,0.0233272511238115,13.0
3229.0,0.0212491488418211,14.0
10419.0,0.0162977566157437,11.0
12215.0,0.0397412589315175,13.0
2354.0,0.0342436559950624,13.0
5792.0,0.0354748314682962,7.0
13963.0,0.0187038347363821,8.0
25741.0,0.0276531642875663,11.0
22462.0,0.0289207814119188,12.0
13813.0,0.029610548601959,11.0
33735.0,0.0387686026490768,14.0
13927.0,0.0432667607415499,14.0
25613.0,0.0467748900910338,9.0
36150.0,0.026657979711353,13.0
21258.0,0.0153567170140048,11.0
19981.0,0.0070536042064281,14.0
30787.0,0.027573532338171,9.0
27739.0,0.0263173396384726,9.0
43250.0,0.0218964166185405,12.0
36278.0,0.0263826633413488,11.0
21810.0,0.0188275596939744,13.0
34589.0,0.0290863580163364,11.0
52509.0,0.0279937834035705,11.0
58398.0,0.0319845201886914,8.0
58173.0,0.0351417857840287,12.0
51852.0,0.0375604951767264,9.0
44433.0,0.0268644068233604,6.0
19320.0,0.0258827516974904,10.0
18403.0,0.0171111949992568,7.0
12353.0,0.0155698595401431,8.0
29002.0,0.0464135501872179,10.0
35501.0,0.0357159097128082,11.0
24506.0,0.0050406152695158,7.0
701.0,0.0190766721034443,8.0
16141.0,0.0242788190314938,8.0
8362.0,0.0206260157822848,9.0
11786.0,0.0473592458607876,9.0
15050.0,0.0291401617391274,12.0
10922.0,0.0355610674177665,6.0
0.0,0.0252002476412662,8.0
22334.0,0.0420374703549978,3.0
24092.0,0.0235580285367106,6.0
25708.0,0.0143463588424452,11.0
10426.0,0.0106342163184995,13.0
15521.0,0.0251682920013051,5.0
13104.0,0.0367570375384826,3.0
19030.0,0.0312746491641161,9.0
2754.0,0.0347835002649876,5.0
29363.0,0.0213590308835068,3.0
15434.0,0.0272410724071247,9.0
18594.0,0.0093823210627523,9.0
3165.0,0.017552384791574,4.0
18283.0,0.0220917190247125,8.0
6621.0,0.0283096581513243,8.0
14374.0,0.0400980326488465,14.0
15553.0,0.0079872630038683,13.0
3555.0,0.029156906358899,12.0
1352.0,0.0274223114614254,15.0
30122.0,0.0357332144689055,4.0
16813.0,0.0166937166136209,13.0
31073.0,0.0114545290750287,8.0
26243.0,0.0233193020523892,11.0
14986.0,0.0263045848337092,10.0
12960.0,0.026076629596926,7.0
12012.0,0.0232432900119934,7.0
8432.0,0.037930484715607,6.0
27593.0,0.0179708563602514,4.0
16831.0,0.019641316964604,11.0
13941.0,0.0307307445010655,4.0
3424.0,0.0403183235383274,7.0
5037.0,0.037670452112686,13.0
0.0,0.0224025344219364,9.0
6105.0,0.0230461926938445,9.0
6595.0,0.0157327313378204,8.0
3845.0,0.0268695420653936,3.0
928.0,0.0238936279202035,5.0
0.0,0.0079462215282024,6.0
0.0,0.0237288105314547,6.0
9228.0,0.024293328951125,8.0
3620.0,0.033206121634845,7.0
4952.0,0.0135074471984342,6.0
0.0,0.0,8.0
0.0,0.0430126051013578,2.0
0.0,0.0021035394609277,6.0
0.0,0.0167910852121218,5.0
0.0,0.0141992873393639,2.0
0.0,0.0242039222940458,12.0
0.0,0.0215898735779399,9.0
0.0,0.0,10.0
0.0,0.0,12.0
0.0,0.0,11.0
0.0,0.0,9.0
0.0,0.0,7.0
0.0,0.0,7.0
0.0,0.0,8.0
0.0,0.0,9.0
0.0,0.0,3.0
0.0,0.0,12.0
0.0,0.0,3.0
0.0,0.0,8.0
0.0,0.0,9.0
0.0,0.0,10.0
0.0,0.0,9.0
0.0,0.0,8.0
0.0,0.0,7.0
0.0,0.0,3.0
0.0,0.0,4.0
0.0,0.0,6.0
0.0,0.0,7.0
0.0,0.0,7.0
0.0,0.0,13.0
0.0,0.0,9.0
0.0,0.0,12.0
0.0,0.0,9.0
0.0,0.0216873266854842,6.0
0.0,0.0342087725771757,5.0
0.0,0.004782992286004,1.0
0.0,0.0474901679296567,11.0
0.0,0.0159938138538829,9.0
0.0,0.0097676517072838,3.0
0.0,0.0259901483624067,4.0
0.0,0.0222769596237055,6.0
0.0,0.0067093528976921,11.0
0.0,0.0273338204537708,15.0
0.0,0.0032611124843027,8.0
0.0,0.0130881186705027,13.0
0.0,0.0173196117194372,12.0
0.0,0.0167253296046333,12.0
0.0,0.0291185277416456,14.0
0.0,0.0236738385284166,15.0
0.0,0.015020337704768,11.0
0.0,0.0,5.0
0.0,0.0218973918206944,14.0
0.0,0.027705586052283,14.0
0.0,0.0085727331919472,11.0
0.0,0.0312371290028742,12.0
0.0,0.0,15.0
0.0,0.0147414928479081,11.0
0.0,0.0123879522912844,12.0
0.0,0.0,13.0
0.0,0.0,11.0
0.0,0.0,15.0
0.0,0.0,15.0
0.0,0.0,15.0
0.0,0.0,15.0
0.0,0.0,15.0
0.0,0.0,12.0
0.0,0.0,12.0
0.0,0.0,13.0
0.0,0.0,11.0
0.0,0.0,14.0
0.0,0.0,14.0
0.0,0.0,14.0
0.0,0.0,15.0
17790.0,0.0090449343249722,14.0
7420.0,0.0206869295264533,13.0
32900.0,0.0059978421051548,14.0
46696.0,0.0252559591215097,12.0
45478.0,0.0373492494139105,11.0
25322.0,0.0244755999912831,10.0
3006.0,0.0145053601338831,13.0
0.0,0.0257224497693302,13.0
1890.0,0.0362451198285099,12.0
5779.0,0.0424373564290148,11.0
11830.0,0.0511614134373952,13.0
4484.0,0.014972684799033,15.0
0.0,0.0214913710470341,15.0
15382.0,0.0450574327207893,7.0
15893.0,0.0404129045100313,11.0
18721.0,0.0435040092203432,9.0
21219.0,0.0410612540933546,10.0
6374.0,0.0477945952992045,14.0
26890.0,0.0141573650841883,13.0
17349.0,0.0303463923407096,13.0
23225.0,0.0465244328469125,13.0
16273.0,0.0314382781803879,14.0
13289.0,0.0161532399704566,8.0
25565.0,0.0389610429184398,13.0
29964.0,0.0376655809667434,10.0
31757.0,0.0228782850529334,8.0
40258.0,0.0235351714238745,11.0
35372.0,0.0225801139272643,9.0
32672.0,0.0302185585323359,10.0
36944.0,0.0326728618786403,12.0
62418.0,0.0240149284383677,11.0
54917.0,0.0224334243231576,9.0
51595.0,0.0323695761153967,12.0
57421.0,0.031748969500404,8.0
48364.0,0.0110570482363595,8.0
4670.0,0.0344866922097122,6.0
12018.0,0.0090615356349516,8.0
6163.0,0.0399432755974885,3.0
31501.0,0.0170472663068445,11.0
33740.0,0.0262800566256273,9.0
19773.0,0.0319293196822387,5.0
7457.0,0.0161819922146885,6.0
16180.0,0.0260903158673624,10.0
19497.0,0.018578680880178,9.0
1097.0,0.0229964981959866,6.0
13424.0,0.0249311463867111,6.0
13237.0,0.0184403790898771,3.0
2574.0,0.0261819736039361,8.0
6180.0,0.0394283920393868,4.0
16495.0,0.0220855649747011,6.0
26041.0,0.0245146295100287,7.0
17615.0,0.0208134340917137,7.0
32253.0,0.0455001974339982,10.0
20631.0,0.0025548940221777,5.0
18995.0,0.0315854980161208,8.0
4898.0,0.0300555791744346,7.0
28219.0,0.0380146723787555,6.0
15902.0,0.0391962924473691,12.0
7732.0,0.010084541936089,3.0
20847.0,0.0414163430068851,13.0
20473.0,0.0157183131236303,7.0
14405.0,0.0205169616887391,12.0
11353.0,0.0403642966810172,9.0
2364.0,0.0260315965513562,13.0
7942.0,0.0371990248075653,11.0
5143.0,0.0380629698810301,11.0
22084.0,0.0257797793407723,7.0
12895.0,0.0431605513730855,9.0
22219.0,0.0193702161420235,7.0
23908.0,0.0385141582398168,6.0
14861.0,0.0212328153296463,6.0
15739.0,0.0350923601978506,8.0
15612.0,0.0231225465362897,6.0
8192.0,0.0367087536057156,5.0
21803.0,0.0203731823352489,6.0
26574.0,0.0222584075337841,10.0
5383.0,0.0248200718338273,4.0
1192.0,0.0259732360132989,8.0
7320.0,0.0323493386811961,15.0
6323.0,0.0198688852599636,7.0
5780.0,0.0250315320050589,7.0
3202.0,0.0250723415283211,11.0
116.0,0.0379124668957915,6.0
5110.0,0.0386278015139239,9.0
2754.0,0.0,4.0
2518.0,0.0082642328179801,7.0
0.0,0.0040830956333126,7.0
4117.0,0.0166291520647675,5.0
884.0,0.0322223401524092,9.0
0.0,0.0197632084580657,5.0
0.0,0.0196507137717355,3.0
0.0,0.0230763437439665,6.0
0.0,0.0304920391132308,3.0
0.0,0.0178274072380658,2.0
0.0,0.0392065259221707,6.0
0.0,0.0089032390618932,11.0
0.0,0.0,6.0
0.0,0.0,6.0
0.0,0.0,6.0
0.0,0.0,4.0
0.0,0.0,8.0
0.0,0.0,9.0
0.0,0.0,2.0
0.0,0.0,10.0
0.0,0.0,5.0
0.0,0.0,14.0
0.0,0.0,9.0
0.0,0.0,6.0
0.0,0.0,10.0
0.0,0.0,2.0
0.0,0.0,6.0
0.0,0.0,10.0
0.0,0.0,4.0
0.0,0.0,7.0
0.0,0.0,4.0
0.0,0.0,6.0
0.0,0.0,7.0
0.0,0.0,11.0
0.0,0.0,8.0
0.0,0.0,15.0
0.0,0.0,12.0
0.0,0.0,14.0
0.0,0.0117987527282718,8.0
0.0,0.0012459362488317,4.0
0.0,0.0248458479203418,4.0
0.0,0.0,11.0
0.0,0.023808073848354,7.0
0.0,0.0194224049748514,8.0
0.0,0.0154333008691994,5.0
0.0,0.0,4.0
0.0,0.0060869445980731,15.0
0.0,0.0003858722279914,12.0
0.0,0.014006242799977,15.0
0.0,0.0087832021153048,9.0
0.0,0.0054358059849779,11.0
0.0,0.0,13.0
0.0,0.0278276327647311,14.0
0.0,0.0135254430958179,13.0
0.0,0.0,12.0
0.0,0.0038125956908003,14.0
0.0,0.0344479653654042,13.0
0.0,0.03420766053197,14.0
0.0,0.0193969698108935,12.0
0.0,0.0331903430708047,10.0
0.0,0.0270021754198077,14.0
0.0,0.0052572292860412,15.0
0.0,0.0195102296113482,12.0
0.0,0.0,15.0
0.0,0.0,14.0
0.0,0.0,14.0
0.0,0.0,14.0
0.0,0.0,12.0
0.0,0.0,13.0
0.0,0.0,15.0
0.0,0.0,14.0
0.0,0.0,14.0
0.0,0.0,11.0
0.0,0.0,15.0
0.0,0.0,15.0
0.0,0.0,10.0
0.0,0.0,15.0
0.0,0.0,10.0
273.0,0.0269885502230224,14.0
18932.0,0.0202794376650595,12.0
26994.0,0.0289947551445931,15.0
33040.0,0.0280416906945643,9.0
50880.0,0.0220155473909643,13.0
36597.0,0.0308660107223082,12.0
2663.0,0.0295752289196208,12.0
3286.0,0.0468179664876364,15.0
11689.0,0.0387037206310853,14.0
0.0,0.0321240919414252,12.0
17449.0,0.0321074768722482,10.0
12694.0,0.0374934677585568,12.0
7770.0,0.0243629122832328,10.0
18951.0,0.0407618198974247,7.0
20560.0,0.0165716702374961,10.0
21033.0,0.0219056556430401,12.0
24801.0,0.0268349421364406,14.0
5705.0,0.0369671578932058,9.0
31019.0,0.0435794862449006,15.0
15908.0,0.0382355097368715,12.0
28914.0,0.0212109378385465,11.0
27879.0,0.0436132869489569,12.0
21157.0,0.0317252945555458,12.0
31348.0,0.0294136025379707,11.0
30158.0,0.0238489109991536,11.0
22982.0,0.04556237194836,11.0
57174.0,0.0304562858635473,10.0
40777.0,0.0153433769742577,10.0
24040.0,0.0178572211258364,8.0
37939.0,0.0396263208813701,14.0
52312.0,0.0243066359069347,12.0
55828.0,0.0281938707146475,8.0
47876.0,0.0325654179884501,11.0
56315.0,0.0269774307515169,10.0
49083.0,0.0088550673543972,4.0
22167.0,0.0302186991452231,11.0
13065.0,0.0299619562701408,8.0
15530.0,0.0,6.0
19672.0,0.0284930991508986,12.0
34658.0,0.037165562682693,9.0
10352.0,0.0174408800546651,5.0
9374.0,0.0335841494289523,10.0
6690.0,0.0165537914575676,8.0
10878.0,0.0304122811311185,10.0
14563.0,0.0390081313132266,5.0
25006.0,0.0271930599193764,6.0
20945.0,0.0277554880431697,8.0
5115.0,0.0471762286942001,7.0
10334.0,0.0505693787174599,4.0
30632.0,0.0023722018613677,4.0
23261.0,0.0208232438394221,10.0
8726.0,0.0251986975019776,11.0
21940.0,0.0143113493976261,6.0
20232.0,0.0259668926831884,2.0
18215.0,0.0353445339061744,5.0
6197.0,0.0483461977337139,5.0
24930.0,0.0229402038849862,6.0
13847.0,0.0293318931668286,5.0
9359.0,0.0401752758612338,10.0
5990.0,0.0377632940971928,11.0
3686.0,0.0157282336558009,11.0
219.0,0.0109000780638643,6.0
14636.0,0.0238139234933031,9.0
8291.0,0.0407131233622537,12.0
8643.0,0.034040498919396,12.0
4826.0,0.0321249384002798,13.0
25918.0,0.0021156207129543,6.0
26312.0,0.0232955166436499,10.0
35082.0,0.0180991477288593,9.0
27830.0,0.0220023907575656,11.0
20693.0,0.0219798573700519,11.0
5541.0,0.010843010829038,11.0
7382.0,0.038178038595075,8.0
16251.0,0.0335685847736991,7.0
33407.0,0.0299068804621792,3.0
3666.0,0.0291185797080375,8.0
17866.0,0.0298363898248842,7.0
6985.0,0.0251232535182007,9.0
3313.0,0.0267993838914679,12.0
477.0,0.0295464364824509,9.0
2491.0,0.0178372265990924,8.0
1968.0,0.0255931002979793,9.0
6451.0,0.0231902137695566,5.0
607.0,0.0303651779686652,6.0
1165.0,0.0286189352279859,8.0
4838.0,0.0298446159814626,9.0
7710.0,0.0238864221925989,14.0
616.0,0.0127374061064108,3.0
12766.0,0.0249665112929268,1.0
0.0,0.0293440729394703,7.0
0.0,0.0239843901906882,7.0
0.0,0.0314728159224129,4.0
0.0,0.0043440777463206,7.0
0.0,0.0156320694776604,3.0
0.0,0.006794442318791,7.0
0.0,0.0029586333971747,6.0
0.0,0.0,8.0
0.0,0.0,7.0
0.0,0.0,7.0
0.0,0.0,6.0
0.0,0.0,8.0
0.0,0.0,4.0
0.0,0.0,6.0
0.0,0.0,13.0
0.0,0.0,9.0
0.0,0.0,14.0
0.0,0.0,3.0
0.0,0.0,8.0
0.0,0.0,10.0
0.0,0.0,9.0
0.0,0.0,3.0
0.0,0.0,5.0
0.0,0.0,4.0
0.0,0.0,7.0
0.0,0.0,4.0
0.0,0.0,6.0
0.0,0.0,4.0
0.0,0.0,7.0
0.0,0.0,11.0
0.0,0.0,12.0
0.0,0.0,9.0
0.0,0.0,14.0
0.0,0.0061453052159684,11.0
0.0,0.0156294972665111,4.0
0.0,0.0193385253992354,7.0
0.0,0.0086484935885702,9.0
0.0,0.0306300443463444,5.0
0.0,0.022569745688678,5.0
0.0,0.0167148795424969,4.0
0.0,0.0069334868866387,4.0
0.0,0.0075698970876825,12.0
0.0,0.0041990482106102,14.0
0.0,0.0020514658715734,15.0
0.0,0.0186321409037238,13.0
0.0,0.0,15.0
0.0,0.0187602323566173,15.0
0.0,0.0238949427569539,12.0
0.0,0.009949975811492,13.0
0.0,0.0120520623489003,13.0
0.0,0.0205141634364181,12.0
0.0,0.0110698824158079,15.0
0.0,0.0255958121363787,14.0
0.0,0.0210958348729247,11.0
0.0,0.0160092394060969,12.0
0.0,0.0211776891764637,13.0
0.0,0.0213120769241887,12.0
0.0,0.0142356732011268,12.0
0.0,0.0,15.0
0.0,0.0,11.0
0.0,0.0,14.0
0.0,0.0,15.0
0.0,0.0,14.0
0.0,0.0,15.0
0.0,0.0,11.0
0.0,0.0,15.0
0.0,0.0,13.0
0.0,0.0,14.0
0.0,0.0,15.0
0.0,0.0,10.0
0.0,0.0,11.0
0.0,0.0,15.0
0.0,0.0,13.0
15484.0,0.0045435651793209,10.0
1280.0,0.039859919096077,11.0
29195.0,0.0190350635025949,13.0
33831.0,0.0373681142608344,15.0
53494.0,0.0203025689786451,13.0
12017.0,0.0181885839986151,11.0
963.0,0.0023272111013107,12.0
4274.0,0.0281664663736308,12.0
9344.0,0.0441121981227198,15.0
10379.0,0.0268899434255301,13.0
10572.0,0.0251050248949498,12.0
12375.0,0.0371938629827269,14.0
11282.0,0.0498061470139261,15.0
7407.0,0.0295227973797047,9.0
18401.0,0.0402564796101567,9.0
21472.0,0.039525982413406,13.0
23984.0,0.0339593254164123,14.0
14809.0,0.0102266373864056,14.0
26137.0,0.0484420461821117,11.0
22015.0,0.035810742419491,15.0
29385.0,0.0309301881751227,14.0
35494.0,0.0382739355601912,14.0
11294.0,0.0042295082564887,11.0
16200.0,0.0230950964697339,10.0
7147.0,0.0227657059967343,11.0
33151.0,0.0110819936380362,11.0
44180.0,0.0241893475895027,12.0
42944.0,0.004525990919129,11.0
29638.0,0.0131334258485193,15.0
39341.0,0.0222292672345789,12.0
55733.0,0.0234054318762979,10.0
44661.0,0.0340189759206606,9.0
53042.0,0.0271274778851422,14.0
53728.0,0.0397158954271964,12.0
40308.0,0.0270732172354465,9.0
7147.0,0.0254141088193575,9.0
25116.0,0.0251469419822461,8.0
14418.0,0.0349681161907192,7.0
24025.0,0.0472707022237389,11.0
36520.0,0.0289246756691058,10.0
16818.0,0.0315519822667419,12.0
9062.0,0.0358114464999257,11.0
14430.0,0.0275910170224759,5.0
13178.0,0.036481528156302,6.0
10681.0,0.0251258630902959,3.0
24497.0,0.0346602504224448,10.0
7930.0,0.03154797472806,6.0
12479.0,0.0402656421525853,7.0
2052.0,0.0261820848955098,7.0
29492.0,0.0241078273430456,7.0
23244.0,0.0279041825622717,8.0
18400.0,0.0369834261946519,7.0
17230.0,0.0312448674964412,6.0
14839.0,0.0375187176378326,4.0
14146.0,0.026392545383786,4.0
8975.0,0.0239515481694656,4.0
21090.0,0.0246382744669038,4.0
14300.0,0.0224356664427475,8.0
25827.0,0.0249082330580397,11.0
11844.0,0.0218951577195778,4.0
12754.0,0.0182524358528216,8.0
4674.0,0.0,10.0
20982.0,0.0415538624968522,8.0
12473.0,0.0489250750840869,8.0
4032.0,0.0,9.0
6489.0,0.0173254500865379,12.0
19996.0,0.0281356113071143,4.0
20677.0,0.0268190056740033,10.0
20949.0,0.0268470173089253,10.0
40994.0,0.0370819868631803,10.0
5169.0,0.0167371464570253,5.0
19671.0,0.0370690355394554,5.0
26548.0,0.0214812994231474,9.0
6516.0,0.0226239928021893,10.0
27772.0,0.0104617672983363,6.0
13057.0,0.0073636771437492,10.0
0.0,0.0291098510542697,5.0
0.0,0.0284215969205078,8.0
2483.0,0.0242486250999457,9.0
6003.0,0.0101132866198403,6.0
11626.0,0.0079078865276045,8.0
0.0,0.0223547098425773,9.0
2622.0,0.0180570828361071,5.0
2662.0,0.0206955981852916,6.0
0.0,0.0169921676487767,8.0
5918.0,0.0116680718377877,6.0
1606.0,0.0284577685889618,7.0
9120.0,0.0332634207613687,7.0
0.0,0.0133072885419895,1.0
0.0,0.02238260475961,8.0
0.0,0.0,4.0
0.0,0.0065383512477421,7.0
0.0,0.032579220568005,5.0
0.0,0.0133498053767134,10.0
0.0,0.0189257042854736,10.0
0.0,0.0147808311370133,10.0
0.0,0.0,11.0
0.0,0.0,10.0
0.0,0.0,8.0
0.0,0.0,8.0
0.0,0.0,5.0
0.0,0.0,8.0
0.0,0.0,5.0
0.0,0.0,12.0
0.0,0.0,7.0
0.0,0.0,15.0
0.0,0.0,4.0
0.0,0.0,8.0
0.0,0.0,9.0
0.0,0.0,9.0
0.0,0.0,5.0
0.0,0.0,5.0
0.0,0.0,2.0
0.0,0.0,1.0
0.0,0.0,4.0
0.0,0.0,0.0
0.0,0.0,4.0
0.0,0.0,7.0
0.0,0.0,13.0
0.0,0.0,12.0
0.0,0.0,13.0
0.0,0.0,13.0
0.0,0.0126804709871166,9.0
0.0,0.0257243586579678,4.0
0.0,0.0202951296895735,6.0
0.0,0.0154131134271395,10.0
0.0,0.0095766640385882,11.0
0.0,0.003715816691096,3.0
0.0,0.0061609587117204,9.0
0.0,0.0059735015826286,7.0
0.0,0.0180381659087362,13.0
0.0,0.0026062889858171,14.0
0.0,0.0107837301910648,15.0
0.0,0.0310010475328901,14.0
0.0,0.0263244509457432,10.0
0.0,0.0195207827766312,12.0
0.0,0.016507842556457,14.0
0.0,0.0286505125174692,15.0
0.0,0.0154716396055356,15.0
0.0,0.0208090982423987,15.0
0.0,0.033585920314729,9.0
0.0,0.0090890563512795,14.0
0.0,0.0328418614532811,15.0
0.0,0.0078156028098226,13.0
0.0,0.0278029349178125,13.0
0.0,0.0134069687735713,14.0
0.0,0.0110718805453401,12.0
0.0,0.0,12.0
0.0,0.0,14.0
0.0,0.0,12.0
0.0,0.0,12.0
0.0,0.0,15.0
0.0,0.0,12.0
0.0,0.0,12.0
0.0,0.0,15.0
0.0,0.0,14.0
0.0,0.0,15.0
0.0,0.0,14.0
0.0,0.0,10.0
0.0,0.0,12.0
0.0,0.0,15.0
0.0,0.0,10.0
8929.0,0.0,12.0
2320.0,0.0,15.0
28433.0,0.0243442404291815,14.0
36051.0,0.0204321660643699,15.0
48658.0,0.020493187331857,15.0
23972.0,0.0307878705443879,15.0
10675.0,0.0346729985141786,11.0
10134.0,0.0188535815598608,15.0
0.0,0.0229232736043376,13.0
5200.0,0.0404659872286737,11.0
13328.0,0.0458975810082384,14.0
14212.0,0.0334199204798989,11.0
20416.0,0.0303334839101417,15.0
15759.0,0.0172005178868328,10.0
15903.0,0.0129000165589933,10.0
15670.0,0.0269800734626043,14.0
21981.0,0.0418375233550506,12.0
6574.0,0.0273950590575694,13.0
24982.0,0.0232836495611853,11.0
20506.0,0.0164976662755568,13.0
47804.0,0.0256702164456554,14.0
39753.0,0.0325611840083775,14.0
26957.0,0.0148727977609627,13.0
31977.0,0.0439640422977637,13.0
26326.0,0.0266696879237144,7.0
29429.0,0.0223723461317595,13.0
35500.0,0.0137241197036985,14.0
24270.0,0.0198267302089323,10.0
34812.0,0.0085800112135272,12.0
24727.0,0.0411220048912533,13.0
62931.0,0.0165126179183035,12.0
47672.0,0.0203651235990946,11.0
45472.0,0.0313736372759563,12.0
51348.0,0.0546098356950781,9.0
52431.0,0.0285979835973223,9.0
7514.0,0.0074041965604197,9.0
30704.0,0.0195077926059087,9.0
10514.0,0.0176284875115397,3.0
35812.0,0.0222619879507989,9.0
35583.0,0.0298427691401134,7.0
19265.0,0.023748614482616,8.0
12149.0,0.0100659201866414,8.0
12759.0,0.0365870463703941,12.0
4589.0,0.0239802963807031,6.0
4324.0,0.021999396541754,3.0
8000.0,0.0159693593502308,8.0
15112.0,0.0166633253320246,12.0
8208.0,0.0117271012619157,8.0
14364.0,0.0260707604663358,7.0
20185.0,0.0171408805703375,7.0
25767.0,0.0224010967627737,7.0
4646.0,0.0304398470989763,9.0
20341.0,0.028403604957267,6.0
12138.0,0.0209026116235263,5.0
13024.0,0.0374328098209912,8.0
6919.0,0.0232388098460201,6.0
27358.0,0.0200944410302458,8.0
14674.0,0.0291458495805465,8.0
24401.0,0.0233402044801659,8.0
9744.0,0.0267642334757038,6.0
2262.0,0.0320556035758018,6.0
7301.0,0.0211784881568564,13.0
21150.0,0.0335484828966309,15.0
15277.0,0.0256568776469181,9.0
10033.0,0.0040734804101757,10.0
6574.0,0.0179056661198256,13.0
22554.0,0.0087481475069179,5.0
19660.0,0.0321888713939855,13.0
18272.0,0.0354239349305716,10.0
26744.0,0.0448426736858741,9.0
12294.0,0.0143731074268972,8.0
5029.0,0.0310828054726873,9.0
13942.0,0.0291171332586624,5.0
10483.0,0.0278623845027112,5.0
26228.0,0.0225935486571933,6.0
13347.0,0.0252325431212499,11.0
8039.0,0.0335962093892404,9.0
15153.0,0.0,8.0
740.0,0.0404857588008338,12.0
0.0,0.0142504515083977,10.0
0.0,0.0502160966613608,10.0
0.0,0.0131567042107939,10.0
1419.0,0.0151130570181969,6.0
0.0,0.0191570106003081,8.0
1306.0,0.0311959015616384,9.0
1355.0,0.0259075463049993,11.0
10648.0,0.0185285974034234,7.0
6461.0,0.0046978102443099,8.0
6330.0,0.0424931508878001,5.0
0.0,0.0332101053399268,5.0
0.0,0.021909868868501,7.0
0.0,0.0231139358065273,11.0
0.0,0.0143640166707728,7.0
0.0,0.0333049060589868,3.0
0.0,0.0191705538204873,4.0
0.0,0.0229252963715419,9.0
0.0,0.0,4.0
0.0,0.0,8.0
0.0,0.0,6.0
0.0,0.0,6.0
0.0,0.0,6.0
0.0,0.0,11.0
0.0,0.0,5.0
0.0,0.0,8.0
0.0,0.0,7.0
0.0,0.0,11.0
0.0,0.0,8.0
0.0,0.0,6.0
0.0,0.0,12.0
0.0,0.0,9.0
0.0,0.0,8.0
0.0,0.0,6.0
0.0,0.0,7.0
0.0,0.0,2.0
0.0,0.0,7.0
0.0,0.0,7.0
0.0,0.0,5.0
0.0,0.0,4.0
0.0,0.0,10.0
0.0,0.0,9.0
0.0,0.0,13.0
0.0,0.0,12.0
0.0,0.0183193848885747,13.0
0.0,0.0200956779482988,2.0
0.0,0.0088936975924897,4.0
0.0,0.0320468048499156,10.0
0.0,0.0164944540219659,11.0
0.0,0.039548625523275,6.0
0.0,0.0029841228734045,7.0
0.0,0.0264041463952377,7.0
0.0,0.0305602117875274,11.0
0.0,0.0005416568598191,11.0
0.0,0.0035850003498838,14.0
0.0,0.0112116206211089,13.0
0.0,0.0,14.0
0.0,0.0017788863971743,13.0
0.0,0.0119629547665667,13.0
0.0,0.0046761667593406,9.0
0.0,0.0133904913968793,11.0
0.0,0.0217649181609242,13.0
0.0,0.0444796935229255,15.0
0.0,0.0114421238683954,9.0
0.0,0.0259679628308318,12.0
0.0,0.0204523316907017,13.0
0.0,0.0183211631722479,14.0
0.0,0.0186521883563002,15.0
0.0,0.0209737541126569,10.0
0.0,0.0,14.0
0.0,0.0,13.0
0.0,0.0,13.0
0.0,0.0,15.0
0.0,0.0,12.0
0.0,0.0,15.0
0.0,0.0,15.0
0.0,0.0,11.0
0.0,0.0,15.0
0.0,0.0,11.0
0.0,0.0,11.0
0.0,0.0,14.0
0.0,0.0,11.0
0.0,0.0,14.0
0.0,0.0,8.0
12606.0,0.0159151404195578,14.0
9523.0,0.0204391014222976,14.0
36608.0,0.0283593235627197,13.0
37797.0,0.0216861187019636,14.0
50725.0,0.0,10.0
29626.0,0.0267491124210362,15.0
11590.0,0.0234580714532858,12.0
15362.0,0.0366265859835345,13.0
3741.0,0.0262674474926129,11.0
10142.0,0.0130559781020566,15.0
14299.0,0.0341163066095211,13.0
5982.0,0.0259083578443956,13.0
9824.0,0.0429890802165635,13.0
27068.0,0.0381652627550032,6.0
20569.0,0.0342188689448321,8.0
17765.0,0.0178083445480379,8.0
23969.0,0.02502598744296,12.0
4365.0,0.0148629835080532,11.0
16309.0,0.0316185701932456,12.0
12554.0,0.0253850654168969,10.0
31902.0,0.0322876214325114,12.0
35596.0,0.0368127645465943,14.0
14095.0,0.0267054789616535,6.0
25219.0,0.0444319674144953,13.0
19240.0,0.0307728830943456,11.0
29303.0,0.0343992727050614,12.0
55924.0,0.0338645597861183,8.0
32370.0,0.0383153428266453,12.0
23599.0,0.0170788602194562,15.0
38001.0,0.0361966652005717,9.0
58107.0,0.0214948902589217,11.0
50687.0,0.0264551668235873,10.0
52052.0,0.0166399604228875,15.0
48796.0,0.0161281827613111,6.0
45688.0,0.0365132525608423,10.0
15127.0,0.0288795186203314,9.0
20211.0,0.0341416691335759,5.0
13406.0,0.0304033583137815,4.0
29040.0,0.0318487180587392,7.0
27827.0,0.0292284862568569,13.0
14223.0,0.0051013656822475,7.0
2701.0,0.0312212837599394,10.0
8123.0,0.0126961845580131,6.0
2609.0,0.0413798220669598,8.0
7029.0,0.0292237791040643,4.0
21777.0,0.0039213612744615,8.0
13502.0,0.004718604757471,4.0
14588.0,0.0319948824618024,7.0
9778.0,0.0319692986146957,0.0
14146.0,0.0458441028222422,4.0
29468.0,0.0374493809340062,10.0
8132.0,0.0210401278602423,10.0
19148.0,0.0423583175095194,11.0
7812.0,0.024359917694418,6.0
6945.0,0.0158531880283277,8.0
9783.0,0.0417556053192756,9.0
28026.0,0.0438263942833627,7.0
11634.0,0.0417902933436378,8.0
12597.0,0.0292485067489089,9.0
20215.0,0.0216310072632209,9.0
882.0,0.0207181555070766,10.0
13873.0,0.0224647046917611,11.0
20578.0,0.0380218502969428,11.0
3216.0,0.0414773803940552,8.0
4035.0,0.047570613330881,13.0
4486.0,0.0201425097321807,14.0
32283.0,0.0380225756151407,6.0
23796.0,0.030418965434723,10.0
28657.0,0.0133432401146923,9.0
27465.0,0.0287246894681182,9.0
10481.0,0.0288597778755169,7.0
29199.0,0.0270017459010438,7.0
17893.0,0.0470723081997383,7.0
12621.0,0.0414395878057629,5.0
24784.0,0.0271823144863719,6.0
8259.0,0.0220147469751618,10.0
11124.0,0.0255503265854338,6.0
15426.0,0.0339904494150955,7.0
1078.0,0.0489569610927347,8.0
7669.0,0.0126464300507156,9.0
0.0,0.0197234327667836,11.0
0.0,0.0231827764734307,9.0
9435.0,0.022193909461738,5.0
4487.0,0.0203471077207574,6.0
1256.0,0.0030589727702429,10.0
2942.0,0.000674737867738,13.0
1290.0,0.0174979811079589,8.0
2697.0,0.0219484251518297,7.0
4529.0,0.0210839456312208,6.0
0.0,0.0136415519699697,7.0
0.0,0.0165767014015096,9.0
0.0,0.0192468467599505,7.0
0.0,0.0098949556954593,9.0
0.0,0.0336598490969368,4.0
0.0,0.0250645233492632,11.0
0.0,0.0061194535791249,9.0
0.0,0.0,7.0
0.0,0.0,9.0
0.0,0.0,10.0
0.0,0.0,7.0
0.0,0.0,7.0
0.0,0.0,9.0
0.0,0.0,4.0
0.0,0.0,8.0
0.0,0.0,7.0
0.0,0.0,13.0
0.0,0.0,4.0
0.0,0.0,5.0
0.0,0.0,11.0
0.0,0.0,10.0
0.0,0.0,6.0
0.0,0.0,3.0
0.0,0.0,0.0
0.0,0.0,4.0
0.0,0.0,6.0
0.0,0.0,7.0
0.0,0.0,6.0
0.0,0.0,11.0
0.0,0.0,15.0
0.0,0.0,10.0
0.0,0.0,15.0
0.0,0.0,10.0
0.0,0.0248554716292444,11.0
0.0,0.0138406844479327,5.0
0.0,0.0331375064693133,6.0
0.0,0.0149517747440838,9.0
0.0,0.0190278386585674,11.0
0.0,0.0317605167201188,8.0
0.0,0.0088549621645313,4.0
0.0,0.0154615778163407,4.0
0.0,0.0195113525271267,13.0
0.0,0.0047525593434498,13.0
0.0,0.03689314822614,10.0
0.0,0.0154113044811507,12.0
0.0,0.0141713637123344,10.0
0.0,0.0180796258896922,15.0
0.0,0.0,15.0
0.0,0.0,13.0
0.0,0.0344061359695326,13.0
0.0,0.0074948219531677,15.0
0.0,0.0216445658544326,15.0
0.0,0.0463190476398877,13.0
0.0,0.0035968324005233,15.0
0.0,0.0063937348359149,12.0
0.0,0.0271724092096864,15.0
0.0,0.0183152591518586,14.0
0.0,0.0028094993507395,11.0
0.0,0.0,12.0
0.0,0.0,14.0
0.0,0.0,11.0
0.0,0.0,12.0
0.0,0.0,11.0
0.0,0.0,10.0
0.0,0.0,14.0
0.0,0.0,14.0
0.0,0.0,14.0
0.0,0.0,13.0
0.0,0.0,9.0
0.0,0.0,12.0
0.0,0.0,12.0
0.0,0.0,13.0
0.0,0.0,14.0
15043.0,0.0439071949097442,13.0
1247.0,0.0301913912678144,10.0
24491.0,0.045673644331182,11.0
39340.0,0.0113522634327682,13.0
47420.0,0.0188761055570399,14.0
34737.0,0.0270594835790385,12.0
5506.0,0.041336755970417,14.0
1696.0,0.0238151902176942,10.0
2290.0,0.017680735772496,14.0
13926.0,0.0305304542890868,13.0
10650.0,0.0261961163940461,13.0
4714.0,0.0293567506909122,14.0
11341.0,0.027072562352435,13.0
18672.0,0.0344466052144501,7.0
17430.0,0.0347279025098686,8.0
26438.0,0.0227015518150192,9.0
24079.0,0.034581675131637,6.0
8922.0,0.0478137986994156,14.0
31417.0,0.0427844548380027,10.0
12532.0,0.0345930375083644,15.0
29956.0,0.0195128302321397,10.0
31639.0,0.031609571488358,13.0
19406.0,0.0261458254637755,9.0
16006.0,0.0309714717827489,10.0
25688.0,0.0281117845462466,13.0
28517.0,0.03246121369568,9.0
38993.0,0.0493925376109591,9.0
30763.0,0.0312057771489744,14.0
36101.0,0.0293495092196313,15.0
25142.0,0.0303997970785339,15.0
51756.0,0.0325172826081883,14.0
54759.0,0.011753824915904,10.0
38418.0,0.0281655315203987,11.0
53207.0,0.0247430749977212,10.0
38635.0,0.0213220716073989,9.0
10048.0,0.0399127754742499,6.0
11127.0,0.0203397880760574,7.0
11297.0,0.0134628156545074,3.0
25469.0,0.0173501217747172,11.0
34215.0,0.0214439522877042,10.0
18791.0,0.0295904339329727,7.0
612.0,0.0287074848156532,10.0
7872.0,0.0188167779820672,6.0
4647.0,0.0442527550264953,10.0
10975.0,0.0228367708625611,6.0
15104.0,0.0392253034581584,5.0
8589.0,0.0196454815774603,9.0
3040.0,0.0564461124722453,9.0
10394.0,0.0221706569124932,1.0
20989.0,0.0339742936108804,3.0
19900.0,0.0342379143518473,8.0
6894.0,0.0379555701436466,13.0
29666.0,0.0245130091665009,6.0
14667.0,0.0194934209029164,5.0
10988.0,0.0321832202834069,7.0
9079.0,0.0144346224618868,4.0
10988.0,0.0190210894622212,7.0
22951.0,0.014096023278496,3.0
21287.0,0.0127646753218617,10.0
4930.0,0.013020904471354,10.0
13002.0,0.0214697138565027,5.0
3165.0,0.0359431831088877,13.0
20629.0,0.0348046492822324,10.0
21607.0,0.0232105450402628,10.0
425.0,0.0339741350988159,10.0
2147.0,0.0183662211359344,11.0
19594.0,0.044917884931491,8.0
22806.0,0.0412381217583886,9.0
15411.0,0.0239458552656718,8.0
26931.0,0.0174911967343038,8.0
8265.0,0.0347444591371699,8.0
16835.0,0.0404449118675745,9.0
20801.0,0.0288907085467967,7.0
8740.0,0.0311815714450459,6.0
15391.0,0.02560311223349,7.0
23991.0,0.0355505273386551,10.0
14518.0,0.0165830460184757,7.0
10671.0,0.0174359832967479,6.0
837.0,0.0229994184008726,9.0
2174.0,0.0198478004402759,11.0
6770.0,0.0324281573018569,9.0
13466.0,0.027270901869827,7.0
6830.0,0.0405645355976023,2.0
0.0,0.0206658144460279,4.0
0.0,0.0369173323656385,9.0
1823.0,0.0157615385336004,10.0
8684.0,0.0003702924503574,10.0
924.0,0.0102420942853835,7.0
0.0,0.0,9.0
0.0,0.0223672813989728,6.0
0.0,0.0106459285564832,6.0
0.0,0.0104213079213822,8.0
0.0,0.0009147596743137,9.0
0.0,0.0152670591000782,4.0
0.0,0.0177090258097919,6.0
0.0,0.0059039748292022,9.0
0.0,0.0,7.0
0.0,0.0,7.0
0.0,0.0,10.0
0.0,0.0,6.0
0.0,0.0,4.0
0.0,0.0,9.0
0.0,0.0,3.0
0.0,0.0,10.0
0.0,0.0,5.0
0.0,0.0,13.0
0.0,0.0,6.0
0.0,0.0,8.0
0.0,0.0,9.0
0.0,0.0,10.0
0.0,0.0,5.0
0.0,0.0,9.0
0.0,0.0,7.0
0.0,0.0,6.0
0.0,0.0,4.0
0.0,0.0,6.0
0.0,0.0,1.0
0.0,0.0,7.0
0.0,0.0,12.0
0.0,0.0,10.0
0.0,0.0,14.0
0.0,0.0,12.0
0.0,0.0279005413360001,8.0
0.0,0.0080117126599087,6.0
0.0,0.029991504837822,8.0
0.0,0.0269887688056329,11.0
0.0,0.029428613431676,10.0
0.0,0.021500672407699,8.0
0.0,0.0310089206928808,5.0
0.0,0.0266764518772876,7.0
0.0,0.0115817471121946,11.0
0.0,0.0286233512083892,13.0
0.0,0.010618609055838,9.0
0.0,0.025162701801307,12.0
0.0,0.0402823086158961,11.0
0.0,0.0104834366006469,14.0
0.0,0.0200334156360172,15.0
0.0,0.0203353276442797,15.0
0.0,0.0223971933417476,15.0
0.0,0.020786710455725,13.0
0.0,0.0123991231915209,11.0
0.0,0.0056902285695582,11.0
0.0,0.0111861132386206,15.0
0.0,0.023163772744691,12.0
0.0,0.0330880848234065,14.0
0.0,0.0230209417236523,14.0
0.0,0.032444039003119,12.0
0.0,0.0,12.0
0.0,0.0,11.0
0.0,0.0,10.0
0.0,0.0,14.0
0.0,0.0,11.0
0.0,0.0,10.0
0.0,0.0,11.0
0.0,0.0,15.0
0.0,0.0,13.0
0.0,0.0,15.0
0.0,0.0,11.0
0.0,0.0,15.0
0.0,0.0,12.0
0.0,0.0,15.0
0.0,0.0,14.0
14874.0,0.0184561372807246,12.0
0.0,0.0028165450640934,10.0
23468.0,0.0204595220508855,13.0
36670.0,0.0069435313121829,9.0
50011.0,0.0246385466066531,11.0
28301.0,0.0248820701598234,15.0
17217.0,0.0249446566568943,15.0
10916.0,0.0331187725071026,12.0
4286.0,0.0147647810395015,13.0
2370.0,0.0290387953314779,12.0
23655.0,0.0314638823847298,10.0
12207.0,0.0354411482907084,15.0
5809.0,0.0313859586635171,14.0
393.0,0.0335438844921765,8.0
19257.0,0.0125217379079062,11.0
17892.0,0.0266239142517542,9.0
23503.0,0.0449632693804279,14.0
2126.0,0.0121852878822524,13.0
25112.0,0.0223801428473162,14.0
18700.0,0.0296901295884396,11.0
28939.0,0.0424588427631204,15.0
34692.0,0.0145176598651156,15.0
7837.0,0.0518944829731097,14.0
17341.0,0.0124037089566582,10.0
28153.0,0.0452784228978495,10.0
28752.0,0.0204235719131657,12.0
67665.0,0.0332937488188358,14.0
31667.0,0.024507393927427,12.0
23092.0,0.0003951634961225,14.0
34354.0,0.0274986063232605,12.0
42777.0,0.0324847344720543,12.0
50490.0,0.0406978463730023,12.0
56327.0,0.0376310816166231,11.0
53202.0,0.0156137247748695,10.0
41845.0,0.0,8.0
363.0,0.0347541353090339,6.0
11118.0,0.0052324047852875,6.0
4469.0,0.0305230257138859,3.0
22483.0,0.0453302893677182,11.0
41534.0,0.0248984554701969,11.0
14057.0,0.016360998506338,10.0
14748.0,0.0169941509104181,9.0
19239.0,0.0190649562623645,10.0
0.0,0.0213312643708675,7.0
1357.0,0.0369292181686084,5.0
5565.0,0.0271025696015433,9.0
19698.0,0.0447524104909429,8.0
0.0,0.0295508996334799,8.0
18395.0,0.0197482903400208,2.0
12098.0,0.0306231718147599,6.0
31076.0,0.0242041605579301,12.0
26535.0,0.02456200174879,10.0
27470.0,0.023480994886142,7.0
23002.0,0.0263034564500538,5.0
11296.0,0.0314440726697008,8.0
1817.0,0.0301018903702418,8.0
28791.0,0.0204571786951873,5.0
14764.0,0.0258718297736215,7.0
15993.0,0.0167140556067391,9.0
0.0,0.050563480907486,8.0
17575.0,0.0311383626265605,9.0
6259.0,0.0306852502846829,10.0
12233.0,0.0257714549468437,11.0
13048.0,0.027017426259569,13.0
6285.0,0.0322774836290044,10.0
1494.0,0.0262808937638534,15.0
26325.0,0.0313232808578254,6.0
19431.0,0.0277709998220283,11.0
28149.0,0.0090755985462663,10.0
15285.0,0.0226505126017393,9.0
11274.0,0.0360110892975893,8.0
22139.0,0.0196642164139446,10.0
18128.0,0.0166591744980844,9.0
15915.0,0.0231738073249124,6.0
25610.0,0.0356775635460459,3.0
18951.0,0.026110994451145,11.0
9798.0,0.0137632506836183,8.0
0.0,0.0201764066771453,8.0
3959.0,0.0153576060467547,11.0
0.0,0.027202232596297,8.0
0.0,0.0304931159341494,9.0
2368.0,0.0197796529037667,9.0
0.0,0.0287428322098812,4.0
7130.0,0.0138272869580929,6.0
0.0,0.0229846454672951,10.0
2487.0,0.01632459001628,7.0
9592.0,0.0178805275341693,9.0
7643.0,0.0019606686258021,7.0
3314.0,0.0183098909774689,8.0
0.0,0.0197840204133334,8.0
0.0,0.0022748583074348,7.0
0.0,0.0295132799556615,0.0
0.0,0.003191985388714,7.0
0.0,0.0004281047544735,6.0
0.0,0.0036244519769483,8.0
0.0,0.0379727849741144,7.0
0.0,0.0,9.0
0.0,0.0,5.0
0.0,0.0,11.0
0.0,0.0,7.0
0.0,0.0,12.0
0.0,0.0,8.0
0.0,0.0,5.0
0.0,0.0,10.0
0.0,0.0,6.0
0.0,0.0,14.0
0.0,0.0,6.0
0.0,0.0,7.0
0.0,0.0,12.0
0.0,0.0,7.0
0.0,0.0,4.0
0.0,0.0,4.0
0.0,0.0,4.0
0.0,0.0,4.0
0.0,0.0,4.0
0.0,0.0,6.0
0.0,0.0,1.0
0.0,0.0,6.0
0.0,0.0,12.0
0.0,0.0,11.0
0.0,0.0,12.0
0.0,0.0,11.0
0.0,0.0146111185010586,11.0
0.0,0.025242025825223,6.0
0.0,0.0145187347888863,4.0
0.0,0.0407419467599157,15.0
0.0,0.0253904259505783,7.0
0.0,0.0124196888228293,7.0
0.0,0.0124939137529106,6.0
0.0,0.0271879746632875,6.0
0.0,0.0178446370052012,12.0
0.0,0.0263886780625532,15.0
0.0,0.0134557883480791,12.0
0.0,0.0127751969505282,14.0
0.0,0.0332422664668064,10.0
0.0,0.0079936836989139,11.0
0.0,0.0139736761284046,15.0
0.0,0.0285806622955591,14.0
0.0,0.0207222989936574,15.0
0.0,0.0463203298688729,13.0
0.0,0.0078772835223041,13.0
0.0,0.0358927701817038,15.0
0.0,0.0185286218043345,15.0
0.0,0.0215890425888117,13.0
0.0,0.0197380733919153,11.0
0.0,0.0234546950229335,10.0
0.0,0.0113090088761269,11.0
0.0,0.0,14.0
0.0,0.0,12.0
0.0,0.0,15.0
0.0,0.0,13.0
0.0,0.0,13.0
0.0,0.0,15.0
0.0,0.0,13.0
0.0,0.0,10.0
0.0,0.0,14.0
0.0,0.0,14.0
0.0,0.0,14.0
0.0,0.0,15.0
0.0,0.0,11.0
0.0,0.0,11.0
0.0,0.0,13.0
9035.0,0.0236254096718667,12.0
10925.0,0.0148577044036151,9.0
33856.0,0.0142082522721664,15.0
41241.0,0.0226386222935682,10.0
46068.0,0.0143588240400868,12.0
24060.0,0.0313599684814631,15.0
9135.0,0.0161808079356818,14.0
0.0,0.0286553306058508,13.0
0.0,0.0359228908372907,14.0
11390.0,0.0179148149153022,14.0
17142.0,0.0427633024575758,11.0
14241.0,0.0329279983371583,11.0
0.0,0.0432597544664934,14.0
18158.0,0.0112789797492125,8.0
24358.0,0.020900845583683,11.0
29554.0,0.0378238228858393,12.0
17076.0,0.0303672654426083,13.0
23145.0,0.0182505803279579,11.0
24471.0,0.0178708604900477,12.0
20487.0,0.0329703411142624,12.0
45962.0,0.0308705259833645,12.0
39801.0,0.0414729249675347,14.0
25187.0,0.0233654471342168,12.0
18522.0,0.0181680188527011,12.0
28390.0,0.0193785841571018,11.0
28979.0,0.0392994198189458,8.0
39489.0,0.0029918277329027,12.0
24331.0,0.0328391912959148,13.0
26492.0,0.0199776767989274,13.0
29851.0,0.0226562373323738,15.0
65691.0,0.0264009205178861,11.0
55181.0,0.0104417920060082,14.0
39942.0,0.0296680741432486,13.0
54519.0,0.0245094477681024,13.0
48571.0,0.0050902237988883,9.0
20974.0,0.0288799664818514,8.0
8087.0,0.0246072638629415,5.0
9495.0,0.0286434700252553,3.0
18962.0,0.0174505107578206,10.0
39067.0,0.0244347240513493,14.0
22516.0,0.0270969186175172,10.0
1495.0,0.0171384804092007,7.0
11316.0,0.0210863829126084,7.0
6735.0,0.0121177137232794,10.0
5436.0,0.0239481450268276,4.0
15705.0,0.0243328254480832,3.0
4706.0,0.0315951714465962,7.0
9331.0,0.0318401782033348,10.0
19936.0,0.0233138790294604,5.0
22291.0,0.0143164328452861,4.0
17314.0,0.0032013540749575,7.0
401.0,0.0118446939700015,11.0
37309.0,0.0611649907050412,9.0
8682.0,0.0343171708531333,6.0
9677.0,0.0114452080036008,5.0
6120.0,0.0256129175527147,5.0
8555.0,0.0258201333528239,7.0
18336.0,0.0452216068380659,10.0
22912.0,0.015922450310591,9.0
8928.0,0.0520387660193008,11.0
14376.0,0.0470675859272554,8.0
9461.0,0.0319832219498877,14.0
18686.0,0.0187540310870644,11.0
9585.0,0.003413085879247,8.0
15280.0,0.0364718452675062,9.0
10799.0,0.0175087994362486,14.0
30584.0,0.0347408792691859,6.0
21457.0,0.0326959612869145,14.0
25567.0,0.0160547563308521,7.0
27478.0,0.0264723429300812,9.0
16369.0,0.036128859969599,11.0
19556.0,0.0269614098610459,5.0
26684.0,0.0309784278586428,6.0
22955.0,0.0164791270991747,8.0
23808.0,0.0269789727851651,2.0
3910.0,0.0242184618902268,9.0
11976.0,0.0297106119026565,4.0
15537.0,0.0089983068772519,6.0
7825.0,0.0205360717861661,10.0
3852.0,0.0006176504621859,6.0
6992.0,0.0144838836806051,12.0
2595.0,0.0425206993962129,7.0
0.0,0.032209602787014,5.0
0.0,0.0279250735643012,6.0
8291.0,0.016982732154055,10.0
2827.0,0.0276099603110129,8.0
9107.0,0.0159618116750927,10.0
2385.0,0.0141441137383449,3.0
900.0,0.0072201070059442,8.0
0.0,0.0223185231807003,10.0
0.0,0.0289297018580167,9.0
0.0,0.0138490525961076,6.0
0.0,0.0145743405856795,5.0
0.0,0.0221789085139123,5.0
0.0,0.0034049787245573,7.0
0.0,0.0150914196849664,8.0
0.0,0.0,9.0
0.0,0.0,9.0
0.0,0.0,5.0
0.0,0.0,7.0
0.0,0.0,11.0
0.0,0.0,11.0
0.0,0.0,5.0
0.0,0.0,9.0
0.0,0.0,6.0
0.0,0.0,14.0
0.0,0.0,4.0
0.0,0.0,5.0
0.0,0.0,7.0
0.0,0.0,8.0
0.0,0.0,6.0
0.0,0.0,3.0
0.0,0.0,7.0
0.0,0.0,6.0
0.0,0.0,4.0
0.0,0.0,7.0
0.0,0.0,5.0
0.0,0.0,8.0
0.0,0.0,13.0
0.0,0.0,9.0
0.0,0.0,13.0
0.0,0.0,13.0
0.0,0.0142301629155268,13.0
0.0,0.0182619783956615,2.0
0.0,0.0238756604376201,9.0
0.0,0.0069445643687667,11.0
0.0,0.0178684139526729,10.0
0.0,0.018353569813495,5.0
0.0,0.0321006068371396,7.0
0.0,0.0151265775960241,8.0
0.0,0.0025093765701649,13.0
0.0,0.012165193897088,11.0
0.0,0.0244943261106264,9.0
0.0,0.003873612088334,13.0
0.0,0.0206401625567287,13.0
0.0,0.0141361824544441,11.0
0.0,0.0348457874102254,13.0
0.0,0.0245159939124344,12.0
0.0,0.0110602475763903,14.0
0.0,0.006539107144362,12.0
0.0,0.0233278681029752,12.0
0.0,0.0220604017300603,11.0
0.0,0.0004156565534051,12.0
0.0,0.0204220684325616,14.0
0.0,0.0128956771704025,13.0
0.0,0.0389226412243544,12.0
0.0,0.0166204094996278,14.0
0.0,0.0,14.0
0.0,0.0,14.0
0.0,0.0,12.0
0.0,0.0,15.0
0.0,0.0,15.0
0.0,0.0,12.0
0.0,0.0,14.0
0.0,0.0,11.0
0.0,0.0,13.0
0.0,0.0,15.0
0.0,0.0,11.0
0.0,0.0,12.0
0.0,0.0,12.0
0.0,0.0,11.0
0.0,0.0,15.0
10555.0,0.002474932257094,10.0
11096.0,0.0337592872608949,12.0
32266.0,0.0217697052152666,12.0
37550.0,0.0180780062420415,8.0
61037.0,0.0298574258845636,15.0
35465.0,0.0213818159542205,15.0
3905.0,0.0062878215078095,12.0
15972.0,0.0378973072074526,14.0
9984.0,0.0287524032423668,13.0
5763.0,0.0323629945586276,14.0
9165.0,0.0309622257747066,11.0
837.0,0.0372643311042895,12.0
6770.0,0.0221344122507538,11.0
21499.0,0.037558246713292,9.0
24620.0,0.0250267341001512,10.0
25260.0,0.0287427360349345,12.0
12719.0,0.0305159165913612,14.0
754.0,0.038812596828867,12.0
40624.0,0.0299766206417464,9.0
2710.0,0.0330393586364602,15.0
26720.0,0.0527783511096029,10.0
37963.0,0.0294177930406419,8.0
11924.0,0.0331831212374514,12.0
20030.0,0.0386866407292917,15.0
30512.0,0.0353843708228135,10.0
34010.0,0.0169479975744909,12.0
46585.0,0.0075527764643261,12.0
39012.0,0.0179712133473065,6.0
26652.0,0.0277552196436803,12.0
30201.0,0.0349405464537445,14.0
49980.0,0.0322281758890884,11.0
64155.0,0.0356909514470794,11.0
56341.0,0.0246003169271903,15.0
58376.0,0.0264374823228612,12.0
45823.0,0.0343633790897453,11.0
14113.0,0.028705699986428,10.0
22083.0,0.0267122838641577,9.0
4548.0,0.0235599101860618,2.0
30056.0,0.0408758915933604,6.0
42118.0,0.0380885511394597,11.0
17937.0,0.0286778706191255,10.0
7098.0,0.0251239319630991,8.0
0.0,0.0297816174911995,8.0
13411.0,0.02386594681068,8.0
13054.0,0.0190160161982081,4.0
18428.0,0.0081583536740116,10.0
12186.0,0.0252703202733525,8.0
2826.0,0.0266531021362772,10.0
15888.0,0.0388756377125006,7.0
20668.0,0.0156755500030444,5.0
20741.0,0.0416611967262384,4.0
6833.0,0.0108556076986564,11.0
20025.0,0.0311867761350546,11.0
19623.0,0.042679602574635,4.0
19541.0,0.0120918487936773,9.0
1135.0,0.0387399801970199,8.0
34538.0,0.034497872844408,4.0
14139.0,0.013551803439313,11.0
27399.0,0.0387471359584617,5.0
10734.0,0.0114630439558323,7.0
19926.0,0.0130870313267277,12.0
8898.0,0.025496777950815,10.0
18600.0,0.0275995026738847,11.0
12044.0,0.0199916060583829,9.0
2973.0,0.0405661897237229,12.0
5797.0,0.0233081849767299,11.0
25411.0,0.0256479649815652,6.0
29666.0,0.0241195212490953,11.0
23092.0,0.0219056388944123,9.0
37321.0,0.0437493345604852,10.0
11401.0,0.0425396885258596,7.0
9454.0,0.0270945312336515,6.0
19057.0,0.035978982238267,8.0
13826.0,0.0202259731583907,5.0
18183.0,0.030509301968695,3.0
12894.0,0.0280781460693202,9.0
1301.0,0.025641220998306,4.0
10320.0,0.0077078994086932,11.0
9317.0,0.0177475209430616,10.0
7460.0,0.0115095409417399,9.0
15102.0,0.0178086469578768,7.0
3514.0,0.0261174754473225,8.0
4164.0,0.0107372632310607,6.0
439.0,0.0241981207949569,4.0
11053.0,0.0380798485883982,14.0
2927.0,0.0343462343360932,4.0
10702.0,0.0229597283761063,8.0
1402.0,0.0075601277304134,9.0
0.0,0.0169341298553997,5.0
0.0,0.0126469474702402,6.0
0.0,0.0268891168045794,8.0
0.0,0.0248660144972416,3.0
0.0,0.0412212494280918,8.0
0.0,0.0173321279427949,5.0
0.0,0.0088798533333139,7.0
0.0,0.0361321973639869,10.0
0.0,0.0,7.0
0.0,0.0,10.0
0.0,0.0,9.0
0.0,0.0,6.0
0.0,0.0,7.0
0.0,0.0,9.0
0.0,0.0,9.0
0.0,0.0,9.0
0.0,0.0,5.0
0.0,0.0,15.0
0.0,0.0,5.0
0.0,0.0,8.0
0.0,0.0,9.0
0.0,0.0,9.0
0.0,0.0,7.0
0.0,0.0,8.0
0.0,0.0,11.0
0.0,0.0,6.0
0.0,0.0,3.0
0.0,0.0,5.0
0.0,0.0,7.0
0.0,0.0,7.0
0.0,0.0,10.0
0.0,0.0,12.0
0.0,0.0,14.0
0.0,0.0,11.0
0.0,0.018203032686522,12.0
0.0,0.0155871381577428,6.0
0.0,0.0220341038667786,0.0
0.0,0.0147069668023878,11.0
0.0,0.0101891929797625,4.0
0.0,0.0166199430659175,8.0
0.0,0.0238416510502838,6.0
0.0,0.0275997612681809,7.0
0.0,0.031038662989354,11.0
0.0,0.028495466090309,12.0
0.0,0.0087625135350066,13.0
0.0,0.0345388179008673,15.0
0.0,0.0238275092848139,12.0
0.0,0.0194020020017059,13.0
0.0,0.0,15.0
0.0,0.0305614650294149,13.0
0.0,0.0246414458366846,13.0
0.0,0.0,15.0
0.0,0.0096997550767455,13.0
0.0,0.0174609438037802,14.0
0.0,0.0155403415365108,12.0
0.0,0.0209793900940461,14.0
0.0,0.0215768210593723,13.0
0.0,0.0,14.0
0.0,0.0109080810775931,9.0
0.0,0.0,15.0
0.0,0.0,14.0
0.0,0.0,14.0
0.0,0.0,13.0
0.0,0.0,14.0
0.0,0.0,13.0
0.0,0.0,10.0
0.0,0.0,9.0
0.0,0.0,15.0
0.0,0.0,11.0
0.0,0.0,13.0
0.0,0.0,10.0
0.0,0.0,10.0
0.0,0.0,12.0
0.0,0.0,13.0
13534.0,0.0073771504429563,13.0
0.0,0.0052785691568567,14.0
25617.0,0.0076052256354774,11.0
30394.0,0.0077392980414016,11.0
48337.0,0.0038839131880852,9.0
31142.0,0.0149897568264398,15.0
4863.0,0.0135805899070616,15.0
3553.0,0.0310194854177825,13.0
3101.0,0.0198706680551501,12.0
0.0,0.0299618760421456,12.0
7897.0,0.0453509420065997,14.0
10169.0,0.0533339204895533,15.0
17383.0,0.0335285406418132,13.0
23240.0,0.0397400575133051,11.0
12589.0,0.0330291029754662,7.0
29028.0,0.0343166973059866,11.0
12904.0,0.032904730058059,10.0
4243.0,0.0312790891206514,12.0
20266.0,0.0373947220998013,13.0
18953.0,0.0385569211795232,15.0
32684.0,0.038827332568157,13.0
36730.0,0.0364660064350513,10.0
16496.0,0.0319927076736528,14.0
31865.0,0.0237257757654757,11.0
32446.0,0.0173354590710748,10.0
36822.0,0.0224851649618533,10.0
44899.0,0.0255827856257626,13.0
28045.0,0.0415207829011994,4.0
27790.0,0.0293266725485766,13.0
29799.0,0.017382934991345,11.0
54436.0,0.0391965137241323,8.0
54634.0,0.0262677525281561,12.0
42868.0,0.0266815291443504,12.0
57799.0,0.0053004024262521,9.0
46259.0,0.0078832880849391,9.0
25060.0,0.0496922365978102,8.0
6913.0,0.0331592440081553,8.0
8310.0,0.0330367406604247,3.0
22798.0,0.0331031268003377,7.0
34810.0,0.018225753673093,11.0
25747.0,0.0419042562670525,10.0
21778.0,0.0158546723573689,7.0
8895.0,0.0405668435795342,9.0
11259.0,0.0216934023044206,10.0
8135.0,0.0051869833678874,4.0
21492.0,0.026313004638801,11.0
9027.0,0.0543012594210051,11.0
7647.0,0.0116285134350102,9.0
21910.0,0.0123727742812128,2.0
20160.0,0.0,5.0
22097.0,0.03385603133083,7.0
9409.0,0.0120646749515721,9.0
25316.0,0.0153580534702407,6.0
7237.0,0.0239043202463228,6.0
8042.0,0.0097072974729625,3.0
0.0,0.0266184961535815,7.0
32044.0,0.0226274175069003,6.0
0.0,0.0335532760693424,8.0
12533.0,0.0340209496152694,6.0
15890.0,0.0140061814428118,6.0
17257.0,0.0255013481357196,9.0
5956.0,0.012385224414387,5.0
22816.0,0.0305020794975522,13.0
10629.0,0.0119148476242396,9.0
11749.0,0.0366529872357094,10.0
13382.0,0.0450075523933614,13.0
13436.0,0.0302474904959606,5.0
35872.0,0.0216867906435555,8.0
20232.0,0.0448592646555061,8.0
24884.0,0.0260739594200982,8.0
4718.0,0.0469695085750603,9.0
14871.0,0.0266220581737125,8.0
24474.0,0.0061782647427483,7.0
5337.0,0.052326044648439,7.0
30377.0,0.0422026773855775,7.0
12583.0,0.0385692520111612,5.0
17369.0,0.0326923561524883,3.0
15404.0,0.0150378907746855,10.0
8812.0,0.0281955953977377,9.0
0.0,0.0250793091824371,11.0
4410.0,0.0274588317660133,9.0
5496.0,0.0209613476525421,7.0
0.0,0.0172605431697609,6.0
0.0,0.008811938205634,6.0
1581.0,0.0289411171905091,5.0
0.0,0.0106133403236988,6.0
0.0,0.0065975450264711,9.0
2992.0,0.0242086113276981,5.0
1020.0,0.018182948938031,4.0
0.0,0.008301352796465,4.0
0.0,0.0277608326929764,5.0
0.0,0.008605054952677,4.0
0.0,0.0208196121948035,5.0
0.0,0.0226703258070322,7.0
0.0,0.0138422352946579,8.0
0.0,0.0045124490625195,6.0
0.0,0.0,7.0
0.0,0.0,8.0
0.0,0.0,9.0
0.0,0.0,8.0
0.0,0.0,11.0
0.0,0.0,7.0
0.0,0.0,7.0
0.0,0.0,9.0
0.0,0.0,6.0
0.0,0.0,10.0
0.0,0.0,7.0
0.0,0.0,8.0
0.0,0.0,11.0
0.0,0.0,8.0
0.0,0.0,5.0
0.0,0.0,5.0
0.0,0.0,5.0
0.0,0.0,4.0
0.0,0.0,6.0
0.0,0.0,5.0
0.0,0.0,7.0
0.0,0.0,10.0
0.0,0.0,15.0
0.0,0.0,10.0
0.0,0.0,12.0
0.0,0.0,10.0
0.0,0.0278692932399499,8.0
0.0,0.0274138306795959,5.0
0.0,0.0085306672465349,8.0
0.0,0.0083908532339456,8.0
0.0,0.0222699597841225,9.0
0.0,0.0130112641441964,6.0
0.0,0.0281790114152885,5.0
0.0,0.0261177888063925,6.0
0.0,0.0238640370488662,15.0
0.0,0.019109841215962,15.0
0.0,0.0069997666356545,12.0
0.0,0.0377759878552397,9.0
0.0,0.0363182644230112,13.0
0.0,0.0008093312876717,12.0
0.0,0.0264109122526209,15.0
0.0,0.0220756496892021,14.0
0.0,0.0266287294098855,13.0
0.0,0.0145539314932138,12.0
0.0,0.0155686265962543,12.0
0.0,0.0275220097927956,10.0
0.0,0.0092255497768475,15.0
0.0,0.0359803441139466,12.0
0.0,0.0135716891033267,10.0
0.0,0.0106357052167757,15.0
0.0,0.0176437968507015,10.0
0.0,0.0,9.0
0.0,0.0,11.0
0.0,0.0,10.0
0.0,0.0,14.0
0.0,0.0,12.0
0.0,0.0,13.0
0.0,0.0,15.0
0.0,0.0,10.0
0.0,0.0,15.0
0.0,0.0,11.0
0.0,0.0,12.0
0.0,0.0,13.0
0.0,0.0,13.0
0.0,0.0,14.0
0.0,0.0,10.0
14711.0,0.0254418171064666,15.0
7709.0,0.0134042186399054,12.0
17495.0,0.0269314481928444,13.0
33835.0,0.0346293594169047,15.0
60669.0,0.0042562485631876,14.0
32298.0,0.0190508259292338,11.0
10890.0,0.022275579799109,10.0
0.0,0.031407954652319,9.0
7221.0,0.0284864221629186,13.0
4013.0,0.0237528169702977,11.0
18505.0,0.037670234239541,12.0
3287.0,0.0123582686287549,12.0
0.0,0.037671319479218,13.0
26803.0,0.0386300708876186,13.0
12479.0,0.0174665528531462,9.0
13814.0,0.0228233439043787,8.0
18627.0,0.0264484469862953,14.0
16464.0,0.0584982684038915,13.0
33325.0,0.0221687440762963,14.0
17300.0,0.0283105223090963,10.0
25226.0,0.014401208245843,13.0
30424.0,0.0367480428438585,12.0
18472.0,0.0318764238567406,12.0
19276.0,0.0255350403678078,13.0
33812.0,0.0198378786408507,10.0
17240.0,0.0168343071312628,9.0
49492.0,0.0270813931967951,8.0
18611.0,0.0144199833966596,14.0
31164.0,0.0247163513478249,13.0
23599.0,0.0331032614077846,14.0
55037.0,0.0125509180386441,12.0
49278.0,0.0319152337626616,14.0
56555.0,0.0248973517097496,14.0
52654.0,0.0328207142974089,10.0
48987.0,0.0084680590785371,9.0
31347.0,0.0170431833251086,7.0
11422.0,0.0089627341754762,9.0
12031.0,0.0,7.0
21619.0,0.0334558114150827,12.0
38443.0,0.0,11.0
24627.0,0.02282821886888,6.0
10400.0,0.0233554481442172,9.0
10265.0,0.0105308002491509,7.0
15529.0,0.011625930882968,9.0
8013.0,0.0196879213162187,5.0
25566.0,0.0228451489453396,7.0
8671.0,0.0344483832525569,8.0
1877.0,0.0035475909755223,8.0
2929.0,0.0146201050229017,5.0
27996.0,0.0195786671638631,4.0
28964.0,0.0211390508616326,9.0
1162.0,0.0372834204660001,10.0
28472.0,0.0235483163881145,8.0
463.0,0.0124976927178655,6.0
16924.0,0.0325680624024187,4.0
12997.0,0.0184166050177105,4.0
19069.0,0.0409555097467635,5.0
20148.0,0.0266968332147113,6.0
18615.0,0.0332490673662791,7.0
10686.0,0.0383221550513187,9.0
1542.0,0.0273016272075846,3.0
25644.0,0.0247776932597127,8.0
21970.0,0.0256211217331425,10.0
13268.0,0.0164088905805311,10.0
0.0,0.0108931541909848,13.0
7723.0,0.029747095895729,15.0
24430.0,0.0,10.0
32965.0,0.0293042986682524,12.0
15790.0,0.0455275651804547,10.0
19493.0,0.0366773797786527,9.0
26835.0,0.0185000906723401,7.0
21819.0,0.0386958034651763,8.0
7900.0,0.0280327343715087,5.0
9629.0,0.0089634779025848,6.0
22644.0,0.0396838869796483,4.0
13021.0,0.0116547092308068,7.0
15052.0,0.0138253602744188,6.0
193.0,0.0086005258719732,9.0
8907.0,0.040259535645077,10.0
4618.0,0.0146383427519428,7.0
6712.0,0.0152600156392046,13.0
7602.0,0.0126220430641595,8.0
3843.0,0.0318102177634221,4.0
14090.0,0.026624069957026,9.0
0.0,0.0318517072652763,6.0
2782.0,0.0233440314368869,10.0
149.0,0.0281415590201839,7.0
0.0,0.0410106770854474,4.0
8537.0,0.0177181873287656,6.0
0.0,0.0096237421099952,8.0
0.0,0.0170062283518715,4.0
0.0,0.0294699460447929,2.0
0.0,0.015518245507584,4.0
0.0,0.0087303819640734,5.0
0.0,0.0033542629651711,4.0
0.0,0.0075520631170267,7.0
0.0,0.0,6.0
0.0,0.0,9.0
0.0,0.0,10.0
0.0,0.0,4.0
0.0,0.0,9.0
0.0,0.0,7.0
0.0,0.0,7.0
0.0,0.0,11.0
0.0,0.0,8.0
0.0,0.0,14.0
0.0,0.0,8.0
0.0,0.0,9.0
0.0,0.0,8.0
0.0,0.0,7.0
0.0,0.0,5.0
0.0,0.0,6.0
0.0,0.0,6.0
0.0,0.0,1.0
0.0,0.0,8.0
0.0,0.0,6.0
0.0,0.0,4.0
0.0,0.0,6.0
0.0,0.0,12.0
0.0,0.0,9.0
0.0,0.0,13.0
0.0,0.0,14.0
0.0,0.0014605427054529,12.0
0.0,0.0040103313026051,4.0
0.0,0.0222852614446741,3.0
0.0,0.0151471517589764,9.0
0.0,0.0115916902714066,9.0
0.0,0.0189886797538058,6.0
0.0,0.0,6.0
0.0,0.0140431095955797,3.0
0.0,0.0229020528159352,15.0
0.0,0.0073630087617624,13.0
0.0,0.023562837891182,13.0
0.0,0.0041390605044152,8.0
0.0,0.014429041239032,12.0
0.0,0.0178628747699296,14.0
0.0,0.0500283837157074,11.0
0.0,0.0126368066146091,10.0
0.0,0.0313589620762102,15.0
0.0,0.0167564650681945,11.0
0.0,0.0170303886449901,15.0
0.0,0.0036305204310499,15.0
0.0,0.0088889331949874,15.0
0.0,0.0229742424571789,15.0
0.0,0.0,13.0
0.0,0.0245993882761485,13.0
0.0,0.0278253184092291,13.0
0.0,0.0,15.0
0.0,0.0,13.0
0.0,0.0,13.0
0.0,0.0,13.0
0.0,0.0,12.0
0.0,0.0,13.0
0.0,0.0,10.0
0.0,0.0,15.0
0.0,0.0,15.0
0.0,0.0,15.0
0.0,0.0,14.0
0.0,0.0,11.0
0.0,0.0,12.0
0.0,0.0,10.0
0.0,0.0,13.0
24446.0,0.0147455591053135,10.0
13949.0,0.032361302228558,15.0
24548.0,0.0211344938074162,15.0
53648.0,0.0126548118282776,15.0
55653.0,0.001907414988646,15.0
32374.0,0.0175419350211006,11.0
6100.0,0.0080061872460457,12.0
1768.0,0.0208078496999856,12.0
11495.0,0.0521506506070141,10.0
11529.0,0.0308726641092293,12.0
16391.0,0.0291740832948124,9.0
1872.0,0.0366028655559574,14.0
16496.0,0.0261524830482458,15.0
13320.0,0.0316294903304479,5.0
24442.0,0.0330954220275676,10.0
31496.0,0.0319358741374989,10.0
21734.0,0.0362234944146618,11.0
15101.0,0.0228469715108412,12.0
38030.0,0.019730545286294,14.0
18095.0,0.0297425698296744,11.0
24890.0,0.0332112152737189,12.0
31578.0,0.0342501798493687,12.0
27757.0,0.0330784749776617,11.0
23410.0,0.0285581622112472,13.0
15387.0,0.026307646763942,11.0
22573.0,0.0121264725394205,10.0
45427.0,0.023860183976057,12.0
38996.0,0.0342038366510897,14.0
26416.0,0.0083978930267941,10.0
38759.0,0.041042014446245,9.0
55698.0,0.0221165180929749,11.0
55298.0,0.0021576831863774,12.0
45513.0,0.0279139252809627,12.0
41272.0,0.0273432867084349,9.0
43671.0,0.026257729258793,6.0
17777.0,0.0299040973447773,6.0
7292.0,0.0246476315968779,9.0
943.0,0.0402079762611369,6.0
22107.0,0.043969561336983,8.0
34554.0,0.0345099295228732,11.0
10724.0,0.0263888258872781,6.0
7289.0,0.014728321456346,5.0
12256.0,0.0157162247889026,8.0
14320.0,0.0283032342966014,7.0
16342.0,0.0334005522395059,6.0
15530.0,0.0525944405810162,6.0
21777.0,0.0090503585443137,7.0
2997.0,0.013493599578797,11.0
21428.0,0.0320407275124415,5.0
26698.0,0.0073626138853408,7.0
22900.0,0.0225558547598231,6.0
10391.0,0.032448727803839,9.0
19637.0,0.0281469245313322,9.0
19545.0,0.0199250944082415,2.0
20404.0,0.0272599522009102,5.0
6201.0,0.0402501199844389,7.0
24038.0,0.0323562845071516,3.0
12372.0,0.0088304729807594,8.0
13690.0,0.0296123254200827,11.0
17976.0,0.0098371759432583,6.0
10114.0,0.0199902653494041,8.0
16141.0,0.0214819043843327,12.0
0.0,0.0189069820510152,9.0
12584.0,0.031965311780856,12.0
8654.0,0.0589348971556163,10.0
14002.0,0.0018322285463906,14.0
29371.0,0.0134375771543702,7.0
26108.0,0.0281664455694013,9.0
25252.0,0.0596386635371064,7.0
27910.0,0.0281642803875586,5.0
8172.0,0.0350822661350853,9.0
19537.0,0.0297699173690728,4.0
9610.0,0.0150833312356106,7.0
19034.0,0.0318383801427892,4.0
27858.0,0.0465415642701405,4.0
15621.0,0.016756869374918,12.0
12458.0,0.0142187085920534,5.0
2142.0,0.0222314819537792,8.0
2742.0,0.035850644126632,10.0
17211.0,0.0335539949646108,7.0
3679.0,0.016348055089821,12.0
9127.0,0.0229787252439957,9.0
7732.0,0.0105692890948693,7.0
0.0,0.0339727993928208,2.0
8377.0,0.0384351949321888,7.0
5397.0,0.0186784217782794,5.0
3519.0,0.0053201510604191,8.0
9522.0,0.0211564770411928,8.0
1933.0,0.0321895894905812,5.0
0.0,0.004711882613565,9.0
0.0,0.0225027214504349,6.0
0.0,0.0388013906021951,7.0
0.0,0.0183630627035324,8.0
0.0,0.0315613811724612,8.0
0.0,0.0,8.0
0.0,0.0111646263654425,7.0
0.0,0.0,13.0
0.0,0.0,7.0
0.0,0.0,6.0
0.0,0.0,9.0
0.0,0.0,8.0
0.0,0.0,6.0
0.0,0.0,9.0
0.0,0.0,8.0
0.0,0.0,6.0
0.0,0.0,11.0
0.0,0.0,6.0
0.0,0.0,6.0
0.0,0.0,13.0
0.0,0.0,9.0
0.0,0.0,4.0
0.0,0.0,5.0
0.0,0.0,4.0
0.0,0.0,6.0
0.0,0.0,3.0
0.0,0.0,7.0
0.0,0.0,7.0
0.0,0.0,7.0
0.0,0.0,11.0
0.0,0.0,12.0
0.0,0.0,12.0
0.0,0.0,10.0
0.0,0.0251608829713134,11.0
0.0,0.0163524770537242,7.0
0.0,0.0206372614348413,4.0
0.0,0.0085882071601092,8.0
0.0,0.0,13.0
0.0,0.0178819023862432,11.0
0.0,0.0285632241475337,5.0
0.0,0.0107305702913665,10.0
0.0,0.0200351614094438,11.0
0.0,0.0008579371113515,13.0
0.0,0.0298974171479772,15.0
0.0,0.0175483905568787,14.0
0.0,0.0168653009347169,13.0
0.0,0.0085782298588135,15.0
0.0,0.0287708077151306,15.0
0.0,0.0089713591189745,12.0
0.0,0.0086356568687259,15.0
0.0,0.0091033511832242,15.0
0.0,0.0076172430326882,14.0
0.0,0.0214247566439859,12.0
0.0,0.0,12.0
0.0,0.0237416674191752,15.0
0.0,0.0118859586927362,14.0
0.0,0.0212563125778386,15.0
0.0,0.0099026631435723,12.0
0.0,0.0,15.0
0.0,0.0,15.0
0.0,0.0,14.0
0.0,0.0,15.0
0.0,0.0,12.0
0.0,0.0,13.0
0.0,0.0,15.0
0.0,0.0,13.0
0.0,0.0,14.0
0.0,0.0,13.0
0.0,0.0,15.0
0.0,0.0,15.0
0.0,0.0,10.0
0.0,0.0,13.0
0.0,0.0,12.0
14173.0,0.0179110484045703,13.0
5395.0,0.0017324464035191,13.0
38759.0,0.0109338629531446,13.0
35810.0,0.0233981935277333,13.0
44152.0,0.0,15.0
33635.0,0.0316861645241322,15.0
14671.0,0.0041312804365644,14.0
2165.0,0.0341608088696338,10.0
15924.0,0.0333092668321786,10.0
8571.0,0.0248950482779849,13.0
9560.0,0.0221603413271613,13.0
20592.0,0.0378445553888912,10.0
10698.0,0.0319021815004643,11.0
9018.0,0.0417934105126684,8.0
11472.0,0.0457734896279996,9.0
31314.0,0.0402980544501731,8.0
28542.0,0.0357703754614432,13.0
8837.0,0.0304820468784566,13.0
17283.0,0.0327370364367223,12.0
12033.0,0.0368552639319729,12.0
34720.0,0.0368998140490573,12.0
31237.0,0.0284716589697456,15.0
20911.0,0.0434062649096653,10.0
15555.0,0.0396411649094908,12.0
27514.0,0.0539604406062338,11.0
36827.0,0.0471160791770608,11.0
49499.0,0.0195044424777347,13.0
26506.0,0.0199463016089153,13.0
29255.0,0.0364881894063423,8.0
33416.0,0.0218335334340856,14.0
42572.0,0.0373949160539767,13.0
62255.0,0.0352370655438516,11.0
47932.0,0.033566917542718,11.0
53972.0,0.0355774465159061,11.0
47561.0,0.0364649743464899,3.0
4736.0,0.0201856092685027,12.0
12190.0,0.021373315551282,6.0
3014.0,0.0344110562955557,3.0
16024.0,0.0216468675730008,12.0
33740.0,0.0473939226177845,7.0
16716.0,0.021120754751009,7.0
0.0,0.0249167590172863,7.0
10148.0,0.0303127227386704,7.0
10995.0,0.0252885812094839,7.0
11928.0,0.0043783934347404,8.0
24950.0,0.0235343935303022,10.0
11595.0,0.0308267304785323,8.0
7408.0,0.0213589978236869,10.0
9967.0,0.0262689916077776,2.0
19954.0,0.0299302235465713,9.0
28914.0,0.0230063422270328,8.0
1827.0,0.0555305724361388,11.0
19264.0,0.0419270791153047,10.0
13516.0,0.0262909729830281,7.0
18089.0,0.0331286925068459,5.0
7763.0,0.0221967707146421,7.0
32145.0,0.0253959401954358,6.0
8568.0,0.0222256856116756,6.0
16327.0,0.021683910758174,9.0
22241.0,0.0120372491915298,8.0
17757.0,0.0285525939350926,7.0
3722.0,0.0079419417349655,9.0
21542.0,0.0568857777090261,10.0
23209.0,0.0154082043924397,12.0
0.0,0.025244048085284,11.0
4225.0,0.0616676956097464,15.0
24092.0,0.0236328219165323,4.0
17210.0,0.0231006523943959,12.0
15791.0,0.0205528300636094,7.0
35062.0,0.0077579453149302,9.0
20117.0,0.0391383371767328,7.0
7834.0,0.0232038004854887,8.0
17803.0,0.0314211522115912,10.0
4491.0,0.0198932215805208,4.0
19460.0,0.0295332535206189,4.0
23155.0,0.0303525004246336,11.0
732.0,0.0267690992000125,2.0
17096.0,0.0348863476394544,11.0
0.0,0.0349931511500859,10.0
0.0,0.0182861977825245,10.0
3919.0,0.0231381211740857,7.0
946.0,0.0204030252217921,9.0
0.0,0.033176791762136,4.0
0.0,0.0175108450131813,3.0
7355.0,0.0157616658187679,7.0
5881.0,0.0009938209629887,8.0
11142.0,0.0087572510352759,11.0
5319.0,0.0,7.0
0.0,0.0239487786934214,7.0
0.0,0.0261773601578984,7.0
0.0,0.0107386433145678,3.0
0.0,0.0008529651387603,4.0
0.0,0.0304687243523697,6.0
0.0,0.0121595021562846,11.0
0.0,0.0,8.0
0.0,0.0152168643975016,3.0
0.0,0.0,12.0
0.0,0.0,10.0
0.0,0.0,9.0
0.0,0.0,5.0
0.0,0.0,8.0
0.0,0.0,11.0
0.0,0.0,6.0
0.0,0.0,12.0
0.0,0.0,6.0
0.0,0.0,12.0
0.0,0.0,6.0
0.0,0.0,9.0
0.0,0.0,6.0
0.0,0.0,9.0
0.0,0.0,3.0
0.0,0.0,7.0
0.0,0.0,6.0
0.0,0.0,6.0
0.0,0.0,6.0
0.0,0.0,8.0
0.0,0.0,4.0
0.0,0.0,6.0
0.0,0.0,10.0
0.0,0.0,10.0
0.0,0.0,14.0
0.0,0.0,11.0
0.0,0.0249382027282576,10.0
0.0,0.0183177935500796,7.0
0.0,0.0210659240130259,4.0
0.0,0.0270473535847825,11.0
0.0,0.0322295485906959,8.0
0.0,0.0143899516455236,7.0
0.0,0.0313849217353478,7.0
0.0,0.0103446099207666,6.0
0.0,0.0181716730387758,11.0
0.0,0.0192627419428117,14.0
0.0,0.0193949743986129,14.0
0.0,0.0327963481902584,14.0
0.0,0.0149911432788875,15.0
0.0,0.0274572033586121,9.0
0.0,0.0141147250254594,15.0
0.0,0.0209676453933722,15.0
0.0,0.0050289904074155,14.0
0.0,0.0222998299725383,13.0
0.0,0.0131005355500443,15.0
0.0,0.0157980554804798,15.0
0.0,0.0111787337806309,13.0
0.0,0.0042711969158649,13.0
0.0,0.0182509309487365,12.0
0.0,0.0313785036585126,13.0
0.0,0.0,11.0
0.0,0.0,11.0
0.0,0.0,12.0
0.0,0.0,11.0
0.0,0.0,15.0
0.0,0.0,15.0
0.0,0.0,12.0
0.0,0.0,10.0
0.0,0.0,15.0
0.0,0.0,15.0
0.0,0.0,15.0
0.0,0.0,9.0
0.0,0.0,14.0
0.0,0.0,12.0
0.0,0.0,12.0
0.0,0.0,15.0
20251.0,0.0108294181484296,12.0
5716.0,0.0257225047261149,13.0
22716.0,0.0293797975322423,10.0
30641.0,0.0261090644549952,12.0
45208.0,0.0210521996416537,14.0
27965.0,0.0366611075504903,14.0
8572.0,0.024476054064862,12.0
4141.0,0.0295592740128409,15.0
2432.0,0.0470847063172583,15.0
8414.0,0.0284606515275322,11.0
9065.0,0.0130882723357325,13.0
5504.0,0.026360131820967,14.0
850.0,0.0440364314221932,14.0
17888.0,0.01075404868711,9.0
20979.0,0.0436649937684701,9.0
24298.0,0.0349515645751258,9.0
22808.0,0.0344143623746229,11.0
19513.0,0.0327733779792812,11.0
21860.0,0.0402908734316781,12.0
10055.0,0.0308125060641751,13.0
32475.0,0.0310518928911009,11.0
31077.0,0.0205204921065563,15.0
23410.0,0.0410891349112455,13.0
13912.0,0.0333832949090012,12.0
24668.0,0.0341895589350629,9.0
33680.0,0.030746119144668,11.0
41568.0,0.0318301639488885,9.0
28404.0,0.0337813744538066,10.0
20734.0,0.035876301472005,15.0
33187.0,0.0323437011369275,12.0
56147.0,0.031228194432926,14.0
52625.0,0.0288824172196083,12.0
43520.0,0.044280620747555,15.0
56665.0,0.0232901754940197,10.0
48524.0,0.0099206860299751,9.0
25272.0,0.0289157763675887,9.0
13699.0,0.0246808533764024,7.0
12982.0,0.0418680459129084,5.0
30453.0,0.0328281972631782,12.0
27268.0,0.0272658628795615,12.0
21652.0,0.0231123065496192,8.0
7125.0,0.0279496053062924,10.0
13598.0,0.020253138048407,6.0
13133.0,0.0355593730744373,5.0
10403.0,0.0246484239797944,8.0
32193.0,0.0264320513281554,9.0
2219.0,0.0350569038721079,8.0
6030.0,0.0524068805196219,9.0
6709.0,0.0176676763311129,5.0
25582.0,0.0430676959815541,7.0
27803.0,0.0238781545458331,8.0
11410.0,0.0460805972825668,8.0
24662.0,0.0430608472073358,6.0
16245.0,0.0200021361321135,3.0
26914.0,0.0243470899210832,6.0
5634.0,0.0247142471503925,8.0
36145.0,0.015987055297324,5.0
10347.0,0.0142043199944512,8.0
8370.0,0.0212183592433403,5.0
20923.0,0.0367485511204039,7.0
18508.0,0.038796646723717,9.0
3483.0,0.0161904727970352,12.0
6239.0,0.0296677283288933,13.0
13060.0,0.0340164470392457,9.0
3934.0,0.023460304924146,12.0
12345.0,0.0235916805532547,12.0
16081.0,0.0186699533149949,3.0
24315.0,0.0273455551464128,8.0
23500.0,0.0291512539967073,7.0
29383.0,0.0145822651836803,8.0
22556.0,0.023523025932676,7.0
7334.0,0.0114694694917227,7.0
34622.0,0.036899946592547,12.0
14144.0,0.0297407352184734,9.0
25851.0,0.0179339265419685,3.0
0.0,0.0296484511151902,9.0
9079.0,0.0297032724099979,4.0
3240.0,0.0346872705150209,9.0
0.0,0.0211911526104488,13.0
0.0,0.0,12.0
4884.0,0.0269373220109557,12.0
0.0,0.0301404161150116,9.0
4147.0,0.0284632924733223,4.0
5572.0,0.0286191995603327,5.0
9537.0,0.0137650257384263,7.0
2311.0,0.0209890269055936,9.0
49.0,0.0,10.0
0.0,0.0230072955248483,5.0
1040.0,0.0320031158743535,7.0
0.0,0.027399696267512,4.0
0.0,0.0157557513792907,8.0
0.0,0.0198148180843776,6.0
0.0,0.017797311379158,7.0
0.0,0.025162655914255,7.0
0.0,0.0109014557287478,6.0
0.0,0.0232183793189205,6.0
0.0,0.0,9.0
0.0,0.0,6.0
0.0,0.0,9.0
0.0,0.0,10.0
0.0,0.0,12.0
0.0,0.0,10.0
0.0,0.0,4.0
0.0,0.0,12.0
0.0,0.0,7.0
0.0,0.0,15.0
0.0,0.0,3.0
0.0,0.0,7.0
0.0,0.0,8.0
0.0,0.0,9.0
0.0,0.0,7.0
0.0,0.0,3.0
0.0,0.0,9.0
0.0,0.0,0.0
0.0,0.0,3.0
0.0,0.0,10.0
0.0,0.0,1.0
0.0,0.0,8.0
0.0,0.0,10.0
0.0,0.0,10.0
0.0,0.0,10.0
0.0,0.0,15.0
0.0,0.0164082490304019,10.0
0.0,0.0007109689291884,6.0
0.0,0.0188962514241016,6.0
0.0,0.0096330706418203,14.0
0.0,0.0100690506070227,11.0
0.0,0.0290350971676858,2.0
0.0,0.0222597457337871,5.0
0.0,0.0,6.0
0.0,0.0175453510920497,14.0
0.0,0.0037210383058595,13.0
0.0,0.0302695292815413,14.0
0.0,0.0213140807154056,12.0
0.0,0.0220525557317738,13.0
0.0,0.0172225922245386,10.0
0.0,0.011391971418966,14.0
0.0,0.0,14.0
0.0,0.0198989313933071,14.0
0.0,0.0225590215096309,13.0
0.0,0.0267528333508646,14.0
0.0,0.024086914010254,13.0
0.0,0.017311361860756,15.0
0.0,0.0013366835741075,12.0
0.0,0.0,11.0
0.0,0.0102628569417043,15.0
0.0,0.0315190419722816,15.0
0.0,0.0,12.0
0.0,0.0,13.0
0.0,0.0,15.0
0.0,0.0,15.0
0.0,0.0,10.0
0.0,0.0,13.0
0.0,0.0,13.0
0.0,0.0,14.0
0.0,0.0,13.0
0.0,0.0,12.0
0.0,0.0,14.0
0.0,0.0,14.0
0.0,0.0,12.0
0.0,0.0,13.0
0.0,0.0,14.0
16248.0,0.0213861363709978,10.0
7184.0,0.0150609440342159,15.0
31023.0,0.0162292568384721,15.0
40003.0,0.0217637489105467,11.0
60993.0,0.015550345179165,15.0
37580.0,0.0033481755937052,15.0
10914.0,0.0348736236710091,15.0
20160.0,0.0183479474686389,10.0
7838.0,0.0287474437853036,14.0
1278.0,0.022696396665047,11.0
0.0,0.0257870475038806,11.0
3771.0,0.0294792121368537,13.0
4520.0,0.0255344008447465,11.0
21098.0,0.0303794436627797,3.0
17271.0,0.0353055316146377,9.0
18081.0,0.037576422984496,10.0
13173.0,0.0116972330951762,11.0
16396.0,0.0354659210767499,12.0
34397.0,0.0275064893924054,14.0
24260.0,0.0224819126264312,14.0
36770.0,0.0474961206506623,15.0
35889.0,0.0383387502521756,12.0
24639.0,0.035530960042259,10.0
24358.0,0.0425026625264327,13.0
30443.0,0.0182450967121234,13.0
29832.0,0.0259208127700634,14.0
36703.0,0.0237136720235223,11.0
27314.0,0.0234087599038935,10.0
34184.0,0.0366677526174116,11.0
24488.0,0.0122040173558029,15.0
55113.0,0.0166234448240056,8.0
54233.0,0.0174608401823826,10.0
46241.0,0.0321030183944292,14.0
48686.0,0.0310851172768899,11.0
45697.0,0.0247471614307712,7.0
19728.0,0.0276632849990918,10.0
30566.0,0.0114326231610435,7.0
0.0,0.0427721444482965,3.0
30517.0,0.0168037196508328,8.0
27537.0,0.0291442519546884,8.0
18515.0,0.0113327518476025,9.0
13007.0,0.020394070203274,4.0
7940.0,0.0181984142096895,9.0
7473.0,0.0162658887818693,11.0
11889.0,0.018911346334469,5.0
8405.0,0.0121728795289323,9.0
14582.0,0.0235807972587027,8.0
10728.0,0.0190026382250091,7.0
10582.0,0.0242057035523055,9.0
17707.0,0.0,6.0
26724.0,0.0475069399601304,6.0
6166.0,0.0222204055895395,13.0
32419.0,0.0101756104435554,7.0
10417.0,0.0226782290068927,4.0
15649.0,0.0282579254999955,6.0
9109.0,0.0,7.0
15864.0,0.0261874855924466,6.0
21374.0,0.0231413285129604,7.0
9365.0,0.0407252428068243,5.0
10286.0,0.008140636358034,7.0
12692.0,0.0161472061164024,7.0
5905.0,0.0237475570292957,12.0
19463.0,0.0237463338794617,10.0
8034.0,0.0290774073567466,15.0
10629.0,0.0440140450582743,11.0
5362.0,0.0327881277050949,13.0
27054.0,0.0430456085553855,3.0
16546.0,0.0299725499829985,11.0
24783.0,0.0290825035784816,6.0
20774.0,0.0340747603496033,7.0
20517.0,0.0350755792871357,11.0
20568.0,0.0130752068845381,7.0
13571.0,0.0301571362055771,6.0
722.0,0.029759820667016,6.0
21311.0,0.0141782836083139,4.0
17358.0,0.002654347396851,9.0
4519.0,0.0385741140897174,8.0
9856.0,0.028699392976195,11.0
0.0,0.0286294243259135,9.0
5912.0,0.0090847982906427,9.0
0.0,0.0258258744225591,8.0
9946.0,0.039279280362418,10.0
8831.0,0.0120969489246568,3.0
1812.0,0.0240113998757917,8.0
6757.0,0.0267228551510991,6.0
0.0,0.0314903454978326,7.0
0.0,0.0128899392821244,7.0
0.0,0.0192075395842778,6.0
0.0,0.0189577864036531,6.0
0.0,0.0292463659091976,3.0
0.0,0.0077015594357581,6.0
0.0,0.0156856157465115,6.0
0.0,0.0222486375957133,8.0
0.0,0.022924073996257,5.0
0.0,0.0199018861206268,9.0
0.0,0.0188088225166802,3.0
0.0,0.0,12.0
0.0,0.0,10.0
0.0,0.0,6.0
0.0,0.0,11.0
0.0,0.0,7.0
0.0,0.0,13.0
0.0,0.0,5.0
0.0,0.0,9.0
0.0,0.0,4.0
0.0,0.0,15.0
0.0,0.0,7.0
0.0,0.0,9.0
0.0,0.0,11.0
0.0,0.0,7.0
0.0,0.0,4.0
0.0,0.0,3.0
0.0,0.0,4.0
0.0,0.0,2.0
0.0,0.0,6.0
0.0,0.0,9.0
0.0,0.0,3.0
0.0,0.0,5.0
0.0,0.0,12.0
0.0,0.0,11.0
0.0,0.0,12.0
0.0,0.0,11.0
0.0,0.0391250827489919,11.0
0.0,0.0034012215979377,8.0
0.0,0.0539425372091973,6.0
0.0,0.0191629594332671,7.0
0.0,0.0190204259389775,8.0
0.0,0.0280952680925266,4.0
0.0,0.0065020126334707,7.0
0.0,0.0082920527490663,6.0
0.0,0.0163236855395029,15.0
0.0,0.0391513810871663,15.0
0.0,0.0086739777573414,14.0
0.0,0.0224660316156342,12.0
0.0,0.0337982878538704,13.0
0.0,0.0214489086850775,14.0
0.0,0.0310041021894509,15.0
0.0,0.0140185423130795,14.0
0.0,0.0076344127313491,9.0
0.0,0.0072389388655697,14.0
0.0,0.0122949981534057,11.0
0.0,0.0098036681739561,11.0
0.0,0.0385104885693418,14.0
0.0,0.010010442874184,12.0
0.0,0.0200966456221693,12.0
0.0,0.0154445701314013,11.0
0.0,0.0009976082781323,14.0
0.0,0.0,13.0
0.0,0.0,14.0
0.0,0.0,13.0
0.0,0.0,10.0
0.0,0.0,12.0
0.0,0.0,14.0
0.0,0.0,12.0
0.0,0.0,14.0
0.0,0.0,12.0
0.0,0.0,11.0
0.0,0.0,13.0
0.0,0.0,13.0
0.0,0.0,12.0
0.0,0.0,11.0
0.0,0.0,13.0
15961.0,0.0374231704486599,15.0
13244.0,0.0,13.0
35413.0,0.0236643779845278,11.0
43301.0,0.0237009274159457,15.0
58150.0,0.0136622912146492,13.0
34162.0,0.0170234449925171,10.0
9748.0,0.0231723588547662,13.0
10218.0,0.0276638538070358,14.0
0.0,0.0353825055102977,13.0
12438.0,0.0329674982299359,13.0
25442.0,0.0365548292916563,14.0
6568.0,0.0268440552060432,14.0
10911.0,0.0310820409960211,15.0
18953.0,0.0428321878521952,6.0
13403.0,0.0319223849184515,10.0
17760.0,0.0419202511222661,7.0
19966.0,0.0204704201715694,11.0
7593.0,0.0117962360516669,13.0
33171.0,0.029829203973218,13.0
18297.0,0.025899868931402,13.0
37891.0,0.0464131957854242,11.0
22234.0,0.0405893896408032,12.0
22038.0,0.0471548333052799,15.0
18775.0,0.0474078777558755,11.0
11513.0,0.0542000582045685,10.0
30922.0,0.0294326853726871,9.0
46608.0,0.021236104019713,12.0
28344.0,0.0245167164565795,10.0
31153.0,0.0425920273864348,13.0
26996.0,0.0352334902597395,14.0
52215.0,0.0081859864555985,15.0
47097.0,0.0338826154532483,10.0
37710.0,0.0260520141978883,12.0
56948.0,0.0113339907951332,10.0
38388.0,0.0236245316860582,9.0
9806.0,0.0207112234471287,9.0
14670.0,0.0068025987655536,7.0
5356.0,0.0035979676640392,3.0
26229.0,0.0105077634812227,10.0
36681.0,0.0104891290948917,12.0
25084.0,0.0163469703112763,8.0
8894.0,0.0146434368592943,8.0
6693.0,0.0109848913804299,7.0
7672.0,0.0123791276347632,10.0
15400.0,0.0137846820216513,7.0
12280.0,0.0195842403294625,11.0
19514.0,0.0234058399509782,10.0
11182.0,0.0409641855825853,6.0
6837.0,0.029625911588717,6.0
18807.0,0.0289012986294198,7.0
26098.0,0.0267466166143739,9.0
21241.0,0.0159344983065088,10.0
31761.0,0.0213776990645819,7.0
20375.0,0.0256056325428517,7.0
3284.0,0.0372275347410352,7.0
2319.0,0.0415677676770271,5.0
24193.0,0.024384487466926,5.0
9103.0,0.0360371796988837,8.0
13055.0,0.0225739140895764,7.0
16546.0,0.0447608549414436,5.0
22485.0,0.0234467624822654,6.0
16400.0,0.0192887004845293,11.0
22720.0,0.0329482186418843,8.0
9284.0,0.035164151208999,14.0
6029.0,0.0298886644198385,14.0
0.0,0.0152679228951913,13.0
20157.0,0.0140761104899641,7.0
29673.0,0.0263334803286936,13.0
29056.0,0.0344173557627751,9.0
25387.0,0.0239125027448322,3.0
15997.0,0.0057665953521549,5.0
9080.0,0.0199173236824608,11.0
18811.0,0.0234122538601993,5.0
10607.0,0.0256350794266691,8.0
23665.0,0.0361277566824368,6.0
2980.0,0.0282349148820567,6.0
16393.0,0.0265225202081797,1.0
12192.0,0.0250808184164529,11.0
3549.0,0.0340539265472178,13.0
0.0,0.0086014721654737,12.0
11790.0,0.0046001590777129,8.0
0.0,0.0249317215626928,8.0
1166.0,0.0234073240128476,4.0
15687.0,0.0209220821565709,4.0
4756.0,0.0240082186258528,6.0
8843.0,0.0250443002359971,7.0
1928.0,0.0245514400314812,6.0
9470.0,0.0045042807830693,7.0
4677.0,0.0144107178605693,8.0
0.0,0.0297579720666103,5.0
0.0,0.0078754669943439,6.0
0.0,0.002708916067597,3.0
0.0,0.0179987935648234,8.0
0.0,0.0365871643154727,5.0
0.0,0.0,9.0
0.0,0.0254283456108606,8.0
0.0,0.0,5.0
0.0,0.0,10.0
0.0,0.0,6.0
0.0,0.0,6.0
0.0,0.0,4.0
0.0,0.0,11.0
0.0,0.0,4.0
0.0,0.0,10.0
0.0,0.0,4.0
0.0,0.0,14.0
0.0,0.0,5.0
0.0,0.0,5.0
0.0,0.0,7.0
0.0,0.0,6.0
0.0,0.0,4.0
0.0,0.0,8.0
0.0,0.0,7.0
0.0,0.0,3.0
0.0,0.0,5.0
0.0,0.0,5.0
0.0,0.0,6.0
0.0,0.0,8.0
0.0,0.0,10.0
0.0,0.0,9.0
0.0,0.0,10.0
0.0,0.0,11.0
0.0,0.033559334153175,11.0
0.0,0.00592903582887,3.0
0.0,0.0171949471988567,6.0
0.0,0.0181638833239215,9.0
0.0,0.0145436336943742,10.0
0.0,0.0222908171612847,7.0
0.0,0.0198240994955784,9.0
0.0,0.0058183970669682,3.0
0.0,0.0010509601566875,15.0
0.0,0.0023482785948987,11.0
0.0,0.0291440146689648,9.0
0.0,0.0305239113128798,11.0
0.0,0.0322669381565514,15.0
0.0,0.0030246791964747,11.0
0.0,0.0135800022620709,10.0
0.0,0.0207320915383066,12.0
0.0,0.0252961555591465,12.0
0.0,0.0175455634835613,15.0
0.0,0.0279761855164103,11.0
0.0,0.0029912934962348,10.0
0.0,0.0095163816105556,15.0
0.0,0.0,15.0
0.0,0.024311256351695,12.0
0.0,0.018301511414469,13.0
0.0,0.0315466343789522,15.0
0.0,0.0,8.0
0.0,0.0,15.0
0.0,0.0,11.0
0.0,0.0,15.0
0.0,0.0,13.0
0.0,0.0,14.0
0.0,0.0,15.0
0.0,0.0,13.0
0.0,0.0,15.0
0.0,0.0,14.0
0.0,0.0,11.0
0.0,0.0,12.0
0.0,0.0,14.0
0.0,0.0,9.0
0.0,0.0,10.0
7536.0,0.0292429166778944,11.0
0.0,0.0028720523110157,15.0
21894.0,0.0235872094927062,11.0
44241.0,0.0112244985690077,10.0
42694.0,0.0180229265910397,14.0
24010.0,0.026826166481845,12.0
15048.0,0.0222862811923459,14.0
16799.0,0.0211947253284074,13.0
15691.0,0.0229181114590689,14.0
0.0,0.03501851055312,11.0
5809.0,0.0381235474632752,12.0
3487.0,0.042621294164044,13.0
6598.0,0.0317318233953643,10.0
24776.0,0.0396736606109189,7.0
19377.0,0.0342621412923052,5.0
23642.0,0.0533254958556324,9.0
30900.0,0.0303629536619044,14.0
8717.0,0.0362470826856207,13.0
14212.0,0.0351497299527498,13.0
25412.0,0.0300919642019905,13.0
33621.0,0.0277303904159528,15.0
24369.0,0.0229100212558981,11.0
22400.0,0.0337109484873896,11.0
27002.0,0.0290654039128882,10.0
17179.0,0.0365574553822813,12.0
30914.0,0.0326460059299758,10.0
44611.0,0.0166541191750135,11.0
35191.0,0.0,12.0
28151.0,0.0427106739931932,14.0
28979.0,0.0202730810163621,13.0
48155.0,0.0155229072527128,13.0
62258.0,0.0242406777531651,14.0
54986.0,0.0264477589314027,14.0
57298.0,0.0202377412052086,10.0
46306.0,0.0292592166646026,8.0
11772.0,0.0082735870444471,9.0
8473.0,0.0388432529014496,10.0
22302.0,0.0141381184460121,6.0
22255.0,0.0181517268711035,10.0
28388.0,0.0288029895030297,8.0
14157.0,0.0229457177987488,9.0
4855.0,0.025496965321174,11.0
13561.0,0.0462553978832,7.0
8403.0,0.0263336869009915,9.0
11835.0,0.0592195616782174,5.0
17641.0,0.0358708342315822,9.0
7714.0,0.024442671842424,11.0
0.0,0.0251861144609553,7.0
8319.0,0.0391265545907708,4.0
25506.0,0.0321254656903396,3.0
26325.0,0.0291206899403108,11.0
13776.0,0.0186493017261439,10.0
9890.0,0.0289544793635286,8.0
18360.0,0.0340094013231415,9.0
12701.0,0.0334693880779814,4.0
7223.0,0.018958607781687,5.0
17162.0,0.0143304665854682,5.0
18153.0,0.0185333712516587,9.0
15831.0,0.0408464889072644,9.0
15966.0,0.0524341201943194,7.0
10256.0,0.0219060331775744,9.0
0.0,0.0,10.0
17405.0,0.0430599208254228,11.0
17437.0,0.0214409945286977,14.0
0.0,0.019671193550092,11.0
15431.0,0.0269556867549596,10.0
27546.0,0.0310152477346532,5.0
27367.0,0.025030507229523,14.0
32916.0,0.0494977712080713,9.0
34454.0,0.0282826493739248,9.0
18789.0,0.0207716579748306,6.0
17403.0,0.0102287087081904,8.0
22210.0,0.0003837998932658,7.0
2328.0,0.0250965859307332,1.0
29698.0,0.0439517167246947,8.0
32054.0,0.0288569455995102,9.0
9119.0,0.0228117180950628,5.0
15851.0,0.0303162131394457,9.0
10109.0,0.0355032412003186,12.0
1502.0,0.0161904704629262,8.0
5608.0,0.0311106742625082,9.0
5586.0,0.0350083492244123,7.0
12253.0,0.0173710964589551,7.0
277.0,0.0325835765259014,6.0
0.0,0.0055787264407387,8.0
19665.0,0.0264530413713947,7.0
0.0,0.038037335882021,9.0
0.0,0.0151228790342519,5.0
4722.0,0.0,7.0
0.0,0.020909862659405,6.0
0.0,0.0268968339227741,9.0
0.0,0.0172504539175613,5.0
0.0,0.0167445450356976,11.0
0.0,0.0383890464955881,4.0
0.0,0.0370560100502578,8.0
0.0,0.0259505662487779,7.0
0.0,0.0,9.0
0.0,0.0,6.0
0.0,0.0,8.0
0.0,0.0,10.0
0.0,0.0,11.0
0.0,0.0,7.0
0.0,0.0,3.0
0.0,0.0,11.0
0.0,0.0,4.0
0.0,0.0,15.0
0.0,0.0,2.0
0.0,0.0,7.0
0.0,0.0,9.0
0.0,0.0,11.0
0.0,0.0,7.0
0.0,0.0,5.0
0.0,0.0,5.0
0.0,0.0,9.0
0.0,0.0,5.0
0.0,0.0,6.0
0.0,0.0,2.0
0.0,0.0,4.0
0.0,0.0,11.0
0.0,0.0,8.0
0.0,0.0,5.0
0.0,0.0,11.0
0.0,0.0062337299201831,7.0
0.0,0.0122785239989771,4.0
0.0,0.0231892596034363,3.0
0.0,0.0135864266685997,9.0
0.0,0.0274872866991464,10.0
0.0,0.0286777757645391,7.0
0.0,0.0239386972182248,7.0
0.0,0.0312008014360211,7.0
0.0,0.0156363346399126,12.0
0.0,0.0277459766131445,12.0
0.0,0.0006169231716551,13.0
0.0,0.0049959247827953,15.0
0.0,0.0045610754349459,12.0
0.0,0.0092439940028481,14.0
0.0,0.0126395191420447,15.0
0.0,0.024097230520048,14.0
0.0,0.0,13.0
0.0,0.0104472900613202,15.0
0.0,0.0240232131564716,13.0
0.0,0.0281972314763107,13.0
0.0,0.0224347296186457,15.0
0.0,0.0224956648347444,14.0
0.0,0.0231080927975293,13.0
0.0,0.0163190694032179,10.0
0.0,0.035661852084984,12.0
0.0,0.0,13.0
0.0,0.0,15.0
0.0,0.0,14.0
0.0,0.0,15.0
0.0,0.0,15.0
0.0,0.0,12.0
0.0,0.0,12.0
0.0,0.0,14.0
0.0,0.0,15.0
0.0,0.0,15.0
0.0,0.0,9.0
0.0,0.0,15.0
0.0,0.0,14.0
0.0,0.0,11.0
0.0,0.0,10.0
16471.0,0.043373798321225,13.0
1885.0,0.0457007596030665,14.0
30366.0,0.0334975702558134,10.0
35281.0,0.026587282362904,13.0
61259.0,0.0334110421189813,15.0
29264.0,0.0195366955719395,12.0
19823.0,0.0228433342062772,14.0
8490.0,0.0236745972767832,14.0
5499.0,0.0297303391302162,13.0
0.0,0.0123869219149035,14.0
3060.0,0.0223439213528118,12.0
7614.0,0.0117325911836963,15.0
11288.0,0.022209028332026,15.0
23503.0,0.0283346415015292,10.0
21640.0,0.0372397272479998,12.0
21379.0,0.046225764430036,8.0
23441.0,0.0414073754658479,8.0
16480.0,0.0406221621304145,11.0
20985.0,0.0405163760997898,14.0
17961.0,0.0209141650305488,11.0
40566.0,0.02438895599421,12.0
33866.0,0.0301158844279964,15.0
12724.0,0.0406946665856334,7.0
19578.0,0.0332574611229223,13.0
25428.0,0.0162767465433343,11.0
25645.0,0.0371393884901475,10.0
49700.0,0.0333959117901648,11.0
32730.0,0.0036738998995585,11.0
27476.0,0.0227834850852739,12.0
31901.0,0.0330832632607468,12.0
62878.0,0.0282885584603757,11.0
61634.0,0.0265528811174936,14.0
36745.0,0.0,10.0
49747.0,0.02523896981711,13.0
53437.0,0.0146072287760496,7.0
5712.0,0.0207137755811648,10.0
15639.0,0.0359757722216835,7.0
11982.0,0.0138801396935484,7.0
20988.0,0.021380645430593,11.0
33555.0,0.0097911959257013,11.0
23381.0,0.0217860613751885,9.0
5957.0,0.0310133207350867,4.0
14153.0,0.002422434080787,8.0
3264.0,0.0123127691799286,7.0
18753.0,0.0284319848726642,1.0
19090.0,0.0248805915899057,9.0
8879.0,0.0229065454777948,6.0
10404.0,0.0250350549814772,8.0
12149.0,0.0086274924990215,3.0
19765.0,0.0098718153959984,5.0
26224.0,0.0487022694994416,10.0
10914.0,0.0167376535395398,10.0
13756.0,0.0132091871467243,7.0
24628.0,0.0258635349104447,9.0
24822.0,0.023339510511289,4.0
8775.0,0.0377988091550035,5.0
25651.0,0.0378668679915292,4.0
19494.0,0.0258906665923478,9.0
15534.0,0.0495902641298442,7.0
21112.0,0.0302226672535953,6.0
960.0,0.0193378758488456,8.0
14729.0,0.0212865320915106,12.0
20529.0,0.0325574278634968,12.0
16870.0,0.0315472932212585,10.0
0.0,0.0174204542373745,12.0
12465.0,0.0383456749916351,14.0
17993.0,0.0349129987625577,7.0
14283.0,0.0205297532419989,14.0
34183.0,0.0211869082224523,10.0
26454.0,0.0171512597232648,10.0
19943.0,0.0133216006324676,6.0
23298.0,0.0200350929742144,8.0
15597.0,0.0102795818491256,6.0
6648.0,0.0328652119645986,3.0
26290.0,0.0184285960799605,4.0
8988.0,0.0299974213744747,10.0
4396.0,0.0288303390878445,2.0
8513.0,0.0167341549491996,10.0
0.0,0.0149502318624543,10.0
462.0,0.0159033734302392,9.0
4478.0,0.0135694444965132,10.0
8880.0,0.0102391766255365,3.0
0.0,0.0174670264251175,5.0
3006.0,0.0229183971775864,10.0
5133.0,0.0288483643787733,8.0
0.0,0.0244891783895571,9.0
5868.0,0.0144402559960944,11.0
11474.0,0.0152935849768837,7.0
1963.0,0.0058860070982863,5.0
0.0,0.0137330856855195,5.0
0.0,0.0120141435569785,6.0
0.0,0.0049106400657314,3.0
0.0,0.0240535476250617,8.0
0.0,0.0204858816008504,6.0
0.0,0.0017887850934321,6.0
0.0,0.0285972698284633,9.0
0.0,0.0,7.0
0.0,0.0,7.0
0.0,0.0,8.0
0.0,0.0,8.0
0.0,0.0,9.0
0.0,0.0,8.0
0.0,0.0,6.0
0.0,0.0,11.0
0.0,0.0,10.0
0.0,0.0,15.0
0.0,0.0,4.0
0.0,0.0,6.0
0.0,0.0,13.0
0.0,0.0,7.0
0.0,0.0,6.0
0.0,0.0,6.0
0.0,0.0,6.0
0.0,0.0,7.0
0.0,0.0,10.0
0.0,0.0,5.0
0.0,0.0,6.0
0.0,0.0,9.0
0.0,0.0,13.0
0.0,0.0,10.0
0.0,0.0,13.0
0.0,0.0,11.0
0.0,0.0187455901856054,10.0
0.0,0.021824352036949,8.0
0.0,0.0230030874084058,6.0
0.0,0.0105065267137335,10.0
0.0,0.0137508878686883,7.0
0.0,0.0181431359545784,5.0
0.0,0.0137068842129919,6.0
0.0,0.0,5.0
0.0,0.0,13.0
0.0,0.0052710452600464,14.0
0.0,0.0158140259736977,12.0
0.0,0.0068664799590924,11.0
0.0,0.0537862563308947,10.0
0.0,0.0,15.0
0.0,0.0171790592289775,12.0
0.0,0.0221003151579592,14.0
0.0,0.0108720256584226,14.0
0.0,0.0343451483288831,14.0
0.0,0.0073633408704522,13.0
0.0,0.0034823502762981,13.0
0.0,0.014934843575899,11.0
0.0,0.0120462573640763,15.0
0.0,0.0022373485465103,15.0
0.0,0.017905583905075,12.0
0.0,0.0145840965925741,13.0
0.0,0.0,14.0
0.0,0.0,14.0
0.0,0.0,13.0
0.0,0.0,13.0
0.0,0.0,10.0
0.0,0.0,15.0
0.0,0.0,14.0
0.0,0.0,13.0
0.0,0.0,15.0
0.0,0.0,14.0
0.0,0.0,13.0
0.0,0.0,10.0
0.0,0.0,13.0
0.0,0.0,14.0
0.0,0.0,13.0
19081.0,0.0304038794196235,12.0
2858.0,0.0141963514848295,11.0
27551.0,0.0265812485271529,14.0
37961.0,0.0262670013456594,11.0
49509.0,0.0274529259248011,12.0
28460.0,0.0211634454379045,12.0
1955.0,0.0337602311742442,15.0
8560.0,0.024246791238647,13.0
0.0,0.0162748842035594,12.0
8132.0,0.0453585445333964,12.0
10280.0,0.0236502283932735,11.0
9553.0,0.0194930974836024,11.0
9516.0,0.0414167186971527,14.0
21501.0,0.0281688375238733,8.0
18163.0,0.0156342217772783,8.0
31543.0,0.0156782871407004,11.0
28196.0,0.0390336835242552,12.0
15035.0,0.0416918169343888,13.0
25463.0,0.0483961467532526,13.0
20207.0,0.0084609398463232,12.0
31394.0,0.0183506050380104,10.0
37752.0,0.035290269784135,14.0
17705.0,0.0318267220901627,11.0
21566.0,0.0104457991892225,9.0
24117.0,0.0172216224988357,9.0
32486.0,0.0222821242498366,11.0
39575.0,0.0316079162334945,9.0
28938.0,0.0373551497864303,9.0
26519.0,0.0364852170264829,12.0
22943.0,0.0269134273305335,10.0
51632.0,0.0221096494666905,10.0
56599.0,0.0170002000426731,9.0
40036.0,0.0302834473263253,11.0
55604.0,0.0174783822098478,10.0
54126.0,0.0352471380069992,10.0
15853.0,0.030974403871837,6.0
15008.0,0.0432693281284945,8.0
3937.0,0.0268585078733429,5.0
12112.0,0.0276687795490331,11.0
30792.0,0.0197138049303151,10.0
25881.0,0.0161402921372436,8.0
43.0,0.040171087157781,7.0
442.0,0.0228818669287185,3.0
7754.0,0.0331412184488652,11.0
8293.0,0.0233252740743157,4.0
15786.0,0.0366810935659151,9.0
4347.0,0.0263337868890747,8.0
0.0,0.0262085147358265,13.0
8888.0,0.0345170937095977,2.0
26608.0,0.0280033257692564,9.0
24392.0,0.0222032195055723,7.0
0.0,0.0362571189401783,8.0
26784.0,0.0269668426267196,9.0
21648.0,0.0244849002713573,7.0
3333.0,0.0251853227319984,8.0
15284.0,0.0356020927507622,5.0
18336.0,0.024627649586351,6.0
12754.0,0.0229084579587793,7.0
18593.0,0.042628519039624,8.0
16308.0,0.0257151037081601,6.0
15182.0,0.0333607380852759,11.0
14993.0,0.0389201660531634,8.0
15887.0,0.0278681623747549,12.0
7546.0,0.0003487831114163,10.0
7922.0,0.0225931465234785,10.0
6805.0,0.0254735872748335,15.0
12349.0,0.0221840565311821,3.0
22518.0,0.031552947654193,11.0
24486.0,0.0343634266472342,11.0
33970.0,0.0119619990752097,8.0
1253.0,0.0243906021598289,8.0
6528.0,0.0220748694954111,5.0
23716.0,0.0372822900068671,7.0
7473.0,0.0243415419873465,8.0
23492.0,0.0164145690738713,3.0
17657.0,0.0228135183170268,10.0
21193.0,0.037374932063091,2.0
5572.0,0.0352987585173396,7.0
0.0,0.0007549877455693,11.0
0.0,0.0402702641841149,10.0
0.0,0.0244757740165967,14.0
4994.0,0.0199867194865908,10.0
7456.0,0.0284649323697736,7.0
9247.0,0.0078711827034991,5.0
1626.0,0.0166354494319266,4.0
11998.0,0.038317350479299,10.0
5306.0,0.0242627940007881,10.0
8338.0,0.0273811699285309,4.0
5074.0,0.0214124450449785,6.0
0.0,0.0213197102265707,10.0
0.0,0.016818477030736,4.0
0.0,0.0160313254144981,4.0
0.0,0.0154392222997602,7.0
0.0,0.033348603968483,3.0
0.0,0.0069066663726583,7.0
0.0,0.0253285066890102,8.0
0.0,0.0,9.0
0.0,0.0,6.0
0.0,0.0,6.0
0.0,0.0,6.0
0.0,0.0,12.0
0.0,0.0,6.0
0.0,0.0,5.0
0.0,0.0,9.0
0.0,0.0,5.0
0.0,0.0,14.0
0.0,0.0,7.0
0.0,0.0,5.0
0.0,0.0,8.0
0.0,0.0,7.0
0.0,0.0,3.0
0.0,0.0,7.0
0.0,0.0,7.0
0.0,0.0,2.0
0.0,0.0,3.0
0.0,0.0,5.0
0.0,0.0,4.0
0.0,0.0,9.0
0.0,0.0,10.0
0.0,0.0,8.0
0.0,0.0,11.0
0.0,0.0,11.0
0.0,0.027158919749301,7.0
0.0,0.0126314935460228,4.0
0.0,0.0220089440593359,3.0
0.0,0.0184287394993719,10.0
0.0,0.038836066165686,9.0
0.0,0.0111070433342231,11.0
0.0,0.011105233997043,7.0
0.0,0.0224291139779729,8.0
0.0,0.0122876771480095,12.0
0.0,0.0226468053587417,14.0
0.0,0.000958914132492,15.0
0.0,0.0253514089690692,14.0
0.0,0.0406667825985707,15.0
0.0,0.0174275130506005,12.0
0.0,0.0022924784474083,15.0
0.0,0.0122278268014356,11.0
0.0,0.0302570436954657,12.0
0.0,0.0087947116029368,15.0
0.0,0.0127250114152991,15.0
0.0,0.0276507270329396,11.0
0.0,0.0321460728640989,11.0
0.0,0.0025945497743672,13.0
0.0,0.0047718550171836,14.0
0.0,0.0173663986380482,14.0
0.0,0.0227142094971339,12.0
0.0,0.0,14.0
0.0,0.0,15.0
0.0,0.0,11.0
0.0,0.0,14.0
0.0,0.0,11.0
0.0,0.0,12.0
0.0,0.0,15.0
0.0,0.0,12.0
0.0,0.0,15.0
0.0,0.0,11.0
0.0,0.0,12.0
0.0,0.0,13.0
0.0,0.0,15.0
0.0,0.0,11.0
0.0,0.0,11.0
8808.0,0.0105530918242418,12.0
16633.0,0.0373708223101368,10.0
22666.0,0.0322187891245979,13.0
36498.0,0.020171936023513,15.0
56336.0,0.0223738682501453,10.0
20717.0,0.0030987294103053,15.0
4833.0,0.0276729851284254,12.0
0.0,0.0311003433940657,8.0
3150.0,0.0120233195309213,11.0
9035.0,0.0435769871592817,15.0
18944.0,0.0285462492466736,12.0
2438.0,0.0299836374759661,15.0
4488.0,0.0323044401263798,15.0
17372.0,0.0500933413617132,9.0
17111.0,0.0291957599484287,11.0
25965.0,0.0368456617508009,7.0
33101.0,0.0297399024453355,15.0
3799.0,0.0374746917601436,10.0
28802.0,0.0320276567298992,12.0
3751.0,0.0386282389614273,15.0
39536.0,0.0450450893815477,10.0
20575.0,0.0299397395806719,14.0
20795.0,0.0321657059277443,11.0
17951.0,0.0241596371627242,12.0
23947.0,0.0267253855993022,6.0
41673.0,0.0319367741168367,10.0
38827.0,0.0338340582592264,12.0
24335.0,0.0247632739092525,9.0
24635.0,0.0338045004101997,15.0
36176.0,0.0367525244887634,13.0
46145.0,0.0247779263109245,9.0
51290.0,0.0212874626534264,13.0
42216.0,0.0207271143116235,11.0
44791.0,0.0121541141095575,9.0
42152.0,0.0199868405542078,10.0
6861.0,0.0425632394995443,6.0
16907.0,0.0140775290044527,11.0
17723.0,0.0236098882540834,6.0
31332.0,0.0141386611907819,7.0
26096.0,0.0465576321317519,8.0
21346.0,0.0196641391083134,11.0
7362.0,0.0110229484632362,8.0
5541.0,0.0346836052335271,9.0
12993.0,0.0142200421687927,8.0
9464.0,0.0226903198660454,4.0
7375.0,0.0296125461487999,5.0
7564.0,0.0389132376047884,7.0
14846.0,0.0159151265862249,8.0
12161.0,0.0381272565252473,6.0
14986.0,0.030071478151388,5.0
27516.0,0.0352933970908803,7.0
12907.0,0.0427227411736087,10.0
29063.0,0.0204620488248417,7.0
13795.0,0.0502519174675488,3.0
26932.0,0.0409052559785485,8.0
7877.0,0.0327308018925101,5.0
12367.0,0.0097285039017124,3.0
18243.0,0.0309876107079169,9.0
15590.0,0.014220099601434,12.0
13699.0,0.0255745823686789,6.0
24163.0,0.0430494064842574,9.0
16231.0,0.0380946454426218,10.0
16390.0,0.0333275423010632,11.0
13825.0,0.0226791442958888,10.0
14141.0,0.0273582981604156,10.0
13500.0,0.036305105684732,14.0
29162.0,0.0172279797323116,7.0
16008.0,0.0185592969969716,11.0
28231.0,0.029241332549808,9.0
18050.0,0.0445615803807623,6.0
13288.0,0.0422180846516281,7.0
12122.0,0.0371787894378608,7.0
26914.0,0.0240307728149181,9.0
14941.0,0.0450265860775461,5.0
20840.0,0.0100803095199074,6.0
9924.0,0.0285257321885897,11.0
13180.0,0.0228084962583084,8.0
16174.0,0.0148859361412266,11.0
0.0,0.0356186703619924,9.0
237.0,0.0174108242966003,8.0
0.0,0.0052972864140812,10.0
920.0,0.0260349038135172,5.0
4389.0,0.0386714195270425,5.0
6845.0,0.006775432314944,5.0
5009.0,0.0146554030138391,8.0
5435.0,0.0094465915734263,7.0
393.0,0.0104378425075541,8.0
823.0,0.0,7.0
0.0,0.0208282119397509,8.0
0.0,0.0195563786670869,7.0
0.0,0.0437810410951302,4.0
0.0,0.0121226603724227,5.0
0.0,0.01770279485455,10.0
0.0,0.0403301508626357,8.0
0.0,0.0222217434834203,9.0
0.0,0.0139099785031694,10.0
0.0,0.0,4.0
0.0,0.0,10.0
0.0,0.0,5.0
0.0,0.0,8.0
0.0,0.0,3.0
0.0,0.0,6.0
0.0,0.0,6.0
0.0,0.0,12.0
0.0,0.0,6.0
0.0,0.0,13.0
0.0,0.0,9.0
0.0,0.0,8.0
0.0,0.0,8.0
0.0,0.0,7.0
0.0,0.0,2.0
0.0,0.0,6.0
0.0,0.0,7.0
0.0,0.0,5.0
0.0,0.0,1.0
0.0,0.0,7.0
0.0,0.0,4.0
0.0,0.0,8.0
0.0,0.0,9.0
0.0,0.0,9.0
0.0,0.0,9.0
0.0,0.0,15.0
0.0,0.0289229444017691,7.0
0.0,0.0124254201034172,6.0
0.0,0.0261561267725342,7.0
0.0,0.0248802125712236,12.0
0.0,0.021442098907622,7.0
0.0,0.0269132798179308,6.0
0.0,0.0279915999751719,5.0
0.0,0.0107868202833179,9.0
0.0,0.0017770761393411,12.0
0.0,0.0168001812472857,11.0
0.0,0.0181680548790732,15.0
0.0,0.0097436235993524,15.0
0.0,0.0136039008350386,13.0
0.0,0.0116389755690052,14.0
0.0,0.0054367815067428,15.0
0.0,0.0127143687326115,13.0
0.0,0.0042539597085643,13.0
0.0,0.0217935170622423,13.0
0.0,0.008189451235859,13.0
0.0,0.0096134930548363,13.0
0.0,0.0285919465941523,15.0
0.0,0.0236307125347461,15.0
0.0,0.0431060161731698,13.0
0.0,0.0180284886451687,15.0
0.0,0.0047713171776259,15.0
0.0,0.0,13.0
0.0,0.0,11.0
0.0,0.0,15.0
0.0,0.0,14.0
0.0,0.0,15.0
0.0,0.0,14.0
0.0,0.0,11.0
0.0,0.0,13.0
0.0,0.0,15.0
0.0,0.0,12.0
0.0,0.0,14.0
0.0,0.0,15.0
0.0,0.0,9.0
0.0,0.0,9.0
0.0,0.0,11.0
16210.0,0.0113456710592398,15.0
4326.0,0.0276108276514777,14.0
34658.0,0.0343323501276592,15.0
42509.0,0.0165903009413679,13.0
55300.0,0.0192208990295055,14.0
29896.0,0.0364246510508271,14.0
3740.0,0.0095047334366885,8.0
13149.0,0.0379307344469503,11.0
4522.0,0.0208329130108041,12.0
0.0,0.0126281493530666,14.0
11665.0,0.0242947770433059,11.0
7260.0,0.0353287318692505,14.0
5610.0,0.034110139394253,15.0
25221.0,0.0203980425514538,8.0
12245.0,0.0451491531991296,9.0
21641.0,0.0465048139444329,10.0
26724.0,0.031266890802235,12.0
0.0,0.0365686003554531,9.0
29768.0,0.0280265794586041,15.0
13080.0,0.0395657914688643,12.0
22741.0,0.0243154652646151,13.0
38021.0,0.0245360371013217,14.0
14344.0,0.0322033608722683,10.0
15314.0,0.0314245410419547,9.0
22377.0,0.0230781187018884,8.0
18305.0,0.029843163566415,10.0
41569.0,0.0272282145538703,10.0
33109.0,0.0280637055887313,9.0
31859.0,0.0394895327044378,14.0
28789.0,0.0330277049421312,11.0
41892.0,0.0503839517662155,13.0
59197.0,0.0329505883713922,8.0
51543.0,0.0258227074777636,10.0
41854.0,0.0118950641126413,9.0
45743.0,0.0384405948793813,6.0
21982.0,0.0399168983744161,10.0
11980.0,0.0253368854212026,9.0
7487.0,0.0229174916605707,5.0
30180.0,0.0222830793564357,10.0
40689.0,0.0192959182444832,10.0
16409.0,0.0228369412986861,5.0
15225.0,0.0142233870280077,8.0
5606.0,0.0258545538274067,9.0
20706.0,0.0290962663619645,8.0
18697.0,0.0337472319408963,3.0
12262.0,0.0200071020078965,10.0
2327.0,0.0104513676099813,6.0
2531.0,0.0265127960111525,6.0
1860.0,0.0261581827077652,6.0
27316.0,0.0314171200876899,7.0
38798.0,0.0341072964967233,10.0
7981.0,0.0289741890799154,8.0
24682.0,0.0225789610757396,7.0
19365.0,0.0117012434270358,8.0
20734.0,0.0406702295876876,5.0
2152.0,0.0218868461064354,6.0
25018.0,0.0255056686258947,5.0
19835.0,0.0541129669388987,8.0
19819.0,0.0304515676770843,4.0
18294.0,0.0307848292453699,10.0
22629.0,0.0155325457385564,7.0
15506.0,0.0149334807946081,8.0
13240.0,0.0028217120953501,12.0
6450.0,0.036639629952719,9.0
9515.0,0.0236837896921843,11.0
7123.0,0.0293542386425364,12.0
25152.0,0.0233060253515898,8.0
25932.0,0.0201175352272364,13.0
24657.0,0.0208789604301512,8.0
32870.0,0.0317714219760935,5.0
21440.0,0.038810931858639,6.0
19565.0,0.0333228795082922,8.0
22658.0,0.020777604346241,7.0
17582.0,0.0219585976045042,10.0
14979.0,0.0240883126410396,5.0
28132.0,0.0245470672708821,11.0
15925.0,0.0393548539263706,3.0
9321.0,0.0255543968271781,8.0
6272.0,0.030300696915474,7.0
1416.0,0.0166463153897064,6.0
9063.0,0.013426962928003,11.0
611.0,0.0227110679108076,9.0
8604.0,0.0338056954372805,4.0
0.0,0.0140834656787288,6.0
18814.0,0.0,8.0
0.0,0.0357489902218304,6.0
0.0,0.0064238519158702,8.0
0.0,0.018447768523732,8.0
2706.0,0.0122216075790855,3.0
0.0,0.0374952880309147,4.0
0.0,0.0106159994756368,6.0
0.0,0.0145789065731946,4.0
0.0,0.035813076650444,9.0
0.0,0.0442303733567354,5.0
0.0,0.009663717790038,6.0
0.0,0.0305557631805803,9.0
0.0,0.0,9.0
0.0,0.0,6.0
0.0,0.0,7.0
0.0,0.0,6.0
0.0,0.0,6.0
0.0,0.0,9.0
0.0,0.0,5.0
0.0,0.0,11.0
0.0,0.0,7.0
0.0,0.0,13.0
0.0,0.0,8.0
0.0,0.0,7.0
0.0,0.0,8.0
0.0,0.0,12.0
0.0,0.0,3.0
0.0,0.0,10.0
0.0,0.0,6.0
0.0,0.0,4.0
0.0,0.0,5.0
0.0,0.0,9.0
0.0,0.0,2.0
0.0,0.0,8.0
0.0,0.0,12.0
0.0,0.0,9.0
0.0,0.0,9.0
0.0,0.0,11.0
0.0,0.0258410867504189,9.0
0.0,0.0066532648611404,6.0
0.0,0.0168675612019272,6.0
0.0,0.001789490007915,8.0
0.0,0.0317581389114758,9.0
0.0,0.0296948729999532,3.0
0.0,0.0131362003126749,10.0
0.0,0.0165451365653334,2.0
0.0,0.029810114838486,12.0
0.0,0.0021918743993082,13.0
0.0,0.0133085470279743,15.0
0.0,0.0080780867958295,14.0
0.0,0.0132291750054884,14.0
0.0,0.0151862740819598,12.0
0.0,0.0129523293894178,15.0
0.0,0.0184761232389429,14.0
0.0,0.0385735389687893,13.0
0.0,0.012620325045763,12.0
0.0,0.0123202420950248,11.0
0.0,0.0270446425289804,11.0
0.0,0.0206464621195094,10.0
0.0,0.0375243786068436,11.0
0.0,0.0138939643056391,10.0
0.0,0.0122940383644222,11.0
0.0,0.0250643503356791,12.0
0.0,0.0,12.0
0.0,0.0,12.0
0.0,0.0,15.0
0.0,0.0,14.0
0.0,0.0,12.0
0.0,0.0,10.0
0.0,0.0,12.0
0.0,0.0,13.0
0.0,0.0,15.0
0.0,0.0,14.0
0.0,0.0,15.0
0.0,0.0,10.0
0.0,0.0,15.0
0.0,0.0,13.0
0.0,0.0,15.0
20282.0,0.0121721723499268,14.0
5813.0,0.0398157668995288,13.0
25444.0,0.0428434480881352,11.0
39253.0,0.019224743912835,12.0
52569.0,0.0020604666233546,15.0
19807.0,0.0270737581734642,12.0
10216.0,0.0272994134480384,10.0
4693.0,0.0107561519534653,12.0
10883.0,0.0374320920764055,11.0
11532.0,0.0146871128360442,15.0
13651.0,0.0447660362229605,13.0
1928.0,0.0398637464768066,12.0
8564.0,0.0164070954177481,14.0
30082.0,0.0339886468060942,7.0
12415.0,0.013128109936566,8.0
24155.0,0.0238834539080064,10.0
16047.0,0.0227156877654416,10.0
14866.0,0.0458728769071668,11.0
23706.0,0.04181364086178,14.0
17701.0,0.0195268116644592,13.0
41275.0,0.0294879868444868,14.0
33850.0,0.035980120661361,15.0
23521.0,0.0167855589582622,11.0
17946.0,0.0101693907381774,13.0
26184.0,0.0324469820333788,11.0
21480.0,0.0519566021312523,10.0
50546.0,0.0245005359589868,11.0
24202.0,0.0237295947348923,9.0
15021.0,0.0372690082103591,15.0
34120.0,0.0352109705983111,12.0
47204.0,0.0318225149258669,10.0
56879.0,0.0347206924947061,14.0
45650.0,0.0477065791698193,15.0
63237.0,0.0222686818796446,14.0
50222.0,0.0119642134300983,8.0
11654.0,0.0365159267449551,8.0
20492.0,0.0387574910713363,6.0
24899.0,0.045383845168825,5.0
38155.0,0.0209111657385614,10.0
42451.0,0.0240326144768576,11.0
17317.0,0.0285435209536843,5.0
16776.0,0.018214421291527,7.0
13204.0,0.0128133341292168,7.0
9218.0,0.0154308455913246,8.0
14390.0,0.0340934998827364,3.0
19406.0,0.0127959978418877,7.0
17577.0,0.0268427749206699,5.0
4254.0,0.0145182911036078,6.0
20248.0,0.0296080782399706,6.0
14120.0,0.0243463473490839,6.0
21898.0,0.0276307703287165,8.0
11489.0,0.0306494908911439,12.0
17166.0,0.0216832713429973,10.0
10246.0,0.0409113258086304,6.0
17206.0,0.0275391524395129,9.0
12506.0,0.0174079326268817,5.0
26911.0,0.0321440601420067,3.0
11372.0,0.0261839421515929,6.0
13453.0,0.0167890211822894,5.0
15737.0,0.0499926112099739,6.0
9195.0,0.0426022604462386,9.0
13392.0,0.0313042292981495,9.0
23734.0,0.0243952215090285,9.0
14916.0,0.0051643389577777,10.0
7725.0,0.0216893104214688,10.0
3447.0,0.0459490195700769,11.0
24608.0,0.0496448133085354,6.0
27731.0,0.0027968247576851,13.0
26763.0,0.0296059012282299,10.0
14696.0,0.0244977325347325,11.0
11203.0,0.0240716967702416,8.0
16411.0,0.0262537670686377,10.0
20558.0,0.0450933584613998,7.0
6362.0,0.0205624135328069,5.0
22739.0,0.0402593304207466,5.0
23935.0,0.0305262077769556,6.0
15032.0,0.0381655084911369,5.0
18054.0,0.0231995772157542,7.0
3433.0,0.0044219046426442,10.0
0.0,0.0367034445855216,10.0
12671.0,0.0287314566850072,7.0
5535.0,0.0138410415151625,9.0
0.0,0.0197556380673352,5.0
0.0,0.0285113494237237,7.0
990.0,0.0,7.0
1870.0,0.0138144857554999,6.0
8574.0,0.0128017360592604,7.0
4434.0,0.0206618917252995,8.0
7863.0,0.0200701729132675,7.0
0.0,0.0,6.0
0.0,0.0036495202181386,7.0
0.0,0.0323531993604027,2.0
0.0,0.0262465082685381,9.0
0.0,0.0154784000952439,5.0
0.0,0.0338450849650204,7.0
0.0,0.0285749329836345,8.0
0.0,0.0,10.0
0.0,0.0,8.0
0.0,0.0,8.0
0.0,0.0,6.0
0.0,0.0,7.0
0.0,0.0,9.0
0.0,0.0,4.0
0.0,0.0,12.0
0.0,0.0,6.0
0.0,0.0,15.0
0.0,0.0,5.0
0.0,0.0,10.0
0.0,0.0,10.0
0.0,0.0,9.0
0.0,0.0,4.0
0.0,0.0,3.0
0.0,0.0,3.0
0.0,0.0,8.0
0.0,0.0,3.0
0.0,0.0,8.0
0.0,0.0,3.0
0.0,0.0,9.0
0.0,0.0,15.0
0.0,0.0,10.0
0.0,0.0,15.0
0.0,0.0,15.0
0.0,0.0191443827225443,12.0
0.0,0.0260003520369312,5.0
0.0,0.0126575169224751,6.0
0.0,0.0117023771412173,9.0
0.0,0.0264781815402181,10.0
0.0,0.030506181980463,5.0
0.0,0.0038670170513639,5.0
0.0,0.0227892644489662,4.0
0.0,0.0143071645783139,10.0
0.0,0.035125783537195,13.0
0.0,0.0087917324138545,15.0
0.0,0.0145175910341326,15.0
0.0,0.016139582121494,14.0
0.0,0.0312657702213109,14.0
0.0,0.0,13.0
0.0,0.0182566495733865,15.0
0.0,0.0154081670787927,13.0
0.0,0.0387417140810965,14.0
0.0,0.0065636654852691,14.0
0.0,0.0194829228878312,15.0
0.0,0.0236782157169479,13.0
0.0,0.0,14.0
0.0,0.0049408416457534,15.0
0.0,0.0342848021458408,15.0
0.0,0.0362528512705697,14.0
0.0,0.0,12.0
0.0,0.0,15.0
0.0,0.0,15.0
0.0,0.0,11.0
0.0,0.0,13.0
0.0,0.0,14.0
0.0,0.0,11.0
0.0,0.0,14.0
0.0,0.0,15.0
0.0,0.0,12.0
0.0,0.0,13.0
0.0,0.0,9.0
0.0,0.0,10.0
0.0,0.0,13.0
0.0,0.0,15.0
21583.0,0.0092184034250957,12.0
3918.0,0.0273488381362419,14.0
41325.0,0.0087860802460399,12.0
41481.0,0.0186521527050135,11.0
57171.0,0.0216484744885103,12.0
33486.0,0.0193576741590619,15.0
8041.0,0.0296752925133443,13.0
5911.0,0.0162286496030661,15.0
2816.0,0.0285216552225547,13.0
12201.0,0.026321695575389,15.0
6637.0,0.0384380479922141,15.0
0.0,0.0339138885725294,14.0
65.0,0.054499802433901,15.0
19299.0,0.0221447887578571,7.0
21695.0,0.0195377452231631,10.0
21347.0,0.0564623590469228,9.0
14607.0,0.0282225191902309,13.0
8473.0,0.0154956463868762,11.0
15257.0,0.0597662230952107,13.0
13841.0,0.0419272347656091,14.0
28360.0,0.0536805628378789,9.0
35090.0,0.0223654913183316,13.0
16586.0,0.0385604657736658,9.0
25333.0,0.0247843578797185,11.0
19706.0,0.0363257124599432,8.0
33751.0,0.0184861048795783,11.0
42447.0,0.0185312310750029,9.0
26883.0,0.0418339090690366,10.0
27054.0,0.0337994530354418,11.0
37450.0,0.0387070478889798,11.0
55196.0,0.0015204701956049,14.0
56724.0,0.0090787162140043,13.0
42280.0,0.022150275262159,15.0
49056.0,0.0223582353808216,13.0
46435.0,0.0295553175659212,10.0
20501.0,0.0362011127578291,9.0
7159.0,0.0198599793481283,6.0
8649.0,0.005738286347244,5.0
16370.0,0.0286596871274098,9.0
38680.0,0.0281309486782165,12.0
11566.0,0.043052225975687,9.0
8334.0,0.0391839168043079,5.0
502.0,0.0369461394110246,7.0
8800.0,0.0275982889235008,11.0
4149.0,0.0281668039123881,4.0
19512.0,0.0199925924640601,9.0
6750.0,0.0263752937039221,9.0
0.0,0.0107439078215868,7.0
20090.0,0.0362863705045507,5.0
18863.0,0.0247961059645099,4.0
31936.0,0.0374285690283914,5.0
17456.0,0.0415881339877757,8.0
27931.0,0.0442865168031733,6.0
14430.0,0.0160093746334792,5.0
16105.0,0.0294136838477301,4.0
177.0,0.0162391372819136,8.0
13608.0,0.0200325703013132,5.0
17907.0,0.0099474165216047,6.0
9753.0,0.021982290775219,6.0
14244.0,0.0289855900720179,11.0
9589.0,0.046566582234058,9.0
12491.0,0.0439477412488167,9.0
21960.0,0.0440062563202792,5.0
11186.0,0.0354887637582788,8.0
1618.0,0.0433696884607386,12.0
9145.0,0.0209714568218359,14.0
4553.0,0.0391964469630095,6.0
17731.0,0.0329238062562781,11.0
29675.0,0.0228748280838889,7.0
21172.0,0.0173436640716546,12.0
10600.0,0.0279148136497295,7.0
12145.0,0.0288927294775196,11.0
16657.0,0.0253537275595364,5.0
8286.0,0.0259329670680824,6.0
18064.0,0.028382395012064,4.0
8170.0,0.0350919021103906,10.0
18935.0,0.0235864680512121,8.0
15333.0,0.0171562353133905,8.0
2270.0,0.0383131374187381,12.0
13781.0,0.0233259621022526,5.0
0.0,0.0335181371230533,10.0
710.0,0.0240152571141869,9.0
12379.0,0.0011284407058862,6.0
13056.0,0.0075870527694002,6.0
0.0,0.0378042058305559,9.0
11440.0,0.0333355521685804,8.0
0.0,0.0211967808833599,8.0
10624.0,0.0011132395227965,2.0
723.0,0.0106414057739404,6.0
0.0,0.0075187584514867,4.0
0.0,0.0255203891136697,7.0
0.0,0.0228121297909344,7.0
0.0,0.0107864889230261,10.0
0.0,0.0199260309120931,5.0
0.0,0.0185476348372136,7.0
0.0,0.0202110775688683,6.0
0.0,0.0,10.0
0.0,0.0,6.0
0.0,0.0,7.0
0.0,0.0,6.0
0.0,0.0,7.0
0.0,0.0,9.0
0.0,0.0,3.0
0.0,0.0,6.0
0.0,0.0,5.0
0.0,0.0,14.0
0.0,0.0,5.0
0.0,0.0,8.0
0.0,0.0,9.0
0.0,0.0,9.0
0.0,0.0,7.0
0.0,0.0,5.0
0.0,0.0,5.0
0.0,0.0,1.0
0.0,0.0,4.0
0.0,0.0,6.0
0.0,0.0,6.0
0.0,0.0,10.0
0.0,0.0,13.0
0.0,0.0,9.0
0.0,0.0,12.0
0.0,0.0,15.0
0.0,0.0122597420918397,12.0
0.0,0.019302496351048,3.0
0.0,0.0244824747906798,5.0
0.0,0.0165757379382046,10.0
0.0,0.0251812297217035,5.0
0.0,0.0140201281712355,6.0
0.0,0.0383245031193139,5.0
0.0,0.0278679353018326,9.0
0.0,0.0135996497767098,15.0
0.0,0.0059835323144762,13.0
0.0,0.0038234639197947,15.0
0.0,0.0239896118802511,12.0
0.0,0.0099381857340836,11.0
0.0,0.0139599103462015,11.0
0.0,0.0,10.0
0.0,0.013301502642913,12.0
0.0,0.0084192193466549,15.0
0.0,0.0223498673537508,11.0
0.0,0.0157306870556438,14.0
0.0,0.0088917684351249,14.0
0.0,0.0195190610339394,15.0
0.0,0.0154919665644612,13.0
0.0,0.0452045842845874,15.0
0.0,0.0194617264868973,10.0
0.0,0.0036828326241588,15.0
0.0,0.0,14.0
0.0,0.0,15.0
0.0,0.0,15.0
0.0,0.0,15.0
0.0,0.0,15.0
0.0,0.0,15.0
0.0,0.0,15.0
0.0,0.0,13.0
0.0,0.0,9.0
0.0,0.0,14.0
0.0,0.0,14.0
0.0,0.0,13.0
0.0,0.0,12.0
0.0,0.0,11.0
0.0,0.0,15.0
19844.0,0.0085945020323077,12.0
11268.0,0.002730478717885,14.0
28583.0,0.0178311421230661,14.0
30167.0,0.0296808191252246,13.0
42209.0,0.029266132439242,12.0
29438.0,0.0242624879652067,14.0
990.0,0.0218217184499055,12.0
12369.0,0.0403750989666094,12.0
9537.0,0.0277831544238378,11.0
5737.0,0.006209074081244,13.0
4260.0,0.0560458503208792,12.0
13704.0,0.031315669873299,11.0
4637.0,0.0086001359198198,10.0
22721.0,0.0285328686521822,5.0
26134.0,0.0347671103246754,6.0
26258.0,0.0217771360972996,12.0
22960.0,0.0478230103165047,13.0
10935.0,0.0371639005639133,13.0
25371.0,0.0216006079382348,15.0
6887.0,0.0451250262721187,14.0
37029.0,0.0243954019893519,12.0
37996.0,0.028271108784681,11.0
25399.0,0.0161834220453486,11.0
20623.0,0.0216620014968202,11.0
30147.0,0.0261824042590253,6.0
31944.0,0.0385515051278998,11.0
33485.0,0.0269671629193275,14.0
28454.0,0.0224609716663709,11.0
31294.0,0.0030036878652289,15.0
34318.0,0.032965379073076,13.0
55815.0,0.0316593866292801,10.0
48733.0,0.0123272314190342,11.0
41142.0,0.031314412915836,15.0
57401.0,0.0089575427977972,10.0
37506.0,0.0107119636781989,8.0
18264.0,0.0432156990925943,7.0
6413.0,0.0299351052414915,5.0
4511.0,0.0268992931143966,3.0
26890.0,0.0331331941237312,10.0
39322.0,0.0240981655714511,8.0
16444.0,0.0388081190861175,6.0
1681.0,0.0016416734269531,12.0
7872.0,0.0284133360013922,8.0
8916.0,0.0304864980651462,12.0
6509.0,0.0193122727968242,7.0
8205.0,0.0262468884165386,11.0
6808.0,0.0263066401738139,6.0
6196.0,0.0200195148278223,9.0
22101.0,0.0235443280444277,3.0
14786.0,0.0255215166854946,7.0
25099.0,0.0130379753902578,7.0
18452.0,0.0404719435880623,11.0
14791.0,0.0310105139786989,10.0
19194.0,0.0367939196265088,4.0
5893.0,0.0299349815155551,7.0
10121.0,0.0438729709315957,8.0
28709.0,0.0203262438382952,4.0
19258.0,0.0147759285646735,9.0
13783.0,0.0227454516175616,7.0
8625.0,0.0166895998207574,6.0
14644.0,0.0150459778460893,12.0
16045.0,0.0281672350984337,9.0
20797.0,0.0472104124449228,12.0
16274.0,0.0286779569128242,12.0
15594.0,0.0309529304520192,12.0
12786.0,0.038020603176128,13.0
24229.0,0.0358416467296507,6.0
29937.0,0.0203103137552968,15.0
35012.0,0.0350071603920996,7.0
31920.0,0.0128913132581158,5.0
11689.0,0.0322388519331711,8.0
8268.0,0.0390042265619161,9.0
14426.0,0.0085002326118167,3.0
15076.0,0.024965047862515,5.0
28270.0,0.0142669564553298,5.0
8605.0,0.0451571998645073,7.0
437.0,0.0216104466575505,7.0
3664.0,0.0203947477177857,8.0
8669.0,0.0090264845352439,12.0
4862.0,0.0323932204271402,11.0
0.0,0.0131804162434613,8.0
0.0,0.0336269318596283,7.0
358.0,0.0133456265250146,6.0
3325.0,0.0077880305906122,9.0
3591.0,0.0205944819746894,6.0
5056.0,0.0118069828247751,5.0
2485.0,0.0410934070520006,8.0
0.0,0.0127462394955899,2.0
0.0,0.0368415535463814,4.0
0.0,0.0155438846915101,8.0
0.0,0.0072231104064969,6.0
0.0,0.0144610720528476,6.0
0.0,0.0333661252533598,8.0
0.0,0.024526589915681,7.0
0.0,0.020946299617853,13.0
0.0,0.0092517173132672,6.0
0.0,0.0,10.0
0.0,0.0,4.0
0.0,0.0,8.0
0.0,0.0,6.0
0.0,0.0,9.0
0.0,0.0,6.0
0.0,0.0,5.0
0.0,0.0,13.0
0.0,0.0,6.0
0.0,0.0,12.0
0.0,0.0,7.0
0.0,0.0,6.0
0.0,0.0,11.0
0.0,0.0,8.0
0.0,0.0,3.0
0.0,0.0,6.0
0.0,0.0,5.0
0.0,0.0,3.0
0.0,0.0,6.0
0.0,0.0,6.0
0.0,0.0,2.0
0.0,0.0,7.0
0.0,0.0,13.0
0.0,0.0,10.0
0.0,0.0,12.0
0.0,0.0,12.0
0.0,0.0353036505839196,9.0
0.0,0.0240553826570849,3.0
0.0,0.0217259714761823,2.0
0.0,0.0217996440169455,10.0
0.0,0.0225436428905495,7.0
0.0,0.011629653572434,6.0
0.0,0.0,6.0
0.0,0.00987342424991,2.0
0.0,0.0006641729082914,12.0
0.0,0.014548069126035,12.0
0.0,0.0123231343595115,12.0
0.0,0.0115099135841075,15.0
0.0,0.0222508625821285,15.0
0.0,0.0175874719601922,15.0
0.0,0.0255198357435762,15.0
0.0,0.021560403102016,13.0
0.0,0.0282623912741607,15.0
0.0,0.0252622168624135,13.0
0.0,0.0243546600642085,15.0
0.0,0.0203358270178087,12.0
0.0,0.0226966497438866,12.0
0.0,0.0361499694780958,11.0
0.0,0.0238798822428749,11.0
0.0,0.0176199495382919,13.0
0.0,0.0171339823773004,10.0
0.0,0.0,13.0
0.0,0.0,14.0
0.0,0.0,15.0
0.0,0.0,11.0
0.0,0.0,13.0
0.0,0.0,14.0
0.0,0.0,15.0
0.0,0.0,12.0
0.0,0.0,15.0
0.0,0.0,12.0
0.0,0.0,15.0
0.0,0.0,11.0
0.0,0.0,11.0
0.0,0.0,9.0
0.0,0.0,12.0
5796.0,0.0107369782017911,9.0
11811.0,0.0118662159884759,15.0
24855.0,0.024852312877736,13.0
36419.0,0.0390147728946153,13.0
49368.0,0.0257281827916226,13.0
24538.0,0.0315879662694971,13.0
19784.0,0.0,13.0
19707.0,0.0146249988078983,15.0
18702.0,0.016213437746934,13.0
1749.0,0.0552475828585608,11.0
6789.0,0.028818943068691,15.0
11361.0,0.0259535013300907,13.0
0.0,0.0301800973101205,14.0
18331.0,0.0200075337232032,5.0
21319.0,0.0295265551750586,10.0
16054.0,0.0248791514667,10.0
26682.0,0.0344619565630894,11.0
6351.0,0.0331650014844834,15.0
29115.0,0.0431621403075394,11.0
11772.0,0.0492753360873029,12.0
38825.0,0.020736548126307,11.0
28136.0,0.0198337306012103,14.0
21705.0,0.035731502792317,12.0
20709.0,0.0284290344999996,15.0
22479.0,0.0233634353352808,13.0
25281.0,0.0231145363147511,7.0
49971.0,0.0444727566621573,9.0
26843.0,0.0321612780591761,13.0
33112.0,0.0265654423744997,15.0
24023.0,0.0268678740026081,10.0
56318.0,0.0269432495900498,12.0
49993.0,0.0264267463544154,9.0
40297.0,0.0361571785240702,12.0
49185.0,0.0239089303625474,11.0
37148.0,0.0230663233727112,11.0
11053.0,0.0161773993056036,11.0
11375.0,0.0400770137562386,8.0
14040.0,0.0365791572052726,7.0
20241.0,0.0213169716199708,8.0
29141.0,0.034494640032455,11.0
28591.0,0.0202877928136759,9.0
2948.0,0.0295726078009882,10.0
18538.0,0.0293891627417921,8.0
15591.0,0.027567425558307,8.0
11803.0,0.0386830352557746,2.0
13892.0,0.0255741724168861,10.0
5764.0,0.0262143446277451,7.0
3275.0,0.0335288071536909,12.0
19977.0,0.0339500626418916,0.0
18388.0,0.0299220206679779,6.0
25216.0,0.0220138935859639,6.0
14030.0,0.0137740135601744,14.0
27227.0,0.036123817190167,8.0
11456.0,0.0353192075791509,4.0
15964.0,0.0080399355162455,7.0
14145.0,0.0255957507678427,3.0
18216.0,0.0303549460921715,6.0
15347.0,0.0,7.0
19289.0,0.0027902625380205,8.0
10000.0,0.0309452846323834,12.0
10088.0,0.0395864735475265,5.0
10783.0,0.0225003059850884,8.0
13606.0,0.0197329954254108,11.0
15370.0,0.0263220292482663,12.0
0.0,0.0300055567823063,12.0
12067.0,0.0374886590601466,11.0
26239.0,0.0251278161303888,5.0
24779.0,0.0307721111976585,11.0
25326.0,0.0336330890144669,6.0
21811.0,0.016230945149308,9.0
22294.0,0.0266385012351558,8.0
11945.0,0.0339309135499009,9.0
16350.0,0.0299331284081134,3.0
18110.0,0.0279087182685947,11.0
24736.0,0.0340225204122842,5.0
10469.0,0.0445858643802851,13.0
24616.0,0.010530515746433,4.0
9821.0,0.0271115991937729,12.0
0.0,0.0272784063407976,11.0
0.0,0.0448069125396452,8.0
4564.0,0.0196719702132448,13.0
2396.0,0.0083143602203156,6.0
0.0,0.0424845173335433,5.0
330.0,0.031532624262701,6.0
4957.0,0.0135132842287906,11.0
9945.0,0.0160514936747388,9.0
3884.0,0.0174460778280984,9.0
0.0,0.014928045953894,9.0
3763.0,0.0502824168820854,6.0
0.0,0.0276687227879283,5.0
0.0,0.0031038902354083,9.0
0.0,0.0368135655093543,7.0
0.0,0.0158406169522638,6.0
0.0,0.0151077483423457,5.0
0.0,0.0280739404512705,11.0
0.0,0.0136677028488844,9.0
0.0,0.0,10.0
0.0,0.0,8.0
0.0,0.0,6.0
0.0,0.0,8.0
0.0,0.0,10.0
0.0,0.0,7.0
0.0,0.0,5.0
0.0,0.0,10.0
0.0,0.0,8.0
0.0,0.0,15.0
0.0,0.0,11.0
0.0,0.0,7.0
0.0,0.0,11.0
0.0,0.0,10.0
0.0,0.0,4.0
0.0,0.0,5.0
0.0,0.0,7.0
0.0,0.0,9.0
0.0,0.0,6.0
0.0,0.0,7.0
0.0,0.0,5.0
0.0,0.0,8.0
0.0,0.0,13.0
0.0,0.0,10.0
0.0,0.0,12.0
0.0,0.0,15.0
0.0,0.0168229840677639,9.0
0.0,0.0164744196302374,5.0
0.0,0.0011012405566417,7.0
0.0,0.0146533902823349,13.0
0.0,0.0176992860310125,4.0
0.0,0.0301383631762178,5.0
0.0,0.0217342692068001,5.0
0.0,0.0140022492148845,8.0
0.0,0.0035701463644274,14.0
0.0,0.0070203261406039,9.0
0.0,0.0153690057865232,12.0
0.0,0.0172900203284878,15.0
0.0,0.0181378381256945,13.0
0.0,0.0193032283237761,12.0
0.0,0.0174893553787075,12.0
0.0,0.0149025306146341,14.0
0.0,0.0039223648824334,12.0
0.0,0.014452068618426,13.0
0.0,0.0056368540154156,11.0
0.0,0.0241321891810507,13.0
0.0,0.0060269764580828,14.0
0.0,0.0096852753494559,15.0
0.0,0.0269583075875454,11.0
0.0,0.0237790364914253,12.0
0.0,0.0229168533792833,14.0
0.0,0.0,13.0
0.0,0.0,15.0
0.0,0.0,15.0
0.0,0.0,15.0
0.0,0.0,15.0
0.0,0.0,11.0
0.0,0.0,10.0
0.0,0.0,14.0
0.0,0.0,13.0
0.0,0.0,13.0
0.0,0.0,15.0
0.0,0.0,14.0
0.0,0.0,14.0
0.0,0.0,11.0
0.0,0.0,15.0
18234.0,0.0368849456843163,12.0
5237.0,0.032174453962587,15.0
29146.0,0.021527164793949,14.0
36106.0,0.0402002502364581,15.0
44618.0,0.0345684277881704,12.0
31514.0,0.0297810535747545,15.0
6662.0,0.028185059580856,15.0
4045.0,0.0209020790651556,15.0
4982.0,0.0375342379802409,12.0
10985.0,0.0367004980567053,13.0
19072.0,0.0214241971202999,13.0
3989.0,0.0341925052262918,14.0
8007.0,0.0352115953753144,15.0
19892.0,0.0377701124363013,7.0
26334.0,0.0201341423059877,7.0
13354.0,0.0356063534176476,8.0
20126.0,0.0326330827849603,15.0
12988.0,0.015787137689847,10.0
40546.0,0.024042301953043,13.0
7997.0,0.0192527659570194,13.0
24074.0,0.0473985149140725,15.0
29140.0,0.0221484688127584,15.0
25421.0,0.0282310016584112,11.0
24367.0,0.024204919660521,14.0
28850.0,0.016519930470788,7.0
27649.0,0.0191358507464211,7.0
45471.0,0.0203592634378279,13.0
46188.0,0.0138027855915191,11.0
26394.0,0.0,11.0
32644.0,0.0198885039679757,13.0
62966.0,0.0160842541665696,9.0
50781.0,0.0239726936336624,12.0
52301.0,0.0033281636280951,14.0
53429.0,0.029555539124137,9.0
52383.0,0.0224532712822984,9.0
15093.0,0.0521322956908382,9.0
9729.0,0.0082032046957439,7.0
12695.0,0.0164078615659105,3.0
19798.0,0.0294438292169977,11.0
35045.0,0.0121475038998087,7.0
24212.0,0.0401884888902012,6.0
1137.0,0.0101627320111046,7.0
13543.0,0.0,8.0
613.0,0.0411529654959266,9.0
5236.0,0.0086805999554669,8.0
21355.0,0.0331482188580362,7.0
7511.0,0.0258901663026217,7.0
4167.0,0.0528382886836474,10.0
10394.0,0.0188282498589868,0.0
19245.0,0.0215876447710423,5.0
24085.0,0.0111134392946449,8.0
21464.0,0.0255180532195367,9.0
28785.0,0.0336734656706474,10.0
22251.0,0.037364434486636,9.0
4762.0,0.0197401088054841,5.0
6447.0,0.0276656236668271,2.0
33751.0,0.027540845885876,8.0
8392.0,0.0138071145528252,11.0
19166.0,0.0290090938761151,8.0
3838.0,0.0364229914992726,10.0
12854.0,0.006659775778637,9.0
13729.0,0.0272008912758271,9.0
16322.0,0.0286349445365336,9.0
16784.0,0.0203808070986019,9.0
5891.0,0.0198772427644448,10.0
12147.0,0.0379763054787502,14.0
32307.0,0.0543530667307071,4.0
40940.0,0.05323271418505,11.0
27842.0,0.0324212947992537,8.0
27613.0,0.0307792989946953,6.0
7021.0,0.0252439994692304,7.0
7579.0,0.0376248987334275,9.0
12328.0,0.0444705509759023,7.0
16764.0,0.0535282858830013,9.0
21446.0,0.03061576531935,6.0
10154.0,0.0045947469270367,11.0
17237.0,0.0279888957872305,5.0
21631.0,0.0157732801226614,7.0
210.0,0.0287270782220163,12.0
0.0,0.0172993727321445,8.0
1455.0,0.0180850420308872,9.0
0.0,0.0133417760464753,10.0
5428.0,0.0031124466770343,7.0
0.0,0.0220537665724107,6.0
95.0,0.0333975014267344,8.0
11874.0,0.0318839867824747,8.0
11717.0,0.0258880528351142,7.0
5248.0,0.0111752832978767,6.0
0.0,0.0136088326541389,8.0
0.0,0.0161773437514032,5.0
0.0,0.0248394156155581,5.0
0.0,0.0063685690846906,5.0
0.0,0.0108175402794403,10.0
0.0,0.0076807746176009,7.0
0.0,0.0164927062128971,10.0
0.0,0.0059067923152108,8.0
0.0,0.0,6.0
0.0,0.0,7.0
0.0,0.0,5.0
0.0,0.0,9.0
0.0,0.0,8.0
0.0,0.0,8.0
0.0,0.0,8.0
0.0,0.0,11.0
0.0,0.0,5.0
0.0,0.0,15.0
0.0,0.0,5.0
0.0,0.0,3.0
0.0,0.0,8.0
0.0,0.0,5.0
0.0,0.0,3.0
0.0,0.0,4.0
0.0,0.0,6.0
0.0,0.0,4.0
0.0,0.0,5.0
0.0,0.0,8.0
0.0,0.0,6.0
0.0,0.0,8.0
0.0,0.0,12.0
0.0,0.0,7.0
0.0,0.0,13.0
0.0,0.0,14.0
0.0,0.0132526379906102,8.0
0.0,0.0305209594847521,3.0
0.0,0.0222995844089672,6.0
0.0,0.0174032613152128,10.0
0.0,0.0168744949617572,10.0
0.0,0.0272115862640341,6.0
0.0,0.0004073546998462,6.0
0.0,0.0171820152220554,4.0
0.0,0.0,12.0
0.0,0.0183382433883114,13.0
0.0,0.0171855833918315,13.0
0.0,0.0218880876949351,15.0
0.0,0.0234336200117835,9.0
0.0,0.0156195814874247,10.0
0.0,0.0357022161573697,10.0
0.0,0.0146799180346964,15.0
0.0,0.0167754927193615,14.0
0.0,0.0295644225606459,12.0
0.0,0.0043632808619192,10.0
0.0,0.0,12.0
0.0,0.0109245478148871,11.0
0.0,0.00998144006377,13.0
0.0,0.0137639154099659,12.0
0.0,0.0165245591996359,15.0
0.0,0.0120771737621432,15.0
0.0,0.0,13.0
0.0,0.0,12.0
0.0,0.0,12.0
0.0,0.0,12.0
0.0,0.0,12.0
0.0,0.0,14.0
0.0,0.0,13.0
0.0,0.0,14.0
0.0,0.0,13.0
0.0,0.0,15.0
0.0,0.0,15.0
0.0,0.0,14.0
0.0,0.0,13.0
0.0,0.0,14.0
0.0,0.0,10.0
15026.0,0.0214673178742622,14.0
3405.0,0.0017026644147739,15.0
28683.0,0.0242124478343451,11.0
31938.0,0.0204856084473386,13.0
41822.0,0.0415673062393381,12.0
21983.0,0.022053297172491,12.0
9102.0,0.0431602996121602,8.0
0.0,0.031668599052067,9.0
10140.0,0.0282916549763415,15.0
12132.0,0.023036124127878,10.0
0.0,0.0253670540689192,14.0
1551.0,0.0239966817474735,14.0
3886.0,0.066210906756485,11.0
14799.0,0.0470186450017991,8.0
14825.0,0.0457032225522023,8.0
24337.0,0.0457438163620155,7.0
23060.0,0.0351487540558447,14.0
11002.0,0.0403091823670662,13.0
23983.0,0.0432580671793229,13.0
21666.0,0.0248379033698073,14.0
29554.0,0.0531118930265886,14.0
36666.0,0.0306488624526891,12.0
24500.0,0.0345948334895405,9.0
20828.0,0.0364451076066232,12.0
22978.0,0.0222875770102148,9.0
31332.0,0.0275885773980647,13.0
43087.0,0.0420818529128872,10.0
38123.0,0.0254217792125316,14.0
26641.0,0.0414035666861408,14.0
35461.0,0.0307126665423507,15.0
60581.0,0.0311951986300664,9.0
58034.0,0.0107891289886172,15.0
49538.0,0.0237742158559682,13.0
53291.0,0.0335519363906128,11.0
39858.0,0.0263537098584742,5.0
19384.0,0.0373423026760458,9.0
13296.0,0.0380576165429409,9.0
9088.0,0.0203498855162959,5.0
35757.0,0.0210897474578346,12.0
22359.0,0.0272084184390709,10.0
19712.0,0.0245629803530757,8.0
10054.0,0.0311532674289746,7.0
9760.0,0.0264454974911328,7.0
11280.0,0.0296744766523206,6.0
0.0,0.0446991209672701,6.0
17263.0,0.013720004239869,8.0
9250.0,0.0215239780155617,6.0
0.0,0.0359522229962895,5.0
6193.0,0.0126161306788026,5.0
26675.0,0.0251471392841515,9.0
35892.0,0.020165289750953,8.0
9884.0,0.0271260466008791,12.0
18398.0,0.036489750199284,5.0
6729.0,0.0054777251795545,8.0
14576.0,0.0206447066209361,5.0
3940.0,0.0185590366129397,3.0
24933.0,0.0363305748735989,4.0
2006.0,0.0202963460872653,7.0
5668.0,0.0093811813244448,8.0
22558.0,0.0251888308601739,9.0
9647.0,0.041320122044936,8.0
6336.0,0.0318104822089445,10.0
17277.0,0.0298221648433692,9.0
3981.0,0.0310635779853827,12.0
13872.0,0.0236078265499904,6.0
5639.0,0.0209713214660253,13.0
26795.0,0.0285076174885972,5.0
32632.0,0.0156147559157447,9.0
12231.0,0.0145053132208348,9.0
17462.0,0.0230571245597139,9.0
7609.0,0.0382277900849625,8.0
19693.0,0.0289985948311312,10.0
12191.0,0.0255886390928462,6.0
12862.0,0.0382479768816769,5.0
21490.0,0.0357798244017964,5.0
17271.0,0.0260665782840666,6.0
0.0,0.0230278517237882,3.0
9864.0,0.0242806061907774,8.0
0.0,0.0187015608695563,11.0
13202.0,0.0247495662538083,11.0
0.0,0.0174868116776194,10.0
9933.0,0.0327225508791563,7.0
6581.0,0.0180890218178633,7.0
3915.0,0.0072239480881369,4.0
0.0,0.0225795843154487,6.0
10118.0,0.0063124313198793,8.0
2240.0,0.0216883681000718,7.0
8378.0,0.0195442322745673,7.0
2030.0,0.019394039532202,9.0
0.0,0.0350743056730927,7.0
0.0,0.0199646302884494,7.0
0.0,0.0206632201715868,4.0
0.0,0.0,8.0
0.0,0.0365208268133691,7.0
0.0,0.0210864102716827,5.0
0.0,0.003054238506376,10.0
0.0,0.0,7.0
0.0,0.0,11.0
0.0,0.0,6.0
0.0,0.0,10.0
0.0,0.0,4.0
0.0,0.0,5.0
0.0,0.0,6.0
0.0,0.0,10.0
0.0,0.0,4.0
0.0,0.0,15.0
0.0,0.0,6.0
0.0,0.0,10.0
0.0,0.0,10.0
0.0,0.0,4.0
0.0,0.0,6.0
0.0,0.0,10.0
0.0,0.0,3.0
0.0,0.0,8.0
0.0,0.0,3.0
0.0,0.0,8.0
0.0,0.0,6.0
0.0,0.0,9.0
0.0,0.0,12.0
0.0,0.0,11.0
0.0,0.0,11.0
0.0,0.0,13.0
0.0,0.0280752948248674,15.0
0.0,0.0112648966416642,9.0
0.0,0.0259354676695275,5.0
0.0,0.0044419686868154,12.0
0.0,0.0215335679906313,4.0
0.0,0.011055666856376,7.0
0.0,0.0222396639084612,4.0
0.0,0.0150557561672848,4.0
0.0,0.0179201392112333,15.0
0.0,0.0243797584034238,13.0
0.0,0.0,10.0
0.0,0.0284675751124521,15.0
0.0,0.0328889807085919,13.0
0.0,0.0085621145350105,13.0
0.0,0.011007656887215,15.0
0.0,0.0210142732623965,15.0
0.0,0.0338333403993809,9.0
0.0,0.0,10.0
0.0,0.0208503275942908,13.0
0.0,0.006077217507841,14.0
0.0,0.0189609414130407,13.0
0.0,0.0175805260898355,15.0
0.0,0.0182610708375536,15.0
0.0,0.0117988759044296,14.0
0.0,0.0179926160444368,15.0
0.0,0.0,15.0
0.0,0.0,7.0
0.0,0.0,9.0
0.0,0.0,12.0
0.0,0.0,14.0
0.0,0.0,13.0
0.0,0.0,15.0
0.0,0.0,14.0
0.0,0.0,12.0
0.0,0.0,15.0
0.0,0.0,15.0
0.0,0.0,15.0
0.0,0.0,9.0
0.0,0.0,14.0
0.0,0.0,15.0
13974.0,0.0448569505633638,15.0
4404.0,0.0399988357031762,14.0
27175.0,0.0292365537895816,14.0
34297.0,0.0177907364702179,12.0
57771.0,0.0290975402879263,9.0
21757.0,0.0372694545006576,13.0
6559.0,0.019435454643733,15.0
16630.0,0.0504050708415152,15.0
0.0,0.0372371106180415,13.0
2234.0,0.0346743085529754,13.0
14900.0,0.0297286348778671,11.0
10176.0,0.0158890552652155,15.0
14435.0,0.0165485509657233,11.0
9059.0,0.042634846606183,7.0
18347.0,0.0370455446227719,9.0
30033.0,0.01073439457476,6.0
30363.0,0.0374815727993381,13.0
19692.0,0.0305872405524259,14.0
31658.0,0.018500690959646,13.0
17344.0,0.0567933578456568,10.0
28125.0,0.0322656797763605,13.0
34603.0,0.0383632560457545,15.0
17376.0,0.0147357413102872,11.0
26687.0,0.0240493070367013,12.0
17893.0,0.0156521188355346,14.0
27011.0,0.0256964818692103,9.0
38229.0,0.0205083141293779,8.0
40021.0,0.0347064981099221,11.0
32551.0,0.0315920469314638,10.0
32806.0,0.0152943087898688,12.0
46478.0,0.0359877135383535,12.0
46418.0,0.0307351174586566,10.0
46221.0,0.0572417052351286,15.0
53417.0,0.0218783047919232,13.0
32842.0,0.0371285076121469,10.0
8281.0,0.0238141104053603,10.0
7844.0,0.0308103517969221,11.0
7567.0,0.0280761653685739,6.0
18946.0,0.0264238589498674,12.0
28023.0,0.0112010688521416,11.0
5611.0,0.0376055848365745,10.0
17410.0,0.0240760844799231,8.0
10725.0,0.0316165406425146,9.0
12840.0,0.0262638270174858,7.0
0.0,0.0368321911923922,7.0
20661.0,0.0097192751328102,10.0
15035.0,0.0271449168578404,11.0
7731.0,0.0368703300351406,9.0
6823.0,0.0341919258704269,3.0
19435.0,0.0293205485620336,5.0
27075.0,0.0041145508931491,8.0
9426.0,0.0353969425473849,10.0
19867.0,0.0228504176058409,7.0
12226.0,0.0331438299283619,7.0
10385.0,0.0291157776277243,2.0
14260.0,0.0317850986276459,5.0
21611.0,0.0218974352766752,4.0
8798.0,0.0129708572847827,7.0
13946.0,0.0308570769292851,5.0
10054.0,0.0159586083282095,7.0
14755.0,0.0127374190490649,12.0
4052.0,0.0175887814034982,11.0
19452.0,0.0278523509564977,10.0
14641.0,0.0167568779921775,9.0
13263.0,0.0080328532298441,11.0
4587.0,0.0161182370456071,13.0
30562.0,0.0250906005551171,5.0
19651.0,0.0264719655238365,13.0
26353.0,0.0197302611156998,10.0
24376.0,0.0072025187792733,7.0
8386.0,0.0272190105065926,5.0
9919.0,0.0140410404654056,9.0
22976.0,0.0135013066796479,7.0
12930.0,0.0210271526114224,5.0
16047.0,0.0304902274149864,3.0
14687.0,0.0253261335009128,10.0
12220.0,0.0304194290523672,3.0
6636.0,0.0272271208427333,12.0
0.0,0.0247356201306224,9.0
3657.0,0.0102087524527376,10.0
0.0,0.009185503760615,10.0
8443.0,0.0298041937414347,9.0
9635.0,0.0201322747857122,2.0
8720.0,0.0319437692857889,7.0
322.0,0.0051144389734932,5.0
2322.0,0.0211084862608876,10.0
0.0,0.0202526943094852,6.0
197.0,0.0377046360328867,5.0
0.0,0.0253862456731709,7.0
0.0,0.0140114543481952,3.0
0.0,0.0238610646208781,4.0
0.0,0.0140083875933138,4.0
0.0,0.0100987271402284,7.0
0.0,0.0078986348157651,4.0
0.0,0.023368182665676,8.0
0.0,0.0191652109555306,6.0
0.0,0.0,9.0
0.0,0.0,7.0
0.0,0.0,9.0
0.0,0.0,8.0
0.0,0.0,10.0
0.0,0.0,5.0
0.0,0.0,6.0
0.0,0.0,8.0
0.0,0.0,9.0
0.0,0.0,11.0
0.0,0.0,3.0
0.0,0.0,6.0
0.0,0.0,6.0
0.0,0.0,8.0
0.0,0.0,2.0
0.0,0.0,8.0
0.0,0.0,4.0
0.0,0.0,5.0
0.0,0.0,7.0
0.0,0.0,6.0
0.0,0.0,6.0
0.0,0.0,11.0
0.0,0.0,14.0
0.0,0.0,7.0
0.0,0.0,12.0
0.0,0.0,12.0
0.0,0.0253266683834244,9.0
0.0,0.0210429604721682,5.0
0.0,0.0222826574182281,5.0
0.0,0.013682295307515,8.0
0.0,0.0167229776443262,9.0
0.0,0.0201310816853017,8.0
0.0,0.0,7.0
0.0,0.0108120325194675,8.0
0.0,0.0079826523061456,15.0
0.0,0.0303918086860618,14.0
0.0,0.0146251056285336,11.0
0.0,0.0272237154184597,15.0
0.0,0.0033342132683506,11.0
0.0,0.0105567929873397,11.0
0.0,0.0,15.0
0.0,0.0350021623470751,12.0
0.0,0.0136993775366689,15.0
0.0,0.032766181749495,13.0
0.0,0.0083470255820552,14.0
0.0,0.0134537861529263,14.0
0.0,0.0120527217816381,12.0
0.0,0.0044954086959416,13.0
0.0,0.0,9.0
0.0,0.0130497706042996,10.0
0.0,0.0072013392243947,14.0
0.0,0.0,14.0
0.0,0.0,10.0
0.0,0.0,13.0
0.0,0.0,10.0
0.0,0.0,11.0
0.0,0.0,13.0
0.0,0.0,14.0
0.0,0.0,15.0
0.0,0.0,13.0
0.0,0.0,12.0
0.0,0.0,10.0
0.0,0.0,14.0
0.0,0.0,15.0
0.0,0.0,15.0
0.0,0.0,12.0
9883.0,0.0333963865080751,13.0
4550.0,0.0191167416430803,15.0
15494.0,0.0179750520466385,14.0
34220.0,0.0533516184330647,12.0
47883.0,0.0146911504531564,15.0
30949.0,0.0167481033455858,11.0
13944.0,0.0256986357072313,11.0
10325.0,0.0322675855876221,9.0
11402.0,0.0212715180674941,12.0
6889.0,0.0073529796142956,15.0
2945.0,0.0317030081502546,15.0
17008.0,0.0317515617651484,12.0
5212.0,0.0446365592296041,11.0
12543.0,0.0287003005654612,11.0
17060.0,0.0293619607319745,5.0
24021.0,0.0241995833476297,7.0
18673.0,0.0305644451547825,12.0
0.0,0.0392530299933531,10.0
21941.0,0.0217975689277636,15.0
17623.0,0.033535697062279,12.0
22007.0,0.0340970345229383,12.0
25882.0,0.0306228801316381,9.0
21773.0,0.0294087008555878,9.0
19750.0,0.0151302950697367,13.0
22314.0,0.019251720414403,9.0
26757.0,0.0279745182490204,10.0
36583.0,0.0241127549822151,11.0
27088.0,0.0080488127678457,10.0
29185.0,0.0162507334115653,12.0
21708.0,0.0348898198578363,12.0
63394.0,0.0335102610171224,13.0
53741.0,0.0245461694885249,11.0
50449.0,0.009650895988594,13.0
46972.0,0.0330739766591213,9.0
45684.0,0.0129741399759512,6.0
19706.0,0.0286942680444052,9.0
7294.0,0.0407282015632175,9.0
13397.0,0.0158797613266913,5.0
24489.0,0.0106436993221375,9.0
27319.0,0.0,8.0
13035.0,0.0187614734852065,8.0
5090.0,0.0176218017936318,9.0
9718.0,0.0270464944324406,8.0
3828.0,0.0309222506398726,10.0
347.0,0.0168317921352614,9.0
21958.0,0.0339434852921862,7.0
4543.0,0.0096279045377814,6.0
1926.0,0.0233330693175418,10.0
16428.0,0.0154800685390902,5.0
17175.0,0.0393753492787195,4.0
25412.0,0.0176215132713119,10.0
23349.0,0.017924135359225,11.0
23293.0,0.0174817907785935,6.0
19204.0,0.0190506345165574,5.0
23579.0,0.0322322205038414,2.0
17575.0,0.0221857056164989,5.0
21143.0,0.0082573655513046,6.0
7951.0,0.0308198662917903,8.0
8180.0,0.0185435224823841,5.0
5564.0,0.0270301308497611,8.0
18117.0,0.0427591931964096,7.0
8019.0,0.030868027496267,9.0
29329.0,0.0350204116271143,9.0
10340.0,0.043900683685034,9.0
0.0,0.0273725787788295,15.0
17750.0,0.0031722195463534,10.0
24323.0,0.0272762336794147,3.0
28075.0,0.0318728041465847,10.0
18578.0,0.0318048061184624,7.0
37350.0,0.0290521907296765,8.0
10765.0,0.035936013660834,7.0
14357.0,0.0170226588026712,8.0
20426.0,0.035172411264955,4.0
18818.0,0.0345154026850576,6.0
18728.0,0.0206785963872914,7.0
13147.0,0.0417584532379966,9.0
8743.0,0.0168925169007673,6.0
0.0,0.038480327858463,10.0
10265.0,0.037297130505542,12.0
3101.0,0.023558840257986,10.0
16828.0,0.0313591009600104,10.0
8790.0,0.0340398205404336,9.0
7205.0,0.0119271196313885,3.0
13202.0,0.0362150353117778,8.0
3555.0,0.0209772553225537,6.0
1925.0,0.0128071407277634,6.0
2259.0,0.0160890348104037,9.0
3162.0,0.0224227119730572,5.0
6530.0,0.0286093133730219,8.0
0.0,0.0,5.0
0.0,0.011969125345751,7.0
0.0,0.0366891080519492,4.0
0.0,0.0320987409982549,7.0
0.0,0.0125422543522387,9.0
0.0,0.0128082853324297,9.0
0.0,0.0142294768126864,7.0
0.0,0.0,7.0
0.0,0.0,11.0
0.0,0.0,8.0
0.0,0.0,6.0
0.0,0.0,11.0
0.0,0.0,10.0
0.0,0.0,3.0
0.0,0.0,10.0
0.0,0.0,5.0
0.0,0.0,14.0
0.0,0.0,3.0
0.0,0.0,7.0
0.0,0.0,6.0
0.0,0.0,8.0
0.0,0.0,5.0
0.0,0.0,7.0
0.0,0.0,6.0
0.0,0.0,5.0
0.0,0.0,5.0
0.0,0.0,7.0
0.0,0.0,5.0
0.0,0.0,7.0
0.0,0.0,14.0
0.0,0.0,12.0
0.0,0.0,11.0
0.0,0.0,12.0
0.0,0.0196583611192894,11.0
0.0,0.0001438728918193,2.0
0.0,0.0268884474320347,7.0
0.0,0.0228923345000302,8.0
0.0,0.021139616706182,10.0
0.0,0.0384422842186144,7.0
0.0,0.0086659362344515,6.0
0.0,0.0008346255281407,5.0
0.0,0.0116704575637578,12.0
0.0,0.0172581105512429,10.0
0.0,0.0137284194076708,12.0
0.0,0.0013611456470659,12.0
0.0,0.0184658982259545,15.0
0.0,0.0286624060318165,14.0
0.0,0.014626971190915,11.0
0.0,0.0099090524203612,8.0
0.0,0.0163694717909821,14.0
0.0,0.0131612276443572,14.0
0.0,0.0286897943050411,13.0
0.0,0.0173916990072013,14.0
0.0,9.490261468510924e-06,15.0
0.0,0.0323066265033761,9.0
0.0,0.0049299162326856,14.0
0.0,0.0046873136786829,10.0
0.0,0.0063852183042815,15.0
0.0,0.0,11.0
0.0,0.0,15.0
0.0,0.0,15.0
0.0,0.0,15.0
0.0,0.0,14.0
0.0,0.0,14.0
0.0,0.0,14.0
0.0,0.0,13.0
0.0,0.0,15.0
0.0,0.0,14.0
0.0,0.0,12.0
0.0,0.0,11.0
0.0,0.0,15.0
0.0,0.0,10.0
0.0,0.0,14.0
21081.0,0.0134068596976912,13.0
6108.0,0.0226083320008059,12.0
33452.0,0.0093827373741062,15.0
53996.0,0.0080953143248254,11.0
45773.0,0.0252824666432412,13.0
30659.0,0.0276573622940597,15.0
17097.0,0.02894366022538,11.0
7367.0,0.0162594782112975,14.0
8725.0,0.0278550214652534,12.0
1769.0,0.0244091632175939,14.0
9176.0,0.0226675082600249,11.0
8732.0,0.0447127182352548,13.0
12083.0,0.0443161181593882,9.0
18418.0,0.0324111768513446,6.0
18417.0,0.0419864481592968,8.0
21642.0,0.0305289747959118,15.0
18582.0,0.0375095933179919,12.0
11971.0,0.0200706390123626,13.0
49846.0,0.0296883017946641,12.0
19510.0,0.0307325939599588,11.0
31977.0,0.0069719437309521,12.0
35870.0,0.018120427101237,11.0
18803.0,0.0250601588851414,11.0
20901.0,0.0356480601215738,10.0
25030.0,0.0344829573357124,9.0
18887.0,0.0085411420012249,12.0
39966.0,0.0233642050404207,5.0
31203.0,0.0296286293003766,10.0
31545.0,0.0071571240096444,14.0
30853.0,0.0203691267038249,13.0
54784.0,0.021624950231066,14.0
48957.0,0.0285029128790628,12.0
42735.0,0.0428705168080411,14.0
67785.0,0.0254166575554761,10.0
41084.0,0.0,11.0
19561.0,0.0268043552814621,6.0
14366.0,0.0292391197737602,8.0
6608.0,0.0384634816966617,6.0
22059.0,0.0298180778888869,7.0
35987.0,0.0249574663117174,12.0
17948.0,0.0281854540839275,8.0
13607.0,0.0259276869693923,9.0
7937.0,0.0312073373331645,11.0
19089.0,0.0252163247697816,8.0
6028.0,0.034968740995181,3.0
19433.0,0.0113273968253548,8.0
10467.0,0.0286207592615872,8.0
2704.0,0.0260641851595255,11.0
12860.0,0.0317719317213353,6.0
6262.0,0.0228514959061981,9.0
20772.0,0.0139753802049417,6.0
9271.0,0.018105128618438,8.0
27974.0,0.0103631789718527,6.0
20594.0,0.0301575290320887,6.0
15171.0,0.0168654522382142,3.0
13547.0,0.0009440551972118,6.0
13008.0,0.0390057810126345,7.0
20461.0,0.0452238448602078,10.0
17036.0,0.0421724939855801,8.0
1157.0,0.0365904737794543,8.0
14401.0,0.0125001468087769,7.0
9140.0,0.0262458582422623,14.0
15133.0,0.0469130375798661,11.0
17735.0,0.0204175929753185,10.0
0.0,0.0319059656417955,12.0
3553.0,0.0143918439357429,14.0
24952.0,0.0217763467996122,7.0
19273.0,0.0245824289422536,10.0
29216.0,0.0335825190822167,7.0
18436.0,0.0152582066820392,6.0
3433.0,0.0262967030522384,8.0
7973.0,0.0276376546091029,6.0
24251.0,0.0177113108595859,7.0
9190.0,0.0355064323613694,5.0
19475.0,0.0367475443347452,4.0
16931.0,0.0024980974231037,11.0
9860.0,0.0218238697505098,4.0
9865.0,0.0335244812245862,9.0
0.0,0.0391530916096097,9.0
0.0,0.0261033569112656,8.0
1296.0,0.0243907284704897,8.0
0.0,0.0301422895681137,11.0
0.0,0.0366840327592547,8.0
1657.0,0.0197057356610283,7.0
1348.0,0.0288540819367388,9.0
0.0,0.0245565804881645,7.0
4121.0,0.0117036453820146,11.0
4331.0,0.0283456015815503,3.0
3439.0,0.0091980795258571,5.0
0.0,0.0238486666950452,5.0
0.0,0.0258956504690544,3.0
0.0,0.0136101712855767,6.0
0.0,0.0357982229698195,9.0
0.0,0.0125555644440363,9.0
0.0,0.0222996071511499,10.0
0.0,0.0157336244501901,11.0
0.0,0.0,8.0
0.0,0.0,5.0
0.0,0.0,8.0
0.0,0.0,5.0
0.0,0.0,9.0
0.0,0.0,8.0
0.0,0.0,3.0
0.0,0.0,11.0
0.0,0.0,5.0
0.0,0.0,11.0
0.0,0.0,4.0
0.0,0.0,6.0
0.0,0.0,6.0
0.0,0.0,7.0
0.0,0.0,3.0
0.0,0.0,4.0
0.0,0.0,7.0
0.0,0.0,1.0
0.0,0.0,4.0
0.0,0.0,4.0
0.0,0.0,6.0
0.0,0.0,9.0
0.0,0.0,12.0
0.0,0.0,9.0
0.0,0.0,10.0
0.0,0.0,9.0
0.0,0.0240338230113825,3.0
0.0,0.027337930037356,3.0
0.0,0.027718170515673,5.0
0.0,0.0164458099362251,8.0
0.0,0.0033356796681717,9.0
0.0,0.0024062600375294,9.0
0.0,0.0177039070537021,5.0
0.0,0.0,3.0
0.0,0.015333238119312,12.0
0.0,0.0245696392448471,10.0
0.0,0.0195951381100612,15.0
0.0,0.0,11.0
0.0,0.0188529284361412,15.0
0.0,0.0309089398255132,13.0
0.0,0.015558784046059,13.0
0.0,0.0234839031869189,14.0
0.0,0.0,15.0
0.0,0.0279665529742609,15.0
0.0,0.0275046101728658,15.0
0.0,0.0,13.0
0.0,0.0086686689897888,15.0
0.0,0.0180665902026111,11.0
0.0,0.0178299647196356,12.0
0.0,0.0167505613205872,13.0
0.0,0.0036858848381917,15.0
0.0,0.0,14.0
0.0,0.0,12.0
0.0,0.0,14.0
0.0,0.0,15.0
0.0,0.0,13.0
0.0,0.0,11.0
0.0,0.0,11.0
0.0,0.0,13.0
0.0,0.0,13.0
0.0,0.0,11.0
0.0,0.0,12.0
0.0,0.0,14.0
0.0,0.0,13.0
0.0,0.0,13.0
0.0,0.0,11.0
13135.0,0.0095044478775229,15.0
0.0,0.0289000562895219,11.0
29084.0,0.0429945148310215,9.0
44799.0,0.0121607759199482,14.0
50114.0,0.0184634642667994,12.0
16756.0,0.0,11.0
10602.0,0.0285771575671297,15.0
3651.0,0.0448430416263962,12.0
0.0,0.0421746243264495,14.0
13374.0,0.0481301626578981,12.0
16897.0,0.0373222142317823,14.0
0.0,0.0265266543083661,13.0
8983.0,0.026704114571498,13.0
10387.0,0.0476516978167766,8.0
8102.0,0.0411515485485006,6.0
20957.0,0.020421752932511,13.0
19236.0,0.0216162719689181,12.0
15343.0,0.0307468034500608,8.0
35224.0,0.0405207204210218,15.0
14225.0,0.0316816178136936,10.0
33921.0,0.0221483425691331,9.0
28728.0,0.0151527051231565,14.0
26637.0,0.0439982866985017,15.0
22653.0,0.0348683808172203,11.0
27556.0,0.0322377513668773,10.0
33544.0,0.0289802840402687,9.0
40621.0,0.0272758436628168,10.0
35300.0,0.0435556822083459,12.0
21094.0,0.0331983864905994,13.0
22059.0,0.0540512074550899,11.0
55462.0,0.0261958153996355,10.0
58737.0,0.0327644690951581,12.0
55386.0,0.0238963268597956,15.0
67289.0,0.028418353026872,9.0
41587.0,0.0159207974360737,10.0
1191.0,0.0122644811046333,8.0
6956.0,0.0502048932226921,9.0
10692.0,0.029430996536573,6.0
18332.0,0.0145885806630505,11.0
28829.0,0.0188723605522513,8.0
18577.0,0.0155924552731653,5.0
15851.0,0.0271052441389545,8.0
18832.0,0.0392038726619113,9.0
11090.0,0.0269678769779702,7.0
2360.0,0.0349352942033607,6.0
22183.0,0.0412019621269833,10.0
215.0,0.035164593429187,9.0
0.0,0.0197631162214571,7.0
7051.0,0.0134696522699007,6.0
28906.0,0.0287425979878917,4.0
23886.0,0.0171326488220418,10.0
6383.0,0.0253168329572479,12.0
22383.0,0.011417747814182,9.0
14237.0,0.0145232470291331,5.0
22305.0,0.0295877568179119,3.0
6462.0,0.0257967811196351,5.0
24776.0,0.0137725756871437,6.0
16673.0,0.0218086625673851,10.0
16604.0,0.0301155862199654,7.0
1887.0,0.0249765346989463,6.0
20761.0,0.0205823897749563,10.0
5902.0,0.0343726259522651,9.0
17302.0,0.0,9.0
21817.0,0.0223448869107994,9.0
8594.0,0.0263635673755133,11.0
1017.0,0.0116004865734518,15.0
14721.0,0.0321082067797511,4.0
26991.0,0.0179603282136235,10.0
30086.0,0.0351627617466486,10.0
28611.0,0.0302649451956883,7.0
946.0,0.0237043321545555,6.0
10683.0,0.0102878619939894,8.0
0.0,0.0269432697543346,6.0
7457.0,0.0279371873581489,4.0
25199.0,0.0254400477648409,4.0
11573.0,0.0251749187955069,7.0
10979.0,0.0264518390921455,4.0
14860.0,0.0274573987121534,12.0
5580.0,0.0310258131742765,14.0
0.0,0.0268389652969463,8.0
5100.0,0.0304908198457206,9.0
11981.0,0.0188722537703946,10.0
10458.0,0.026048768449525,7.0
0.0,0.0098050826845644,5.0
12881.0,0.0160969830411004,14.0
3389.0,0.0250922511065289,7.0
777.0,0.0222362052315974,10.0
0.0,0.02461607955472,9.0
6274.0,0.0184617170670552,5.0
0.0,0.0323657042011663,6.0
0.0,0.0052276871538941,6.0
0.0,0.0260114401414338,7.0
0.0,0.0246808697679521,9.0
0.0,0.0128666928730607,2.0
0.0,0.0240846055380428,11.0
0.0,0.0191251091449172,4.0
0.0,0.0,6.0
0.0,0.0,6.0
0.0,0.0,9.0
0.0,0.0,6.0
0.0,0.0,7.0
0.0,0.0,5.0
0.0,0.0,6.0
0.0,0.0,10.0
0.0,0.0,7.0
0.0,0.0,15.0
0.0,0.0,6.0
0.0,0.0,4.0
0.0,0.0,10.0
0.0,0.0,9.0
0.0,0.0,7.0
0.0,0.0,7.0
0.0,0.0,7.0
0.0,0.0,4.0
0.0,0.0,4.0
0.0,0.0,9.0
0.0,0.0,3.0
0.0,0.0,10.0
0.0,0.0,15.0
0.0,0.0,9.0
0.0,0.0,10.0
0.0,0.0,15.0
0.0,0.0,11.0
0.0,0.0276390661317366,5.0
0.0,0.0071755913391437,7.0
0.0,0.020981341024217,12.0
0.0,0.0110353709816692,10.0
0.0,0.023091503358165,3.0
0.0,0.0223555183454954,8.0
0.0,0.0272451643086373,7.0
0.0,0.0139684845515284,13.0
0.0,0.0163284359985438,15.0
0.0,0.0098170600302575,14.0
0.0,0.0186385492092376,13.0
0.0,0.0430506479135116,11.0
0.0,0.031999116004369,14.0
0.0,0.0071508119876605,13.0
0.0,0.0198186311526608,13.0
0.0,0.0039069784761388,9.0
0.0,0.0227538033549444,15.0
0.0,0.0177496776003726,10.0
0.0,0.0015883980035879,15.0
0.0,0.0279997678288586,13.0
0.0,0.0205664710139579,10.0
0.0,0.0129029028998778,13.0
0.0,0.0242755056284077,11.0
0.0,0.018807280716364,11.0
0.0,0.0,15.0
0.0,0.0,14.0
0.0,0.0,10.0
0.0,0.0,11.0
0.0,0.0,12.0
0.0,0.0,13.0
0.0,0.0,13.0
0.0,0.0,14.0
0.0,0.0,11.0
0.0,0.0,15.0
0.0,0.0,11.0
0.0,0.0,12.0
0.0,0.0,12.0
0.0,0.0,12.0
0.0,0.0,9.0
10812.0,0.002989636745743,13.0
11001.0,0.0216540431181941,14.0
27112.0,0.0307527238705975,11.0
34464.0,0.0202147897280409,10.0
41291.0,0.0381241962622257,15.0
18530.0,0.0367940624298309,15.0
424.0,0.0129391347538018,14.0
177.0,0.0338399828836136,13.0
2952.0,0.0293476068775717,15.0
0.0,0.0389884056637871,12.0
24143.0,0.0218443876379083,12.0
0.0,0.0287347669306554,10.0
1813.0,0.031140654391652,13.0
12820.0,0.041398508997575,7.0
15818.0,0.0276870014808568,11.0
29779.0,0.019381314625266,6.0
32768.0,0.0422057148709964,12.0
7616.0,0.0247277633492482,14.0
30875.0,0.0344088370008195,15.0
16123.0,0.0195623432549753,9.0
42064.0,0.0257986702342889,14.0
17318.0,0.0266957728485936,10.0
24920.0,0.0492826584081513,11.0
14216.0,0.012703446096495,11.0
29063.0,0.0175122652757041,11.0
37107.0,0.0290510998072441,6.0
43583.0,0.0433723546575519,9.0
33064.0,0.0247576815600815,11.0
22406.0,0.0519175478092166,11.0
27663.0,0.0097220802790847,12.0
55487.0,0.0209524794055006,10.0
60639.0,0.0390998713648269,12.0
33665.0,0.0193117428685007,11.0
50437.0,0.0242170201788654,10.0
37238.0,0.0160539637672386,10.0
18516.0,0.0296116655401692,11.0
6593.0,0.0232381608072881,8.0
25574.0,0.046561995860561,8.0
29916.0,0.0112621260930461,9.0
35807.0,0.0409639828152463,8.0
13089.0,0.0365004095927324,6.0
12193.0,0.0158934317663094,6.0
9717.0,0.0274906871581012,6.0
15518.0,0.0301455928824129,10.0
8874.0,0.0264450646380114,4.0
18892.0,0.0375988614268397,8.0
10498.0,0.0331487693744581,10.0
12071.0,0.0392995311475448,7.0
8339.0,0.0248061872388108,6.0
26543.0,0.019943734119261,6.0
20154.0,0.0380131293988255,13.0
10108.0,0.0279671765561054,15.0
29895.0,0.0192656002215123,6.0
9807.0,0.0314480270099985,5.0
10409.0,0.0250255751111297,3.0
21744.0,0.0304529009173198,6.0
22787.0,0.029447836477208,3.0
20457.0,0.0274499054911343,11.0
6667.0,0.0243884374405438,6.0
11817.0,0.0276134328383163,10.0
7817.0,0.025672224012434,9.0
11949.0,0.0417223474326298,11.0
8506.0,0.0485789594449509,11.0
12838.0,0.0253489146801044,8.0
8749.0,0.0067697886274079,12.0
499.0,0.0091495706197904,11.0
30269.0,0.0398859092563968,2.0
35774.0,0.0183552950695156,15.0
40159.0,0.0353744590321458,7.0
26713.0,0.0380073719414595,10.0
20490.0,0.031056951116334,8.0
18583.0,0.0321134852374477,11.0
10466.0,0.0177619990222836,6.0
2335.0,0.0270253609881077,5.0
16600.0,0.0169995806937485,5.0
12980.0,0.0288562230147733,7.0
9619.0,0.0052751524906552,7.0
0.0,0.0316494666746358,10.0
6344.0,0.0047199930710363,11.0
11920.0,0.0046323276173817,11.0
0.0,0.0206207026206954,13.0
0.0,0.0203421075975822,8.0
0.0,0.0197235135724979,5.0
3790.0,0.0193693212749765,6.0
0.0,0.0369426246062979,5.0
12955.0,0.0321012537214297,6.0
0.0,0.0229563732040956,8.0
0.0,0.0353703416795242,5.0
6668.0,0.0194100262251156,6.0
0.0,0.0081757606881119,8.0
0.0,0.0143246731952526,7.0
0.0,0.0,6.0
0.0,0.0116209099592308,6.0
0.0,0.0281560050536906,6.0
0.0,0.0052308727197924,5.0
0.0,0.0060144126370103,8.0
0.0,0.0,5.0
0.0,0.0,13.0
0.0,0.0,8.0
0.0,0.0,6.0
0.0,0.0,6.0
0.0,0.0,11.0
0.0,0.0,5.0
0.0,0.0,11.0
0.0,0.0,9.0
0.0,0.0,12.0
0.0,0.0,3.0
0.0,0.0,6.0
0.0,0.0,10.0
0.0,0.0,9.0
0.0,0.0,2.0
0.0,0.0,6.0
0.0,0.0,3.0
0.0,0.0,5.0
0.0,0.0,3.0
0.0,0.0,8.0
0.0,0.0,5.0
0.0,0.0,6.0
0.0,0.0,12.0
0.0,0.0,15.0
0.0,0.0,14.0
0.0,0.0,14.0
0.0,0.0,8.0
0.0,0.0,9.0
0.0,0.0341440039940298,6.0
0.0,0.022207377023995,10.0
0.0,0.0119905013970735,7.0
0.0,0.0140062328019327,5.0
0.0,0.0110250244178685,7.0
0.0,0.0300618630573009,8.0
0.0,0.0313443069028803,15.0
0.0,0.0094405904550945,15.0
0.0,0.0171748637636657,15.0
0.0,0.0055929486239741,11.0
0.0,0.010855611787232,10.0
0.0,0.0198228413981551,11.0
0.0,0.0074267144924691,11.0
0.0,0.0294293928588261,13.0
0.0,0.015775205655361,12.0
0.0,0.0200963920581604,14.0
0.0,0.0215234219300916,14.0
0.0,0.0296877094198423,14.0
0.0,0.015468064520026,10.0
0.0,0.0205469963228597,10.0
0.0,0.0136080564284361,11.0
0.0,0.0174705842879111,12.0
0.0,0.0,11.0
0.0,0.0,13.0
0.0,0.0,13.0
0.0,0.0,13.0
0.0,0.0,12.0
0.0,0.0,14.0
0.0,0.0,12.0
0.0,0.0,13.0
0.0,0.0,13.0
0.0,0.0,12.0
0.0,0.0,13.0
0.0,0.0,13.0
0.0,0.0,11.0
0.0,0.0,11.0
0.0,0.0,15.0
0.0,0.0,14.0
16987.0,0.0230924753112973,11.0
0.0,0.0266226412498602,15.0
23559.0,0.0322000676099758,13.0
44421.0,0.0289924810019882,12.0
51042.0,0.0410225876951853,11.0
24076.0,0.0301437211540607,12.0
15710.0,0.0377055169437489,13.0
3683.0,0.0249918139415417,14.0
582.0,0.02678601033911,15.0
7916.0,0.0200396892966626,13.0
19950.0,0.0332775155004923,12.0
7178.0,0.0321552266294384,13.0
0.0,0.0203502319119336,13.0
12971.0,0.047497879784619,7.0
19442.0,0.0257562971662996,10.0
19810.0,0.011762675511199,13.0
16325.0,0.033860156925744,15.0
744.0,0.0416233541246133,14.0
37670.0,0.0121139417251619,15.0
17367.0,0.0216892992343865,13.0
32001.0,0.0254049522747881,12.0
29905.0,0.0230199742947114,14.0
19005.0,0.0346734401179378,10.0
20799.0,0.045330063551223,12.0
18994.0,0.0203998738504514,10.0
21760.0,0.0432811187779738,7.0
47902.0,0.0322889211635747,13.0
14320.0,0.0240118240897923,10.0
21623.0,0.024878102570606,13.0
26474.0,0.018382463412013,13.0
55985.0,0.0099840625483845,7.0
48556.0,0.036238701698481,8.0
53935.0,0.0486877226455898,12.0
52928.0,0.0233563715164258,15.0
46848.0,0.0153140780603805,12.0
13239.0,0.0247922487920418,8.0
14083.0,0.0295759969866392,8.0
10058.0,0.03130464786464,7.0
34748.0,0.0199845076236969,14.0
22838.0,0.0168951993566351,11.0
21331.0,0.0233520155480878,6.0
15773.0,0.0227853835122998,8.0
14950.0,0.0265082291914596,6.0
9264.0,0.0301970192934912,6.0
11868.0,0.0188234860414297,6.0
33005.0,0.0456488242913014,11.0
17660.0,0.0200978985172283,8.0
6180.0,0.0204245835372059,7.0
5050.0,0.0225259917836819,4.0
22546.0,0.017254849818124,6.0
27519.0,0.0398381458714895,10.0
16327.0,0.0155844211910198,7.0
28464.0,0.0288048203657008,5.0
8232.0,0.0226627288317941,4.0
23161.0,0.0182240291617583,7.0
8346.0,0.0424291642529034,7.0
24637.0,0.03240904632816,7.0
25344.0,0.0135116817465169,7.0
7701.0,0.0116658174183885,8.0
17123.0,0.0168985194618248,6.0
14003.0,0.0311480878751035,5.0
8301.0,0.0178014236163064,10.0
14515.0,0.0300278086901482,11.0
16391.0,0.0334278393937577,7.0
17070.0,0.0329437799673389,10.0
3432.0,0.0277732529079432,15.0
21463.0,0.0298890103884824,9.0
27822.0,0.019708967030536,10.0
16338.0,0.0504511939021923,9.0
21152.0,0.0,9.0
7984.0,0.0155698479415958,7.0
20857.0,0.0215383662789845,8.0
12554.0,0.0167631173306842,9.0
9010.0,0.0283529875183523,9.0
19918.0,0.0269055293784205,6.0
16364.0,0.0459327194051705,8.0
14395.0,0.0219835820601293,4.0
16492.0,0.01220325955752,6.0
8509.0,0.0301796909124764,11.0
6190.0,0.0221722613419421,6.0
6991.0,0.0106432759060292,11.0
0.0,0.0248925637488319,8.0
8013.0,0.0036625307321536,4.0
0.0,0.0003937066914357,4.0
9604.0,0.0182070909287031,6.0
12130.0,0.018479753091459,9.0
317.0,0.0071339884635806,10.0
5871.0,0.0054888311671934,4.0
13599.0,0.0221079423674535,3.0
0.0,0.0230033299398064,5.0
0.0,0.0137312440574746,9.0
0.0,0.0185834052289728,4.0
0.0,0.0355432138022299,4.0
0.0,0.0379355549706028,9.0
0.0,0.0192187298310234,7.0
0.0,0.0248281950061512,11.0
0.0,0.0,5.0
0.0,0.0,10.0
0.0,0.0,5.0
0.0,0.0,8.0
0.0,0.0,10.0
0.0,0.0,4.0
0.0,0.0,4.0
0.0,0.0,8.0
0.0,0.0,3.0
0.0,0.0,13.0
0.0,0.0,2.0
0.0,0.0,4.0
0.0,0.0,6.0
0.0,0.0,7.0
0.0,0.0,6.0
0.0,0.0,6.0
0.0,0.0,6.0
0.0,0.0,3.0
0.0,0.0,3.0
0.0,0.0,8.0
0.0,0.0,5.0
0.0,0.0,11.0
0.0,0.0,9.0
0.0,0.0,8.0
0.0,0.0,8.0
0.0,0.0,12.0
0.0,0.0390507531255298,10.0
0.0,0.0059168169340657,6.0
0.0,0.0259065441007569,6.0
0.0,0.0017315859378998,7.0
0.0,0.0040578069678555,8.0
0.0,0.0221828532108898,8.0
0.0,0.0138699697537791,9.0
0.0,0.0054218395122499,6.0
0.0,0.0297351912406742,13.0
0.0,0.0230723992971982,13.0
0.0,0.0059546011471244,12.0
0.0,0.0171828178780557,10.0
0.0,0.0263611940776724,13.0
0.0,0.0154362361453012,15.0
0.0,0.0,15.0
0.0,0.0126583516657811,12.0
0.0,0.0033500972061576,9.0
0.0,0.0361359102539563,11.0
0.0,0.0252176980978426,13.0
0.0,0.0299762415241458,9.0
0.0,0.0216331366920205,15.0
0.0,0.0138260613815173,13.0
0.0,0.0284657795261237,10.0
0.0,0.015040714724138,10.0
0.0,0.0147002382534136,14.0
0.0,0.0,13.0
0.0,0.0,13.0
0.0,0.0,15.0
0.0,0.0,13.0
0.0,0.0,15.0
0.0,0.0,13.0
0.0,0.0,15.0
0.0,0.0,10.0
0.0,0.0,14.0
0.0,0.0,11.0
0.0,0.0,13.0
0.0,0.0,13.0
0.0,0.0,12.0
0.0,0.0,11.0
0.0,0.0,13.0
17790.0,0.0096899122402985,14.0
0.0,0.0205461067527596,13.0
29033.0,0.0333369775638225,10.0
46185.0,0.0269631192446103,12.0
49842.0,0.016407947627071,14.0
25722.0,0.0232653258906289,15.0
11684.0,0.0284163334610919,8.0
1504.0,0.0133065974391009,13.0
0.0,0.0210466488839823,8.0
8791.0,0.0395820157202471,15.0
6352.0,0.0284931259798595,13.0
6679.0,0.0306660867531341,14.0
12547.0,0.0316879819991362,13.0
22291.0,0.0290757977755063,10.0
18989.0,0.0231681304349532,8.0
19377.0,0.0534827132345986,8.0
11985.0,0.0385970745609378,14.0
13759.0,0.0420796879428236,12.0
26118.0,0.0322468108528419,14.0
14831.0,0.0216986750756799,15.0
30339.0,0.0152761408989448,11.0
26240.0,0.023270253826324,11.0
17942.0,0.0392932419790229,13.0
14030.0,0.0333091463643455,12.0
13947.0,0.0168670206646004,15.0
40921.0,0.028864581590078,10.0
44225.0,0.0282289722061228,12.0
39047.0,0.0335796928898057,11.0
28013.0,0.0361230362182736,10.0
32825.0,0.0519796359286984,14.0
49835.0,0.0293012985940198,9.0
50195.0,0.0186216312246986,8.0
43708.0,0.0220741107396108,11.0
64565.0,0.0246158244890993,10.0
46876.0,0.0150804881458287,6.0
14708.0,0.0322711202158351,8.0
18293.0,0.0222219022755434,6.0
14725.0,0.016051124807428,5.0
20955.0,0.0155060359801318,8.0
35397.0,0.0128183380154678,9.0
17555.0,0.0050347270549692,8.0
20071.0,0.0167298134704973,8.0
6690.0,0.0305581879648915,7.0
11731.0,0.0248706378910506,8.0
8181.0,0.0196024948263822,4.0
19920.0,0.0161030175155738,6.0
13090.0,0.0121636832862169,7.0
17138.0,0.0336809942811957,7.0
12551.0,0.0,7.0
22081.0,0.0284521958034523,5.0
23062.0,0.0210216322155229,7.0
21471.0,0.0068549306010505,10.0
23826.0,0.0211677909605801,5.0
17378.0,0.0317556609296518,3.0
20210.0,0.0283036017695327,8.0
12436.0,0.0250681068496055,4.0
36893.0,0.0225388693643237,3.0
13507.0,0.0377912645664736,9.0
13783.0,0.030797094931172,6.0
15829.0,0.0325597872499477,10.0
15134.0,0.0377399923367374,4.0
2494.0,0.0267350330960237,6.0
25608.0,0.0386082681493223,11.0
10199.0,0.0473926792971679,12.0
4484.0,0.0230590622205918,9.0
0.0,0.0189139634403498,11.0
24777.0,0.036847526642894,8.0
24857.0,0.0071531376815013,12.0
33925.0,0.0169590242043467,8.0
35797.0,0.0285192928050397,8.0
10381.0,0.0026282516489753,5.0
10008.0,0.017485064464712,5.0
21052.0,0.0349895305671805,6.0
16520.0,0.0368360369359422,5.0
26567.0,0.0253403731474167,4.0
15263.0,0.0278755171200711,14.0
8871.0,0.0065786541796512,4.0
12456.0,0.0214093578661045,6.0
1470.0,0.0240427555522091,10.0
12651.0,0.0204502496333066,9.0
1739.0,0.0130500392997946,9.0
3999.0,0.0165773775870344,9.0
2482.0,0.0152070111136723,4.0
8075.0,0.0223899283227126,3.0
3251.0,0.0442150915940194,4.0
0.0,0.0266666336129716,6.0
3769.0,0.0249512855387509,5.0
0.0,0.0307934402043252,7.0
3994.0,0.0143336047730834,5.0
0.0,0.0278907580534861,7.0
0.0,0.011467619699744,7.0
0.0,0.0282809044620601,0.0
0.0,0.0038420633109049,9.0
0.0,0.0045664061989649,6.0
0.0,0.00018896133404,12.0
0.0,0.0108016399411698,7.0
0.0,0.0,8.0
0.0,0.0,7.0
0.0,0.0,8.0
0.0,0.0,8.0
0.0,0.0,7.0
0.0,0.0,9.0
0.0,0.0,6.0
0.0,0.0,9.0
0.0,0.0,4.0
0.0,0.0,11.0
0.0,0.0,6.0
0.0,0.0,4.0
0.0,0.0,7.0
0.0,0.0,6.0
0.0,0.0,2.0
0.0,0.0,6.0
0.0,0.0,2.0
0.0,0.0,4.0
0.0,0.0,4.0
0.0,0.0,7.0
0.0,0.0,6.0
0.0,0.0,11.0
0.0,0.0,15.0
0.0,0.0,8.0
0.0,0.0,13.0
0.0,0.0,15.0
0.0,0.0106562484727459,10.0
0.0,0.0194113397593043,3.0
0.0,0.0234180809485898,5.0
0.0,0.0075342214564202,11.0
0.0,0.0118305057120887,5.0
0.0,0.0043513824796689,7.0
0.0,0.0195805004895876,8.0
0.0,0.0214482763007843,8.0
0.0,0.0228717454743852,15.0
0.0,0.0015908355342563,12.0
0.0,0.0410453064941315,14.0
0.0,0.0313259024458173,15.0
0.0,0.0246147693286931,12.0
0.0,0.0071969630100592,13.0
0.0,0.0199248191931818,10.0
0.0,0.0195505957111616,15.0
0.0,0.0254203660184373,15.0
0.0,0.010206154732589,11.0
0.0,0.0095470111944834,15.0
0.0,0.0457101574030935,15.0
0.0,0.015561915478084,11.0
0.0,0.0502674993772506,13.0
0.0,0.0176475365988637,15.0
0.0,0.0252474659327283,14.0
0.0,0.012081073962464,10.0
0.0,0.0,11.0
0.0,0.0,11.0
0.0,0.0,14.0
0.0,0.0,14.0
0.0,0.0,13.0
0.0,0.0,15.0
0.0,0.0,12.0
0.0,0.0,12.0
0.0,0.0,14.0
0.0,0.0,10.0
0.0,0.0,11.0
0.0,0.0,13.0
0.0,0.0,12.0
0.0,0.0,14.0
0.0,0.0,15.0
17116.0,0.0255407256263854,12.0
9055.0,0.0308453749769133,11.0
31214.0,0.0144701319212747,13.0
45143.0,0.0370164157572687,15.0
54626.0,0.0225132828418521,15.0
28231.0,0.0238526251498328,13.0
6733.0,0.0228757461943939,14.0
0.0,0.0352680692160786,11.0
14527.0,0.0208075733014436,13.0
19699.0,0.0295741731222745,9.0
13896.0,0.0188378667811603,8.0
9333.0,0.032254921504558,12.0
5269.0,0.0383956668762395,13.0
11766.0,0.0258765213328351,9.0
13970.0,0.0251898318892829,10.0
15823.0,0.0313000566335629,14.0
21341.0,0.0277466180646692,13.0
17020.0,0.0265672438054036,11.0
25818.0,0.0164924069770484,13.0
13302.0,0.0184524250839012,13.0
28682.0,0.0408688578295257,11.0
28963.0,0.0158572354323156,13.0
19100.0,0.0331549982070548,11.0
33377.0,0.0255807593592686,11.0
16372.0,0.0407303671776961,12.0
20504.0,0.029031478283914,8.0
50167.0,0.0219433318822411,11.0
34012.0,0.0293449103840801,12.0
31313.0,0.0384737353116624,10.0
23256.0,0.0187851536114553,11.0
63897.0,0.0292974893342164,8.0
50243.0,0.0201060126813512,12.0
54648.0,0.0094184837675491,13.0
49508.0,0.0219978414364618,10.0
42432.0,0.0217162410229593,7.0
12130.0,0.0387490176569631,9.0
12947.0,0.0281271196348536,11.0
9864.0,0.0155361669168641,4.0
25902.0,0.0326928659573099,12.0
29294.0,0.0321906947924602,10.0
22439.0,0.0205618692020447,10.0
7892.0,0.0310412441297475,6.0
17435.0,0.0310058625197491,8.0
12320.0,0.0237356153946647,9.0
0.0,0.0279306983576278,6.0
10400.0,0.0340578077558813,8.0
10442.0,0.0434293968086358,8.0
4891.0,0.0221855356753465,8.0
21166.0,0.0398267118042304,8.0
15624.0,0.0261870028042957,9.0
22035.0,0.025221052243104,8.0
17363.0,0.0356759249285328,8.0
29339.0,0.0064368166002005,7.0
10528.0,0.0274335668924901,3.0
15917.0,0.0313839097255896,6.0
3222.0,0.0139221127267079,7.0
32511.0,0.0265109335939061,3.0
12115.0,0.0,8.0
14071.0,0.0195993590170079,7.0
15758.0,0.0378145585520659,7.0
27373.0,0.0354576840581688,8.0
7527.0,0.010816703909894,13.0
21568.0,0.0290572203755475,10.0
11076.0,0.0399162537598151,13.0
15588.0,0.0470499842217169,15.0
8954.0,0.0236597866210755,12.0
21711.0,0.0242182956462467,8.0
19236.0,0.0453525460327718,8.0
32522.0,0.0241947783133482,8.0
27478.0,0.021865789621772,11.0
8194.0,0.03211110871723,6.0
6064.0,0.0264223084421218,7.0
16899.0,0.035278691317874,8.0
22277.0,0.036227330694099,2.0
16022.0,0.012995820066737,3.0
6140.0,0.0203371737903398,9.0
12304.0,0.0081522120568341,4.0
8255.0,0.0,8.0
8128.0,0.0261191485221812,11.0
5752.0,0.0360057569374345,8.0
9045.0,0.0178109143530861,9.0
8656.0,0.0218823296232725,9.0
0.0,0.0139195534150782,8.0
0.0,0.0221980978024401,6.0
8944.0,0.0019632636776683,5.0
3056.0,0.0109107502225251,7.0
0.0,0.0038235228242954,12.0
0.0,0.0183355911124289,6.0
12241.0,0.0157638970708566,3.0
0.0,0.0066108300085456,6.0
0.0,0.0322921878494401,7.0
0.0,0.0291146125096086,5.0
0.0,0.0239643514988435,6.0
0.0,0.0223078561752863,4.0
0.0,0.0069009833861685,8.0
0.0,0.0240255040362306,5.0
0.0,0.0,6.0
0.0,0.0,12.0
0.0,0.0,6.0
0.0,0.0,7.0
0.0,0.0,12.0
0.0,0.0,11.0
0.0,0.0,4.0
0.0,0.0,6.0
0.0,0.0,10.0
0.0,0.0,14.0
0.0,0.0,8.0
0.0,0.0,2.0
0.0,0.0,11.0
0.0,0.0,5.0
0.0,0.0,4.0
0.0,0.0,10.0
0.0,0.0,5.0
0.0,0.0,4.0
0.0,0.0,3.0
0.0,0.0,1.0
0.0,0.0,5.0
0.0,0.0,12.0
0.0,0.0,13.0
0.0,0.0,9.0
0.0,0.0,12.0
0.0,0.0,15.0
0.0,0.0128003930578983,14.0
0.0,0.0073879280786814,5.0
0.0,0.0019477648096606,6.0
0.0,0.0145696527471625,10.0
0.0,0.0116397709168082,11.0
0.0,0.012814449885868,5.0
0.0,0.0008625612184212,5.0
0.0,0.0175404912240066,5.0
0.0,0.0327077033751844,14.0
0.0,0.0127396622251539,10.0
0.0,0.0296411363445337,15.0
0.0,0.018267968768255,14.0
0.0,0.0059432118629987,11.0
0.0,0.0324728341192709,15.0
0.0,0.0010149379932748,13.0
0.0,0.0326783261507439,10.0
0.0,0.017561487396774,13.0
0.0,0.021923999810103,13.0
0.0,0.0191336867032394,10.0
0.0,0.0167861880095857,8.0
0.0,0.0300478497795598,14.0
0.0,0.0196877495109076,11.0
0.0,0.0375174998944347,13.0
0.0,0.0047731519692775,15.0
0.0,0.0189639505238844,13.0
0.0,0.0,13.0
0.0,0.0,13.0
0.0,0.0,11.0
0.0,0.0,12.0
0.0,0.0,13.0
0.0,0.0,15.0
0.0,0.0,15.0
0.0,0.0,13.0
0.0,0.0,15.0
0.0,0.0,11.0
0.0,0.0,12.0
0.0,0.0,14.0
0.0,0.0,15.0
0.0,0.0,10.0
0.0,0.0,14.0
17437.0,0.0289923598768076,12.0
13737.0,0.0168081329373341,13.0
22195.0,0.0242637750616243,13.0
38877.0,0.0294164609647551,12.0
55568.0,0.0315055001219225,13.0
29687.0,0.0255556413486194,15.0
5097.0,0.0289728666328208,15.0
7884.0,0.0297962454712261,15.0
1408.0,0.0240664804237692,15.0
7837.0,0.0138795223670348,13.0
1348.0,0.0385044559121303,15.0
8061.0,0.0179411564010442,11.0
3179.0,0.0399354029883644,11.0
15414.0,0.0355168255984308,7.0
30727.0,0.0385987483015245,7.0
26991.0,0.0340081424926981,9.0
13384.0,0.0350249761190662,13.0
2629.0,0.0033264389318897,14.0
31418.0,0.0273076003512967,12.0
8002.0,0.0424216055690643,11.0
43789.0,0.0011863571671319,11.0
36908.0,0.0241335684113645,9.0
19463.0,0.0449088954592071,14.0
23815.0,0.0185716735532408,13.0
22377.0,0.0317277918902131,12.0
26190.0,0.0258199026940915,12.0
38424.0,0.0266967005643592,11.0
29839.0,0.0209636366554806,11.0
25707.0,0.0310323410597993,14.0
24209.0,0.0204135710793092,12.0
48675.0,0.0280723591351812,12.0
56013.0,0.042001247010801,10.0
45419.0,0.0212687937820977,14.0
46962.0,0.0194168100498212,9.0
46336.0,0.0274236131917896,9.0
16136.0,0.0100915144938018,12.0
19144.0,0.0325399268860947,8.0
13321.0,0.0466444470591273,8.0
22649.0,0.0204112063438881,8.0
27462.0,0.0220782712024822,11.0
11318.0,0.0165283824418069,8.0
1596.0,0.0167302346432816,6.0
15089.0,0.0166510594454078,7.0
2549.0,0.022526199828681,6.0
14917.0,0.0518787528680438,4.0
26175.0,0.0363632347097103,7.0
19140.0,0.0299227776235755,10.0
2477.0,0.0033295709706153,9.0
20074.0,0.0267196207222041,7.0
22806.0,0.0163336819304531,8.0
24113.0,0.0135677125427043,10.0
0.0,0.026046096402125,14.0
27776.0,0.0021566775054673,8.0
14492.0,0.0252933729354377,4.0
1747.0,0.0405118761299022,5.0
6418.0,0.0292677086032174,4.0
19570.0,0.0197105078679541,8.0
18153.0,0.027046300583053,8.0
8200.0,0.0258266537888743,11.0
7855.0,0.0272802245495558,9.0
12243.0,0.0192131196546232,7.0
6459.0,0.019103436087464,12.0
11469.0,0.0187127929667147,11.0
8544.0,0.0310327175540912,12.0
6777.0,0.0399893858735277,13.0
16301.0,0.0043977160507238,12.0
17798.0,0.0493587731519421,7.0
11191.0,0.0287327075247374,10.0
37974.0,0.0426911113321602,9.0
22092.0,0.0377836293088569,11.0
18341.0,0.0191120115493855,9.0
5867.0,0.015810143538764,8.0
18449.0,0.0264079397804867,10.0
9556.0,0.0470665610093275,7.0
18332.0,0.0157588647589425,5.0
19203.0,0.0387461013997338,5.0
13222.0,0.0246603566505152,3.0
5268.0,0.0443864505384091,7.0
1214.0,0.0170303698245059,13.0
4843.0,0.0224450502997052,8.0
8112.0,0.0047889213020164,7.0
0.0,0.0159764488876203,8.0
5406.0,0.0256623218795048,5.0
12663.0,0.0135923253333455,2.0
11998.0,0.0250589791173701,7.0
0.0,0.0144745213978367,12.0
3841.0,0.0243416233546455,8.0
10327.0,0.0183784628964467,7.0
4184.0,0.0240961391860928,9.0
0.0,0.0141159104042018,6.0
0.0,0.0195533100962408,3.0
0.0,0.0165459890498094,3.0
0.0,0.0202177405793276,6.0
0.0,0.0012739064409177,6.0
0.0,0.0409238761119295,8.0
0.0,0.0182506926610122,7.0
0.0,0.0,9.0
0.0,0.0,6.0
0.0,0.0,10.0
0.0,0.0,8.0
0.0,0.0,7.0
0.0,0.0,8.0
0.0,0.0,9.0
0.0,0.0,13.0
0.0,0.0,5.0
0.0,0.0,11.0
0.0,0.0,8.0
0.0,0.0,5.0
0.0,0.0,8.0
0.0,0.0,8.0
0.0,0.0,4.0
0.0,0.0,6.0
0.0,0.0,3.0
0.0,0.0,6.0
0.0,0.0,3.0
0.0,0.0,6.0
0.0,0.0,6.0
0.0,0.0,12.0
0.0,0.0,12.0
0.0,0.0,10.0
0.0,0.0,14.0
0.0,0.0,10.0
0.0,0.0051339338478445,9.0
0.0,0.0237153481858692,3.0
0.0,0.0275189580054719,5.0
0.0,0.021811391405911,11.0
0.0,0.0045392113138754,4.0
0.0,0.0163427712922293,9.0
0.0,0.0141391271503443,7.0
0.0,0.0259555929911184,7.0
0.0,0.0168549730206925,14.0
0.0,0.0084925240045013,15.0
0.0,0.0229488269866225,15.0
0.0,0.029260795533795,13.0
0.0,0.0217533694946735,13.0
0.0,0.0190832787067094,14.0
0.0,0.0206516265557992,15.0
0.0,0.0141729613088281,14.0
0.0,0.0393622782093047,15.0
0.0,0.0158585244243825,15.0
0.0,0.007632782290581,11.0
0.0,0.0220170618297481,11.0
0.0,0.0157821914081941,15.0
0.0,0.0254236222541513,12.0
0.0,0.0141997564447007,10.0
0.0,0.0104255096173314,11.0
0.0,0.0136943458690752,12.0
0.0,0.0,15.0
0.0,0.0,11.0
0.0,0.0,15.0
0.0,0.0,13.0
0.0,0.0,10.0
0.0,0.0,15.0
0.0,0.0,12.0
0.0,0.0,13.0
0.0,0.0,14.0
0.0,0.0,14.0
0.0,0.0,14.0
0.0,0.0,10.0
0.0,0.0,14.0
0.0,0.0,14.0
0.0,0.0,15.0
18909.0,0.0077225671534441,15.0
12904.0,0.0209122373371275,14.0
22556.0,0.015358717863121,15.0
40666.0,0.0370343124279816,11.0
49016.0,0.0314221101438414,9.0
29194.0,0.0077567532821025,12.0
20456.0,0.0124295456518171,15.0
6305.0,0.0550704590998976,11.0
10553.0,0.0312026671014601,14.0
10076.0,0.0322880737843379,12.0
19241.0,0.0302851378377856,11.0
14512.0,0.0423336164444238,13.0
8501.0,0.0467707958396847,12.0
20569.0,0.03868036261851,6.0
12489.0,0.0249020425927553,12.0
24241.0,0.0192563612708703,11.0
14026.0,0.0228315034898218,11.0
12903.0,0.0308691743484502,12.0
21610.0,0.0065254651023223,10.0
20375.0,0.0244497180232615,14.0
27008.0,0.0372790023999727,11.0
34777.0,0.0430501781652236,8.0
18023.0,0.0179782646453879,10.0
27467.0,0.0327329840214911,12.0
24934.0,0.0306223295407321,10.0
38115.0,0.0224812685723343,12.0
48677.0,0.024042111182679,12.0
36338.0,0.02563744614788,10.0
36264.0,0.0215267220149346,15.0
39142.0,0.0217194873935524,11.0
61299.0,0.0,8.0
56007.0,0.0177622876493044,11.0
55634.0,0.0207363744639338,15.0
42935.0,0.0289564564119377,12.0
44943.0,0.0192676863765605,9.0
20785.0,0.0342298083200951,10.0
9321.0,0.027548098326532,7.0
11279.0,0.0224307814911935,6.0
32453.0,0.0200815836744779,10.0
35453.0,0.0129423646877799,12.0
20406.0,0.0348988427952819,6.0
3140.0,0.0444155873331472,8.0
19978.0,0.0218328364310896,8.0
10186.0,0.0203411939363586,8.0
10853.0,0.017551908594163,6.0
14817.0,0.0115320381722929,7.0
1277.0,0.0310123146921538,10.0
393.0,0.0262987054245585,11.0
7727.0,0.0345762787496401,5.0
24352.0,0.033770090902393,7.0
17745.0,0.0360566732933749,7.0
4468.0,0.0,8.0
13408.0,0.0275841424045335,9.0
7716.0,0.0399716666039405,4.0
18680.0,0.0165771597412743,6.0
7713.0,0.0263321017644394,1.0
26132.0,0.0253903016087941,6.0
14715.0,0.0194291089020132,7.0
11469.0,0.0204049823142521,6.0
9889.0,0.0,8.0
9715.0,0.0194930981723441,8.0
4486.0,0.0305785654496597,11.0
10398.0,0.0319274626815104,11.0
18288.0,0.0168063715819792,7.0
6022.0,0.0266396226605288,13.0
0.0,0.0296332476904895,15.0
31452.0,0.0295148105319287,5.0
20062.0,0.0239813356021053,10.0
31117.0,0.0156562833527456,12.0
31064.0,0.0293585944045796,9.0
7696.0,0.037760285930391,6.0
3684.0,0.0219942276600523,7.0
11586.0,0.0210609577110508,9.0
4438.0,0.0228609539947661,3.0
26778.0,0.0204306011413208,5.0
11201.0,0.0174097119459698,8.0
9961.0,0.0305561405944694,9.0
10528.0,0.028900942842013,8.0
4431.0,0.0131949098285171,6.0
11111.0,0.025132513889918,7.0
0.0,0.0171740917022032,9.0
6163.0,0.0216909580487829,6.0
0.0,0.0090791435792491,3.0
575.0,0.0229428105003721,7.0
8139.0,0.0193167512274161,8.0
0.0,0.0283116260482818,8.0
7370.0,0.0140791827963645,8.0
977.0,0.0258091544570087,7.0
13494.0,0.0162132538437538,9.0
0.0,0.0470156067125345,9.0
0.0,0.0244930352280776,7.0
0.0,0.0183083414952145,5.0
0.0,0.0057939692877971,8.0
0.0,0.0,6.0
0.0,0.0151010757418435,7.0
0.0,0.0351516238651336,8.0
0.0,0.0,9.0
0.0,0.0,8.0
0.0,0.0,7.0
0.0,0.0,10.0
0.0,0.0,7.0
0.0,0.0,8.0
0.0,0.0,5.0
0.0,0.0,12.0
0.0,0.0,4.0
0.0,0.0,15.0
0.0,0.0,8.0
0.0,0.0,3.0
0.0,0.0,6.0
0.0,0.0,11.0
0.0,0.0,7.0
0.0,0.0,5.0
0.0,0.0,8.0
0.0,0.0,5.0
0.0,0.0,7.0
0.0,0.0,8.0
0.0,0.0,4.0
0.0,0.0,10.0
0.0,0.0,11.0
0.0,0.0,13.0
0.0,0.0,13.0
0.0,0.0,14.0
0.0,0.018409724555003,12.0
0.0,0.0178144686103162,5.0
0.0,0.0261000723731839,5.0
0.0,0.0117171812359501,9.0
0.0,0.0095135175331516,7.0
0.0,0.018104829095515,5.0
0.0,0.0218166167292382,6.0
0.0,0.0092948397379064,4.0
0.0,0.0175309346079025,12.0
0.0,0.0379054307797711,13.0
0.0,0.0444258100878508,13.0
0.0,0.0208587347927848,15.0
0.0,0.0354245822974685,13.0
0.0,0.0338306240480505,14.0
0.0,0.0156738143850186,8.0
0.0,0.0424156963937349,11.0
0.0,0.0062656070326405,13.0
0.0,0.0248840953645234,12.0
0.0,0.0162006850795292,14.0
0.0,0.0171420860920027,15.0
0.0,0.0259698272890397,15.0
0.0,0.0170446865310421,12.0
0.0,0.0074569196787466,10.0
0.0,0.0107548476521877,15.0
0.0,0.0206453045425823,15.0
0.0,0.0,15.0
0.0,0.0,15.0
0.0,0.0,15.0
0.0,0.0,13.0
0.0,0.0,14.0
0.0,0.0,13.0
0.0,0.0,14.0
0.0,0.0,10.0
0.0,0.0,11.0
0.0,0.0,15.0
0.0,0.0,14.0
0.0,0.0,13.0
0.0,0.0,13.0
0.0,0.0,12.0
0.0,0.0,13.0
12134.0,0.0127781586187698,14.0
7187.0,0.0097656349921694,13.0
27658.0,0.0291378524803444,15.0
32452.0,0.0295558337815195,10.0
52939.0,0.0075587557134955,9.0
32439.0,0.023019939917255,15.0
0.0,0.033128413109357,15.0
16806.0,0.0387554923342771,12.0
9693.0,0.0294272828358585,10.0
8954.0,0.0304339679503536,13.0
10892.0,0.0425439721202386,10.0
7274.0,0.0121347009124326,12.0
3538.0,0.0323026362696668,11.0
32387.0,0.0521216548984212,8.0
22968.0,0.0301668265610803,10.0
14565.0,0.0408947312583595,7.0
15043.0,0.0427433179361802,11.0
20383.0,0.0459460542257879,15.0
29025.0,0.0317318654116918,11.0
17156.0,0.0231159639784321,12.0
25418.0,0.0198855186349306,13.0
30878.0,0.0324679681056444,15.0
25795.0,0.0367083150739158,8.0
14230.0,0.030232318154547,11.0
26631.0,0.0289069231774908,10.0
27993.0,0.0375391885559126,12.0
39078.0,0.0283682771439998,11.0
32936.0,0.0425915327294451,15.0
34989.0,0.049562199174528,13.0
21695.0,0.0544068689663741,12.0
51169.0,0.0143351247852194,14.0
63691.0,0.0312963097312957,15.0
41687.0,0.0182028449608333,15.0
51080.0,0.0,11.0
39863.0,0.0219455295091212,11.0
6119.0,0.0364964257039866,6.0
17507.0,0.0,7.0
13547.0,0.0229706148110411,1.0
29268.0,0.0209906852092627,11.0
32919.0,0.0155152324660764,11.0
10474.0,0.0032029520055063,10.0
0.0,0.0296256636106203,11.0
7565.0,0.0419796422037701,12.0
16090.0,0.0157166484968691,14.0
13907.0,0.0237585681415747,4.0
16705.0,0.0228145809769379,9.0
0.0,0.0247750371137186,8.0
214.0,0.0339650011012898,8.0
11481.0,0.0378413457030775,3.0
23022.0,0.0273309152154964,8.0
22371.0,0.0234112036575512,7.0
11863.0,0.0272226732677206,10.0
20135.0,0.0237485623132554,7.0
13005.0,0.0205026208367743,5.0
13653.0,0.0360178611806804,6.0
13286.0,0.0450101475333834,6.0
23228.0,0.0333757395846415,8.0
10454.0,0.0249179883587045,6.0
12517.0,0.019320685968076,7.0
13728.0,0.0269976717106983,8.0
5324.0,0.0389318969492316,8.0
20404.0,0.0318314646139134,9.0
16440.0,0.0376776903723413,10.0
1138.0,0.0429807155301151,13.0
0.0,0.0174845836757517,11.0
9591.0,0.0223931487400657,12.0
17658.0,0.0226607947206976,7.0
16081.0,0.0098010501809975,10.0
26549.0,0.0314053854300763,8.0
27763.0,0.0188048137558353,8.0
19182.0,0.0416711482903183,7.0
17540.0,0.0344562606520728,7.0
15592.0,0.0272166229005622,7.0
5771.0,0.0292685195132467,6.0
28393.0,0.0266221290832002,4.0
12792.0,0.0391287982876836,8.0
12939.0,0.025263664824596,4.0
16844.0,0.0390449761079699,7.0
235.0,0.0227626714472546,10.0
0.0,0.0190299675676423,6.0
15855.0,0.008707587763198,9.0
5830.0,0.0235653267148057,9.0
0.0,0.0131487346896964,6.0
12203.0,0.0223680031348839,6.0
10629.0,0.0092707884645969,7.0
0.0,0.0129415297788421,8.0
3371.0,0.0226327887519873,12.0
3932.0,0.0233789741141747,6.0
0.0,0.0288277769065561,8.0
0.0,0.0213384320990426,4.0
0.0,0.0,6.0
0.0,0.0131030194891679,2.0
0.0,0.0241440568637011,6.0
0.0,0.0150145059971935,4.0
0.0,0.0025137699021768,10.0
0.0,0.0075715861417032,8.0
0.0,0.0,7.0
0.0,0.0,11.0
0.0,0.0,8.0
0.0,0.0,7.0
0.0,0.0,10.0
0.0,0.0,8.0
0.0,0.0,2.0
0.0,0.0,12.0
0.0,0.0,2.0
0.0,0.0,13.0
0.0,0.0,8.0
0.0,0.0,5.0
0.0,0.0,5.0
0.0,0.0,9.0
0.0,0.0,5.0
0.0,0.0,8.0
0.0,0.0,8.0
0.0,0.0,8.0
0.0,0.0,6.0
0.0,0.0,7.0
0.0,0.0,8.0
0.0,0.0,7.0
0.0,0.0,14.0
0.0,0.0,9.0
0.0,0.0,14.0
0.0,0.0,12.0
0.0,0.0155330252377188,9.0
0.0,0.0312338254846497,6.0
0.0,0.0062844450175872,7.0
0.0,0.0060474681488563,8.0
0.0,0.0214580398534151,7.0
0.0,0.0328479138813153,7.0
0.0,0.0090776503823543,5.0
0.0,0.0084621965032453,4.0
0.0,0.0158465768726413,13.0
0.0,0.0171327391332185,13.0
0.0,0.0185670302001189,13.0
0.0,0.0321815166246844,12.0
0.0,0.0214247911503253,14.0
0.0,0.0100509894543388,11.0
0.0,0.0216768892005061,15.0
0.0,0.0247164564989091,14.0
0.0,0.0177647689353385,13.0
0.0,0.0112558265088391,13.0
0.0,0.0323250965641325,9.0
0.0,0.0158985348084414,14.0
0.0,0.028851413386266,13.0
0.0,0.0096274885651819,14.0
0.0,0.0423281009671632,10.0
0.0,0.0084750076489602,12.0
0.0,0.0290142957228852,14.0
0.0,0.0,12.0
0.0,0.0,14.0
0.0,0.0,10.0
0.0,0.0,13.0
0.0,0.0,13.0
0.0,0.0,10.0
0.0,0.0,14.0
0.0,0.0,12.0
0.0,0.0,11.0
0.0,0.0,11.0
0.0,0.0,15.0
0.0,0.0,15.0
0.0,0.0,11.0
0.0,0.0,10.0
0.0,0.0,13.0
15130.0,0.0064109717865805,11.0
7171.0,0.0275617355442288,14.0
29127.0,0.0,12.0
33412.0,0.0082963168269133,15.0
59742.0,0.0305354319344503,12.0
31364.0,0.0215420369343103,13.0
3782.0,0.0213613546841697,14.0
1426.0,0.0353472840642995,12.0
5508.0,0.0373873550776661,15.0
5431.0,0.0283982507382418,12.0
14524.0,0.0342828084963008,12.0
10279.0,0.0450589304834705,14.0
6929.0,0.0298935181382611,14.0
10678.0,0.0412418209294491,8.0
11323.0,0.0466737738758297,10.0
6197.0,0.0293598430965097,10.0
19847.0,0.0479086527463126,11.0
0.0,0.0353349843359506,14.0
37128.0,0.0401848814287086,11.0
12894.0,0.0374652702234004,13.0
27200.0,0.0298159276427566,13.0
39152.0,0.0396195057191996,14.0
17585.0,0.0399387102853398,13.0
23789.0,0.0098907244210622,12.0
25439.0,0.026840210272381,7.0
35927.0,0.0199356515985889,9.0
48847.0,0.0230251881605959,12.0
28203.0,0.0410012393658926,5.0
38271.0,0.0384604391817946,15.0
29943.0,0.0351430368593127,15.0
57788.0,0.0272137244225424,12.0
48573.0,0.0248387788086614,10.0
43422.0,0.0475384646132735,14.0
54455.0,0.026333685916966,12.0
42352.0,0.0032789190063859,8.0
17969.0,0.0232082511160205,7.0
10676.0,0.0416237971329587,9.0
7102.0,0.0227008361046283,2.0
23875.0,0.0256027871321516,12.0
23898.0,0.0390700516483963,12.0
16595.0,0.0248020671943417,6.0
9826.0,0.0251489383522512,8.0
6108.0,0.0189352199873923,9.0
7620.0,0.0359140595438809,6.0
18687.0,0.0183666148904043,6.0
12388.0,0.0250535757680375,6.0
22585.0,0.023765343714431,6.0
17362.0,0.0473932501333734,6.0
8558.0,0.0168503333492508,6.0
16775.0,0.0203303984289066,7.0
18292.0,0.0329567271478456,8.0
18241.0,0.0443847475194362,9.0
16244.0,0.015941846494517,8.0
21276.0,0.0415465151115586,6.0
14748.0,0.0258495807724584,6.0
14483.0,0.030399056887683,7.0
24864.0,0.0229612702372015,10.0
17684.0,0.0272434394163107,10.0
15891.0,0.0291456755212975,6.0
11005.0,0.0095816711488892,8.0
13474.0,0.0356069269932567,5.0
0.0,0.0271064388494826,11.0
19058.0,0.0295426349775927,10.0
16999.0,0.0284822559014443,7.0
141.0,0.0397295731788219,12.0
0.0,0.0162160326534471,15.0
24077.0,0.0186580416044149,4.0
19430.0,0.0396329894032614,13.0
29059.0,0.0444746739573558,8.0
17798.0,0.0314938737584355,8.0
19570.0,0.0187562864527997,7.0
659.0,0.0303014492174341,11.0
18388.0,0.0353155293443517,8.0
24380.0,0.0262388560612886,6.0
22830.0,0.0378715021501212,5.0
10303.0,0.032008722484305,9.0
19037.0,0.0420112918024676,5.0
3506.0,0.0171772177869256,7.0
1757.0,0.0173970782663836,10.0
429.0,0.0458498106609757,8.0
0.0,0.0215370399569138,13.0
895.0,0.0391799205775483,11.0
5622.0,0.0370465808906814,7.0
8218.0,0.0090400335395913,9.0
4429.0,0.0150609346533124,10.0
0.0,0.0006083034341069,10.0
6769.0,0.0176095235910725,7.0
4665.0,0.0150388222206238,11.0
228.0,0.0066449519443479,7.0
0.0,0.0271799589633811,5.0
0.0,0.0025874014315192,6.0
0.0,0.0102130951743078,3.0
0.0,0.0114850808426035,6.0
0.0,0.0083476012132573,9.0
0.0,0.0161106935233524,9.0
0.0,0.0287856799542048,6.0
0.0,0.0,10.0
0.0,0.0,5.0
0.0,0.0,6.0
0.0,0.0,6.0
0.0,0.0,7.0
0.0,0.0,9.0
0.0,0.0,2.0
0.0,0.0,9.0
0.0,0.0,8.0
0.0,0.0,12.0
0.0,0.0,8.0
0.0,0.0,5.0
0.0,0.0,10.0
0.0,0.0,7.0
0.0,0.0,5.0
0.0,0.0,8.0
0.0,0.0,5.0
0.0,0.0,6.0
0.0,0.0,4.0
0.0,0.0,5.0
0.0,0.0,2.0
0.0,0.0,7.0
0.0,0.0,11.0
0.0,0.0,14.0
0.0,0.0,11.0
0.0,0.0,13.0
0.0,0.0268702673875274,13.0
0.0,0.0037989813058545,6.0
0.0,0.0245996006087471,6.0
0.0,0.0339104500463975,10.0
0.0,0.0218230328579608,8.0
0.0,0.0282074609251287,9.0
0.0,0.0096353526205085,7.0
0.0,0.0091171239702076,9.0
0.0,0.0062208950831993,13.0
0.0,0.0,12.0
0.0,0.0097780879969711,12.0
0.0,0.0145953298626867,13.0
0.0,0.0,13.0
0.0,0.0298295258474371,13.0
0.0,0.0157473732457676,12.0
0.0,0.010604673903583,12.0
0.0,0.0194903139703453,12.0
0.0,0.0,13.0
0.0,0.0200807085964642,8.0
0.0,0.021171552481973,13.0
0.0,0.0117738648068228,13.0
0.0,0.0304121187834738,15.0
0.0,0.0104850250606326,13.0
0.0,0.0097851784857056,13.0
0.0,0.022716651036896,13.0
0.0,0.0,13.0
0.0,0.0,12.0
0.0,0.0,12.0
0.0,0.0,13.0
0.0,0.0,8.0
0.0,0.0,10.0
0.0,0.0,15.0
0.0,0.0,11.0
0.0,0.0,9.0
0.0,0.0,9.0
0.0,0.0,14.0
0.0,0.0,15.0
0.0,0.0,14.0
0.0,0.0,11.0
0.0,0.0,10.0
11985.0,0.01172651676556,15.0
13602.0,0.0180184795682536,14.0
28565.0,0.0257252641752778,13.0
42200.0,0.0253047807368765,11.0
54816.0,0.0251602740419112,13.0
26824.0,0.0256748594932429,15.0
17792.0,0.0245928936810213,14.0
4741.0,0.0265584310282002,14.0
5777.0,0.0250331843926797,15.0
12658.0,0.0471501116960512,11.0
8382.0,0.0533698084906337,11.0
9477.0,0.0393861447288753,12.0
11932.0,0.0538909900621,15.0
6829.0,0.0291359619092549,9.0
22707.0,0.0270379930506733,10.0
20205.0,0.0345417994178519,11.0
25173.0,0.036518173883838,9.0
15579.0,0.0288888789227374,12.0
16504.0,0.0244669876547212,11.0
26839.0,0.0049551878461304,13.0
37708.0,0.0221601285221266,10.0
25452.0,0.0269083141402911,11.0
21255.0,0.0230072775451924,10.0
20414.0,0.0371582368898541,10.0
22742.0,0.0342285292297302,8.0
21201.0,0.0108312893383189,12.0
44917.0,0.021958181152415,9.0
28122.0,0.0521318811684123,11.0
18207.0,0.0352491288864393,14.0
25639.0,0.032619443947866,12.0
44962.0,0.0397345112647013,14.0
62129.0,0.0194629328646268,10.0
52165.0,0.0242335291962552,12.0
49505.0,0.0185122694086785,11.0
33709.0,0.0355650850578327,9.0
3361.0,0.0,7.0
10552.0,0.0327253301771839,6.0
10403.0,0.0140588200766809,8.0
18681.0,0.0327544819964937,15.0
34719.0,0.0196007965009293,10.0
19022.0,0.0318723662317352,4.0
97.0,0.025725981661411,8.0
14517.0,0.0202630980310066,5.0
6726.0,0.031331674767489,9.0
7338.0,0.0358931550199088,6.0
17658.0,0.0200081000492221,7.0
10951.0,0.0319507617628808,7.0
9744.0,0.0234820880355793,8.0
5071.0,0.0204295548927251,4.0
11798.0,0.0050518807361615,8.0
26773.0,0.0304775696373006,7.0
11586.0,0.0142796555911296,10.0
24135.0,0.0276245075776035,9.0
12911.0,0.0186156228604709,6.0
10502.0,0.018237536680381,7.0
1700.0,0.033408729686199,11.0
12896.0,0.0441133936713499,4.0
13527.0,0.0083052280985962,6.0
14806.0,0.0245300942678332,10.0
7554.0,0.037073500051007,7.0
10535.0,0.0446645186419846,8.0
6724.0,0.0103595991583714,14.0
17397.0,0.0307245726333848,13.0
23038.0,0.0245803378915235,10.0
17407.0,0.0291889708362061,9.0
5710.0,0.0373934678317564,15.0
23119.0,0.0171846508237272,6.0
15214.0,0.0452108676540299,12.0
28404.0,0.0336211313222355,8.0
32342.0,0.0042639805373082,8.0
21578.0,0.0270273856423531,8.0
11519.0,0.0026917964019918,7.0
14264.0,0.0193352282096542,10.0
11197.0,0.0090159799992192,6.0
23102.0,0.0232619668416568,7.0
7227.0,0.0104336869929945,8.0
7591.0,0.0304207895393277,2.0
3006.0,0.0241278749791516,10.0
574.0,0.0280926338202375,10.0
285.0,0.03908594930913,12.0
0.0,0.0171806263132283,8.0
1482.0,0.0297240283268889,7.0
2351.0,0.0283646381284567,7.0
19281.0,0.0027456720059834,2.0
0.0,0.0244179738272901,6.0
1177.0,0.0064556974146231,13.0
0.0,0.0437968902583823,9.0
4829.0,0.0145978482737724,6.0
3305.0,0.0376251561184095,5.0
0.0,0.0071141564049326,7.0
0.0,0.0296470019905028,9.0
0.0,0.0157329574203121,4.0
0.0,0.0288151221557661,4.0
0.0,0.0328826111224612,4.0
0.0,0.0313485878556008,10.0
0.0,0.0244849817052505,8.0
0.0,0.0,7.0
0.0,0.0,8.0
0.0,0.0,6.0
0.0,0.0,5.0
0.0,0.0,6.0
0.0,0.0,10.0
0.0,0.0,6.0
0.0,0.0,8.0
0.0,0.0,6.0
0.0,0.0,9.0
0.0,0.0,6.0
0.0,0.0,6.0
0.0,0.0,8.0
0.0,0.0,5.0
0.0,0.0,6.0
0.0,0.0,6.0
0.0,0.0,5.0
0.0,0.0,8.0
0.0,0.0,4.0
0.0,0.0,5.0
0.0,0.0,5.0
0.0,0.0,9.0
0.0,0.0,13.0
0.0,0.0,10.0
0.0,0.0,12.0
0.0,0.0,10.0
0.0,0.0334215143477267,11.0
0.0,0.0304837614324668,7.0
0.0,0.0127336177587976,4.0
0.0,0.0001921416792688,10.0
0.0,0.0121649714029975,7.0
0.0,0.0056044787507672,4.0
0.0,0.0250705646365737,5.0
0.0,0.0043604376595145,7.0
0.0,0.0107232813694356,15.0
0.0,0.005074533168161,14.0
0.0,0.0102179346608806,9.0
0.0,0.0077788617273475,12.0
0.0,0.0275316054227745,13.0
0.0,0.0132601246498128,9.0
0.0,0.0102332502006978,15.0
0.0,0.0058122881202895,14.0
0.0,0.0173329231597494,11.0
0.0,0.0344856106134188,11.0
0.0,0.026951955022086,10.0
0.0,0.0208466782654952,10.0
0.0,0.0161801652542678,15.0
0.0,0.0217177337901538,14.0
0.0,0.0050507647972219,13.0
0.0,0.0147460779705275,13.0
0.0,0.0344660156793463,13.0
0.0,0.0,11.0
0.0,0.0,12.0
0.0,0.0,14.0
0.0,0.0,12.0
0.0,0.0,13.0
0.0,0.0,15.0
0.0,0.0,12.0
0.0,0.0,13.0
0.0,0.0,12.0
0.0,0.0,15.0
0.0,0.0,14.0
0.0,0.0,12.0
0.0,0.0,10.0
0.0,0.0,10.0
0.0,0.0,11.0
19766.0,0.0041447922628862,10.0
16908.0,0.0153862555935778,13.0
30208.0,0.0189398233345151,14.0
38186.0,0.0063162314809388,12.0
47206.0,0.0010383181970924,14.0
25104.0,0.0100243766744187,15.0
9629.0,0.0200004048961077,15.0
10615.0,0.0271713762673006,11.0
8474.0,0.0376773088168512,13.0
7684.0,0.0288639159637865,12.0
16815.0,0.0313683160439328,12.0
8949.0,0.0494309171228112,11.0
9703.0,0.0111258146769274,12.0
20698.0,0.0405898445597367,6.0
21727.0,0.028077461142418,10.0
26027.0,0.0509669660274442,9.0
19733.0,0.0408424662994939,14.0
21219.0,0.0483196099368419,11.0
28532.0,0.0368078714339835,11.0
18974.0,0.0175288073856116,14.0
27258.0,0.0408243646959655,11.0
24476.0,0.0366028142571476,13.0
15372.0,0.0317638905107016,10.0
19878.0,0.0321601165578831,10.0
19254.0,0.0142716794798188,10.0
32289.0,0.0253642771719242,10.0
33919.0,0.0258162677757667,13.0
32401.0,0.0277699968160977,9.0
31794.0,0.022485447421046,15.0
31228.0,0.0424078590519226,13.0
62943.0,0.0258963284101957,12.0
51478.0,0.0,8.0
36480.0,0.034097384696771,14.0
40841.0,0.0165606847702612,5.0
45475.0,0.0176211679041195,8.0
7822.0,0.0301104139726411,10.0
11084.0,0.0193890893786537,7.0
16221.0,0.0311394638536425,3.0
16574.0,0.0254445487705504,12.0
32751.0,0.0130725221115029,9.0
18037.0,0.0270209176449697,7.0
5980.0,0.0359563147878315,9.0
15709.0,0.0162493606576903,5.0
7593.0,0.0149581145306866,11.0
15850.0,0.0248224548567602,4.0
32784.0,0.00592517282974,6.0
18276.0,0.0417541655209782,8.0
7474.0,0.0120125525197667,7.0
21734.0,0.0353256387708744,6.0
20286.0,0.0189152751342984,6.0
8829.0,0.0402457275683474,8.0
13577.0,0.0197753895402771,12.0
21996.0,0.018012343623449,12.0
29854.0,0.0437141219296743,7.0
26304.0,0.039540772337579,4.0
17014.0,0.0176686551674838,6.0
23396.0,0.0471003388264937,9.0
19505.0,0.0119414088696706,5.0
16833.0,0.0449478348793398,8.0
21473.0,0.0255686164835165,8.0
3695.0,0.0589966937395113,11.0
16029.0,0.0129402506357,11.0
16591.0,0.0200194280552474,13.0
14957.0,0.0305152836177852,10.0
12516.0,0.0438082174573007,10.0
10731.0,0.0314377093450624,11.0
18741.0,0.0403334482946774,5.0
15537.0,0.0333220874668234,13.0
32238.0,0.0318458998617834,9.0
29092.0,0.0264964022931343,9.0
20903.0,0.0498513079637128,7.0
8090.0,0.0228590151913797,7.0
18471.0,0.0301890439616617,6.0
15976.0,0.0224124089192958,5.0
14913.0,0.0267730615861617,4.0
18811.0,0.0356515194862088,9.0
18803.0,0.0088318764445316,3.0
5490.0,0.024432603199318,9.0
17487.0,0.0027319150379668,8.0
0.0,0.0301432598137755,9.0
6416.0,0.0011635224252945,10.0
0.0,0.0144254455693098,5.0
8464.0,0.0256424636259312,4.0
0.0,0.0210164268238179,6.0
6930.0,0.0326678511369156,8.0
2781.0,0.02089543128577,8.0
3852.0,0.0085858137626214,11.0
0.0,0.0178259633285657,6.0
0.0,0.0110272588434856,7.0
0.0,0.0210107893072967,4.0
0.0,0.0354065941375377,10.0
0.0,0.0161835813020034,3.0
0.0,0.0133640062720088,7.0
0.0,0.0416906514036526,6.0
0.0,0.0162200807392921,6.0
0.0,0.0198596101146718,11.0
0.0,0.0,10.0
0.0,0.0,10.0
0.0,0.0,7.0
0.0,0.0,7.0
0.0,0.0,9.0
0.0,0.0,11.0
0.0,0.0,5.0
0.0,0.0,11.0
0.0,0.0,3.0
0.0,0.0,12.0
0.0,0.0,5.0
0.0,0.0,7.0
0.0,0.0,12.0
0.0,0.0,7.0
0.0,0.0,5.0
0.0,0.0,11.0
0.0,0.0,8.0
0.0,0.0,3.0
0.0,0.0,6.0
0.0,0.0,8.0
0.0,0.0,4.0
0.0,0.0,5.0
0.0,0.0,13.0
0.0,0.0,5.0
0.0,0.0,11.0
0.0,0.0,12.0
0.0,0.0267023778229655,9.0
0.0,0.0105446046445511,6.0
0.0,0.0023031138169015,3.0
0.0,0.0134330065576706,14.0
0.0,0.0227212381105052,9.0
0.0,0.0292741447714559,5.0
0.0,0.031822184256654,5.0
0.0,0.0096141693581777,3.0
0.0,0.0211582468157589,13.0
0.0,0.0229904525596266,15.0
0.0,0.0269151264303809,14.0
0.0,0.0059132827224137,15.0
0.0,0.0239337888746171,13.0
0.0,0.0179467414281899,15.0
0.0,0.0323274752378228,13.0
0.0,0.0172762067862269,10.0
0.0,0.0085940489908929,11.0
0.0,0.0093549724277212,15.0
0.0,0.0154919260062444,15.0
0.0,0.022390466342768,12.0
0.0,0.0185346908094268,10.0
0.0,0.0004077572884812,11.0
0.0,0.0113920764950877,12.0
0.0,0.0180803663243109,13.0
0.0,0.0426104969452349,14.0
0.0,0.0,14.0
0.0,0.0,12.0
0.0,0.0,15.0
0.0,0.0,10.0
0.0,0.0,12.0
0.0,0.0,13.0
0.0,0.0,10.0
0.0,0.0,15.0
0.0,0.0,15.0
0.0,0.0,12.0
0.0,0.0,12.0
0.0,0.0,15.0
0.0,0.0,13.0
0.0,0.0,15.0
0.0,0.0,10.0
17187.0,0.0208581838944911,12.0
4985.0,0.0221704186603737,15.0
27294.0,0.0208665021151865,13.0
28369.0,0.0287563111103342,13.0
53032.0,0.0110324265822271,9.0
33382.0,0.0457596145549894,13.0
12626.0,0.0166521481164802,15.0
17545.0,0.0244701482790986,14.0
4909.0,0.0299204941054446,10.0
13830.0,0.0313892238469734,15.0
27322.0,0.0293454279566031,15.0
12114.0,0.0406020198530695,10.0
0.0,0.0223829859812053,15.0
4409.0,0.0261874053150569,6.0
20355.0,0.0304901158336353,5.0
23727.0,0.0460471793987952,11.0
30342.0,0.0430077791056146,12.0
13763.0,0.0509411989927285,15.0
28924.0,0.0363809991838196,14.0
19728.0,0.0188853558725478,15.0
32742.0,0.0402120887916346,12.0
34002.0,0.0300183035636682,13.0
16692.0,0.0267255301420177,11.0
34033.0,0.0449083416524124,11.0
16657.0,0.0276514802365331,8.0
37124.0,0.0054801610737291,10.0
46187.0,0.039617442119196,11.0
21072.0,0.0384582186973086,9.0
27901.0,0.0303151480836115,11.0
29765.0,0.0178073568367872,12.0
59408.0,0.0144732710309705,12.0
59514.0,0.0315132677686217,14.0
45892.0,0.0278152589786468,14.0
60448.0,0.038998562213643,9.0
48221.0,0.0239639770900156,9.0
14623.0,0.0425283179167342,10.0
8467.0,0.0361300997602314,6.0
3148.0,0.0365406547668309,3.0
17679.0,0.0232675222375667,9.0
37561.0,0.0191839966106383,11.0
24647.0,0.032662203191948,6.0
1510.0,0.0342050880643027,4.0
3181.0,0.0093715864085101,8.0
15725.0,0.0454930984571207,8.0
10230.0,0.0025184663098082,6.0
15400.0,0.0380251222310913,8.0
12226.0,0.0152034384598829,7.0
0.0,0.0505004703336342,8.0
139.0,0.0151635114961528,5.0
29532.0,0.0427385184587228,5.0
20188.0,0.0396774457149852,9.0
15994.0,0.0246155156917892,12.0
26286.0,0.025054848426008,10.0
14456.0,0.0176755101276587,4.0
15933.0,0.0,6.0
4819.0,0.0294249453752835,2.0
21869.0,0.0147961959567261,6.0
15359.0,0.0165886722028098,8.0
14792.0,0.0155481419434257,7.0
15237.0,0.0434623530300424,8.0
11659.0,0.037049597767914,4.0
7643.0,0.0323570009914261,14.0
22576.0,0.0282519300972262,11.0
11859.0,0.0306333934682564,10.0
0.0,0.0074080628485813,9.0
13964.0,0.0317666690454445,15.0
23309.0,0.0253416345821836,7.0
28242.0,0.0167134729069977,11.0
24321.0,0.0178478386715876,11.0
17912.0,0.013267799684468,7.0
12322.0,0.0274759907740145,8.0
9964.0,0.0300845223964041,7.0
25812.0,0.0545843795883714,8.0
19141.0,0.0305970758868081,6.0
18909.0,0.0241391653127797,6.0
18743.0,0.0303789314639169,8.0
5203.0,0.015514206318558,5.0
0.0,0.0228100952169744,13.0
4380.0,0.0438419655574957,9.0
6013.0,0.0229551828999223,9.0
2163.0,0.0190942069341429,7.0
0.0,0.0014860439087462,7.0
0.0,0.0065375582211407,1.0
10697.0,0.0284796639809162,4.0
8057.0,0.036673257050647,6.0
0.0,0.0172383773231018,8.0
0.0,0.0,7.0
3554.0,0.0020304613470644,5.0
0.0,0.0074412075193373,7.0
0.0,0.0215715370667568,4.0
0.0,0.0185799327957653,6.0
0.0,0.0235028710472495,7.0
0.0,0.0071968417820644,6.0
0.0,0.0236896799675734,7.0
0.0,0.0287551237246691,8.0
0.0,0.0314754151149774,8.0
0.0,0.0,5.0
0.0,0.0,7.0
0.0,0.0,6.0
0.0,0.0,7.0
0.0,0.0,9.0
0.0,0.0,3.0
0.0,0.0,1.0
0.0,0.0,9.0
0.0,0.0,7.0
0.0,0.0,12.0
0.0,0.0,4.0
0.0,0.0,6.0
0.0,0.0,10.0
0.0,0.0,10.0
0.0,0.0,0.0
0.0,0.0,4.0
0.0,0.0,3.0
0.0,0.0,4.0
0.0,0.0,2.0
0.0,0.0,3.0
0.0,0.0,4.0
0.0,0.0,7.0
0.0,0.0,11.0
0.0,0.0,9.0
0.0,0.0,12.0
0.0,0.0,14.0
0.0,0.0448778591583794,11.0
0.0,0.0191931811645274,3.0
0.0,0.0102885216992078,5.0
0.0,0.0371990684971802,8.0
0.0,0.0217165002590752,8.0
0.0,0.0,8.0
0.0,0.0,5.0
0.0,0.0353539064897611,3.0
0.0,0.015505475982733,12.0
0.0,0.0202613962857349,14.0
0.0,0.0055884267960011,13.0
0.0,0.0,14.0
0.0,0.0371884552520769,14.0
0.0,0.0155191476190891,13.0
0.0,0.0161763507108272,13.0
0.0,0.0163334673314688,11.0
0.0,0.0144011229429346,10.0
0.0,0.0,10.0
0.0,0.0288864963651813,13.0
0.0,0.0001012620929598,12.0
0.0,0.0270349416902181,14.0
0.0,0.0045010346494494,15.0
0.0,0.0,14.0
0.0,0.0050358302123118,12.0
0.0,0.049642062932188,14.0
0.0,0.0,12.0
0.0,0.0,14.0
0.0,0.0,13.0
0.0,0.0,13.0
0.0,0.0,14.0
0.0,0.0,15.0
0.0,0.0,11.0
0.0,0.0,10.0
0.0,0.0,15.0
0.0,0.0,13.0
0.0,0.0,12.0
0.0,0.0,11.0
0.0,0.0,13.0
0.0,0.0,15.0
0.0,0.0,15.0
12244.0,0.0,12.0
0.0,0.0315553631747937,15.0
30892.0,0.0259859665274033,8.0
39274.0,0.019404561574172,12.0
49816.0,0.0311771147144163,13.0
27654.0,0.0211983034007294,14.0
249.0,0.0184582949062759,12.0
3891.0,0.0295509554771668,15.0
10204.0,0.0132153099094972,12.0
5595.0,0.0195406549221799,11.0
11136.0,0.0325950527088528,11.0
5865.0,0.0354732024261274,15.0
1944.0,0.0139806845845849,11.0
25929.0,0.0225115161585433,6.0
24357.0,0.0114398919247177,9.0
20901.0,0.0284759724207882,12.0
17962.0,0.0363122799543291,8.0
27364.0,0.0377213100953598,11.0
31703.0,0.0371228253784669,15.0
19138.0,0.0450484582452883,14.0
29352.0,0.0197292026001483,12.0
28015.0,0.0518885270463745,12.0
23397.0,0.0302485937095394,9.0
19897.0,0.031501974702033,10.0
27668.0,0.0211901604477566,8.0
34780.0,0.0263488150865863,9.0
37755.0,0.0252032776750174,10.0
25360.0,0.0224888964651319,10.0
25743.0,0.0239787541008767,15.0
29091.0,0.0316378483361425,14.0
55354.0,0.0238368483237247,10.0
46594.0,0.0152681173342097,10.0
42609.0,0.0385395604443636,12.0
56543.0,0.0485218720763133,10.0
42725.0,0.0190390462678447,9.0
21417.0,0.011555679821919,11.0
16836.0,0.0195551970290087,5.0
12592.0,0.0189766653915542,10.0
28757.0,0.01939554649046,14.0
35512.0,0.0391349648006446,8.0
18940.0,0.0194138653176866,6.0
8748.0,0.0527958643026574,12.0
5871.0,0.0318055677068743,6.0
10525.0,0.0297804219855028,5.0
16953.0,0.0231755193970592,2.0
21767.0,0.0157617649787613,10.0
8525.0,0.0248049502323853,8.0
10766.0,0.0170602945073411,7.0
12970.0,0.046432906116172,3.0
23816.0,0.0305056865556543,7.0
21235.0,0.049659810495583,11.0
11490.0,0.0278829002975144,12.0
30992.0,0.0154471845020766,8.0
12596.0,0.0205501475294018,5.0
3267.0,0.0221524523880541,7.0
13820.0,0.0220403922487435,8.0
19715.0,0.027828219927683,7.0
28131.0,0.012147668874874,10.0
2114.0,0.0364573649370416,8.0
23598.0,0.0302011004895095,8.0
10568.0,0.0253249271693276,10.0
19000.0,0.0161764868661889,9.0
15373.0,0.0438165540410998,9.0
13883.0,0.0297501205851311,12.0
9303.0,0.0197290112191924,12.0
12177.0,0.0191254497161011,14.0
30081.0,0.0213409749359784,6.0
28881.0,0.0269059923009503,12.0
33418.0,0.0282022352304618,7.0
18334.0,0.014537734657515,7.0
18755.0,0.0249412363611112,10.0
8505.0,0.0242611174243705,9.0
13400.0,0.0359634834920081,7.0
5918.0,0.0405491787488189,2.0
21944.0,0.0332725006261867,3.0
11855.0,0.0275550942507757,9.0
6584.0,0.0187012172543572,6.0
12318.0,0.0379640989964746,6.0
4615.0,0.0264408458729502,11.0
827.0,0.0198353443827581,11.0
1311.0,0.0248669058031928,6.0
11383.0,0.0210422756345364,2.0
0.0,0.0191810912969991,0.0
0.0,0.0253638430812058,9.0
7988.0,0.0185408655024775,4.0
0.0,0.0326515272413341,7.0
931.0,0.0167588508087608,8.0
3958.0,0.0126820527192953,9.0
9523.0,0.0374776256948472,7.0
0.0,0.0193215961608567,3.0
0.0,0.0159628087214115,8.0
0.0,0.0127175884925772,5.0
0.0,0.0179772971079151,12.0
0.0,0.0205317357262256,4.0
0.0,0.0207619779293097,8.0
0.0,0.0362553632706958,8.0
0.0,0.0,9.0
0.0,0.0,9.0
0.0,0.0,6.0
0.0,0.0,7.0
0.0,0.0,7.0
0.0,0.0,9.0
0.0,0.0,7.0
0.0,0.0,13.0
0.0,0.0,6.0
0.0,0.0,13.0
0.0,0.0,7.0
0.0,0.0,7.0
0.0,0.0,7.0
0.0,0.0,9.0
0.0,0.0,6.0
0.0,0.0,6.0
0.0,0.0,3.0
0.0,0.0,9.0
0.0,0.0,4.0
0.0,0.0,8.0
0.0,0.0,5.0
0.0,0.0,6.0
0.0,0.0,13.0
0.0,0.0,7.0
0.0,0.0,14.0
0.0,0.0,14.0
0.0,0.0319347492476281,9.0
0.0,0.0125173988915777,5.0
0.0,0.0336819280251919,3.0
0.0,0.0311316974521537,12.0
0.0,0.0144040110445281,11.0
0.0,0.0163310023825096,4.0
0.0,0.0277496239712526,4.0
0.0,0.0230210585628081,6.0
0.0,0.0143034923524227,10.0
0.0,0.0171402032363214,15.0
0.0,0.0126010657978564,14.0
0.0,0.014354877693011,13.0
0.0,0.0306805127934463,10.0
0.0,0.0147807520938345,15.0
0.0,0.0192819192928982,12.0
0.0,0.0181308580674095,13.0
0.0,0.0094429099801121,14.0
0.0,0.0264688961504971,14.0
0.0,0.0028984399664341,13.0
0.0,0.0102649729992957,13.0
0.0,0.0,14.0
0.0,0.0070296835037041,10.0
0.0,0.024468000268808,15.0
0.0,0.0034160103440571,12.0
0.0,0.0235621533552716,14.0
0.0,0.0,12.0
0.0,0.0,14.0
0.0,0.0,11.0
0.0,0.0,15.0
0.0,0.0,14.0
0.0,0.0,12.0
0.0,0.0,10.0
0.0,0.0,14.0
0.0,0.0,11.0
0.0,0.0,13.0
0.0,0.0,15.0
0.0,0.0,12.0
0.0,0.0,13.0
0.0,0.0,13.0
0.0,0.0,14.0
4055.0,0.0267116605771588,15.0
17603.0,0.0286129751567432,15.0
25061.0,0.0284673624797495,15.0
34425.0,0.0242716172558398,13.0
48844.0,0.0200832879667384,11.0
24082.0,0.0176624374067909,10.0
11581.0,0.0139923691468271,13.0
12210.0,0.0367495994259402,15.0
10881.0,0.0257231297753216,13.0
12359.0,0.0339532224155817,14.0
8612.0,0.0303420737020054,12.0
1651.0,0.0145173173347347,13.0
2402.0,0.0322248948558623,12.0
5004.0,0.0262643537333256,9.0
6184.0,0.0223606431023031,14.0
14423.0,0.0279480164290484,10.0
15000.0,0.0322149554081219,13.0
13290.0,0.0389471048033359,13.0
32195.0,0.0323160801579838,14.0
26228.0,0.0098849771379537,15.0
33191.0,0.0275711786109047,11.0
39957.0,0.0422459487840832,12.0
23150.0,0.0367445628654673,4.0
27797.0,0.0439585706309809,11.0
22702.0,0.0442356549209577,5.0
37373.0,0.0322674581915357,7.0
46707.0,0.0286824288324932,7.0
37329.0,0.0290848808199402,11.0
24432.0,0.053287596601812,10.0
30710.0,0.0187632911177407,15.0
62910.0,0.0236971183693822,11.0
54776.0,0.0006939045894755,11.0
37243.0,0.0226792967845853,15.0
62820.0,0.0191894080718749,10.0
30186.0,0.0204672569123872,9.0
24403.0,0.0125390329301151,6.0
21790.0,0.0150495291153665,5.0
12372.0,0.003945156486659,6.0
22968.0,0.0441898703843363,8.0
23134.0,0.0299196156266327,8.0
24306.0,0.0390766555044827,6.0
9700.0,0.0284388869171086,9.0
12282.0,0.0271028129151688,7.0
5214.0,0.0186021936336597,6.0
3519.0,0.0202479082562389,5.0
6814.0,0.0407246638300793,9.0
7386.0,0.0160719998957326,8.0
1881.0,0.0204086001011112,9.0
7724.0,0.0268813159721564,3.0
17601.0,0.017888875188767,7.0
24533.0,0.0284335425964669,8.0
14452.0,0.0253543024350635,8.0
25069.0,0.0136604779613807,9.0
13955.0,0.0269960882005906,6.0
10439.0,0.0083265563091298,6.0
2408.0,0.0253581011873046,5.0
28181.0,0.0123166392277219,1.0
20650.0,0.0289517711028703,10.0
0.0,0.0421956327792364,8.0
15398.0,0.0247386872344705,11.0
4398.0,0.0479022126215796,9.0
12290.0,0.0261301174498576,13.0
21586.0,0.0396860545056282,14.0
13784.0,0.0138441601624286,9.0
0.0,0.0220950858944905,13.0
10783.0,0.0149621685694189,14.0
14640.0,0.0321741646039851,7.0
25755.0,0.0342646629871058,10.0
22437.0,0.036685369419237,7.0
29001.0,0.0292086376069572,7.0
20053.0,0.0329560413779651,6.0
19783.0,0.0328059162570222,7.0
12027.0,0.0300249568929241,9.0
9952.0,0.0240756957684901,6.0
21325.0,0.019998824200989,3.0
9748.0,0.043285392373834,5.0
10666.0,0.0422829532413162,5.0
7175.0,0.03376803799759,9.0
604.0,0.0005613410326687,11.0
7336.0,0.030854792846737,6.0
2545.0,0.0088669338745773,7.0
0.0,0.0251234717109869,11.0
12235.0,0.0333111809712857,6.0
0.0,0.0,7.0
12553.0,0.0207999015134872,6.0
2649.0,0.0221026836775762,11.0
0.0,0.0033098866627689,11.0
0.0,0.0425005496547874,7.0
0.0,0.013674691299796,4.0
0.0,0.0271076130785852,6.0
0.0,0.018045695763255,10.0
0.0,0.0168811878719183,7.0
0.0,0.0097119376354564,11.0
0.0,0.0216385600827602,3.0
0.0,0.0246705470685582,10.0
0.0,0.0228499266964543,8.0
0.0,0.0,9.0
0.0,0.0,10.0
0.0,0.0,7.0
0.0,0.0,6.0
0.0,0.0,9.0
0.0,0.0,10.0
0.0,0.0,9.0
0.0,0.0,7.0
0.0,0.0,5.0
0.0,0.0,15.0
0.0,0.0,8.0
0.0,0.0,1.0
0.0,0.0,9.0
0.0,0.0,5.0
0.0,0.0,5.0
0.0,0.0,6.0
0.0,0.0,5.0
0.0,0.0,8.0
0.0,0.0,7.0
0.0,0.0,6.0
0.0,0.0,4.0
0.0,0.0,7.0
0.0,0.0,12.0
0.0,0.0,7.0
0.0,0.0,8.0
0.0,0.0,11.0
0.0,0.0170623404575903,6.0
0.0,0.0167834682526869,3.0
0.0,0.0316496450341099,3.0
0.0,0.0121602158750599,11.0
0.0,0.0,8.0
0.0,0.0212168775603437,7.0
0.0,0.0156227435329083,7.0
0.0,0.0179202276518442,6.0
0.0,0.0138135263296664,14.0
0.0,0.0251301260177936,13.0
0.0,0.0355640470399146,11.0
0.0,0.0261459978356462,12.0
0.0,0.0153110416908653,12.0
0.0,0.0417518348902374,11.0
0.0,0.0160770769293474,12.0
0.0,0.008845467048268,12.0
0.0,0.0225372151172111,11.0
0.0,0.0142812233018586,15.0
0.0,0.0030616262758848,14.0
0.0,0.0027614199130937,14.0
0.0,0.0,12.0
0.0,0.0133180431836443,15.0
0.0,0.0155856220062385,12.0
0.0,0.0121868197783826,14.0
0.0,0.0239861406340553,14.0
0.0,0.0,13.0
0.0,0.0,12.0
0.0,0.0,14.0
0.0,0.0,13.0
0.0,0.0,14.0
0.0,0.0,11.0
0.0,0.0,15.0
0.0,0.0,11.0
0.0,0.0,15.0
0.0,0.0,11.0
0.0,0.0,13.0
0.0,0.0,13.0
0.0,0.0,15.0
0.0,0.0,13.0
0.0,0.0,14.0
17557.0,0.024906927439091,11.0
6303.0,0.0245092497410943,12.0
19055.0,0.0195096172737493,15.0
37741.0,0.0196596157133951,11.0
53509.0,0.0125706301461793,13.0
32291.0,0.0331764307784894,13.0
5573.0,0.0221135003550656,13.0
6513.0,0.0300073466789497,9.0
12747.0,0.0081593462032186,13.0
11116.0,0.063902474133363,12.0
8431.0,0.0368723864478066,15.0
13172.0,0.0214569792116636,11.0
5161.0,0.0557723278222422,15.0
20034.0,0.043740849112509,8.0
13521.0,0.0445268840056944,11.0
28587.0,0.050821386821518,10.0
13343.0,0.0336219485804563,13.0
20962.0,0.0204671874166064,13.0
24611.0,0.0185489820747694,14.0
22615.0,0.0433123393392303,14.0
25157.0,0.0390773786505186,11.0
20826.0,0.0296373896216552,13.0
16250.0,0.0270076371449558,9.0
27952.0,0.031943402959197,13.0
34489.0,0.0184371629641867,7.0
36888.0,0.0299702551847585,7.0
55427.0,0.0191462437253247,8.0
29143.0,0.0173811098395265,12.0
19434.0,0.009915244673332,12.0
25442.0,0.0166034899490821,11.0
49778.0,0.0526542724290592,14.0
51499.0,0.0236553748512076,9.0
39092.0,0.0228179419479833,15.0
54770.0,0.0159390843572653,10.0
49396.0,0.0334367377267326,8.0
14493.0,0.0114655019592319,9.0
9125.0,0.017649838821093,8.0
11135.0,0.0349979058477218,1.0
28564.0,0.0282319048089808,12.0
28272.0,0.0151488440539819,11.0
14605.0,0.020183816467598,9.0
0.0,0.0290037502647788,9.0
3405.0,0.0375175193209239,6.0
9049.0,0.0260174757065055,10.0
0.0,0.021752168705422,6.0
21862.0,0.0206955992750354,10.0
13079.0,0.0196740510505377,5.0
12258.0,0.0289590075254105,8.0
9356.0,0.0162743056894469,1.0
8138.0,0.0381678218094191,3.0
16400.0,0.0228191036536861,6.0
0.0,0.0159437639777766,10.0
20090.0,0.0324440540345387,8.0
26860.0,0.0515099704130084,1.0
8176.0,0.0395969958948817,5.0
9735.0,0.0402147691754956,7.0
22686.0,0.0163582693765707,4.0
10551.0,0.0180039915493411,9.0
9139.0,0.0165485035776869,8.0
5603.0,0.0332871508772768,8.0
7165.0,0.0280456814909182,8.0
8391.0,0.0140734956293087,12.0
25353.0,0.0369001717851837,12.0
10937.0,0.0415469585898336,12.0
6251.0,0.0457712117713787,10.0
13573.0,0.029797944871943,11.0
18580.0,0.01250097872256,5.0
18099.0,0.0097983353762381,15.0
23403.0,0.0254982190969021,7.0
26244.0,0.0191516246684767,11.0
29086.0,0.0399499857641817,6.0
12771.0,0.0356406825377391,11.0
11438.0,0.02385627086693,6.0
21934.0,0.0329643907434321,5.0
34131.0,0.035801932065283,8.0
17232.0,0.0238033530032511,10.0
8453.0,0.012928637408598,5.0
2601.0,0.018747486581984,13.0
0.0,0.021126709711087,15.0
0.0,0.0092767668743971,11.0
2307.0,0.0270275741093997,12.0
0.0,0.0194347115440541,8.0
0.0,0.0175525617784726,5.0
0.0,0.0294612060593751,5.0
8744.0,0.0116698140176965,7.0
0.0,0.0155087934465759,10.0
2425.0,0.0251601762216727,9.0
5740.0,0.0294658150784852,8.0
0.0,0.0180887944488356,7.0
0.0,0.0212353812626698,7.0
0.0,0.020433127552866,3.0
0.0,0.0048457998725053,2.0
0.0,0.0317848097213489,7.0
0.0,0.013705189756858,6.0
0.0,0.0150823248138465,11.0
0.0,0.0295197600079693,6.0
0.0,0.0,5.0
0.0,0.0,5.0
0.0,0.0,8.0
0.0,0.0,5.0
0.0,0.0,9.0
0.0,0.0,10.0
0.0,0.0,9.0
0.0,0.0,12.0
0.0,0.0,5.0
0.0,0.0,14.0
0.0,0.0,7.0
0.0,0.0,4.0
0.0,0.0,7.0
0.0,0.0,6.0
0.0,0.0,6.0
0.0,0.0,6.0
0.0,0.0,9.0
0.0,0.0,3.0
0.0,0.0,6.0
0.0,0.0,3.0
0.0,0.0,4.0
0.0,0.0,10.0
0.0,0.0,9.0
0.0,0.0,11.0
0.0,0.0,11.0
0.0,0.0,15.0
0.0,0.0147423860888771,10.0
0.0,0.0318561148993739,5.0
0.0,0.0121801603784246,5.0
0.0,0.0150679237047567,10.0
0.0,0.02044964781536,10.0
0.0,0.0130741468051736,9.0
0.0,0.0067897615561364,3.0
0.0,0.0046739841130947,6.0
0.0,0.0064270310856103,10.0
0.0,0.010884194218039,11.0
0.0,0.0,11.0
0.0,0.0266681436181351,12.0
0.0,0.0246687744244616,12.0
0.0,0.0249385892911381,13.0
0.0,0.0105066753079924,15.0
0.0,0.0129805218641247,15.0
0.0,0.0133858485153453,14.0
0.0,0.0245612027286462,12.0
0.0,0.0379466981281503,14.0
0.0,0.0,15.0
0.0,0.0089582597974199,12.0
0.0,0.0051835614313697,13.0
0.0,0.0245084629123919,12.0
0.0,0.0073748218090391,12.0
0.0,0.0,15.0
0.0,0.0,10.0
0.0,0.0,12.0
0.0,0.0,15.0
0.0,0.0,12.0
0.0,0.0,13.0
0.0,0.0,11.0
0.0,0.0,15.0
0.0,0.0,14.0
0.0,0.0,10.0
0.0,0.0,15.0
0.0,0.0,15.0
0.0,0.0,12.0
0.0,0.0,14.0
0.0,0.0,12.0
0.0,0.0,12.0
15103.0,0.0078206470837496,15.0
16546.0,0.022977288329161,15.0
33833.0,0.0029861208805565,12.0
40960.0,0.0255300153016117,12.0
48224.0,0.0270509425414608,15.0
31110.0,0.0066776531607993,12.0
9428.0,0.0074881410602718,14.0
10966.0,0.0335057570004631,11.0
6775.0,0.0200470351951246,12.0
6952.0,0.0333678136839703,11.0
6215.0,0.0297144412243602,13.0
6647.0,0.0485835273162955,15.0
11013.0,0.006947103103272,10.0
27774.0,0.0290123000359519,2.0
26856.0,0.0165292677916353,13.0
28195.0,0.0274865364538318,10.0
8532.0,0.0432204691156164,13.0
6759.0,0.0319273063424303,13.0
29366.0,0.0443102086451534,15.0
19973.0,0.0156288248354042,12.0
37438.0,0.0230047922332846,10.0
37225.0,0.0283103261055053,14.0
21333.0,0.0344866988925396,12.0
31119.0,0.042847059459451,11.0
16225.0,0.0153077993808429,10.0
31439.0,0.0400983245791132,6.0
41146.0,0.0304216034842774,10.0
25073.0,0.0110547335669369,10.0
28662.0,0.0,12.0
35111.0,0.0383478989092343,12.0
59349.0,0.0160021672641585,11.0
45342.0,0.0070240050355987,7.0
45996.0,0.0146903035915648,13.0
48839.0,0.0210603826839871,7.0
50684.0,0.0296064178695173,8.0
27719.0,0.0287864998770669,10.0
15348.0,0.0089347614540808,8.0
26653.0,0.0354754288230666,3.0
28397.0,0.0324412850911847,11.0
28597.0,0.0293507806833553,8.0
24976.0,0.0296779427847198,8.0
9242.0,0.0118131133711286,5.0
9022.0,0.0149266034578778,7.0
3962.0,0.0088866473314357,7.0
5737.0,0.010922427196453,8.0
23785.0,0.0123599881152059,6.0
3807.0,0.0301535926532637,12.0
10661.0,0.044303466633919,9.0
14907.0,0.0336154187457909,3.0
21850.0,0.0553227206847216,5.0
15184.0,0.0362977765637953,10.0
11364.0,0.0340800383802525,10.0
13432.0,0.045797896756512,9.0
11885.0,0.0330771623312917,7.0
19411.0,0.0365827809715361,5.0
13815.0,0.0146577113485284,7.0
39467.0,0.0133304108923511,6.0
20101.0,0.047546744576868,5.0
15595.0,0.0390817209705442,9.0
9214.0,0.0164460387254532,9.0
8036.0,0.0413590126307785,9.0
1172.0,0.0227244971389798,11.0
14570.0,0.0271863421285678,8.0
9759.0,0.0318493072176081,11.0
10203.0,0.0063993055029666,11.0
269.0,0.0488493701384126,13.0
30293.0,0.0248952260018747,4.0
22068.0,0.0310195648022619,10.0
18075.0,0.0313116974332091,9.0
28152.0,0.0054706919390026,8.0
0.0,0.0169764116133318,5.0
1949.0,0.0311364287909816,7.0
20391.0,0.037500411781938,8.0
6666.0,0.0199115079520124,9.0
22590.0,0.0345682443452481,7.0
16755.0,0.0,12.0
15714.0,0.0364985358442373,6.0
720.0,0.0,9.0
0.0,0.0245824862667075,11.0
4161.0,0.0270692211198345,9.0
0.0,0.027529859505674,11.0
8390.0,0.0365346242610928,9.0
0.0,0.0223899766344803,7.0
10572.0,0.037657675640426,5.0
6984.0,0.0264160568202848,3.0
191.0,0.0116677800422671,8.0
7969.0,0.0215502813770823,7.0
5831.0,0.0128856119231021,3.0
982.0,0.0249179257143659,7.0
0.0,0.030495517095331,7.0
0.0,0.0339729680592913,5.0
0.0,0.0264481413411425,3.0
0.0,0.023566289058801,11.0
0.0,0.018767785704872,10.0
0.0,0.0181121576523488,6.0
0.0,0.008439601534727,8.0
0.0,0.0,8.0
0.0,0.0,6.0
0.0,0.0,6.0
0.0,0.0,10.0
0.0,0.0,8.0
0.0,0.0,9.0
0.0,0.0,4.0
0.0,0.0,9.0
0.0,0.0,10.0
0.0,0.0,15.0
0.0,0.0,6.0
0.0,0.0,7.0
0.0,0.0,9.0
0.0,0.0,8.0
0.0,0.0,6.0
0.0,0.0,5.0
0.0,0.0,5.0
0.0,0.0,5.0
0.0,0.0,5.0
0.0,0.0,6.0
0.0,0.0,7.0
0.0,0.0,11.0
0.0,0.0,13.0
0.0,0.0,10.0
0.0,0.0,13.0
0.0,0.0,12.0
0.0,0.0024664777145957,10.0
0.0,0.0111387975241114,7.0
0.0,0.0152497239083824,3.0
0.0,0.0252889251027612,9.0
0.0,0.0211121861727949,6.0
0.0,0.0149642106613655,6.0
0.0,0.0104855990758516,9.0
0.0,0.0165174200245502,8.0
0.0,0.02483698190228,11.0
0.0,0.0368940514576443,11.0
0.0,0.0001781016651618,14.0
0.0,0.0220002171773386,15.0
0.0,0.0298920885341085,14.0
0.0,0.0114900426907813,14.0
0.0,0.0276526742349578,13.0
0.0,0.019335246116872,10.0
0.0,0.0032464497452247,15.0
0.0,0.0213798174748432,9.0
0.0,0.0092825824317718,10.0
0.0,0.0203897181935785,15.0
0.0,0.020795204315556,12.0
0.0,0.0072321279742174,14.0
0.0,0.0257690175558139,9.0
0.0,0.0003407881567499,12.0
0.0,0.0271045077184302,14.0
0.0,0.0,14.0
0.0,0.0,14.0
0.0,0.0,11.0
0.0,0.0,15.0
0.0,0.0,15.0
0.0,0.0,12.0
0.0,0.0,12.0
0.0,0.0,14.0
0.0,0.0,12.0
0.0,0.0,12.0
0.0,0.0,12.0
0.0,0.0,13.0
0.0,0.0,14.0
0.0,0.0,13.0
0.0,0.0,14.0
10681.0,0.0249933371882318,11.0
8701.0,0.0298855049136623,12.0
26357.0,0.0354783274044852,13.0
41749.0,0.0096799136119636,12.0
55872.0,0.0142063009842691,13.0
28379.0,0.0247070499198902,14.0
20439.0,0.0423434933682448,15.0
13603.0,0.0272558433542895,14.0
1032.0,0.0230462218195525,11.0
6797.0,0.0325192644858375,14.0
12862.0,0.0396395381476245,10.0
7271.0,0.0265499504063128,13.0
3945.0,0.0369157573306802,14.0
23751.0,0.0410587250322306,6.0
17789.0,0.0255843941334782,12.0
24855.0,0.0324971035275282,6.0
19094.0,0.0273780875739308,13.0
4511.0,0.0113594691775276,11.0
31682.0,0.0328859602016554,15.0
19720.0,0.039412142069829,12.0
30936.0,0.0419954791623082,14.0
24374.0,0.0390495229575695,15.0
14398.0,0.0249924092836227,11.0
25775.0,0.0350901169130546,14.0
22226.0,0.0264719972186036,11.0
25768.0,0.0177627660250953,12.0
42000.0,0.0348312760020911,13.0
21309.0,0.0408066576094547,10.0
28261.0,0.0190063966746268,13.0
39318.0,0.0460736768816936,15.0
58158.0,0.021110998098089,11.0
58160.0,0.0224826871645219,10.0
62148.0,0.0115619106276468,14.0
59046.0,0.0354253500750304,9.0
35862.0,0.0492275457236677,8.0
7042.0,0.0399460489277425,8.0
20138.0,0.0376825862390986,9.0
22583.0,0.026351445934114,5.0
25711.0,0.0229995958168948,7.0
35164.0,0.0351187864040722,11.0
20731.0,0.0071090352813176,8.0
4421.0,0.0350995950612991,7.0
15208.0,0.0207547447660354,9.0
15792.0,0.0144118102271307,8.0
16560.0,0.0240985286571264,6.0
24892.0,0.0329055716028382,12.0
6753.0,0.0153525144446141,6.0
5681.0,0.0376366583225324,9.0
4636.0,0.0170611360874101,3.0
24482.0,0.0160375568922236,5.0
26462.0,0.0017070431212369,10.0
16137.0,0.0459210523558208,10.0
17993.0,0.0157906014992337,7.0
11518.0,0.0319331212082885,6.0
19715.0,0.0386945898663135,7.0
9301.0,0.0182303366153083,7.0
32568.0,0.0307170760401688,8.0
25290.0,0.0477316118000028,7.0
8064.0,0.0240038475234542,7.0
12718.0,0.0165064480693637,10.0
16284.0,0.0347545944639489,6.0
11334.0,0.0348131371505559,10.0
16558.0,0.0309092850267157,9.0
22286.0,0.0212819427953789,13.0
5419.0,0.0418254003466424,9.0
12907.0,0.0211190645060633,12.0
32812.0,0.0128303292637383,6.0
28214.0,0.0411402465821852,13.0
33167.0,0.026108611764641,9.0
32663.0,0.0292897552345879,7.0
10551.0,0.0470924800549724,7.0
9003.0,0.0387076192131642,11.0
20386.0,0.0155278609136245,9.0
2576.0,0.012637090831384,7.0
20396.0,0.0180791690749052,5.0
11737.0,0.0385143946866344,8.0
11445.0,0.020982976898149,5.0
0.0,0.0251608593256834,10.0
923.0,0.0348168989080545,11.0
2017.0,0.026572101486154,6.0
2714.0,0.0305247672186961,9.0
0.0,0.0219460155094838,8.0
3078.0,0.0205630201663846,4.0
3548.0,0.0,9.0
0.0,0.0282768576628824,8.0
0.0,0.0117742514345298,7.0
13010.0,0.0405292873105907,6.0
0.0,0.0273022266929353,4.0
0.0,0.0116211366619931,5.0
0.0,0.0122332699682558,5.0
0.0,0.0272114777502373,4.0
0.0,0.0395463719051765,5.0
0.0,0.0,10.0
0.0,0.0048199485870643,8.0
0.0,0.0460409813731405,8.0
0.0,0.0358140898360464,6.0
0.0,0.0,7.0
0.0,0.0,7.0
0.0,0.0,10.0
0.0,0.0,10.0
0.0,0.0,8.0
0.0,0.0,8.0
0.0,0.0,6.0
0.0,0.0,9.0
0.0,0.0,6.0
0.0,0.0,15.0
0.0,0.0,5.0
0.0,0.0,8.0
0.0,0.0,9.0
0.0,0.0,7.0
0.0,0.0,3.0
0.0,0.0,7.0
0.0,0.0,4.0
0.0,0.0,3.0
0.0,0.0,4.0
0.0,0.0,9.0
0.0,0.0,8.0
0.0,0.0,8.0
0.0,0.0,12.0
0.0,0.0,12.0
0.0,0.0,12.0
0.0,0.0,13.0
0.0,0.0102645625212356,8.0
0.0,0.0332367109034666,6.0
0.0,0.0118150400140099,6.0
0.0,0.0285735480217883,10.0
0.0,0.0135324617220527,10.0
0.0,0.0223119918345773,7.0
0.0,0.0226866248078397,7.0
0.0,0.0151402047781292,7.0
0.0,0.0172756076212,10.0
0.0,0.0109938013992077,12.0
0.0,0.0404473510214598,13.0
0.0,0.0201051731697197,11.0
0.0,0.0182097358512723,15.0
0.0,0.0023061808555058,11.0
0.0,0.0128531969359557,11.0
0.0,0.0,15.0
0.0,0.0088404971591995,15.0
0.0,0.0,14.0
0.0,0.0039101947746688,13.0
0.0,0.008385446029143,14.0
0.0,0.0114902684293254,13.0
0.0,0.0221299938237977,11.0
0.0,0.0163495599345881,13.0
0.0,0.0190207429319047,14.0
0.0,0.0072493394926939,15.0
0.0,0.0,9.0
0.0,0.0,15.0
0.0,0.0,12.0
0.0,0.0,12.0
0.0,0.0,14.0
0.0,0.0,15.0
0.0,0.0,13.0
0.0,0.0,13.0
0.0,0.0,13.0
0.0,0.0,14.0
0.0,0.0,13.0
0.0,0.0,13.0
0.0,0.0,10.0
0.0,0.0,12.0
0.0,0.0,14.0
15843.0,0.026630853882987,14.0
2423.0,0.0377531153606745,10.0
22485.0,0.0183831090312987,14.0
40370.0,0.0209519009253291,15.0
45163.0,0.0306569156724072,13.0
44696.0,0.0351171749136857,12.0
13854.0,0.0204254632525853,12.0
14370.0,0.0094255331726654,10.0
2428.0,0.0207828102686731,15.0
15569.0,0.0199346566888203,13.0
12210.0,0.0251238495200722,14.0
10565.0,0.0355252664698027,10.0
3376.0,0.0359640531198544,15.0
25195.0,0.0103765486987103,6.0
18187.0,0.0227677471865679,6.0
20623.0,0.016711531304807,10.0
17985.0,0.0332018754389395,14.0
11588.0,0.0473213487292104,11.0
28219.0,0.0285169428377849,11.0
25014.0,0.0253644605419069,12.0
21478.0,0.0281873177347355,13.0
34780.0,0.0421197907112763,13.0
19139.0,0.0405420233591847,13.0
17852.0,0.0147253488097526,12.0
22121.0,0.033084128591653,13.0
22678.0,0.0265705322912349,11.0
47076.0,0.0333708080957225,9.0
34563.0,0.0248352174138085,13.0
23668.0,0.032854623177395,12.0
24541.0,0.0286731246857689,14.0
44002.0,0.0377052714252756,10.0
53576.0,0.0243813367713424,12.0
40301.0,0.0300834454184139,12.0
62697.0,0.0103136996503403,12.0
56128.0,0.0234457334217916,8.0
26828.0,0.0135172908785401,8.0
14364.0,0.0301272139500323,7.0
5938.0,0.0195110611612117,6.0
19898.0,0.0142989961680873,9.0
26150.0,0.0384816517052908,9.0
10785.0,0.027205189256827,6.0
0.0,0.0233046507516176,9.0
8600.0,0.0341106382439904,6.0
13099.0,0.0289618462478834,10.0
14320.0,0.0237152090720442,8.0
22581.0,0.0292143743661191,6.0
10829.0,0.0249082107133197,8.0
3922.0,0.0300322608758325,10.0
9327.0,0.0307025878170776,3.0
31998.0,0.011795319593362,6.0
29308.0,0.0293827294480925,11.0
12063.0,0.0482520162093507,11.0
14068.0,0.0251304980484639,8.0
18039.0,0.0385242297033941,3.0
21079.0,0.0210058784271515,3.0
12488.0,0.0260227947162804,8.0
26350.0,0.0287560968383588,9.0
22722.0,0.0201302638076083,8.0
6392.0,0.039013747374365,7.0
10613.0,0.032965318510659,7.0
18060.0,0.0354226042714965,7.0
6827.0,0.0200975776773316,7.0
22953.0,0.0181821113434689,8.0
11612.0,0.0297733656736551,10.0
17581.0,0.0341238543964863,11.0
7245.0,0.0491846469183536,15.0
20134.0,0.0273806042419609,3.0
21904.0,0.0306159556002519,10.0
29715.0,0.0267221415531418,8.0
22278.0,0.0348781026428469,11.0
21700.0,0.0092740951309662,6.0
21566.0,0.0450012645038714,9.0
17982.0,0.0109017344359552,7.0
11091.0,0.031472143190627,6.0
10839.0,0.035064443239627,5.0
14048.0,0.0408560981487234,10.0
9077.0,0.0157113686637343,5.0
13116.0,0.0292116508600042,7.0
1020.0,0.0329267681476916,13.0
271.0,0.0155713942726119,6.0
2121.0,0.022490448998072,6.0
0.0,0.0301389387216581,7.0
0.0,0.0265739982701777,5.0
4906.0,0.0230458814629211,5.0
11815.0,0.0199414829599537,7.0
0.0,0.0256568535782333,7.0
664.0,0.0227711169222457,7.0
6979.0,0.0236763387767731,5.0
2898.0,0.0086452174184414,9.0
0.0,0.0066754594991863,5.0
0.0,0.0037287256645239,9.0
0.0,0.0203155010396917,3.0
0.0,0.0155796097294886,8.0
0.0,0.0286828539977473,7.0
0.0,0.03248971313935,10.0
0.0,0.0341596519956431,9.0
0.0,0.0,6.0
0.0,0.0,7.0
0.0,0.0,8.0
0.0,0.0,11.0
0.0,0.0,9.0
0.0,0.0,11.0
0.0,0.0,6.0
0.0,0.0,12.0
0.0,0.0,6.0
0.0,0.0,14.0
0.0,0.0,8.0
0.0,0.0,5.0
0.0,0.0,12.0
0.0,0.0,7.0
0.0,0.0,9.0
0.0,0.0,7.0
0.0,0.0,7.0
0.0,0.0,3.0
0.0,0.0,7.0
0.0,0.0,4.0
0.0,0.0,3.0
0.0,0.0,11.0
0.0,0.0,12.0
0.0,0.0,10.0
0.0,0.0,12.0
0.0,0.0,15.0
0.0,0.0066796936551306,8.0
0.0,0.0,5.0
0.0,0.014709024904358,3.0
0.0,0.0227006024466354,8.0
0.0,0.0135892382763349,1.0
0.0,0.0067538944095632,5.0
0.0,0.0223508883618361,7.0
0.0,0.0224252138547219,11.0
0.0,0.0119801822987947,14.0
0.0,0.0122463121259084,15.0
0.0,0.0,12.0
0.0,0.015320987966099,12.0
0.0,0.0318719772462563,12.0
0.0,0.0143532209148792,12.0
0.0,0.016540949894224,15.0
0.0,0.0081222951283053,10.0
0.0,0.0099726979824761,15.0
0.0,0.0,12.0
0.0,0.0107935420971519,13.0
0.0,0.0,15.0
0.0,0.02184815885245,15.0
0.0,0.0140589345356507,14.0
0.0,0.0260840093934922,13.0
0.0,0.0156707953427352,14.0
0.0,0.0299712767798397,15.0
0.0,0.0,11.0
0.0,0.0,9.0
0.0,0.0,15.0
0.0,0.0,11.0
0.0,0.0,13.0
0.0,0.0,11.0
0.0,0.0,15.0
0.0,0.0,11.0
0.0,0.0,12.0
0.0,0.0,10.0
0.0,0.0,12.0
0.0,0.0,15.0
0.0,0.0,14.0
0.0,0.0,14.0
0.0,0.0,14.0
15860.0,0.0137385166703063,15.0
7266.0,0.0106644019274722,13.0
37774.0,0.0073406328090268,15.0
27754.0,0.0338174834411994,15.0
44863.0,0.0227098661264084,13.0
26576.0,0.0095242416697989,15.0
7394.0,0.0159433622603503,12.0
8897.0,0.0226846542164508,13.0
4266.0,0.0314795935913337,13.0
12714.0,0.0168210752087425,15.0
14385.0,0.041567441032223,12.0
4937.0,0.0457555154019709,11.0
3149.0,0.0419731089400534,10.0
20610.0,0.0540635485305874,8.0
32812.0,0.033748829584307,10.0
21495.0,0.0178960024477009,10.0
18919.0,0.0298457437263529,11.0
6212.0,0.0320274737251536,10.0
39105.0,0.0267695825019453,12.0
17780.0,0.0385136393815978,10.0
35204.0,0.0285395839653241,9.0
42112.0,0.0246130211301415,13.0
15299.0,0.0407256726072723,11.0
20246.0,0.0551332807830515,11.0
18414.0,0.0120695693747297,11.0
20518.0,0.0182013654313829,7.0
43696.0,0.0293523727522168,12.0
42123.0,0.0139629047844619,9.0
31708.0,0.0210778590869868,13.0
29660.0,0.0,15.0
52902.0,0.0247235178172007,12.0
51354.0,0.0238305116389619,11.0
50035.0,0.0239510249392062,14.0
54060.0,0.0221654994369543,10.0
37060.0,0.0208068901793019,5.0
12225.0,0.0340161465402555,10.0
21231.0,0.0431124337555323,6.0
960.0,0.0397848913141376,4.0
21487.0,0.0287620044374999,8.0
39250.0,0.0206079457949276,8.0
21713.0,0.0353250053868125,4.0
13780.0,0.0282431939394705,6.0
13323.0,0.0348826782113709,6.0
11148.0,0.0272413981000811,10.0
11566.0,0.0309528511101653,5.0
24168.0,0.0437113605661039,13.0
14779.0,0.0237516296178543,10.0
16166.0,0.0083935117456206,7.0
17029.0,0.047260730992725,6.0
23438.0,0.0389908821874742,7.0
29197.0,0.0198561661918349,10.0
8942.0,0.0237683930672371,8.0
20551.0,0.0320454524299689,6.0
13735.0,0.0515649216556939,9.0
16088.0,0.042432637068407,10.0
17401.0,0.039201077410144,3.0
24255.0,0.0283928120461475,6.0
16180.0,0.0439238891351372,6.0
9731.0,0.0320315079319836,11.0
13257.0,0.0323766755158863,9.0
11241.0,0.0200493965065643,8.0
8226.0,0.0315223804110394,8.0
22256.0,0.028917725045646,9.0
13002.0,0.0215969404053628,10.0
0.0,0.0280607008763541,8.0
7892.0,0.0350974343668743,14.0
12880.0,0.0132314468250645,2.0
17832.0,0.0305887565550036,9.0
19625.0,0.0564157758771534,8.0
32294.0,0.030823750811564,11.0
17122.0,0.0161310918853001,10.0
15090.0,0.0327142434545844,7.0
4996.0,0.0145855894615713,10.0
12782.0,0.0208099522285811,7.0
21317.0,0.0366258460974396,8.0
13125.0,0.0262974829632797,10.0
14729.0,0.0230600370899141,5.0
20167.0,0.0183387063115162,11.0
0.0,0.0160377861535435,12.0
4483.0,0.0024238249908353,11.0
5562.0,0.0304368262891655,9.0
0.0,0.0138801893325002,6.0
3347.0,0.0155206579608465,4.0
17330.0,0.0358178194746344,7.0
0.0,0.024509509776819,7.0
1086.0,0.0339382070012921,9.0
0.0,0.0331554116176698,14.0
5205.0,0.0205153966659688,3.0
0.0,0.0046550991915806,8.0
0.0,0.0223101804184615,4.0
0.0,0.0059945974111373,9.0
0.0,0.0148239103354502,4.0
0.0,0.0176477987893476,8.0
0.0,0.0099773352265445,2.0
0.0,0.0159853876048992,7.0
0.0,0.0072722044684793,5.0
0.0,0.0,6.0
0.0,0.0,5.0
0.0,0.0,11.0
0.0,0.0,9.0
0.0,0.0,11.0
0.0,0.0,6.0
0.0,0.0,6.0
0.0,0.0,7.0
0.0,0.0,7.0
0.0,0.0,13.0
0.0,0.0,3.0
0.0,0.0,6.0
0.0,0.0,6.0
0.0,0.0,8.0
0.0,0.0,4.0
0.0,0.0,6.0
0.0,0.0,6.0
0.0,0.0,3.0
0.0,0.0,6.0
0.0,0.0,6.0
0.0,0.0,4.0
0.0,0.0,7.0
0.0,0.0,13.0
0.0,0.0,11.0
0.0,0.0,13.0
0.0,0.0,9.0
0.0,0.0206820263005364,12.0
0.0,0.0192575772069224,7.0
0.0,0.0185539966832325,6.0
0.0,0.0107491215197472,10.0
0.0,0.0057042332041733,9.0
0.0,0.0235062058857572,7.0
0.0,0.0012783898367433,7.0
0.0,0.0203267156219275,2.0
0.0,0.0050168534992566,14.0
0.0,0.0380652996858919,13.0
0.0,0.0231987822512344,12.0
0.0,0.0321803093012527,11.0
0.0,0.0,15.0
0.0,0.0110207312503384,13.0
0.0,0.0023709848708228,15.0
0.0,0.0166310319090946,12.0
0.0,0.0251426693720649,14.0
0.0,0.0244858804383474,15.0
0.0,0.0238914582092082,11.0
0.0,0.0176568120304986,15.0
0.0,0.02471021091588,12.0
0.0,0.0099173990349116,7.0
0.0,0.0135719026247785,13.0
0.0,0.0,15.0
0.0,0.0064548935893127,15.0
0.0,0.0,13.0
0.0,0.0,14.0
0.0,0.0,15.0
0.0,0.0,13.0
0.0,0.0,12.0
0.0,0.0,12.0
0.0,0.0,14.0
0.0,0.0,11.0
0.0,0.0,12.0
0.0,0.0,10.0
0.0,0.0,15.0
0.0,0.0,14.0
0.0,0.0,12.0
0.0,0.0,13.0
0.0,0.0,13.0
21457.0,0.0070331972859189,12.0
6882.0,0.0132107894249985,14.0
28741.0,0.0282424052258981,11.0
45501.0,0.0310176661493773,12.0
50502.0,0.0101702804386862,15.0
28500.0,0.0234489179175859,15.0
4198.0,0.0225074292243998,12.0
1731.0,0.032617461496631,11.0
5572.0,0.0283589949462693,13.0
7737.0,0.0283789978125373,15.0
9656.0,0.0525905807794648,12.0
19923.0,0.0480413365830488,15.0
0.0,0.0307706123275648,13.0
10915.0,0.0325994964927536,11.0
22845.0,0.0260230000860753,9.0
16734.0,0.0243956503595748,9.0
22184.0,0.0225438581241626,9.0
15764.0,0.0254059587802348,15.0
23001.0,0.0287875623088308,15.0
22983.0,0.0400047921565645,12.0
31838.0,0.0244924380148706,13.0
30114.0,0.0488593691562889,14.0
17374.0,0.0232347944654734,10.0
20466.0,0.0398296968055792,14.0
16286.0,0.0178720917986227,13.0
29019.0,0.0393610923517522,11.0
47420.0,0.0450868492578172,11.0
39134.0,0.022391010142984,6.0
25768.0,0.025686699005947,12.0
28034.0,0.0379232309352149,12.0
51140.0,0.0191631005152179,11.0
55875.0,0.0427192210649013,12.0
42055.0,0.0194657205775946,13.0
46241.0,0.0290696383998602,8.0
43051.0,0.0149203811657197,9.0
11425.0,0.0182234706555002,10.0
11997.0,0.013414374139266,10.0
7471.0,0.0274152963161068,6.0
28825.0,0.0090526571189058,10.0
34307.0,0.0375280167148718,15.0
24350.0,0.0264326844736457,9.0
4536.0,0.0216311706594375,5.0
13094.0,0.0354973319834644,7.0
18114.0,0.0511560698891156,8.0
0.0,0.0298899008516396,4.0
25515.0,0.0307694288838229,5.0
17134.0,0.0171212724512338,10.0
1870.0,0.0375639242879382,8.0
3478.0,0.0100601460405692,3.0
25256.0,0.0216782819400317,5.0
25862.0,0.0218056469344003,9.0
17045.0,0.022930264922997,10.0
24292.0,0.0119902474454725,8.0
13382.0,0.0135609324377764,4.0
4524.0,0.0319205279608943,10.0
0.0,0.0167401819373819,7.0
29197.0,0.0419569360121585,6.0
16670.0,0.0275563950846604,12.0
10359.0,0.021842906818221,5.0
13038.0,0.0457645885366877,11.0
9866.0,0.030859662145902,10.0
3632.0,0.0396083989518415,11.0
20097.0,0.0335964268654552,10.0
9761.0,0.0510377901537526,8.0
2522.0,0.0264474740560532,13.0
13337.0,0.0326860499438144,12.0
28344.0,0.0240942882545145,7.0
24910.0,0.0198639287191308,13.0
16798.0,0.0410127497671695,10.0
23533.0,0.022917495796243,9.0
11747.0,0.0278594186881339,8.0
22519.0,0.0275988120738671,6.0
18511.0,0.026705247913303,9.0
17962.0,0.0251559812338779,6.0
20991.0,0.0240320668063246,6.0
5042.0,0.0168094786272749,9.0
7863.0,0.0168026556668803,6.0
2868.0,0.0246584333775278,7.0
7051.0,0.0539028647506484,11.0
12519.0,0.0052159425685321,9.0
9239.0,0.0213680844240797,14.0
1451.0,0.0149084679044388,5.0
0.0,0.0355436138056159,5.0
0.0,0.0232482606434667,7.0
4249.0,0.0323392389112573,8.0
0.0,0.0261177833009352,10.0
1075.0,0.0256543228442443,12.0
7218.0,0.0181794348673914,6.0
0.0,0.0110234434245942,7.0
0.0,2.2588673553591843e-06,6.0
0.0,0.022390763790941,6.0
0.0,0.0293925866056534,8.0
0.0,0.0176983770439913,9.0
0.0,0.032552652614558,5.0
0.0,0.0293135197738568,6.0
0.0,0.0133718806679873,7.0
0.0,0.0,5.0
0.0,0.0,10.0
0.0,0.0,8.0
0.0,0.0,5.0
0.0,0.0,9.0
0.0,0.0,5.0
0.0,0.0,3.0
0.0,0.0,12.0
0.0,0.0,3.0
0.0,0.0,12.0
0.0,0.0,8.0
0.0,0.0,5.0
0.0,0.0,11.0
0.0,0.0,7.0
0.0,0.0,5.0
0.0,0.0,7.0
0.0,0.0,0.0
0.0,0.0,5.0
0.0,0.0,3.0
0.0,0.0,5.0
0.0,0.0,4.0
0.0,0.0,9.0
0.0,0.0,11.0
0.0,0.0,8.0
0.0,0.0,12.0
0.0,0.0,12.0
0.0,0.0047397982249569,6.0
0.0,0.0214656863991245,4.0
0.0,0.0298977381515539,4.0
0.0,0.0220247544366726,10.0
0.0,0.0224744522964723,8.0
0.0,0.0315414158455728,5.0
0.0,0.0203491956629081,4.0
0.0,0.0021635364594318,6.0
0.0,0.0282323950599548,13.0
0.0,0.0340593738715428,10.0
0.0,0.0,10.0
0.0,0.0194042521577506,12.0
0.0,0.0224244251664278,13.0
0.0,0.0269120600209071,11.0
0.0,0.011050104734748,11.0
0.0,0.0143370466271017,15.0
0.0,0.022387402183494,11.0
0.0,0.0215009527784802,12.0
0.0,0.0087431809462283,11.0
0.0,0.0221890763687112,11.0
0.0,0.017829096049805,12.0
0.0,0.0294910678902533,15.0
0.0,0.021904843900122,15.0
0.0,0.0152000170216123,10.0
0.0,0.000682805042446,14.0
0.0,0.0,12.0
0.0,0.0,14.0
0.0,0.0,9.0
0.0,0.0,11.0
0.0,0.0,12.0
0.0,0.0,13.0
0.0,0.0,14.0
0.0,0.0,15.0
0.0,0.0,11.0
0.0,0.0,13.0
0.0,0.0,11.0
0.0,0.0,11.0
0.0,0.0,10.0
0.0,0.0,14.0
0.0,0.0,13.0
13662.0,0.0362370861725754,15.0
14182.0,0.0191578383573058,14.0
19661.0,0.0145131775409311,12.0
42555.0,0.0420538202476933,15.0
58889.0,0.0243819407263271,12.0
31224.0,0.0120359504123807,15.0
12170.0,0.0034789378557341,11.0
6760.0,0.0135556719331931,13.0
11045.0,0.0379546124954777,15.0
11128.0,0.0342372263552623,13.0
2757.0,0.0430591843027693,15.0
9627.0,0.0471731257887761,10.0
2986.0,0.0452005268766114,13.0
14174.0,0.032886674804432,11.0
18530.0,0.0360221595318362,7.0
17966.0,0.0306620696108964,12.0
27705.0,0.0242154245836683,12.0
3004.0,0.0370998022680992,11.0
28222.0,0.0290812715268311,14.0
27951.0,0.0409703727948949,7.0
38993.0,0.0392474252868012,13.0
29467.0,0.036687204146255,14.0
17168.0,0.0114438417481213,11.0
24637.0,0.0311722675703089,14.0
30225.0,0.0232224030376898,10.0
30488.0,0.0332598679920115,11.0
41706.0,0.0427574470889635,11.0
32837.0,0.0041289277853086,8.0
31390.0,0.0372418757017712,14.0
34698.0,0.0169300443362409,14.0
61960.0,0.0289397318811008,12.0
51770.0,0.0321284033934562,12.0
49181.0,0.0011223097432656,11.0
37344.0,0.0345104153546777,10.0
45198.0,0.0099484938737685,8.0
20015.0,0.0207253669214161,9.0
16702.0,0.0378195588996832,10.0
2691.0,0.0144388318752154,8.0
23300.0,0.0201286083574563,8.0
32287.0,0.0201823811992343,8.0
17573.0,0.0234116718761114,10.0
5538.0,0.0010256077567133,9.0
6917.0,0.0181172163273317,5.0
15536.0,0.0346077691941853,7.0
17079.0,0.0203813293978666,4.0
16761.0,0.029741113032852,6.0
3227.0,0.0347169899015234,10.0
8914.0,0.0346196743188183,8.0
19889.0,0.0161774470387468,6.0
22165.0,0.0224440347175851,3.0
27098.0,0.035889572815683,10.0
10026.0,0.0331827758782709,10.0
28665.0,0.041803699116242,8.0
23232.0,0.0274516454873559,4.0
0.0,0.0214932700697272,6.0
6564.0,0.0162301638804885,7.0
18637.0,0.0264328519342048,4.0
25008.0,0.0305429207240106,9.0
8437.0,0.0352347801460343,9.0
10772.0,0.0304386758744166,7.0
10811.0,0.0332511665031153,9.0
11206.0,0.0239411789741886,11.0
18772.0,0.0374438921549707,10.0
7231.0,0.0217581025675768,13.0
0.0,0.035802311339209,13.0
5076.0,0.0246307007330127,15.0
23951.0,0.0308772465640999,6.0
23842.0,0.0273267178190097,14.0
15651.0,0.0149303899474509,10.0
22724.0,0.0245946026142362,9.0
9747.0,0.0226541902119346,10.0
13447.0,0.0482748311241291,3.0
22039.0,0.0174602044086506,8.0
25483.0,0.0399817099640416,7.0
23001.0,0.0223219210355396,6.0
9937.0,0.0280080748565104,9.0
9227.0,0.0291389809415314,4.0
9546.0,0.0261582305509097,9.0
5828.0,0.0188671893125191,8.0
20354.0,0.0179970827065866,10.0
11732.0,0.0293062188629524,9.0
13452.0,0.029032595476067,9.0
3540.0,0.0310155938565518,5.0
2107.0,0.0117583192028217,6.0
0.0,0.0018005071727098,7.0
0.0,0.0237417878629825,8.0
9077.0,0.0187031474666813,6.0
1299.0,0.0226793513931549,4.0
0.0,0.019610760237303,2.0
0.0,0.0,5.0
0.0,0.0246777869742058,6.0
0.0,0.0007909648566352,6.0
0.0,0.0124702990777055,6.0
0.0,0.0161365699128043,7.0
0.0,0.0397575761935044,4.0
0.0,0.0,9.0
0.0,0.0,7.0
0.0,0.0,7.0
0.0,0.0,9.0
0.0,0.0,10.0
0.0,0.0,9.0
0.0,0.0,10.0
0.0,0.0,6.0
0.0,0.0,10.0
0.0,0.0,10.0
0.0,0.0,14.0
0.0,0.0,4.0
0.0,0.0,5.0
0.0,0.0,9.0
0.0,0.0,6.0
0.0,0.0,3.0
0.0,0.0,8.0
0.0,0.0,4.0
0.0,0.0,4.0
0.0,0.0,7.0
0.0,0.0,5.0
0.0,0.0,5.0
0.0,0.0,7.0
0.0,0.0,10.0
0.0,0.0,8.0
0.0,0.0,12.0
0.0,0.0,11.0
0.0,0.0168346051966098,12.0
0.0,0.0314217941850883,7.0
0.0,0.0056012939787971,5.0
0.0,0.0123769029181913,6.0
0.0,0.000579279510093,8.0
0.0,0.0137347208572789,7.0
0.0,0.0176447574540047,8.0
0.0,0.0114570759256452,4.0
0.0,0.0165696738014378,14.0
0.0,0.0051645793596713,14.0
0.0,0.0428247471477587,14.0
0.0,0.0137451070194193,13.0
0.0,0.0095539640065543,15.0
0.0,0.0174683046565023,12.0
0.0,0.0312081412693913,14.0
0.0,0.0303535464674978,13.0
0.0,0.0100465051349943,11.0
0.0,0.0408258602911498,12.0
0.0,0.0286286800465972,12.0
0.0,0.0196368843122512,15.0
0.0,0.0128602583323727,13.0
0.0,0.0172926023486342,10.0
0.0,0.0206480639848525,11.0
0.0,0.0226197686770848,14.0
0.0,0.0147848822919263,10.0
0.0,0.0,10.0
0.0,0.0,15.0
0.0,0.0,12.0
0.0,0.0,13.0
0.0,0.0,10.0
0.0,0.0,14.0
0.0,0.0,9.0
0.0,0.0,10.0
0.0,0.0,13.0
0.0,0.0,12.0
0.0,0.0,12.0
0.0,0.0,13.0
0.0,0.0,15.0
0.0,0.0,10.0
0.0,0.0,14.0
15197.0,0.0322349540657102,14.0
10318.0,0.0284091425518227,12.0
31679.0,0.0039255354306642,14.0
43919.0,0.0239167807088394,14.0
52087.0,0.0134869273484433,9.0
28455.0,0.0076398291736071,10.0
14943.0,0.036011718616368,11.0
6739.0,0.0209869137119407,11.0
9271.0,0.0254979884283265,15.0
3867.0,0.0282118900934123,13.0
10821.0,0.0384806891593995,12.0
0.0,0.0366048135710599,12.0
586.0,0.031436125614792,14.0
20900.0,0.0351109846289035,4.0
12621.0,0.030261017827354,7.0
30174.0,0.0250638779610885,6.0
5618.0,0.0328096116981577,11.0
6825.0,0.0468105740795344,9.0
23655.0,0.0236274082552907,14.0
18991.0,0.0171446289440433,15.0
33223.0,0.030687014787298,12.0
26410.0,0.0371209357194127,11.0
11792.0,0.0330055363980559,11.0
20974.0,0.042280274681855,13.0
13641.0,0.0391906847590533,9.0
29005.0,0.0065235183363266,11.0
46400.0,0.0262183668169791,14.0
21189.0,0.0177109857258391,15.0
28740.0,0.0458325420527875,14.0
38253.0,0.0318083891354816,15.0
46627.0,0.0313011707159315,7.0
52108.0,0.0314202463051833,9.0
48294.0,0.0359090900234247,11.0
49790.0,0.034999154118599,10.0
39599.0,0.0474483841215096,9.0
17468.0,0.0292331302473529,9.0
15214.0,0.0150019259850018,9.0
18578.0,0.0380465935456699,2.0
21091.0,0.0213811617471526,12.0
32135.0,0.0202560912033925,10.0
22597.0,0.0207132276592508,6.0
7930.0,0.0400442098890649,7.0
18654.0,0.0234694285836439,7.0
12846.0,0.0118690828577367,5.0
17343.0,0.0041296929650148,10.0
19350.0,0.01743284371107,6.0
22241.0,0.0307287385999062,7.0
9662.0,0.0087168892820915,9.0
13936.0,0.0294288736007254,5.0
22239.0,0.025689947018426,6.0
25523.0,0.0237124879393937,9.0
20349.0,0.023204928485019,11.0
23793.0,0.0227244242522488,9.0
14925.0,0.0288829633056812,4.0
16037.0,0.0323898646426085,8.0
4933.0,0.0351118122873255,7.0
33241.0,0.0052022253012584,5.0
9821.0,0.0229998733047948,7.0
7481.0,0.0331854325196247,11.0
9167.0,0.013316587900485,8.0
12013.0,0.0373132561601652,9.0
9320.0,0.0235761665646654,9.0
15098.0,0.0406943037725976,11.0
8923.0,0.0277375037388031,9.0
10354.0,0.0159972343454897,12.0
6241.0,0.0413618524407336,11.0
30940.0,0.0306781282199018,7.0
25529.0,0.0246259438171648,7.0
30586.0,0.0417347045586584,10.0
22241.0,0.0332439237260742,8.0
5747.0,0.0303468888450642,7.0
7326.0,0.0525692135656228,9.0
18315.0,0.0507669006999646,7.0
19504.0,0.0292088101201677,5.0
21140.0,0.0313167189689566,8.0
15469.0,0.0275026476995025,11.0
11113.0,0.0088869365757647,6.0
6571.0,0.0328322048503728,9.0
0.0,0.0076518510532588,10.0
0.0,0.0155162383419629,6.0
8036.0,0.0226161360549952,11.0
8213.0,0.0276806806078968,8.0
0.0,0.0303691476113153,6.0
0.0,0.0124579702603469,8.0
4650.0,0.0126492739571726,10.0
4911.0,0.0260565492400393,9.0
0.0,0.0109219380915796,8.0
543.0,0.0,5.0
6955.0,0.0140645042277309,8.0
0.0,0.0213729483882143,8.0
0.0,0.0,5.0
0.0,0.0,4.0
0.0,0.0246856120700229,8.0
0.0,0.0209969264430371,5.0
0.0,0.0207214560845034,8.0
0.0,0.013729864478603,7.0
0.0,0.0,8.0
0.0,0.0,9.0
0.0,0.0,11.0
0.0,0.0,7.0
0.0,0.0,4.0
0.0,0.0,11.0
0.0,0.0,7.0
0.0,0.0,14.0
0.0,0.0,6.0
0.0,0.0,11.0
0.0,0.0,3.0
0.0,0.0,5.0
0.0,0.0,12.0
0.0,0.0,5.0
0.0,0.0,4.0
0.0,0.0,11.0
0.0,0.0,7.0
0.0,0.0,5.0
0.0,0.0,8.0
0.0,0.0,8.0
0.0,0.0,7.0
0.0,0.0,7.0
0.0,0.0,11.0
0.0,0.0,8.0
0.0,0.0,13.0
0.0,0.0,13.0
0.0,0.0108924895142231,10.0
0.0,0.0193740309974917,4.0
0.0,0.0106037418437204,5.0
0.0,0.0143275525962657,9.0
0.0,0.0214215703404143,8.0
0.0,0.0149148664661442,10.0
0.0,0.031333867638967,6.0
0.0,0.0169774756430858,8.0
0.0,0.0273723239906678,14.0
0.0,0.0207946750226717,12.0
0.0,0.0,7.0
0.0,0.0117508601089329,13.0
0.0,0.0049780229283391,11.0
0.0,0.0298256240444591,13.0
0.0,0.0087293258615598,13.0
0.0,0.0200967776770349,14.0
0.0,0.0085037655154792,12.0
0.0,0.0115952893665128,12.0
0.0,0.0134829060815226,14.0
0.0,0.0053240917538596,15.0
0.0,0.024160103563541,14.0
0.0,0.0301856948280748,13.0
0.0,0.0025663728666919,13.0
0.0,0.0101108729515949,12.0
0.0,0.0222408935535374,12.0
0.0,0.0,10.0
0.0,0.0,11.0
0.0,0.0,11.0
0.0,0.0,10.0
0.0,0.0,11.0
0.0,0.0,10.0
0.0,0.0,11.0
0.0,0.0,12.0
0.0,0.0,14.0
0.0,0.0,12.0
0.0,0.0,14.0
0.0,0.0,15.0
0.0,0.0,12.0
0.0,0.0,14.0
0.0,0.0,12.0
20620.0,0.0207638336836634,13.0
17463.0,0.0276039347694225,15.0
26243.0,0.0165880524259229,12.0
40436.0,0.0053471831435733,13.0
50279.0,0.0129068471405902,13.0
36966.0,0.0234463341570547,14.0
10500.0,0.0238991217689172,10.0
10735.0,0.0563851299875899,13.0
0.0,0.050617616181501,12.0
8833.0,0.018107708623269,11.0
0.0,0.0213718319703855,7.0
8346.0,0.0507483575064976,14.0
14946.0,0.0431314342067831,12.0
27262.0,0.0427817801114703,8.0
17551.0,0.0191634840143427,9.0
22607.0,0.0361835214487946,6.0
23664.0,0.0208217042475068,14.0
18279.0,0.0264350868686919,15.0
25320.0,0.0396600423987497,15.0
20479.0,0.037843511112257,15.0
35334.0,0.0203239482426543,15.0
31668.0,0.0347987969333212,15.0
22652.0,0.0289130814821615,12.0
17591.0,0.0428369614417413,11.0
24183.0,0.0431184521811694,10.0
29542.0,0.0341210354233277,8.0
45857.0,0.0120958815327719,12.0
35641.0,0.038160209483448,8.0
25633.0,0.0479425748881675,15.0
39471.0,0.0220628525820435,13.0
46458.0,0.0191798094664112,12.0
49302.0,0.0121986727757341,9.0
54352.0,0.0404054193734393,15.0
43396.0,0.0184682243522179,13.0
37517.0,0.0,8.0
15863.0,0.0177857456008916,11.0
25352.0,0.0263793536411086,5.0
9281.0,0.0296546370892565,8.0
21880.0,0.0280508063331071,10.0
36652.0,0.0163359326887186,8.0
10977.0,0.0265654103115434,6.0
14872.0,0.0210200912960377,4.0
4166.0,0.0276643713588036,9.0
26942.0,0.0096459892763604,9.0
8312.0,0.0052241805824778,5.0
14335.0,0.0299305514329819,9.0
9552.0,0.0470955144038864,5.0
6471.0,0.039064424459491,6.0
0.0,0.0343236761138876,6.0
16230.0,0.0191927121144,5.0
26168.0,0.0321483780114055,10.0
3126.0,0.0339948830774167,10.0
30308.0,0.0393776357137307,7.0
23554.0,0.0164183074416276,2.0
14715.0,0.0255239838889664,5.0
3024.0,0.0283184222708412,6.0
31246.0,0.0424039421407716,6.0
26603.0,0.0298179436146611,6.0
7690.0,0.0352665897599398,9.0
7759.0,0.0368676498369505,6.0
3567.0,0.0248053575476118,9.0
9635.0,0.036730696529114,8.0
18442.0,0.0339058196547989,10.0
11674.0,0.0185295243484257,10.0
6971.0,0.0262007877036604,11.0
14801.0,0.0154969385246227,13.0
34466.0,0.0407108289210369,9.0
25259.0,0.0055765500825741,12.0
29278.0,0.0146750915112775,9.0
26583.0,0.0206491400181255,4.0
8084.0,0.0164074174466017,9.0
6371.0,0.0198980424928663,9.0
25201.0,0.0373887942033686,7.0
11083.0,0.0265785407922356,4.0
18016.0,0.0327397557548131,3.0
12364.0,0.0325522977970674,7.0
9313.0,0.00021808420414,3.0
4014.0,0.0154108215667451,9.0
537.0,0.0,10.0
5966.0,0.0302916108040341,9.0
1589.0,0.0326169530515041,6.0
0.0,0.0191660139819148,6.0
0.0,0.0194742737962558,6.0
3684.0,0.0110374171623926,6.0
3305.0,0.0068618512638111,6.0
0.0,0.0493066365498012,11.0
53.0,0.0297183322523336,6.0
2963.0,0.0340071344165695,6.0
0.0,0.0218292641663139,6.0
0.0,0.0149049099816086,4.0
0.0,0.0038774459974802,3.0
0.0,0.0,4.0
0.0,0.0149018872479628,7.0
0.0,0.0212527302986289,7.0
0.0,0.0055410529368626,11.0
0.0,0.0155847165485865,3.0
0.0,0.0,7.0
0.0,0.0,10.0
0.0,0.0,6.0
0.0,0.0,5.0
0.0,0.0,9.0
0.0,0.0,8.0
0.0,0.0,6.0
0.0,0.0,13.0
0.0,0.0,6.0
0.0,0.0,13.0
0.0,0.0,5.0
0.0,0.0,8.0
0.0,0.0,9.0
0.0,0.0,7.0
0.0,0.0,4.0
0.0,0.0,4.0
0.0,0.0,7.0
0.0,0.0,1.0
0.0,0.0,1.0
0.0,0.0,5.0
0.0,0.0,6.0
0.0,0.0,11.0
0.0,0.0,14.0
0.0,0.0,13.0
0.0,0.0,11.0
0.0,0.0,13.0
0.0,0.0239654355232609,12.0
0.0,0.0190685877496783,7.0
0.0,0.0040593491983559,5.0
0.0,0.0026285078331642,8.0
0.0,0.0040315366595885,7.0
0.0,0.004271487371343,6.0
0.0,0.0215857381444241,5.0
0.0,0.0236355464975329,6.0
0.0,0.0096005694559033,10.0
0.0,0.0,13.0
0.0,0.0148934230468343,15.0
0.0,0.0168746567056985,15.0
0.0,0.0,14.0
0.0,0.0457247328063616,13.0
0.0,0.0169164188806284,13.0
0.0,0.0163699645972937,12.0
0.0,0.0226648895313822,10.0
0.0,0.0370739741367969,10.0
0.0,0.0223097688942053,13.0
0.0,0.01768064714868,13.0
0.0,0.0117466037642545,15.0
0.0,0.017006180906499,12.0
0.0,0.0264298709882767,12.0
0.0,0.0102904050498226,15.0
0.0,0.0326566383243851,13.0
0.0,0.0,14.0
0.0,0.0,13.0
0.0,0.0,15.0
0.0,0.0,14.0
0.0,0.0,15.0
0.0,0.0,14.0
0.0,0.0,12.0
0.0,0.0,14.0
0.0,0.0,15.0
0.0,0.0,5.0
0.0,0.0,13.0
0.0,0.0,12.0
0.0,0.0,13.0
0.0,0.0,12.0
0.0,0.0,13.0
5036.0,0.0337535321760477,14.0
7129.0,0.0,11.0
24735.0,0.0334665838048241,13.0
30792.0,0.0246772220358023,14.0
46230.0,0.0073717942883959,15.0
26264.0,0.0145708414754809,10.0
22057.0,0.0227029943640037,13.0
2363.0,0.0279646539009978,12.0
7210.0,0.041752918691942,15.0
5829.0,0.0256852631947463,13.0
7407.0,0.0380552867965151,13.0
10746.0,0.0215282874652271,14.0
0.0,0.0247309045090515,11.0
32652.0,0.0309960642001633,7.0
10931.0,0.0212331560177535,10.0
21142.0,0.0236413146601123,11.0
15239.0,0.0303662179508007,13.0
7636.0,0.0377014131208731,10.0
27433.0,0.0309161275294728,13.0
19514.0,0.0181133073224717,11.0
32965.0,0.0285144154625296,12.0
27499.0,0.0231819392101366,15.0
13978.0,0.0285385542528662,10.0
18399.0,0.0310988850137739,11.0
25712.0,0.028239657666329,10.0
24731.0,0.0282939004278282,13.0
46860.0,0.0402065786767031,12.0
25209.0,0.0112068942857548,11.0
31958.0,0.0331666143633651,11.0
25462.0,0.0146949335265831,13.0
47122.0,0.0173258073304642,12.0
57239.0,0.0205183170678896,13.0
40099.0,0.0079126961186591,15.0
60598.0,0.0261959911278396,4.0
34047.0,0.0358720196806152,9.0
8748.0,0.0067187235724244,9.0
22000.0,0.0302460469035334,7.0
14033.0,0.0382622228598268,5.0
24495.0,0.0232062574020159,8.0
44605.0,0.0318543282693968,13.0
20077.0,0.0104088524719997,5.0
15479.0,0.0265204432915712,10.0
20569.0,0.0267971890512679,6.0
12322.0,0.0238238460863315,5.0
0.0,0.026172342251878,5.0
12227.0,0.0305729519983185,6.0
0.0,0.0425264275744598,11.0
1816.0,0.0461503033516482,11.0
13152.0,0.0311506887237224,5.0
20649.0,0.029876634195946,6.0
26535.0,0.0149784235089386,7.0
12416.0,0.041576323492422,11.0
22601.0,0.0336999368339913,11.0
14676.0,0.0300305628517786,6.0
16520.0,0.0222140705984012,4.0
11493.0,0.045678483131273,7.0
26055.0,0.0550267910798632,8.0
15748.0,0.040216296435568,8.0
10940.0,0.0295008274806464,9.0
10760.0,0.0418364779823679,9.0
8953.0,0.0461286243520089,5.0
8021.0,0.0290936589115801,8.0
9670.0,0.0323969905975755,6.0
8617.0,0.0096768443798273,9.0
6188.0,0.0460152632282727,13.0
9569.0,0.0229810686209245,8.0
31029.0,0.0288019847325721,6.0
17991.0,0.0289255151207827,12.0
27481.0,0.0087470632000127,5.0
18778.0,0.0376841773742627,9.0
11399.0,0.0538972579824138,8.0
0.0,0.0374337306813707,6.0
15101.0,0.0246686145037526,8.0
17222.0,0.0255339026445205,4.0
14784.0,0.0327326516564947,4.0
8963.0,0.0118957302242622,10.0
13883.0,0.0227594211303315,5.0
7542.0,0.0355822606592375,9.0
5954.0,0.0411209510632239,13.0
0.0,0.0293123457834708,7.0
0.0,0.0172151551306082,7.0
0.0,0.0,8.0
0.0,0.007156710091069,6.0
0.0,0.0267094707121615,7.0
0.0,0.0068392002042151,10.0
1772.0,0.0106219727744078,8.0
5802.0,0.0090521927457296,9.0
0.0,0.0246377506236607,8.0
802.0,0.0222344478131408,4.0
0.0,0.0123162622789236,5.0
0.0,0.0119136345107224,5.0
0.0,0.0230312507133087,7.0
0.0,0.0322260548062707,10.0
0.0,0.0127796288428348,4.0
0.0,0.0332355183366849,9.0
0.0,0.0055385628885824,6.0
0.0,0.0,9.0
0.0,0.0,11.0
0.0,0.0,6.0
0.0,0.0,11.0
0.0,0.0,11.0
0.0,0.0,10.0
0.0,0.0,8.0
0.0,0.0,12.0
0.0,0.0,4.0
0.0,0.0,15.0
0.0,0.0,8.0
0.0,0.0,7.0
0.0,0.0,9.0
0.0,0.0,9.0
0.0,0.0,7.0
0.0,0.0,5.0
0.0,0.0,5.0
0.0,0.0,4.0
0.0,0.0,6.0
0.0,0.0,6.0
0.0,0.0,5.0
0.0,0.0,7.0
0.0,0.0,12.0
0.0,0.0,13.0
0.0,0.0,15.0
0.0,0.0,13.0
0.0,0.026898562000365,12.0
0.0,0.0176452417626634,5.0
0.0,0.008699429950735,5.0
0.0,0.0121329804722687,13.0
0.0,0.0010543675514668,6.0
0.0,0.0197728498581726,4.0
0.0,0.0304739218736337,3.0
0.0,0.0231222574761339,3.0
0.0,0.0290774580955094,13.0
0.0,0.0232418629518361,14.0
0.0,0.0076592081704944,12.0
0.0,0.0377925969355042,15.0
0.0,0.009803900021266,13.0
0.0,0.0198856239004835,9.0
0.0,0.0172662815386989,15.0
0.0,0.0144361220004874,15.0
0.0,0.0114990391259408,10.0
0.0,0.0231145201292711,12.0
0.0,0.0125704611195244,13.0
0.0,0.0,14.0
0.0,0.0145844784364288,14.0
0.0,0.0,11.0
0.0,0.0063835341462759,9.0
0.0,0.043420914320867,14.0
0.0,0.0011400235613242,15.0
0.0,0.0,12.0
0.0,0.0,13.0
0.0,0.0,11.0
0.0,0.0,9.0
0.0,0.0,10.0
0.0,0.0,15.0
0.0,0.0,15.0
0.0,0.0,14.0
0.0,0.0,11.0
0.0,0.0,14.0
0.0,0.0,12.0
0.0,0.0,13.0
0.0,0.0,13.0
0.0,0.0,15.0
0.0,0.0,15.0
20400.0,0.019101103941392,14.0
0.0,0.0135990927541598,15.0
26133.0,0.0086935676355755,15.0
42782.0,0.0343820367270991,11.0
51691.0,0.0139103632012887,15.0
25469.0,0.0319981951859801,13.0
3957.0,0.0235217632663937,12.0
14018.0,0.0424908374721291,12.0
5931.0,0.0293652632791659,12.0
10938.0,0.0239290975363098,12.0
6322.0,0.0337960469943196,15.0
5004.0,0.0301828295945828,15.0
6202.0,0.0416025374820643,12.0
25408.0,0.0128303687693484,5.0
13260.0,0.0169999364696996,7.0
23090.0,0.0116031146548727,11.0
20470.0,0.0505908615304395,12.0
10947.0,0.0427042862421302,13.0
13942.0,0.0201307237264527,12.0
11272.0,0.0098194660001415,15.0
32141.0,0.0320609500634212,11.0
27566.0,0.0223795748106646,13.0
25714.0,0.0271615457462044,14.0
15598.0,0.0223740806773357,9.0
31680.0,0.0446177281373835,12.0
28583.0,0.0226078334355407,8.0
51967.0,0.0355189916486586,13.0
30357.0,0.0438179164524507,14.0
35560.0,0.0123221763577178,12.0
35462.0,0.040204643811556,11.0
57544.0,0.0455219592237676,11.0
53746.0,0.0162780420932969,11.0
45043.0,0.0217327624127119,14.0
45277.0,0.0184521106020145,8.0
41537.0,0.0377170833248224,4.0
11268.0,0.0166333289216013,7.0
22843.0,0.0296689287716684,5.0
0.0,0.044141522283094,1.0
21905.0,0.0362331127197781,10.0
41414.0,0.0288140501450676,11.0
17601.0,0.0204770658641326,7.0
7282.0,0.0154952723959328,11.0
23344.0,0.0230177236217204,11.0
21133.0,0.00842704692068,8.0
16704.0,0.0202660749901586,3.0
18608.0,0.0025266745006838,8.0
14181.0,0.0225160705041208,9.0
14798.0,0.0102185857675496,12.0
12695.0,0.0216244707469623,2.0
18307.0,0.0242949716933911,6.0
18467.0,0.0062919584605743,10.0
16176.0,0.0286290598428572,10.0
33292.0,0.029738152102179,10.0
21514.0,0.0098960098495892,2.0
26535.0,0.0317752948546825,6.0
16418.0,0.027491981101676,7.0
27523.0,0.0330583006104565,9.0
8097.0,0.0180355498428309,9.0
9368.0,0.0227797958657627,7.0
18683.0,0.0262983880900325,7.0
18891.0,0.0229226489362576,7.0
19282.0,0.0392238910026191,11.0
8801.0,0.0352878373156729,13.0
14198.0,0.0203856591400031,11.0
5080.0,0.0454700156117779,12.0
2256.0,0.012464010234136,13.0
16400.0,0.015224989043446,7.0
15970.0,0.0111905035106117,12.0
24342.0,0.0472014812638367,7.0
30965.0,0.0278905465321107,8.0
18649.0,0.032247398389233,7.0
8139.0,0.0375280751308701,6.0
14710.0,0.0370701102185769,6.0
8484.0,0.0293273107995795,9.0
25064.0,0.0248039073688716,6.0
2788.0,0.011708073708433,8.0
10211.0,0.0332647458574565,5.0
9269.0,0.0259247266722387,5.0
117.0,0.0226858383128731,14.0
5981.0,0.0165171365810675,12.0
292.0,0.0003667750670513,9.0
0.0,0.0246235318947477,8.0
0.0,0.0160697490976548,5.0
0.0,0.0167169014205483,4.0
0.0,0.0172115981568316,8.0
5706.0,0.0239068252071224,9.0
2691.0,0.0254209826487724,7.0
0.0,0.0179607358432994,4.0
9535.0,0.0227665613150213,3.0
0.0,0.0148099246717301,4.0
0.0,0.0275943232493718,9.0
0.0,0.0332350024021134,6.0
0.0,0.0108758751288136,7.0
0.0,0.0109789313123863,6.0
0.0,0.0063157999545149,7.0
0.0,0.0340954426655109,9.0
0.0,0.0,10.0
0.0,0.0,4.0
0.0,0.0,7.0
0.0,0.0,6.0
0.0,0.0,11.0
0.0,0.0,8.0
0.0,0.0,3.0
0.0,0.0,14.0
0.0,0.0,7.0
0.0,0.0,15.0
0.0,0.0,4.0
0.0,0.0,4.0
0.0,0.0,9.0
0.0,0.0,7.0
0.0,0.0,5.0
0.0,0.0,7.0
0.0,0.0,6.0
0.0,0.0,3.0
0.0,0.0,5.0
0.0,0.0,9.0
0.0,0.0,3.0
0.0,0.0,10.0
0.0,0.0,10.0
0.0,0.0,9.0
0.0,0.0,12.0
0.0,0.0,10.0
0.0,0.0,11.0
0.0,0.0205732064283426,1.0
0.0,0.0253058001431981,6.0
0.0,0.0074674620960819,10.0
0.0,0.0,5.0
0.0,0.0361656816375566,5.0
0.0,0.0191464285511522,9.0
0.0,0.0146577707526662,5.0
0.0,0.0150519172938688,11.0
0.0,0.0280974287205084,13.0
0.0,0.037000420087087,15.0
0.0,0.0163880657315891,15.0
0.0,0.0095292857940178,12.0
0.0,0.0044089497321802,14.0
0.0,0.0406567230648086,13.0
0.0,0.0347235349194241,13.0
0.0,0.022366307590546,11.0
0.0,0.0163367089618269,12.0
0.0,0.0161027076822976,15.0
0.0,0.0273682904125202,12.0
0.0,0.0069949955135954,10.0
0.0,0.0215404444595081,12.0
0.0,0.0129983332029153,10.0
0.0,0.0113595029507584,12.0
0.0,0.0087152667369284,15.0
0.0,0.0,14.0
0.0,0.0,13.0
0.0,0.0,11.0
0.0,0.0,13.0
0.0,0.0,14.0
0.0,0.0,11.0
0.0,0.0,12.0
0.0,0.0,14.0
0.0,0.0,14.0
0.0,0.0,15.0
0.0,0.0,10.0
0.0,0.0,15.0
0.0,0.0,11.0
0.0,0.0,14.0
0.0,0.0,12.0
16044.0,0.0124391791073712,13.0
11402.0,0.0285457525518641,11.0
27765.0,0.0208349682398464,13.0
46431.0,0.0085375460466397,15.0
51336.0,0.0144283039493862,14.0
39963.0,0.010580816715855,13.0
11124.0,0.0216416585314815,12.0
13895.0,0.0445247413900432,15.0
1915.0,0.0345273245210313,10.0
6932.0,0.0312594986855817,13.0
19566.0,0.0222173080448101,12.0
21676.0,0.042586004623909,12.0
11810.0,0.0284782150616348,11.0
8119.0,0.0310333607215977,8.0
20693.0,0.0536411074245094,8.0
14862.0,0.035101272002406,7.0
10564.0,0.0124763843845112,13.0
21920.0,0.0242983026743754,10.0
21755.0,0.0299960814238322,14.0
4732.0,0.0239187133482363,13.0
33305.0,0.0215788907047808,10.0
20891.0,0.0194868542358546,13.0
27058.0,0.04461950843214,11.0
26554.0,0.0361902235671002,13.0
30279.0,0.0468619590365551,10.0
25222.0,0.0356309571113754,13.0
53367.0,0.0384772016252384,15.0
26356.0,0.0105226056719156,13.0
20942.0,0.0388114948693548,15.0
34773.0,0.0353163757867693,15.0
52292.0,0.0235770321239446,11.0
62657.0,0.0372389157297822,11.0
47217.0,0.0237816404533885,15.0
51077.0,0.0259449282375031,10.0
40954.0,0.0158130490841735,9.0
12902.0,0.004071811602583,14.0
8186.0,0.0182228926028858,7.0
0.0,0.0209775280751241,3.0
15515.0,0.025186759719758,6.0
35161.0,0.0,9.0
13963.0,0.0249592030955691,6.0
6328.0,0.0274985617292126,10.0
1702.0,0.0255342684253819,8.0
13422.0,0.0311003072210447,8.0
3812.0,0.0184955319069872,3.0
17745.0,0.0435712628126139,7.0
16053.0,0.0260941141263108,7.0
0.0,0.0242689529331371,5.0
21058.0,0.036520006062052,4.0
19369.0,0.0126237364668424,4.0
16175.0,0.02366446704521,7.0
14164.0,0.0425596079863272,8.0
28495.0,0.0367853693617883,5.0
27525.0,0.0419224782652315,4.0
12358.0,0.0308042218095659,6.0
17366.0,0.0066974750985251,6.0
17758.0,0.0310540702041795,5.0
15288.0,0.0020852613638789,8.0
17117.0,0.031847198763078,10.0
7820.0,0.0354877533911709,9.0
20682.0,0.0320131452818833,8.0
7338.0,0.027700316089562,9.0
10551.0,0.0213813616891933,8.0
5584.0,0.0121424508980365,9.0
20358.0,0.0135992242508799,13.0
9850.0,0.0190635383517586,12.0
25493.0,0.0101345661466141,8.0
28625.0,0.0237500699417319,13.0
23484.0,0.0244117348380301,11.0
21476.0,0.0401421321967452,7.0
10979.0,0.0299273555352604,10.0
13430.0,0.0233935213884147,9.0
27414.0,0.0388137192633195,5.0
797.0,0.0347677652460111,5.0
20559.0,0.0108452701796177,3.0
15426.0,0.023883801193101,10.0
5102.0,0.033275863367293,4.0
5932.0,0.0137405419199692,7.0
600.0,0.0386081437367329,10.0
4611.0,0.0343063239580287,6.0
7575.0,0.0029370728904522,10.0
0.0,0.0209511247820625,12.0
4718.0,0.025526339907617,8.0
10187.0,0.0141284381886872,5.0
0.0,0.0285950593336784,7.0
5381.0,0.0206612601866458,9.0
2474.0,0.0225744887105128,11.0
2180.0,0.0203479145525474,7.0
0.0,0.0243963002488793,4.0
0.0,0.0,4.0
0.0,0.0508581671673409,6.0
0.0,0.0191859917605319,3.0
0.0,0.0409544442824773,10.0
0.0,0.0289013661573579,6.0
0.0,0.0,6.0
0.0,0.0179907111723424,9.0
0.0,0.0,9.0
0.0,0.0,7.0
0.0,0.0,10.0
0.0,0.0,4.0
0.0,0.0,8.0
0.0,0.0,6.0
0.0,0.0,6.0
0.0,0.0,7.0
0.0,0.0,8.0
0.0,0.0,11.0
0.0,0.0,11.0
0.0,0.0,9.0
0.0,0.0,7.0
0.0,0.0,10.0
0.0,0.0,5.0
0.0,0.0,7.0
0.0,0.0,4.0
0.0,0.0,2.0
0.0,0.0,4.0
0.0,0.0,4.0
0.0,0.0,7.0
0.0,0.0,7.0
0.0,0.0,11.0
0.0,0.0,13.0
0.0,0.0,11.0
0.0,0.0,15.0
0.0,0.0187152123824053,7.0
0.0,0.0203203970091791,2.0
0.0,0.0,6.0
0.0,0.0323255251427965,9.0
0.0,0.0285856932298324,7.0
0.0,0.015125952718427,8.0
0.0,0.0288866717919925,4.0
0.0,0.0140784673992792,6.0
0.0,0.0241668470590827,11.0
0.0,0.0312716254161503,14.0
0.0,0.0238045762222306,10.0
0.0,0.0211338470726527,14.0
0.0,0.0083375630557515,9.0
0.0,0.0,14.0
0.0,0.0384595283286124,15.0
0.0,0.0241552637415722,15.0
0.0,0.0,15.0
0.0,0.0193435694409564,15.0
0.0,0.031800184915143,13.0
0.0,0.0197796988415932,13.0
0.0,0.0228407828518923,13.0
0.0,0.027391095826335,13.0
0.0,0.0125581614132853,15.0
0.0,0.0173299955729589,15.0
0.0,0.0334124922515747,15.0
0.0,0.0,13.0
0.0,0.0,15.0
0.0,0.0,15.0
0.0,0.0,11.0
0.0,0.0,13.0
0.0,0.0,11.0
0.0,0.0,14.0
0.0,0.0,10.0
0.0,0.0,12.0
0.0,0.0,13.0
0.0,0.0,14.0
0.0,0.0,11.0
0.0,0.0,15.0
0.0,0.0,13.0
0.0,0.0,12.0
18042.0,0.0287932042110378,15.0
14820.0,0.0373097071224675,11.0
24320.0,0.0211178105211379,11.0
31835.0,0.0071468130076966,14.0
51330.0,0.0079467032915539,12.0
36576.0,0.0045694847252791,15.0
10663.0,0.029245434195806,15.0
16110.0,0.0079164443735112,12.0
3462.0,0.0243656461609026,12.0
5717.0,0.0339269545573126,10.0
14905.0,0.0433343667111798,13.0
6962.0,0.0283841667475441,14.0
8265.0,0.0415534694676715,15.0
15135.0,0.0459546222569787,6.0
17755.0,0.016223997461244,12.0
25951.0,0.0282332801310661,13.0
19866.0,0.0364208979293573,11.0
3735.0,0.0262529381814657,14.0
19946.0,0.0361103983929848,13.0
21065.0,0.0355619773328788,15.0
38049.0,0.0335664711439985,13.0
31176.0,0.0268138125587157,14.0
31261.0,0.0268405078034529,13.0
22794.0,0.0379522131735541,15.0
20452.0,0.0181404100380046,11.0
26981.0,0.0254570177595897,11.0
33171.0,0.0226744274825682,10.0
31415.0,0.0210118338155726,10.0
25117.0,0.0292451039924994,15.0
36051.0,0.0109655892469963,12.0
61594.0,0.0259419141392065,12.0
52866.0,0.028542340505586,10.0
49391.0,0.0338862933787447,12.0
58024.0,0.0013417387896793,6.0
37376.0,0.0120312777525094,10.0
20071.0,0.0127456882836867,4.0
8809.0,0.0325263595695422,8.0
16439.0,0.0247453413399772,5.0
33791.0,0.0098217068705241,10.0
30773.0,0.0246622392496814,12.0
9056.0,0.0345093713902644,9.0
8071.0,0.0288508361042079,9.0
2474.0,0.0015679753340015,6.0
4176.0,0.0320939045456001,7.0
17401.0,0.0274793834952565,3.0
18817.0,0.0112370160876625,6.0
13440.0,0.0162007695870274,8.0
7160.0,0.0272240784084335,9.0
14727.0,0.0452865426106684,8.0
8699.0,0.0165121397631959,8.0
35960.0,0.0259352214220921,10.0
0.0,0.0293705923644855,11.0
21226.0,0.0171701923406897,13.0
10612.0,0.0179252738577491,2.0
12104.0,0.0361647283368468,6.0
8882.0,0.0211043779777353,7.0
20499.0,0.0109726696055727,5.0
20157.0,0.0259608803380893,12.0
10486.0,0.0245917888092089,8.0
16153.0,0.0241686916490535,5.0
14418.0,0.027010989524552,4.0
12518.0,0.0491950572175571,10.0
13692.0,0.0311809223372844,10.0
12947.0,0.0346725710807094,12.0
1407.0,0.0133515854712787,11.0
3622.0,0.0218469532037778,15.0
14615.0,0.0376386441915453,5.0
19984.0,0.0303383593502146,13.0
25393.0,0.0181905394297852,8.0
28560.0,0.0450339356591533,4.0
14933.0,0.010650386345829,6.0
17838.0,0.0351679256612069,13.0
23742.0,0.0363357124816909,9.0
18137.0,0.0105010676965318,6.0
27420.0,0.0382263383664151,1.0
19405.0,0.0076761096720219,8.0
19284.0,0.0289603951109902,2.0
17965.0,0.0302532133475951,9.0
1919.0,0.024885261867579,8.0
0.0,0.0265324708730821,7.0
3837.0,0.0313225519353606,11.0
0.0,0.0292203365236537,10.0
0.0,0.0275240986843487,2.0
331.0,0.0164482920530363,8.0
9704.0,0.0194446491151153,7.0
837.0,0.0257569276862888,10.0
0.0,0.0105679011707245,10.0
7486.0,0.0250621637137834,7.0
9293.0,0.0232327397020728,4.0
0.0,0.0173151379704532,8.0
0.0,0.01988342337388,3.0
0.0,0.0054489928629573,5.0
0.0,0.0109700260355817,8.0
0.0,0.0180021090048175,6.0
0.0,0.0140064274145149,10.0
0.0,0.026881204255358,6.0
0.0,0.0,8.0
0.0,0.0,8.0
0.0,0.0,9.0
0.0,0.0,7.0
0.0,0.0,9.0
0.0,0.0,6.0
0.0,0.0,6.0
0.0,0.0,13.0
0.0,0.0,3.0
0.0,0.0,12.0
0.0,0.0,7.0
0.0,0.0,7.0
0.0,0.0,5.0
0.0,0.0,9.0
0.0,0.0,3.0
0.0,0.0,6.0
0.0,0.0,3.0
0.0,0.0,5.0
0.0,0.0,5.0
0.0,0.0,6.0
0.0,0.0,7.0
0.0,0.0,7.0
0.0,0.0,13.0
0.0,0.0,7.0
0.0,0.0,10.0
0.0,0.0,8.0
0.0,0.023457628153189,8.0
0.0,0.0276495484690197,6.0
0.0,0.0131696612310903,7.0
0.0,0.0113634414926241,8.0
0.0,0.0138258699863541,7.0
0.0,0.0103367640468499,6.0
0.0,0.0304327750388415,5.0
0.0,0.0185088191823997,4.0
0.0,0.0297769803270141,13.0
0.0,0.0226381465883572,12.0
0.0,0.0086893107640369,13.0
0.0,0.0,12.0
0.0,0.0356240164907954,10.0
0.0,0.0207553643549304,15.0
0.0,0.0024403080406625,14.0
0.0,0.0229799691683822,13.0
0.0,0.0175800522767685,15.0
0.0,0.0287577912832693,14.0
0.0,0.018640294756478,11.0
0.0,0.0007171920353046,12.0
0.0,0.0129886018081049,13.0
0.0,0.012330164798968,15.0
0.0,0.0,15.0
0.0,0.0265050274718296,13.0
0.0,0.0,14.0
0.0,0.0,14.0
0.0,0.0,14.0
0.0,0.0,9.0
0.0,0.0,14.0
0.0,0.0,12.0
0.0,0.0,14.0
0.0,0.0,10.0
0.0,0.0,13.0
0.0,0.0,12.0
0.0,0.0,12.0
0.0,0.0,15.0
0.0,0.0,15.0
0.0,0.0,14.0
0.0,0.0,15.0
0.0,0.0,11.0
19689.0,0.0302121910974036,10.0
6348.0,0.0151221962544082,13.0
30522.0,0.0226533242796604,14.0
36998.0,0.0238164110976961,14.0
40699.0,0.0192792114169464,11.0
22265.0,0.0225001161655653,11.0
0.0,0.0206358170335105,13.0
5177.0,0.0178178031151527,13.0
1806.0,0.0088773434935162,12.0
13759.0,0.0156116033213852,11.0
9405.0,0.0398280185903966,14.0
1131.0,0.014241472342182,13.0
10236.0,0.0287369896965885,15.0
7600.0,0.0373401074806996,7.0
13641.0,0.0455344742990428,9.0
17432.0,0.0193416371597998,11.0
12946.0,0.0624785047680741,10.0
17492.0,0.034558323200227,9.0
35939.0,0.0535883324134854,11.0
20844.0,0.0263052287522857,15.0
25193.0,0.0335718431280051,14.0
26184.0,0.0395995791923621,12.0
14880.0,0.0402911299145504,9.0
24180.0,0.0270019715518989,14.0
20011.0,0.0280641411406667,8.0
23836.0,0.0365620206592406,11.0
55427.0,0.0339737069987796,10.0
28781.0,0.0345562448570109,10.0
27409.0,0.0256514891152153,14.0
23663.0,0.0264543778751103,15.0
47711.0,0.0477049222533337,9.0
57577.0,0.0175119635823238,11.0
45146.0,0.0299920601064746,9.0
38131.0,0.01594173394218,9.0
53004.0,0.0155836795792848,7.0
3164.0,0.0093475480287921,7.0
16290.0,0.0296842955975327,6.0
10224.0,0.011302383488759,6.0
30391.0,0.0024176447213406,12.0
38479.0,0.0143578173100218,11.0
17214.0,0.0344367971157859,9.0
11733.0,0.0473052247562917,8.0
13854.0,0.0269577494433426,10.0
3328.0,0.0100541724366312,6.0
12108.0,0.034106860161699,4.0
15211.0,0.0202128419479512,6.0
2568.0,0.0290510998969591,6.0
10016.0,0.0179748146319633,10.0
14591.0,0.0254287984333432,6.0
14710.0,0.0342097068370199,6.0
17220.0,0.0193384357219131,10.0
15531.0,0.024887579882428,10.0
39805.0,0.0446240895671025,7.0
26204.0,0.0256234459464114,6.0
28012.0,0.0281551846245612,6.0
1503.0,0.0375397471032252,6.0
19442.0,0.047342537249914,3.0
15240.0,0.0272035045228448,6.0
5372.0,0.0374912092543515,8.0
17406.0,0.0373178648313811,9.0
18057.0,0.0270799256226237,8.0
16897.0,0.026012541349627,8.0
22144.0,0.0402329147958471,11.0
13873.0,0.0442020442706035,12.0
17148.0,0.0403270668561056,12.0
0.0,0.0177464450316238,15.0
29731.0,0.0356564265039805,5.0
28133.0,0.0091993521508769,13.0
14814.0,0.0211303433081772,12.0
28053.0,0.0426412166554131,9.0
19832.0,0.0283981146481067,7.0
10122.0,0.0304207057229158,9.0
18444.0,0.0330077168708844,6.0
0.0,0.0167849648667613,8.0
23011.0,0.0373712125844306,3.0
6011.0,0.022460701445374,11.0
30268.0,0.0174682706005613,4.0
8758.0,0.0070412260150116,10.0
3008.0,0.0242423472324371,14.0
5162.0,0.0257496953337959,12.0
8447.0,0.0303729158433397,8.0
0.0,0.0140204103306049,10.0
2521.0,0.0195514132626232,6.0
245.0,0.004338210061473,6.0
0.0,0.0110870879225336,4.0
0.0,0.0,10.0
449.0,0.0247347801670714,7.0
3962.0,0.0104905025873646,6.0
1601.0,0.0269826252428036,9.0
0.0,0.0353788704328739,6.0
0.0,0.02786209135631,6.0
0.0,0.0185310376986274,8.0
0.0,0.0167496686562885,8.0
0.0,0.0232751235329737,6.0
0.0,0.0143540107490676,9.0
0.0,0.0153259905926159,10.0
0.0,0.0,11.0
0.0,0.0,10.0
0.0,0.0,8.0
0.0,0.0,7.0
0.0,0.0,8.0
0.0,0.0,8.0
0.0,0.0,7.0
0.0,0.0,7.0
0.0,0.0,2.0
0.0,0.0,13.0
0.0,0.0,6.0
0.0,0.0,6.0
0.0,0.0,12.0
0.0,0.0,8.0
0.0,0.0,5.0
0.0,0.0,5.0
0.0,0.0,5.0
0.0,0.0,6.0
0.0,0.0,4.0
0.0,0.0,6.0
0.0,0.0,5.0
0.0,0.0,6.0
0.0,0.0,12.0
0.0,0.0,11.0
0.0,0.0,14.0
0.0,0.0,11.0
0.0,0.0011237612555121,12.0
0.0,0.0258445869964716,7.0
0.0,0.0204405500640101,5.0
0.0,0.0006047158085957,10.0
0.0,0.0224042118437921,8.0
0.0,0.0137421820574579,6.0
0.0,0.038370133841444,4.0
0.0,0.0057116879811208,4.0
0.0,0.0008189771667776,11.0
0.0,0.0,12.0
0.0,0.0159525738632578,15.0
0.0,0.0282503400413523,15.0
0.0,0.0129386205805814,12.0
0.0,0.0142308633819467,11.0
0.0,0.0214054428177985,11.0
0.0,0.0307124655593988,11.0
0.0,0.012753614981072,13.0
0.0,0.0216432925516731,11.0
0.0,0.0187839298570245,12.0
0.0,0.0130023485059703,15.0
0.0,0.007653278257375,14.0
0.0,0.0208390310092314,15.0
0.0,0.0197219701430878,10.0
0.0,0.0,12.0
0.0,0.0108358762480149,12.0
0.0,0.0,12.0
0.0,0.0,15.0
0.0,0.0,12.0
0.0,0.0,15.0
0.0,0.0,15.0
0.0,0.0,12.0
0.0,0.0,15.0
0.0,0.0,15.0
0.0,0.0,13.0
0.0,0.0,14.0
0.0,0.0,15.0
0.0,0.0,12.0
0.0,0.0,12.0
0.0,0.0,13.0
0.0,0.0,13.0
20280.0,0.026869008040869,14.0
11238.0,0.0157982263977088,13.0
29077.0,0.0287999545389309,13.0
47327.0,0.0204125526388949,11.0
51935.0,0.0182789792679341,12.0
28719.0,0.0169292344159519,10.0
2933.0,0.0220869395031544,13.0
16006.0,0.0382730931417167,14.0
4279.0,0.0374894707459356,13.0
0.0,0.028396351558711,10.0
0.0,0.0375997034522709,11.0
1654.0,0.0331849828934992,12.0
12054.0,0.041168489150493,12.0
10750.0,0.0382005978164616,12.0
23712.0,0.0352576137070598,9.0
26978.0,0.0179137816748129,11.0
10269.0,0.0343156166776847,11.0
17320.0,0.0277636979607159,9.0
33230.0,0.0348844711767154,12.0
15352.0,0.0149544311420957,14.0
32191.0,0.0239348017789602,12.0
34965.0,0.0363542231546402,14.0
24351.0,0.0358929116915177,11.0
31090.0,0.0308963862802589,9.0
15282.0,0.0505443750985005,9.0
23002.0,0.036093818699225,11.0
45600.0,0.0275196125905881,9.0
26293.0,0.0271750761722011,15.0
31246.0,0.0168294809203818,15.0
26214.0,0.0121967153552504,15.0
60349.0,0.011983591810771,10.0
45666.0,0.0134035797921381,11.0
45316.0,0.0381061248662058,11.0
52276.0,0.0284004618954986,7.0
51736.0,0.029169741664787,8.0
20251.0,0.0,7.0
12463.0,0.0236549015284585,5.0
7214.0,0.0069794918996674,3.0
20943.0,0.0227916957085637,12.0
45708.0,0.0048764028840875,11.0
19682.0,0.0120291231330819,8.0
7474.0,0.006189916793223,10.0
0.0,0.0272898713841027,8.0
14711.0,0.0340285922027385,8.0
5140.0,0.0161428040535008,0.0
18149.0,0.029285725575059,5.0
19130.0,0.0236502338720498,11.0
0.0,0.0362095653096435,7.0
17919.0,0.0276748725922859,3.0
20673.0,0.0396287307095808,6.0
38178.0,0.0350426850534804,7.0
3001.0,0.0276219465468637,12.0
11931.0,0.0247531497342957,8.0
10821.0,0.0305388723706582,7.0
21267.0,0.0314497980706278,10.0
3469.0,0.041726632520971,12.0
20029.0,0.0209623598877157,6.0
17185.0,0.0280236107880411,9.0
9666.0,0.0199057958595334,5.0
8005.0,0.0371803084487207,8.0
9443.0,0.035723880687491,7.0
6891.0,0.0,11.0
8737.0,0.0156138740785501,9.0
22352.0,0.0170527357779335,8.0
8729.0,0.0290831817747,10.0
10396.0,0.0445536032956997,12.0
17327.0,0.0237732980409871,3.0
37891.0,0.043348389416662,13.0
30174.0,0.0227036038785392,10.0
36981.0,0.0197050860199134,9.0
11116.0,0.0486535408872131,8.0
18157.0,0.0412288661317733,8.0
17172.0,0.0304731576568313,8.0
7807.0,0.0378239931824346,7.0
28519.0,0.0103207217847254,5.0
23909.0,0.0239279863578321,8.0
20263.0,0.0113789806208456,12.0
3491.0,0.0190748838916173,9.0
6898.0,0.0314483796577992,11.0
4909.0,0.0212059611428304,8.0
14860.0,0.0094123312122747,11.0
1959.0,0.0095746595209796,6.0
0.0,0.0307454902171881,5.0
868.0,0.0167153948503951,5.0
14244.0,0.0093324941608331,5.0
0.0,0.0054529446915689,11.0
0.0,0.0385180775012779,8.0
5499.0,0.002848753811085,7.0
0.0,0.0142284565212522,6.0
0.0,0.0329380030770296,9.0
0.0,0.0180640064392511,8.0
0.0,0.0349611329363353,2.0
0.0,0.020159138418729,8.0
0.0,0.0057272115682914,8.0
0.0,0.0146471841878463,10.0
0.0,0.0,6.0
0.0,0.0,6.0
0.0,0.0,7.0
0.0,0.0,11.0
0.0,0.0,7.0
0.0,0.0,7.0
0.0,0.0,1.0
0.0,0.0,5.0
0.0,0.0,10.0
0.0,0.0,7.0
0.0,0.0,13.0
0.0,0.0,6.0
0.0,0.0,5.0
0.0,0.0,11.0
0.0,0.0,10.0
0.0,0.0,7.0
0.0,0.0,7.0
0.0,0.0,8.0
0.0,0.0,8.0
0.0,0.0,5.0
0.0,0.0,5.0
0.0,0.0,6.0
0.0,0.0,10.0
0.0,0.0,9.0
0.0,0.0,9.0
0.0,0.0,12.0
0.0,0.0,15.0
0.0,0.0294872073586617,11.0
0.0,0.0158030584688169,4.0
0.0,0.0337366524521682,4.0
0.0,0.009033401184151,11.0
0.0,0.027643591370737,10.0
0.0,0.0060372657312744,10.0
0.0,0.0193762479610499,4.0
0.0,0.0372127585476906,6.0
0.0,0.0093485791081424,14.0
0.0,0.0012573292118866,14.0
0.0,0.0037403086087208,15.0
0.0,0.0262640985760875,10.0
0.0,0.0175405361723456,15.0
0.0,0.0139605195918204,13.0
0.0,0.0070255861288986,10.0
0.0,0.0167121543294816,14.0
0.0,0.0,12.0
0.0,0.0118747802362209,15.0
0.0,0.0236934056084724,13.0
0.0,0.012924713248092,13.0
0.0,0.0233710407657463,14.0
0.0,0.0179781948011007,13.0
0.0,0.0327965690619009,14.0
0.0,0.0184635943153613,9.0
0.0,0.0259684001068977,9.0
0.0,0.0,9.0
0.0,0.0,15.0
0.0,0.0,15.0
0.0,0.0,15.0
0.0,0.0,12.0
0.0,0.0,14.0
0.0,0.0,15.0
0.0,0.0,14.0
0.0,0.0,13.0
0.0,0.0,12.0
0.0,0.0,15.0
0.0,0.0,13.0
0.0,0.0,13.0
0.0,0.0,15.0
0.0,0.0,13.0
3757.0,0.0476319401050668,15.0
9317.0,0.015838122982661,15.0
24486.0,0.035843678377476,13.0
41707.0,0.0087850450799322,11.0
52624.0,0.0094239297904734,14.0
22538.0,0.0114956979468747,15.0
9804.0,0.02644759630907,14.0
10347.0,0.0254495640249959,13.0
10027.0,0.0391370617478028,12.0
1053.0,0.0384319856519514,15.0
10529.0,0.0224199916124984,15.0
9175.0,0.0390350829355659,13.0
0.0,0.0195047193563071,12.0
18389.0,0.0195186340130585,5.0
13186.0,0.0433281813755304,8.0
19600.0,0.0442636402449889,9.0
16786.0,0.0345736051147093,12.0
7949.0,0.0549067569376566,11.0
32050.0,0.0371894760067173,13.0
16489.0,0.0255253921007932,13.0
34420.0,0.0143514612720365,12.0
31272.0,0.0117384662801716,15.0
19740.0,0.0257816377975377,12.0
22137.0,0.0336527835626144,15.0
22479.0,0.0295982860054554,10.0
36057.0,0.0459757867840751,10.0
48269.0,0.023277348595464,13.0
40285.0,0.0127513934670314,4.0
39275.0,0.0323434529697909,13.0
38325.0,0.027938316358513,14.0
57202.0,0.0297308697090613,14.0
59923.0,0.0535033012461784,9.0
46282.0,0.0239789887705025,15.0
50097.0,0.0276359180368563,13.0
36503.0,0.0382798898589397,9.0
22770.0,0.012289021922425,6.0
10647.0,0.0345580487204435,10.0
24897.0,0.0375569757804908,5.0
33946.0,0.0349609391475411,9.0
22296.0,0.0249989662251363,11.0
20735.0,0.0385806143847348,7.0
11754.0,0.0320229768660423,9.0
6561.0,0.033317157708194,10.0
9009.0,0.0305315172284628,9.0
3539.0,0.0556115804966154,1.0
15301.0,0.0383504407357175,9.0
12225.0,0.0376253623847782,8.0
13749.0,0.019121556422275,10.0
14066.0,0.0303085465817789,5.0
24485.0,0.0312602373267187,6.0
19874.0,0.0175033380979708,9.0
9952.0,0.0156794611783679,10.0
20420.0,0.021429642190087,8.0
14512.0,0.0285711104038191,4.0
9765.0,0.0278455752013011,11.0
0.0,0.0382367049893908,3.0
23129.0,0.0326091356076241,2.0
9731.0,0.0279518846642757,8.0
15658.0,0.015732102038692,8.0
11001.0,0.0054971722150977,10.0
19285.0,0.0436346936799629,7.0
0.0,0.033381955256235,9.0
21705.0,0.0241755946567635,11.0
10216.0,0.0156868774588357,9.0
5273.0,0.0304941284042019,9.0
10558.0,0.0212087088156006,12.0
14374.0,0.0257137599184101,5.0
32435.0,0.0526589653096755,12.0
27514.0,0.0344125413061078,9.0
25495.0,0.0287456315382507,5.0
18690.0,0.0286016820103645,6.0
23451.0,0.0358015838257874,8.0
8931.0,0.0307581685461261,9.0
12723.0,0.0399175164097355,6.0
19960.0,0.0354505902842744,4.0
23548.0,0.0375326566437685,9.0
12274.0,0.0228821447242364,1.0
8736.0,0.0258770190037366,9.0
1128.0,0.0311655910053896,8.0
13530.0,0.0102053762268542,8.0
0.0,0.0280619211177405,12.0
179.0,0.0100766905342532,6.0
8247.0,0.0216551665264421,5.0
2698.0,0.0,9.0
0.0,0.0222926568603109,4.0
0.0,0.0032017974093807,6.0
4641.0,0.0156118637489534,10.0
0.0,0.0256810043413269,7.0
4081.0,0.0268246945053238,2.0
0.0,0.0158810354033202,9.0
0.0,0.0093564893834604,7.0
0.0,0.026059797275211,2.0
0.0,0.0168680587993404,5.0
0.0,0.0208172073136826,6.0
0.0,0.0197334125366394,9.0
0.0,0.0074879239294025,9.0
0.0,0.0,11.0
0.0,0.0,9.0
0.0,0.0,8.0
0.0,0.0,8.0
0.0,0.0,10.0
0.0,0.0,7.0
0.0,0.0,8.0
0.0,0.0,11.0
0.0,0.0,2.0
0.0,0.0,11.0
0.0,0.0,6.0
0.0,0.0,5.0
0.0,0.0,11.0
0.0,0.0,7.0
0.0,0.0,3.0
0.0,0.0,8.0
0.0,0.0,5.0
0.0,0.0,3.0
0.0,0.0,3.0
0.0,0.0,6.0
0.0,0.0,5.0
0.0,0.0,11.0
0.0,0.0,13.0
0.0,0.0,9.0
0.0,0.0,12.0
0.0,0.0,11.0
0.0,0.0043156932037616,13.0
0.0,0.0038913904305275,3.0
0.0,0.0004474770699552,4.0
0.0,0.027330681732613,9.0
0.0,0.0,8.0
0.0,0.0269599181931139,7.0
0.0,0.013589362189669,5.0
0.0,0.0200198827320582,4.0
0.0,0.0183308519303247,11.0
0.0,0.0160112567859534,13.0
0.0,0.0210951765625667,11.0
0.0,0.0196371130387338,15.0
0.0,0.0275991183372335,14.0
0.0,0.008491792735409,12.0
0.0,0.020340009955325,13.0
0.0,0.0225961621238113,10.0
0.0,0.0433123026700124,14.0
0.0,0.0286742227223407,15.0
0.0,0.0036803672042812,11.0
0.0,0.000698323892116,12.0
0.0,0.0184396175824492,15.0
0.0,0.0300809392462196,15.0
0.0,0.0164176777886574,13.0
0.0,0.0307796724907187,14.0
0.0,0.0106912332527938,15.0
0.0,0.0,13.0
0.0,0.0,14.0
0.0,0.0,13.0
0.0,0.0,11.0
0.0,0.0,14.0
0.0,0.0,12.0
0.0,0.0,15.0
0.0,0.0,13.0
0.0,0.0,12.0
0.0,0.0,15.0
0.0,0.0,13.0
0.0,0.0,13.0
0.0,0.0,13.0
0.0,0.0,12.0
0.0,0.0,11.0
10544.0,0.0222722917215833,14.0
7710.0,0.0218765632692903,15.0
26645.0,0.0126617839986107,12.0
41171.0,0.0247040191569776,12.0
47363.0,0.0208911940325903,14.0
36173.0,0.0185913977034421,12.0
1828.0,0.0202397159193738,13.0
8697.0,0.0201652380314335,15.0
5452.0,0.0196406056839071,12.0
0.0,0.0207915341063269,14.0
10093.0,0.0235006806099179,12.0
7231.0,0.0211971306996462,15.0
5228.0,0.0264033288635628,14.0
19084.0,0.0327120240390278,8.0
16059.0,0.028738226734968,9.0
19536.0,0.0207744089563669,9.0
19553.0,0.0461823166502876,13.0
14236.0,0.0288598472655247,11.0
28125.0,0.022942234088742,12.0
11616.0,0.0467839477343397,13.0
34362.0,0.0385979618476647,12.0
25997.0,0.0115903221962133,10.0
20928.0,0.0133634576094247,14.0
22246.0,0.0322948197698794,12.0
15981.0,0.0312023665125214,7.0
32227.0,0.0236331953145179,12.0
41248.0,0.038809119843909,10.0
32757.0,0.0403078525503352,10.0
31924.0,0.0354402250678791,13.0
38563.0,0.0134598629512385,11.0
48030.0,0.0262916229436616,13.0
55169.0,0.0302786247767962,13.0
49306.0,0.0126881865740551,14.0
53001.0,0.0337698425567647,11.0
49692.0,0.0150470881541604,6.0
10504.0,0.0266581566971834,8.0
25663.0,0.0247778784060384,8.0
11303.0,0.0162030971359455,8.0
19228.0,0.031450466428212,9.0
34415.0,0.0095546813842593,8.0
15432.0,0.0353967562291664,7.0
14175.0,0.044439818865951,7.0
10998.0,0.0228229494772813,4.0
6950.0,0.0301603092227401,8.0
13775.0,0.0271512855261361,3.0
22847.0,0.0376011189825855,9.0
3835.0,0.0325508739944174,11.0
554.0,0.0484953044201724,9.0
10282.0,0.037734218074294,4.0
27009.0,0.0269404049112014,6.0
27153.0,0.0279109355548397,7.0
10203.0,0.0296720030408157,8.0
20598.0,0.0213397365369039,6.0
15795.0,0.0299947036000328,4.0
15015.0,0.0175905783779532,3.0
5031.0,0.0253326207630216,7.0
30527.0,0.0121716666027223,5.0
13729.0,0.031062292012069,9.0
13539.0,0.0,6.0
14175.0,0.0107180768929476,4.0
29544.0,0.0264828534073759,9.0
9172.0,0.0455183347878789,10.0
28442.0,0.0335443507114102,11.0
14373.0,0.0195114074181198,10.0
10904.0,0.0261009567231668,8.0
7147.0,0.0155896925642022,15.0
18944.0,0.0219576145227058,6.0
21407.0,0.0326524345065903,12.0
26320.0,0.037205085995825,6.0
28656.0,0.0181337164951971,6.0
8913.0,0.0243026155722551,6.0
25311.0,0.0203246548065607,6.0
22614.0,0.0492283556837463,6.0
6569.0,0.023972768267096,4.0
19029.0,0.0112536477613309,1.0
17809.0,0.0199084486915912,9.0
28644.0,0.0415872461824899,4.0
10659.0,0.0212626762127706,8.0
0.0,0.038006663665482,11.0
0.0,0.0194141443688317,6.0
4190.0,0.0164588286398514,12.0
7554.0,0.0420202680180707,10.0
6573.0,0.0178557896724555,7.0
5344.0,0.0310316162664418,6.0
4810.0,0.0174106309733309,9.0
0.0,0.0192382485101331,9.0
2007.0,0.0085291034012567,10.0
0.0,0.0130358581155404,5.0
0.0,0.0105255556964361,4.0
0.0,0.0254548505550047,8.0
0.0,0.0234303106313944,6.0
0.0,0.0301334079399458,3.0
0.0,0.0285220708656059,6.0
0.0,0.0136254424787096,6.0
0.0,0.0137634562266351,9.0
0.0,0.0120091648609661,5.0
0.0,0.0,6.0
0.0,0.0,11.0
0.0,0.0,7.0
0.0,0.0,9.0
0.0,0.0,8.0
0.0,0.0,8.0
0.0,0.0,6.0
0.0,0.0,9.0
0.0,0.0,8.0
0.0,0.0,13.0
0.0,0.0,6.0
0.0,0.0,8.0
0.0,0.0,11.0
0.0,0.0,8.0
0.0,0.0,8.0
0.0,0.0,6.0
0.0,0.0,2.0
0.0,0.0,2.0
0.0,0.0,7.0
0.0,0.0,8.0
0.0,0.0,4.0
0.0,0.0,8.0
0.0,0.0,13.0
0.0,0.0,10.0
0.0,0.0,10.0
0.0,0.0,12.0
0.0,0.0,6.0
0.0,0.0282001257964169,6.0
0.0,0.01102433357782,5.0
0.0,0.0057348380832169,11.0
0.0,0.0063037841755919,9.0
0.0,0.0055487748847428,5.0
0.0,0.0244094341295851,11.0
0.0,0.013642082347058,6.0
0.0,0.0189955231083715,15.0
0.0,0.0082649554835791,13.0
0.0,0.0157472452572094,15.0
0.0,0.0051168365452597,15.0
0.0,0.0123327438695795,12.0
0.0,0.0118469602950995,13.0
0.0,0.0148248528099202,15.0
0.0,0.0025416427367453,12.0
0.0,0.0015604852504723,11.0
0.0,0.0083470524271791,11.0
0.0,0.0043735457909742,13.0
0.0,0.0059335621791642,13.0
0.0,0.025966436372147,12.0
0.0,0.0082340898541303,11.0
0.0,0.0043655077688645,13.0
0.0,0.0163027473323954,12.0
0.0,0.0318144277538239,13.0
0.0,0.0,15.0
0.0,0.0,15.0
0.0,0.0,13.0
0.0,0.0,15.0
0.0,0.0,13.0
0.0,0.0,15.0
0.0,0.0,14.0
0.0,0.0,12.0
0.0,0.0,9.0
0.0,0.0,12.0
0.0,0.0,14.0
0.0,0.0,15.0
0.0,0.0,14.0
0.0,0.0,13.0
0.0,0.0,12.0
